DEBUG - 2026-05-09 00:04:04 --> Session: Class initialized using 'CodeIgniter\Session\Handlers\FileHandler' driver.
WARNING - 2026-05-09 00:04:04 --> [DEPRECATED] number_format(): Passing null to parameter #1 ($num) of type float is deprecated in APPPATH\Views\admin\closing_view.php on line 19.
 1 APPPATH\Views\admin\closing_view.php(19): number_format(null, 0, ',', '.')
 2 SYSTEMPATH\View\View.php(226): include('C:\\xampp\\htdocs\\kasirpos\\app\\Views\\admin\\closing_view.php')
 3 SYSTEMPATH\View\View.php(229): CodeIgniter\View\View->CodeIgniter\View\{closure}()
 4 SYSTEMPATH\Common.php(1167): CodeIgniter\View\View->render('admin/closing_view', [], true)
 5 APPPATH\Controllers\Admin.php(776): view('admin/closing_view', [...])
 6 SYSTEMPATH\CodeIgniter.php(933): App\Controllers\Admin->closing_kasir()
 7 SYSTEMPATH\CodeIgniter.php(507): CodeIgniter\CodeIgniter->runController(Object(App\Controllers\Admin))
 8 SYSTEMPATH\CodeIgniter.php(354): CodeIgniter\CodeIgniter->handleRequest(null, Object(Config\Cache), false)
 9 SYSTEMPATH\Boot.php(363): CodeIgniter\CodeIgniter->run()
10 SYSTEMPATH\Boot.php(68): CodeIgniter\Boot::runCodeIgniter(Object(CodeIgniter\CodeIgniter))
11 FCPATH\index.php(59): CodeIgniter\Boot::bootWeb(Object(Config\Paths))
12 SYSTEMPATH\rewrite.php(44): require_once('C:\\xampp\\htdocs\\kasirpos\\public\\index.php')
WARNING - 2026-05-09 00:04:04 --> [DEPRECATED] number_format(): Passing null to parameter #1 ($num) of type float is deprecated in APPPATH\Views\admin\closing_view.php on line 30.
 1 APPPATH\Views\admin\closing_view.php(30): number_format(null, 0, ',', '.')
 2 SYSTEMPATH\View\View.php(226): include('C:\\xampp\\htdocs\\kasirpos\\app\\Views\\admin\\closing_view.php')
 3 SYSTEMPATH\View\View.php(229): CodeIgniter\View\View->CodeIgniter\View\{closure}()
 4 SYSTEMPATH\Common.php(1167): CodeIgniter\View\View->render('admin/closing_view', [], true)
 5 APPPATH\Controllers\Admin.php(776): view('admin/closing_view', [...])
 6 SYSTEMPATH\CodeIgniter.php(933): App\Controllers\Admin->closing_kasir()
 7 SYSTEMPATH\CodeIgniter.php(507): CodeIgniter\CodeIgniter->runController(Object(App\Controllers\Admin))
 8 SYSTEMPATH\CodeIgniter.php(354): CodeIgniter\CodeIgniter->handleRequest(null, Object(Config\Cache), false)
 9 SYSTEMPATH\Boot.php(363): CodeIgniter\CodeIgniter->run()
10 SYSTEMPATH\Boot.php(68): CodeIgniter\Boot::runCodeIgniter(Object(CodeIgniter\CodeIgniter))
11 FCPATH\index.php(59): CodeIgniter\Boot::bootWeb(Object(Config\Paths))
12 SYSTEMPATH\rewrite.php(44): require_once('C:\\xampp\\htdocs\\kasirpos\\public\\index.php')
WARNING - 2026-05-09 00:04:04 --> [DEPRECATED] number_format(): Passing null to parameter #1 ($num) of type float is deprecated in APPPATH\Views\admin\closing_view.php on line 45.
 1 APPPATH\Views\admin\closing_view.php(45): number_format(null, 0, ',', '.')
 2 SYSTEMPATH\View\View.php(226): include('C:\\xampp\\htdocs\\kasirpos\\app\\Views\\admin\\closing_view.php')
 3 SYSTEMPATH\View\View.php(229): CodeIgniter\View\View->CodeIgniter\View\{closure}()
 4 SYSTEMPATH\Common.php(1167): CodeIgniter\View\View->render('admin/closing_view', [], true)
 5 APPPATH\Controllers\Admin.php(776): view('admin/closing_view', [...])
 6 SYSTEMPATH\CodeIgniter.php(933): App\Controllers\Admin->closing_kasir()
 7 SYSTEMPATH\CodeIgniter.php(507): CodeIgniter\CodeIgniter->runController(Object(App\Controllers\Admin))
 8 SYSTEMPATH\CodeIgniter.php(354): CodeIgniter\CodeIgniter->handleRequest(null, Object(Config\Cache), false)
 9 SYSTEMPATH\Boot.php(363): CodeIgniter\CodeIgniter->run()
10 SYSTEMPATH\Boot.php(68): CodeIgniter\Boot::runCodeIgniter(Object(CodeIgniter\CodeIgniter))
11 FCPATH\index.php(59): CodeIgniter\Boot::bootWeb(Object(Config\Paths))
12 SYSTEMPATH\rewrite.php(44): require_once('C:\\xampp\\htdocs\\kasirpos\\public\\index.php')
DEBUG - 2026-05-09 00:05:15 --> Session: Class initialized using 'CodeIgniter\Session\Handlers\FileHandler' driver.
DEBUG - 2026-05-09 00:06:00 --> Session: Class initialized using 'CodeIgniter\Session\Handlers\FileHandler' driver.
CRITICAL - 2026-05-09 00:18:28 --> ErrorException: Undefined variable $items
[Method: GET, Route: admin/transaksi]
in APPPATH\Views\admin\transaksi_view.php on line 54.
 1 APPPATH\Views\admin\transaksi_view.php(54): CodeIgniter\Debug\Exceptions->errorHandler(2, 'Undefined variable $items', 'C:\\xampp\\htdocs\\kasirpos\\app\\Views\\admin\\transaksi_view.php', 54)
 2 SYSTEMPATH\View\View.php(226): include('C:\\xampp\\htdocs\\kasirpos\\app\\Views\\admin\\transaksi_view.php')
 3 SYSTEMPATH\View\View.php(229): CodeIgniter\View\View->CodeIgniter\View\{closure}()
 4 SYSTEMPATH\Common.php(1167): CodeIgniter\View\View->render('admin/transaksi_view', [], true)
 5 APPPATH\Controllers\Admin.php(354): view('admin/transaksi_view', [...])
 6 SYSTEMPATH\CodeIgniter.php(933): App\Controllers\Admin->transaksi()
 7 SYSTEMPATH\CodeIgniter.php(507): CodeIgniter\CodeIgniter->runController(Object(App\Controllers\Admin))
 8 SYSTEMPATH\CodeIgniter.php(354): CodeIgniter\CodeIgniter->handleRequest(null, Object(Config\Cache), false)
 9 SYSTEMPATH\Boot.php(363): CodeIgniter\CodeIgniter->run()
10 SYSTEMPATH\Boot.php(68): CodeIgniter\Boot::runCodeIgniter(Object(CodeIgniter\CodeIgniter))
11 FCPATH\index.php(59): CodeIgniter\Boot::bootWeb(Object(Config\Paths))
12 SYSTEMPATH\rewrite.php(44): require_once('C:\\xampp\\htdocs\\kasirpos\\public\\index.php')
CRITICAL - 2026-05-09 00:30:34 --> ErrorException: Undefined variable $isBatal
[Method: GET, Route: admin/transaksi]
in APPPATH\Views\admin\transaksi_view.php on line 73.
 1 APPPATH\Views\admin\transaksi_view.php(73): CodeIgniter\Debug\Exceptions->errorHandler(2, 'Undefined variable $isBatal', 'C:\\xampp\\htdocs\\kasirpos\\app\\Views\\admin\\transaksi_view.php', 73)
 2 SYSTEMPATH\View\View.php(226): include('C:\\xampp\\htdocs\\kasirpos\\app\\Views\\admin\\transaksi_view.php')
 3 SYSTEMPATH\View\View.php(229): CodeIgniter\View\View->CodeIgniter\View\{closure}()
 4 SYSTEMPATH\Common.php(1167): CodeIgniter\View\View->render('admin/transaksi_view', [], true)
 5 APPPATH\Controllers\Admin.php(354): view('admin/transaksi_view', [...])
 6 SYSTEMPATH\CodeIgniter.php(933): App\Controllers\Admin->transaksi()
 7 SYSTEMPATH\CodeIgniter.php(507): CodeIgniter\CodeIgniter->runController(Object(App\Controllers\Admin))
 8 SYSTEMPATH\CodeIgniter.php(354): CodeIgniter\CodeIgniter->handleRequest(null, Object(Config\Cache), false)
 9 SYSTEMPATH\Boot.php(363): CodeIgniter\CodeIgniter->run()
10 SYSTEMPATH\Boot.php(68): CodeIgniter\Boot::runCodeIgniter(Object(CodeIgniter\CodeIgniter))
11 FCPATH\index.php(59): CodeIgniter\Boot::bootWeb(Object(Config\Paths))
12 SYSTEMPATH\rewrite.php(44): require_once('C:\\xampp\\htdocs\\kasirpos\\public\\index.php')
CRITICAL - 2026-05-09 00:31:01 --> ErrorException: Undefined variable $transaksi_batal
[Method: GET, Route: admin/transaksi]
in APPPATH\Views\admin\transaksi_view.php on line 73.
 1 APPPATH\Views\admin\transaksi_view.php(73): CodeIgniter\Debug\Exceptions->errorHandler(2, 'Undefined variable $transaksi_batal', 'C:\\xampp\\htdocs\\kasirpos\\app\\Views\\admin\\transaksi_view.php', 73)
 2 SYSTEMPATH\View\View.php(226): include('C:\\xampp\\htdocs\\kasirpos\\app\\Views\\admin\\transaksi_view.php')
 3 SYSTEMPATH\View\View.php(229): CodeIgniter\View\View->CodeIgniter\View\{closure}()
 4 SYSTEMPATH\Common.php(1167): CodeIgniter\View\View->render('admin/transaksi_view', [], true)
 5 APPPATH\Controllers\Admin.php(354): view('admin/transaksi_view', [...])
 6 SYSTEMPATH\CodeIgniter.php(933): App\Controllers\Admin->transaksi()
 7 SYSTEMPATH\CodeIgniter.php(507): CodeIgniter\CodeIgniter->runController(Object(App\Controllers\Admin))
 8 SYSTEMPATH\CodeIgniter.php(354): CodeIgniter\CodeIgniter->handleRequest(null, Object(Config\Cache), false)
 9 SYSTEMPATH\Boot.php(363): CodeIgniter\CodeIgniter->run()
10 SYSTEMPATH\Boot.php(68): CodeIgniter\Boot::runCodeIgniter(Object(CodeIgniter\CodeIgniter))
11 FCPATH\index.php(59): CodeIgniter\Boot::bootWeb(Object(Config\Paths))
12 SYSTEMPATH\rewrite.php(44): require_once('C:\\xampp\\htdocs\\kasirpos\\public\\index.php')
CRITICAL - 2026-05-09 00:31:19 --> ErrorException: Undefined variable $transaksi
[Method: GET, Route: admin/transaksi]
in APPPATH\Views\admin\transaksi_view.php on line 73.
 1 APPPATH\Views\admin\transaksi_view.php(73): CodeIgniter\Debug\Exceptions->errorHandler(2, 'Undefined variable $transaksi', 'C:\\xampp\\htdocs\\kasirpos\\app\\Views\\admin\\transaksi_view.php', 73)
 2 SYSTEMPATH\View\View.php(226): include('C:\\xampp\\htdocs\\kasirpos\\app\\Views\\admin\\transaksi_view.php')
 3 SYSTEMPATH\View\View.php(229): CodeIgniter\View\View->CodeIgniter\View\{closure}()
 4 SYSTEMPATH\Common.php(1167): CodeIgniter\View\View->render('admin/transaksi_view', [], true)
 5 APPPATH\Controllers\Admin.php(354): view('admin/transaksi_view', [...])
 6 SYSTEMPATH\CodeIgniter.php(933): App\Controllers\Admin->transaksi()
 7 SYSTEMPATH\CodeIgniter.php(507): CodeIgniter\CodeIgniter->runController(Object(App\Controllers\Admin))
 8 SYSTEMPATH\CodeIgniter.php(354): CodeIgniter\CodeIgniter->handleRequest(null, Object(Config\Cache), false)
 9 SYSTEMPATH\Boot.php(363): CodeIgniter\CodeIgniter->run()
10 SYSTEMPATH\Boot.php(68): CodeIgniter\Boot::runCodeIgniter(Object(CodeIgniter\CodeIgniter))
11 FCPATH\index.php(59): CodeIgniter\Boot::bootWeb(Object(Config\Paths))
12 SYSTEMPATH\rewrite.php(44): require_once('C:\\xampp\\htdocs\\kasirpos\\public\\index.php')
CRITICAL - 2026-05-09 00:35:57 --> ErrorException: Undefined variable $db
[Method: GET, Route: admin/transaksi]
in APPPATH\Controllers\Admin.php on line 344.
 1 APPPATH\Controllers\Admin.php(344): CodeIgniter\Debug\Exceptions->errorHandler(2, 'Undefined variable $db', 'C:\\xampp\\htdocs\\kasirpos\\app\\Controllers\\Admin.php', 344)
 2 SYSTEMPATH\CodeIgniter.php(933): App\Controllers\Admin->transaksi()
 3 SYSTEMPATH\CodeIgniter.php(507): CodeIgniter\CodeIgniter->runController(Object(App\Controllers\Admin))
 4 SYSTEMPATH\CodeIgniter.php(354): CodeIgniter\CodeIgniter->handleRequest(null, Object(Config\Cache), false)
 5 SYSTEMPATH\Boot.php(363): CodeIgniter\CodeIgniter->run()
 6 SYSTEMPATH\Boot.php(68): CodeIgniter\Boot::runCodeIgniter(Object(CodeIgniter\CodeIgniter))
 7 FCPATH\index.php(59): CodeIgniter\Boot::bootWeb(Object(Config\Paths))
 8 SYSTEMPATH\rewrite.php(44): require_once('C:\\xampp\\htdocs\\kasirpos\\public\\index.php')
CRITICAL - 2026-05-09 00:36:16 --> ErrorException: Undefined variable $db
[Method: GET, Route: admin/transaksi]
in APPPATH\Controllers\Admin.php on line 344.
 1 APPPATH\Controllers\Admin.php(344): CodeIgniter\Debug\Exceptions->errorHandler(2, 'Undefined variable $db', 'C:\\xampp\\htdocs\\kasirpos\\app\\Controllers\\Admin.php', 344)
 2 SYSTEMPATH\CodeIgniter.php(933): App\Controllers\Admin->transaksi()
 3 SYSTEMPATH\CodeIgniter.php(507): CodeIgniter\CodeIgniter->runController(Object(App\Controllers\Admin))
 4 SYSTEMPATH\CodeIgniter.php(354): CodeIgniter\CodeIgniter->handleRequest(null, Object(Config\Cache), false)
 5 SYSTEMPATH\Boot.php(363): CodeIgniter\CodeIgniter->run()
 6 SYSTEMPATH\Boot.php(68): CodeIgniter\Boot::runCodeIgniter(Object(CodeIgniter\CodeIgniter))
 7 FCPATH\index.php(59): CodeIgniter\Boot::bootWeb(Object(Config\Paths))
 8 SYSTEMPATH\rewrite.php(44): require_once('C:\\xampp\\htdocs\\kasirpos\\public\\index.php')
DEBUG - 2026-05-09 00:40:46 --> Session: Class initialized using 'CodeIgniter\Session\Handlers\FileHandler' driver.
DEBUG - 2026-05-09 00:40:55 --> Session: Class initialized using 'CodeIgniter\Session\Handlers\FileHandler' driver.
DEBUG - 2026-05-09 00:43:07 --> Session: Class initialized using 'CodeIgniter\Session\Handlers\FileHandler' driver.
DEBUG - 2026-05-09 00:43:08 --> Session: Class initialized using 'CodeIgniter\Session\Handlers\FileHandler' driver.
DEBUG - 2026-05-09 00:43:08 --> Session: Class initialized using 'CodeIgniter\Session\Handlers\FileHandler' driver.
DEBUG - 2026-05-09 00:43:08 --> Session: Class initialized using 'CodeIgniter\Session\Handlers\FileHandler' driver.
DEBUG - 2026-05-09 00:43:55 --> Session: Class initialized using 'CodeIgniter\Session\Handlers\FileHandler' driver.
CRITICAL - 2026-05-09 00:43:55 --> ErrorException: Undefined array key "total_tunai"
[Method: GET, Route: admin/closing]
in APPPATH\Views\admin\closing_view.php on line 30.
 1 APPPATH\Views\admin\closing_view.php(30): CodeIgniter\Debug\Exceptions->errorHandler(2, 'Undefined array key "total_tunai"', 'C:\\xampp\\htdocs\\kasirpos\\app\\Views\\admin\\closing_view.php', 30)
 2 SYSTEMPATH\View\View.php(226): include('C:\\xampp\\htdocs\\kasirpos\\app\\Views\\admin\\closing_view.php')
 3 SYSTEMPATH\View\View.php(229): CodeIgniter\View\View->CodeIgniter\View\{closure}()
 4 SYSTEMPATH\Common.php(1167): CodeIgniter\View\View->render('admin/closing_view', [], true)
 5 APPPATH\Controllers\Admin.php(776): view('admin/closing_view', [...])
 6 SYSTEMPATH\CodeIgniter.php(933): App\Controllers\Admin->closing_kasir()
 7 SYSTEMPATH\CodeIgniter.php(507): CodeIgniter\CodeIgniter->runController(Object(App\Controllers\Admin))
 8 SYSTEMPATH\CodeIgniter.php(354): CodeIgniter\CodeIgniter->handleRequest(null, Object(Config\Cache), false)
 9 SYSTEMPATH\Boot.php(363): CodeIgniter\CodeIgniter->run()
10 SYSTEMPATH\Boot.php(68): CodeIgniter\Boot::runCodeIgniter(Object(CodeIgniter\CodeIgniter))
11 FCPATH\index.php(59): CodeIgniter\Boot::bootWeb(Object(Config\Paths))
12 SYSTEMPATH\rewrite.php(44): require_once('C:\\xampp\\htdocs\\kasirpos\\public\\index.php')
DEBUG - 2026-05-09 00:44:20 --> Session: Class initialized using 'CodeIgniter\Session\Handlers\FileHandler' driver.
CRITICAL - 2026-05-09 00:44:20 --> ErrorException: Undefined array key "total_bayar"
[Method: GET, Route: admin/closing]
in APPPATH\Views\admin\closing_view.php on line 30.
 1 APPPATH\Views\admin\closing_view.php(30): CodeIgniter\Debug\Exceptions->errorHandler(2, 'Undefined array key "total_bayar"', 'C:\\xampp\\htdocs\\kasirpos\\app\\Views\\admin\\closing_view.php', 30)
 2 SYSTEMPATH\View\View.php(226): include('C:\\xampp\\htdocs\\kasirpos\\app\\Views\\admin\\closing_view.php')
 3 SYSTEMPATH\View\View.php(229): CodeIgniter\View\View->CodeIgniter\View\{closure}()
 4 SYSTEMPATH\Common.php(1167): CodeIgniter\View\View->render('admin/closing_view', [], true)
 5 APPPATH\Controllers\Admin.php(776): view('admin/closing_view', [...])
 6 SYSTEMPATH\CodeIgniter.php(933): App\Controllers\Admin->closing_kasir()
 7 SYSTEMPATH\CodeIgniter.php(507): CodeIgniter\CodeIgniter->runController(Object(App\Controllers\Admin))
 8 SYSTEMPATH\CodeIgniter.php(354): CodeIgniter\CodeIgniter->handleRequest(null, Object(Config\Cache), false)
 9 SYSTEMPATH\Boot.php(363): CodeIgniter\CodeIgniter->run()
10 SYSTEMPATH\Boot.php(68): CodeIgniter\Boot::runCodeIgniter(Object(CodeIgniter\CodeIgniter))
11 FCPATH\index.php(59): CodeIgniter\Boot::bootWeb(Object(Config\Paths))
12 SYSTEMPATH\rewrite.php(44): require_once('C:\\xampp\\htdocs\\kasirpos\\public\\index.php')
DEBUG - 2026-05-09 00:44:27 --> Session: Class initialized using 'CodeIgniter\Session\Handlers\FileHandler' driver.
CRITICAL - 2026-05-09 00:44:27 --> ErrorException: Undefined array key "nominal_bayar"
[Method: GET, Route: admin/closing]
in APPPATH\Views\admin\closing_view.php on line 30.
 1 APPPATH\Views\admin\closing_view.php(30): CodeIgniter\Debug\Exceptions->errorHandler(2, 'Undefined array key "nominal_bayar"', 'C:\\xampp\\htdocs\\kasirpos\\app\\Views\\admin\\closing_view.php', 30)
 2 SYSTEMPATH\View\View.php(226): include('C:\\xampp\\htdocs\\kasirpos\\app\\Views\\admin\\closing_view.php')
 3 SYSTEMPATH\View\View.php(229): CodeIgniter\View\View->CodeIgniter\View\{closure}()
 4 SYSTEMPATH\Common.php(1167): CodeIgniter\View\View->render('admin/closing_view', [], true)
 5 APPPATH\Controllers\Admin.php(776): view('admin/closing_view', [...])
 6 SYSTEMPATH\CodeIgniter.php(933): App\Controllers\Admin->closing_kasir()
 7 SYSTEMPATH\CodeIgniter.php(507): CodeIgniter\CodeIgniter->runController(Object(App\Controllers\Admin))
 8 SYSTEMPATH\CodeIgniter.php(354): CodeIgniter\CodeIgniter->handleRequest(null, Object(Config\Cache), false)
 9 SYSTEMPATH\Boot.php(363): CodeIgniter\CodeIgniter->run()
10 SYSTEMPATH\Boot.php(68): CodeIgniter\Boot::runCodeIgniter(Object(CodeIgniter\CodeIgniter))
11 FCPATH\index.php(59): CodeIgniter\Boot::bootWeb(Object(Config\Paths))
12 SYSTEMPATH\rewrite.php(44): require_once('C:\\xampp\\htdocs\\kasirpos\\public\\index.php')
DEBUG - 2026-05-09 00:44:37 --> Session: Class initialized using 'CodeIgniter\Session\Handlers\FileHandler' driver.
CRITICAL - 2026-05-09 00:44:37 --> ErrorException: Undefined array key "total_transfer"
[Method: GET, Route: admin/closing]
in APPPATH\Views\admin\closing_view.php on line 45.
 1 APPPATH\Views\admin\closing_view.php(45): CodeIgniter\Debug\Exceptions->errorHandler(2, 'Undefined array key "total_transfer"', 'C:\\xampp\\htdocs\\kasirpos\\app\\Views\\admin\\closing_view.php', 45)
 2 SYSTEMPATH\View\View.php(226): include('C:\\xampp\\htdocs\\kasirpos\\app\\Views\\admin\\closing_view.php')
 3 SYSTEMPATH\View\View.php(229): CodeIgniter\View\View->CodeIgniter\View\{closure}()
 4 SYSTEMPATH\Common.php(1167): CodeIgniter\View\View->render('admin/closing_view', [], true)
 5 APPPATH\Controllers\Admin.php(776): view('admin/closing_view', [...])
 6 SYSTEMPATH\CodeIgniter.php(933): App\Controllers\Admin->closing_kasir()
 7 SYSTEMPATH\CodeIgniter.php(507): CodeIgniter\CodeIgniter->runController(Object(App\Controllers\Admin))
 8 SYSTEMPATH\CodeIgniter.php(354): CodeIgniter\CodeIgniter->handleRequest(null, Object(Config\Cache), false)
 9 SYSTEMPATH\Boot.php(363): CodeIgniter\CodeIgniter->run()
10 SYSTEMPATH\Boot.php(68): CodeIgniter\Boot::runCodeIgniter(Object(CodeIgniter\CodeIgniter))
11 FCPATH\index.php(59): CodeIgniter\Boot::bootWeb(Object(Config\Paths))
12 SYSTEMPATH\rewrite.php(44): require_once('C:\\xampp\\htdocs\\kasirpos\\public\\index.php')
DEBUG - 2026-05-09 00:44:48 --> Session: Class initialized using 'CodeIgniter\Session\Handlers\FileHandler' driver.
DEBUG - 2026-05-09 00:47:16 --> Session: Class initialized using 'CodeIgniter\Session\Handlers\FileHandler' driver.
CRITICAL - 2026-05-09 00:47:16 --> ErrorException: Undefined array key "nominal_uang"
[Method: GET, Route: admin/closing]
in APPPATH\Views\admin\closing_view.php on line 30.
 1 APPPATH\Views\admin\closing_view.php(30): CodeIgniter\Debug\Exceptions->errorHandler(2, 'Undefined array key "nominal_uang"', 'C:\\xampp\\htdocs\\kasirpos\\app\\Views\\admin\\closing_view.php', 30)
 2 SYSTEMPATH\View\View.php(226): include('C:\\xampp\\htdocs\\kasirpos\\app\\Views\\admin\\closing_view.php')
 3 SYSTEMPATH\View\View.php(229): CodeIgniter\View\View->CodeIgniter\View\{closure}()
 4 SYSTEMPATH\Common.php(1167): CodeIgniter\View\View->render('admin/closing_view', [], true)
 5 APPPATH\Controllers\Admin.php(776): view('admin/closing_view', [...])
 6 SYSTEMPATH\CodeIgniter.php(933): App\Controllers\Admin->closing_kasir()
 7 SYSTEMPATH\CodeIgniter.php(507): CodeIgniter\CodeIgniter->runController(Object(App\Controllers\Admin))
 8 SYSTEMPATH\CodeIgniter.php(354): CodeIgniter\CodeIgniter->handleRequest(null, Object(Config\Cache), false)
 9 SYSTEMPATH\Boot.php(363): CodeIgniter\CodeIgniter->run()
10 SYSTEMPATH\Boot.php(68): CodeIgniter\Boot::runCodeIgniter(Object(CodeIgniter\CodeIgniter))
11 FCPATH\index.php(59): CodeIgniter\Boot::bootWeb(Object(Config\Paths))
12 SYSTEMPATH\rewrite.php(44): require_once('C:\\xampp\\htdocs\\kasirpos\\public\\index.php')
DEBUG - 2026-05-09 00:47:30 --> Session: Class initialized using 'CodeIgniter\Session\Handlers\FileHandler' driver.
CRITICAL - 2026-05-09 00:47:30 --> ErrorException: Undefined array key "total_bayar"
[Method: GET, Route: admin/closing]
in APPPATH\Views\admin\closing_view.php on line 30.
 1 APPPATH\Views\admin\closing_view.php(30): CodeIgniter\Debug\Exceptions->errorHandler(2, 'Undefined array key "total_bayar"', 'C:\\xampp\\htdocs\\kasirpos\\app\\Views\\admin\\closing_view.php', 30)
 2 SYSTEMPATH\View\View.php(226): include('C:\\xampp\\htdocs\\kasirpos\\app\\Views\\admin\\closing_view.php')
 3 SYSTEMPATH\View\View.php(229): CodeIgniter\View\View->CodeIgniter\View\{closure}()
 4 SYSTEMPATH\Common.php(1167): CodeIgniter\View\View->render('admin/closing_view', [], true)
 5 APPPATH\Controllers\Admin.php(776): view('admin/closing_view', [...])
 6 SYSTEMPATH\CodeIgniter.php(933): App\Controllers\Admin->closing_kasir()
 7 SYSTEMPATH\CodeIgniter.php(507): CodeIgniter\CodeIgniter->runController(Object(App\Controllers\Admin))
 8 SYSTEMPATH\CodeIgniter.php(354): CodeIgniter\CodeIgniter->handleRequest(null, Object(Config\Cache), false)
 9 SYSTEMPATH\Boot.php(363): CodeIgniter\CodeIgniter->run()
10 SYSTEMPATH\Boot.php(68): CodeIgniter\Boot::runCodeIgniter(Object(CodeIgniter\CodeIgniter))
11 FCPATH\index.php(59): CodeIgniter\Boot::bootWeb(Object(Config\Paths))
12 SYSTEMPATH\rewrite.php(44): require_once('C:\\xampp\\htdocs\\kasirpos\\public\\index.php')
DEBUG - 2026-05-09 00:47:35 --> Session: Class initialized using 'CodeIgniter\Session\Handlers\FileHandler' driver.
DEBUG - 2026-05-09 00:49:28 --> Session: Class initialized using 'CodeIgniter\Session\Handlers\FileHandler' driver.
DEBUG - 2026-05-09 00:51:34 --> Session: Class initialized using 'CodeIgniter\Session\Handlers\FileHandler' driver.
DEBUG - 2026-05-09 00:51:35 --> Session: Class initialized using 'CodeIgniter\Session\Handlers\FileHandler' driver.
DEBUG - 2026-05-09 00:51:36 --> Session: Class initialized using 'CodeIgniter\Session\Handlers\FileHandler' driver.
DEBUG - 2026-05-09 00:52:14 --> Session: Class initialized using 'CodeIgniter\Session\Handlers\FileHandler' driver.
DEBUG - 2026-05-09 00:53:55 --> Session: Class initialized using 'CodeIgniter\Session\Handlers\FileHandler' driver.
CRITICAL - 2026-05-09 00:53:55 --> ErrorException: Undefined array key "total_pendapatan"
[Method: GET, Route: admin/closing]
in APPPATH\Views\admin\closing_view.php on line 19.
 1 APPPATH\Views\admin\closing_view.php(19): CodeIgniter\Debug\Exceptions->errorHandler(2, 'Undefined array key "total_pendapatan"', 'C:\\xampp\\htdocs\\kasirpos\\app\\Views\\admin\\closing_view.php', 19)
 2 SYSTEMPATH\View\View.php(226): include('C:\\xampp\\htdocs\\kasirpos\\app\\Views\\admin\\closing_view.php')
 3 SYSTEMPATH\View\View.php(229): CodeIgniter\View\View->CodeIgniter\View\{closure}()
 4 SYSTEMPATH\Common.php(1167): CodeIgniter\View\View->render('admin/closing_view', [], true)
 5 APPPATH\Controllers\Admin.php(781): view('admin/closing_view', [...])
 6 SYSTEMPATH\CodeIgniter.php(933): App\Controllers\Admin->closing_kasir()
 7 SYSTEMPATH\CodeIgniter.php(507): CodeIgniter\CodeIgniter->runController(Object(App\Controllers\Admin))
 8 SYSTEMPATH\CodeIgniter.php(354): CodeIgniter\CodeIgniter->handleRequest(null, Object(Config\Cache), false)
 9 SYSTEMPATH\Boot.php(363): CodeIgniter\CodeIgniter->run()
10 SYSTEMPATH\Boot.php(68): CodeIgniter\Boot::runCodeIgniter(Object(CodeIgniter\CodeIgniter))
11 FCPATH\index.php(59): CodeIgniter\Boot::bootWeb(Object(Config\Paths))
12 SYSTEMPATH\rewrite.php(44): require_once('C:\\xampp\\htdocs\\kasirpos\\public\\index.php')
DEBUG - 2026-05-09 00:54:43 --> Session: Class initialized using 'CodeIgniter\Session\Handlers\FileHandler' driver.
CRITICAL - 2026-05-09 00:54:43 --> ErrorException: Undefined array key "total_pendapatan"
[Method: GET, Route: admin/closing]
in APPPATH\Views\admin\closing_view.php on line 19.
 1 APPPATH\Views\admin\closing_view.php(19): CodeIgniter\Debug\Exceptions->errorHandler(2, 'Undefined array key "total_pendapatan"', 'C:\\xampp\\htdocs\\kasirpos\\app\\Views\\admin\\closing_view.php', 19)
 2 SYSTEMPATH\View\View.php(226): include('C:\\xampp\\htdocs\\kasirpos\\app\\Views\\admin\\closing_view.php')
 3 SYSTEMPATH\View\View.php(229): CodeIgniter\View\View->CodeIgniter\View\{closure}()
 4 SYSTEMPATH\Common.php(1167): CodeIgniter\View\View->render('admin/closing_view', [], true)
 5 APPPATH\Controllers\Admin.php(781): view('admin/closing_view', [...])
 6 SYSTEMPATH\CodeIgniter.php(933): App\Controllers\Admin->closing_kasir()
 7 SYSTEMPATH\CodeIgniter.php(507): CodeIgniter\CodeIgniter->runController(Object(App\Controllers\Admin))
 8 SYSTEMPATH\CodeIgniter.php(354): CodeIgniter\CodeIgniter->handleRequest(null, Object(Config\Cache), false)
 9 SYSTEMPATH\Boot.php(363): CodeIgniter\CodeIgniter->run()
10 SYSTEMPATH\Boot.php(68): CodeIgniter\Boot::runCodeIgniter(Object(CodeIgniter\CodeIgniter))
11 FCPATH\index.php(59): CodeIgniter\Boot::bootWeb(Object(Config\Paths))
12 SYSTEMPATH\rewrite.php(44): require_once('C:\\xampp\\htdocs\\kasirpos\\public\\index.php')
DEBUG - 2026-05-09 00:54:58 --> Session: Class initialized using 'CodeIgniter\Session\Handlers\FileHandler' driver.
CRITICAL - 2026-05-09 00:54:58 --> ErrorException: Undefined array key "total_bayar"
[Method: GET, Route: admin/closing]
in APPPATH\Views\admin\closing_view.php on line 19.
 1 APPPATH\Views\admin\closing_view.php(19): CodeIgniter\Debug\Exceptions->errorHandler(2, 'Undefined array key "total_bayar"', 'C:\\xampp\\htdocs\\kasirpos\\app\\Views\\admin\\closing_view.php', 19)
 2 SYSTEMPATH\View\View.php(226): include('C:\\xampp\\htdocs\\kasirpos\\app\\Views\\admin\\closing_view.php')
 3 SYSTEMPATH\View\View.php(229): CodeIgniter\View\View->CodeIgniter\View\{closure}()
 4 SYSTEMPATH\Common.php(1167): CodeIgniter\View\View->render('admin/closing_view', [], true)
 5 APPPATH\Controllers\Admin.php(781): view('admin/closing_view', [...])
 6 SYSTEMPATH\CodeIgniter.php(933): App\Controllers\Admin->closing_kasir()
 7 SYSTEMPATH\CodeIgniter.php(507): CodeIgniter\CodeIgniter->runController(Object(App\Controllers\Admin))
 8 SYSTEMPATH\CodeIgniter.php(354): CodeIgniter\CodeIgniter->handleRequest(null, Object(Config\Cache), false)
 9 SYSTEMPATH\Boot.php(363): CodeIgniter\CodeIgniter->run()
10 SYSTEMPATH\Boot.php(68): CodeIgniter\Boot::runCodeIgniter(Object(CodeIgniter\CodeIgniter))
11 FCPATH\index.php(59): CodeIgniter\Boot::bootWeb(Object(Config\Paths))
12 SYSTEMPATH\rewrite.php(44): require_once('C:\\xampp\\htdocs\\kasirpos\\public\\index.php')
DEBUG - 2026-05-09 00:55:50 --> Session: Class initialized using 'CodeIgniter\Session\Handlers\FileHandler' driver.
DEBUG - 2026-05-09 00:56:01 --> Session: Class initialized using 'CodeIgniter\Session\Handlers\FileHandler' driver.
CRITICAL - 2026-05-09 00:56:01 --> ErrorException: Undefined array key "total_bayar"
[Method: GET, Route: admin/closing]
in APPPATH\Views\admin\closing_view.php on line 19.
 1 APPPATH\Views\admin\closing_view.php(19): CodeIgniter\Debug\Exceptions->errorHandler(2, 'Undefined array key "total_bayar"', 'C:\\xampp\\htdocs\\kasirpos\\app\\Views\\admin\\closing_view.php', 19)
 2 SYSTEMPATH\View\View.php(226): include('C:\\xampp\\htdocs\\kasirpos\\app\\Views\\admin\\closing_view.php')
 3 SYSTEMPATH\View\View.php(229): CodeIgniter\View\View->CodeIgniter\View\{closure}()
 4 SYSTEMPATH\Common.php(1167): CodeIgniter\View\View->render('admin/closing_view', [], true)
 5 APPPATH\Controllers\Admin.php(781): view('admin/closing_view', [...])
 6 SYSTEMPATH\CodeIgniter.php(933): App\Controllers\Admin->closing_kasir()
 7 SYSTEMPATH\CodeIgniter.php(507): CodeIgniter\CodeIgniter->runController(Object(App\Controllers\Admin))
 8 SYSTEMPATH\CodeIgniter.php(354): CodeIgniter\CodeIgniter->handleRequest(null, Object(Config\Cache), false)
 9 SYSTEMPATH\Boot.php(363): CodeIgniter\CodeIgniter->run()
10 SYSTEMPATH\Boot.php(68): CodeIgniter\Boot::runCodeIgniter(Object(CodeIgniter\CodeIgniter))
11 FCPATH\index.php(59): CodeIgniter\Boot::bootWeb(Object(Config\Paths))
12 SYSTEMPATH\rewrite.php(44): require_once('C:\\xampp\\htdocs\\kasirpos\\public\\index.php')
DEBUG - 2026-05-09 00:56:22 --> Session: Class initialized using 'CodeIgniter\Session\Handlers\FileHandler' driver.
DEBUG - 2026-05-09 00:56:27 --> Session: Class initialized using 'CodeIgniter\Session\Handlers\FileHandler' driver.
CRITICAL - 2026-05-09 00:56:27 --> ErrorException: Undefined array key "total_pendapatan"
[Method: GET, Route: admin/closing]
in APPPATH\Views\admin\closing_view.php on line 19.
 1 APPPATH\Views\admin\closing_view.php(19): CodeIgniter\Debug\Exceptions->errorHandler(2, 'Undefined array key "total_pendapatan"', 'C:\\xampp\\htdocs\\kasirpos\\app\\Views\\admin\\closing_view.php', 19)
 2 SYSTEMPATH\View\View.php(226): include('C:\\xampp\\htdocs\\kasirpos\\app\\Views\\admin\\closing_view.php')
 3 SYSTEMPATH\View\View.php(229): CodeIgniter\View\View->CodeIgniter\View\{closure}()
 4 SYSTEMPATH\Common.php(1167): CodeIgniter\View\View->render('admin/closing_view', [], true)
 5 APPPATH\Controllers\Admin.php(781): view('admin/closing_view', [...])
 6 SYSTEMPATH\CodeIgniter.php(933): App\Controllers\Admin->closing_kasir()
 7 SYSTEMPATH\CodeIgniter.php(507): CodeIgniter\CodeIgniter->runController(Object(App\Controllers\Admin))
 8 SYSTEMPATH\CodeIgniter.php(354): CodeIgniter\CodeIgniter->handleRequest(null, Object(Config\Cache), false)
 9 SYSTEMPATH\Boot.php(363): CodeIgniter\CodeIgniter->run()
10 SYSTEMPATH\Boot.php(68): CodeIgniter\Boot::runCodeIgniter(Object(CodeIgniter\CodeIgniter))
11 FCPATH\index.php(59): CodeIgniter\Boot::bootWeb(Object(Config\Paths))
12 SYSTEMPATH\rewrite.php(44): require_once('C:\\xampp\\htdocs\\kasirpos\\public\\index.php')
DEBUG - 2026-05-09 00:57:17 --> Session: Class initialized using 'CodeIgniter\Session\Handlers\FileHandler' driver.
DEBUG - 2026-05-09 00:57:25 --> Session: Class initialized using 'CodeIgniter\Session\Handlers\FileHandler' driver.
DEBUG - 2026-05-09 00:57:35 --> Session: Class initialized using 'CodeIgniter\Session\Handlers\FileHandler' driver.
CRITICAL - 2026-05-09 00:57:35 --> ErrorException: Undefined array key "total_pendapatan"
[Method: GET, Route: admin/closing]
in APPPATH\Views\admin\closing_view.php on line 19.
 1 APPPATH\Views\admin\closing_view.php(19): CodeIgniter\Debug\Exceptions->errorHandler(2, 'Undefined array key "total_pendapatan"', 'C:\\xampp\\htdocs\\kasirpos\\app\\Views\\admin\\closing_view.php', 19)
 2 SYSTEMPATH\View\View.php(226): include('C:\\xampp\\htdocs\\kasirpos\\app\\Views\\admin\\closing_view.php')
 3 SYSTEMPATH\View\View.php(229): CodeIgniter\View\View->CodeIgniter\View\{closure}()
 4 SYSTEMPATH\Common.php(1167): CodeIgniter\View\View->render('admin/closing_view', [], true)
 5 APPPATH\Controllers\Admin.php(781): view('admin/closing_view', [...])
 6 SYSTEMPATH\CodeIgniter.php(933): App\Controllers\Admin->closing_kasir()
 7 SYSTEMPATH\CodeIgniter.php(507): CodeIgniter\CodeIgniter->runController(Object(App\Controllers\Admin))
 8 SYSTEMPATH\CodeIgniter.php(354): CodeIgniter\CodeIgniter->handleRequest(null, Object(Config\Cache), false)
 9 SYSTEMPATH\Boot.php(363): CodeIgniter\CodeIgniter->run()
10 SYSTEMPATH\Boot.php(68): CodeIgniter\Boot::runCodeIgniter(Object(CodeIgniter\CodeIgniter))
11 FCPATH\index.php(59): CodeIgniter\Boot::bootWeb(Object(Config\Paths))
12 SYSTEMPATH\rewrite.php(44): require_once('C:\\xampp\\htdocs\\kasirpos\\public\\index.php')
DEBUG - 2026-05-09 00:57:52 --> Session: Class initialized using 'CodeIgniter\Session\Handlers\FileHandler' driver.
DEBUG - 2026-05-09 00:58:33 --> Session: Class initialized using 'CodeIgniter\Session\Handlers\FileHandler' driver.
CRITICAL - 2026-05-09 00:58:33 --> ErrorException: Undefined array key "total_bayar"
[Method: GET, Route: admin/closing]
in APPPATH\Views\admin\closing_view.php on line 19.
 1 APPPATH\Views\admin\closing_view.php(19): CodeIgniter\Debug\Exceptions->errorHandler(2, 'Undefined array key "total_bayar"', 'C:\\xampp\\htdocs\\kasirpos\\app\\Views\\admin\\closing_view.php', 19)
 2 SYSTEMPATH\View\View.php(226): include('C:\\xampp\\htdocs\\kasirpos\\app\\Views\\admin\\closing_view.php')
 3 SYSTEMPATH\View\View.php(229): CodeIgniter\View\View->CodeIgniter\View\{closure}()
 4 SYSTEMPATH\Common.php(1167): CodeIgniter\View\View->render('admin/closing_view', [], true)
 5 APPPATH\Controllers\Admin.php(781): view('admin/closing_view', [...])
 6 SYSTEMPATH\CodeIgniter.php(933): App\Controllers\Admin->closing_kasir()
 7 SYSTEMPATH\CodeIgniter.php(507): CodeIgniter\CodeIgniter->runController(Object(App\Controllers\Admin))
 8 SYSTEMPATH\CodeIgniter.php(354): CodeIgniter\CodeIgniter->handleRequest(null, Object(Config\Cache), false)
 9 SYSTEMPATH\Boot.php(363): CodeIgniter\CodeIgniter->run()
10 SYSTEMPATH\Boot.php(68): CodeIgniter\Boot::runCodeIgniter(Object(CodeIgniter\CodeIgniter))
11 FCPATH\index.php(59): CodeIgniter\Boot::bootWeb(Object(Config\Paths))
12 SYSTEMPATH\rewrite.php(44): require_once('C:\\xampp\\htdocs\\kasirpos\\public\\index.php')
DEBUG - 2026-05-09 00:58:42 --> Session: Class initialized using 'CodeIgniter\Session\Handlers\FileHandler' driver.
CRITICAL - 2026-05-09 00:58:42 --> ErrorException: Undefined array key "total_pendapatan"
[Method: GET, Route: admin/closing]
in APPPATH\Views\admin\closing_view.php on line 19.
 1 APPPATH\Views\admin\closing_view.php(19): CodeIgniter\Debug\Exceptions->errorHandler(2, 'Undefined array key "total_pendapatan"', 'C:\\xampp\\htdocs\\kasirpos\\app\\Views\\admin\\closing_view.php', 19)
 2 SYSTEMPATH\View\View.php(226): include('C:\\xampp\\htdocs\\kasirpos\\app\\Views\\admin\\closing_view.php')
 3 SYSTEMPATH\View\View.php(229): CodeIgniter\View\View->CodeIgniter\View\{closure}()
 4 SYSTEMPATH\Common.php(1167): CodeIgniter\View\View->render('admin/closing_view', [], true)
 5 APPPATH\Controllers\Admin.php(781): view('admin/closing_view', [...])
 6 SYSTEMPATH\CodeIgniter.php(933): App\Controllers\Admin->closing_kasir()
 7 SYSTEMPATH\CodeIgniter.php(507): CodeIgniter\CodeIgniter->runController(Object(App\Controllers\Admin))
 8 SYSTEMPATH\CodeIgniter.php(354): CodeIgniter\CodeIgniter->handleRequest(null, Object(Config\Cache), false)
 9 SYSTEMPATH\Boot.php(363): CodeIgniter\CodeIgniter->run()
10 SYSTEMPATH\Boot.php(68): CodeIgniter\Boot::runCodeIgniter(Object(CodeIgniter\CodeIgniter))
11 FCPATH\index.php(59): CodeIgniter\Boot::bootWeb(Object(Config\Paths))
12 SYSTEMPATH\rewrite.php(44): require_once('C:\\xampp\\htdocs\\kasirpos\\public\\index.php')
DEBUG - 2026-05-09 00:59:01 --> Session: Class initialized using 'CodeIgniter\Session\Handlers\FileHandler' driver.
DEBUG - 2026-05-09 00:59:22 --> Session: Class initialized using 'CodeIgniter\Session\Handlers\FileHandler' driver.
DEBUG - 2026-05-09 00:59:37 --> Session: Class initialized using 'CodeIgniter\Session\Handlers\FileHandler' driver.
DEBUG - 2026-05-09 01:00:01 --> Session: Class initialized using 'CodeIgniter\Session\Handlers\FileHandler' driver.
DEBUG - 2026-05-09 01:00:18 --> Session: Class initialized using 'CodeIgniter\Session\Handlers\FileHandler' driver.
DEBUG - 2026-05-09 01:01:06 --> Session: Class initialized using 'CodeIgniter\Session\Handlers\FileHandler' driver.
DEBUG - 2026-05-09 01:01:07 --> Session: Class initialized using 'CodeIgniter\Session\Handlers\FileHandler' driver.
DEBUG - 2026-05-09 01:01:07 --> Session: Class initialized using 'CodeIgniter\Session\Handlers\FileHandler' driver.
DEBUG - 2026-05-09 01:01:24 --> Session: Class initialized using 'CodeIgniter\Session\Handlers\FileHandler' driver.
DEBUG - 2026-05-09 01:01:27 --> Session: Class initialized using 'CodeIgniter\Session\Handlers\FileHandler' driver.
DEBUG - 2026-05-09 01:01:48 --> Session: Class initialized using 'CodeIgniter\Session\Handlers\FileHandler' driver.
DEBUG - 2026-05-09 01:02:06 --> Session: Class initialized using 'CodeIgniter\Session\Handlers\FileHandler' driver.
DEBUG - 2026-05-09 01:02:24 --> Session: Class initialized using 'CodeIgniter\Session\Handlers\FileHandler' driver.
DEBUG - 2026-05-09 01:02:32 --> Session: Class initialized using 'CodeIgniter\Session\Handlers\FileHandler' driver.
DEBUG - 2026-05-09 01:02:37 --> Session: Class initialized using 'CodeIgniter\Session\Handlers\FileHandler' driver.
DEBUG - 2026-05-09 01:03:40 --> Session: Class initialized using 'CodeIgniter\Session\Handlers\FileHandler' driver.
DEBUG - 2026-05-09 01:04:00 --> Session: Class initialized using 'CodeIgniter\Session\Handlers\FileHandler' driver.
DEBUG - 2026-05-09 01:05:17 --> Session: Class initialized using 'CodeIgniter\Session\Handlers\FileHandler' driver.
DEBUG - 2026-05-09 01:05:23 --> Session: Class initialized using 'CodeIgniter\Session\Handlers\FileHandler' driver.
DEBUG - 2026-05-09 01:05:23 --> Session: Class initialized using 'CodeIgniter\Session\Handlers\FileHandler' driver.
DEBUG - 2026-05-09 01:05:23 --> Session: Class initialized using 'CodeIgniter\Session\Handlers\FileHandler' driver.
DEBUG - 2026-05-09 01:05:30 --> Session: Class initialized using 'CodeIgniter\Session\Handlers\FileHandler' driver.
DEBUG - 2026-05-09 01:05:54 --> Session: Class initialized using 'CodeIgniter\Session\Handlers\FileHandler' driver.
DEBUG - 2026-05-09 01:06:02 --> Session: Class initialized using 'CodeIgniter\Session\Handlers\FileHandler' driver.
DEBUG - 2026-05-09 01:06:28 --> Session: Class initialized using 'CodeIgniter\Session\Handlers\FileHandler' driver.
DEBUG - 2026-05-09 01:06:40 --> Session: Class initialized using 'CodeIgniter\Session\Handlers\FileHandler' driver.
DEBUG - 2026-05-09 01:06:44 --> Session: Class initialized using 'CodeIgniter\Session\Handlers\FileHandler' driver.
DEBUG - 2026-05-09 01:07:31 --> Session: Class initialized using 'CodeIgniter\Session\Handlers\FileHandler' driver.
DEBUG - 2026-05-09 01:07:35 --> Session: Class initialized using 'CodeIgniter\Session\Handlers\FileHandler' driver.
DEBUG - 2026-05-09 01:08:08 --> Session: Class initialized using 'CodeIgniter\Session\Handlers\FileHandler' driver.
DEBUG - 2026-05-09 01:08:26 --> Session: Class initialized using 'CodeIgniter\Session\Handlers\FileHandler' driver.
DEBUG - 2026-05-09 01:08:36 --> Session: Class initialized using 'CodeIgniter\Session\Handlers\FileHandler' driver.
DEBUG - 2026-05-09 01:08:38 --> Session: Class initialized using 'CodeIgniter\Session\Handlers\FileHandler' driver.
DEBUG - 2026-05-09 01:08:43 --> Session: Class initialized using 'CodeIgniter\Session\Handlers\FileHandler' driver.
DEBUG - 2026-05-09 01:08:45 --> Session: Class initialized using 'CodeIgniter\Session\Handlers\FileHandler' driver.
DEBUG - 2026-05-09 01:08:58 --> Session: Class initialized using 'CodeIgniter\Session\Handlers\FileHandler' driver.
DEBUG - 2026-05-09 01:09:04 --> Session: Class initialized using 'CodeIgniter\Session\Handlers\FileHandler' driver.
DEBUG - 2026-05-09 01:12:15 --> Session: Class initialized using 'CodeIgniter\Session\Handlers\FileHandler' driver.
DEBUG - 2026-05-09 01:14:21 --> Session: Class initialized using 'CodeIgniter\Session\Handlers\FileHandler' driver.
DEBUG - 2026-05-09 01:15:49 --> Session: Class initialized using 'CodeIgniter\Session\Handlers\FileHandler' driver.
DEBUG - 2026-05-09 01:15:49 --> Session: Class initialized using 'CodeIgniter\Session\Handlers\FileHandler' driver.
DEBUG - 2026-05-09 01:15:52 --> Session: Class initialized using 'CodeIgniter\Session\Handlers\FileHandler' driver.
DEBUG - 2026-05-09 01:15:52 --> Session: Class initialized using 'CodeIgniter\Session\Handlers\FileHandler' driver.
DEBUG - 2026-05-09 01:15:55 --> Session: Class initialized using 'CodeIgniter\Session\Handlers\FileHandler' driver.
DEBUG - 2026-05-09 01:15:55 --> Session: Class initialized using 'CodeIgniter\Session\Handlers\FileHandler' driver.
DEBUG - 2026-05-09 01:16:01 --> Session: Class initialized using 'CodeIgniter\Session\Handlers\FileHandler' driver.
DEBUG - 2026-05-09 01:18:58 --> Session: Class initialized using 'CodeIgniter\Session\Handlers\FileHandler' driver.
DEBUG - 2026-05-09 01:19:17 --> Session: Class initialized using 'CodeIgniter\Session\Handlers\FileHandler' driver.
DEBUG - 2026-05-09 01:19:28 --> Session: Class initialized using 'CodeIgniter\Session\Handlers\FileHandler' driver.
CRITICAL - 2026-05-09 01:20:24 --> ErrorException: Undefined variable $rekap
[Method: GET, Route: kasir/transaksi]
in APPPATH\Views\kasir\kasir_view.php on line 996.
 1 APPPATH\Views\kasir\kasir_view.php(996): CodeIgniter\Debug\Exceptions->errorHandler(2, 'Undefined variable $rekap', 'C:\\xampp\\htdocs\\kasirpos\\app\\Views\\kasir\\kasir_view.php', 996)
 2 SYSTEMPATH\View\View.php(226): include('C:\\xampp\\htdocs\\kasirpos\\app\\Views\\kasir\\kasir_view.php')
 3 SYSTEMPATH\View\View.php(229): CodeIgniter\View\View->CodeIgniter\View\{closure}()
 4 SYSTEMPATH\Common.php(1167): CodeIgniter\View\View->render('kasir/kasir_view', [], true)
 5 APPPATH\Controllers\Kasir.php(13): view('kasir/kasir_view', [...])
 6 SYSTEMPATH\CodeIgniter.php(933): App\Controllers\Kasir->index()
 7 SYSTEMPATH\CodeIgniter.php(507): CodeIgniter\CodeIgniter->runController(Object(App\Controllers\Kasir))
 8 SYSTEMPATH\CodeIgniter.php(354): CodeIgniter\CodeIgniter->handleRequest(null, Object(Config\Cache), false)
 9 SYSTEMPATH\Boot.php(363): CodeIgniter\CodeIgniter->run()
10 SYSTEMPATH\Boot.php(68): CodeIgniter\Boot::runCodeIgniter(Object(CodeIgniter\CodeIgniter))
11 FCPATH\index.php(59): CodeIgniter\Boot::bootWeb(Object(Config\Paths))
12 SYSTEMPATH\rewrite.php(44): require_once('C:\\xampp\\htdocs\\kasirpos\\public\\index.php')
CRITICAL - 2026-05-09 01:20:25 --> ErrorException: Undefined variable $rekap
[Method: GET, Route: kasir/transaksi]
in APPPATH\Views\kasir\kasir_view.php on line 996.
 1 APPPATH\Views\kasir\kasir_view.php(996): CodeIgniter\Debug\Exceptions->errorHandler(2, 'Undefined variable $rekap', 'C:\\xampp\\htdocs\\kasirpos\\app\\Views\\kasir\\kasir_view.php', 996)
 2 SYSTEMPATH\View\View.php(226): include('C:\\xampp\\htdocs\\kasirpos\\app\\Views\\kasir\\kasir_view.php')
 3 SYSTEMPATH\View\View.php(229): CodeIgniter\View\View->CodeIgniter\View\{closure}()
 4 SYSTEMPATH\Common.php(1167): CodeIgniter\View\View->render('kasir/kasir_view', [], true)
 5 APPPATH\Controllers\Kasir.php(13): view('kasir/kasir_view', [...])
 6 SYSTEMPATH\CodeIgniter.php(933): App\Controllers\Kasir->index()
 7 SYSTEMPATH\CodeIgniter.php(507): CodeIgniter\CodeIgniter->runController(Object(App\Controllers\Kasir))
 8 SYSTEMPATH\CodeIgniter.php(354): CodeIgniter\CodeIgniter->handleRequest(null, Object(Config\Cache), false)
 9 SYSTEMPATH\Boot.php(363): CodeIgniter\CodeIgniter->run()
10 SYSTEMPATH\Boot.php(68): CodeIgniter\Boot::runCodeIgniter(Object(CodeIgniter\CodeIgniter))
11 FCPATH\index.php(59): CodeIgniter\Boot::bootWeb(Object(Config\Paths))
12 SYSTEMPATH\rewrite.php(44): require_once('C:\\xampp\\htdocs\\kasirpos\\public\\index.php')
CRITICAL - 2026-05-09 01:20:25 --> ErrorException: Undefined variable $rekap
[Method: GET, Route: kasir/transaksi]
in APPPATH\Views\kasir\kasir_view.php on line 996.
 1 APPPATH\Views\kasir\kasir_view.php(996): CodeIgniter\Debug\Exceptions->errorHandler(2, 'Undefined variable $rekap', 'C:\\xampp\\htdocs\\kasirpos\\app\\Views\\kasir\\kasir_view.php', 996)
 2 SYSTEMPATH\View\View.php(226): include('C:\\xampp\\htdocs\\kasirpos\\app\\Views\\kasir\\kasir_view.php')
 3 SYSTEMPATH\View\View.php(229): CodeIgniter\View\View->CodeIgniter\View\{closure}()
 4 SYSTEMPATH\Common.php(1167): CodeIgniter\View\View->render('kasir/kasir_view', [], true)
 5 APPPATH\Controllers\Kasir.php(13): view('kasir/kasir_view', [...])
 6 SYSTEMPATH\CodeIgniter.php(933): App\Controllers\Kasir->index()
 7 SYSTEMPATH\CodeIgniter.php(507): CodeIgniter\CodeIgniter->runController(Object(App\Controllers\Kasir))
 8 SYSTEMPATH\CodeIgniter.php(354): CodeIgniter\CodeIgniter->handleRequest(null, Object(Config\Cache), false)
 9 SYSTEMPATH\Boot.php(363): CodeIgniter\CodeIgniter->run()
10 SYSTEMPATH\Boot.php(68): CodeIgniter\Boot::runCodeIgniter(Object(CodeIgniter\CodeIgniter))
11 FCPATH\index.php(59): CodeIgniter\Boot::bootWeb(Object(Config\Paths))
12 SYSTEMPATH\rewrite.php(44): require_once('C:\\xampp\\htdocs\\kasirpos\\public\\index.php')
CRITICAL - 2026-05-09 01:20:25 --> ErrorException: Undefined variable $rekap
[Method: GET, Route: kasir/transaksi]
in APPPATH\Views\kasir\kasir_view.php on line 996.
 1 APPPATH\Views\kasir\kasir_view.php(996): CodeIgniter\Debug\Exceptions->errorHandler(2, 'Undefined variable $rekap', 'C:\\xampp\\htdocs\\kasirpos\\app\\Views\\kasir\\kasir_view.php', 996)
 2 SYSTEMPATH\View\View.php(226): include('C:\\xampp\\htdocs\\kasirpos\\app\\Views\\kasir\\kasir_view.php')
 3 SYSTEMPATH\View\View.php(229): CodeIgniter\View\View->CodeIgniter\View\{closure}()
 4 SYSTEMPATH\Common.php(1167): CodeIgniter\View\View->render('kasir/kasir_view', [], true)
 5 APPPATH\Controllers\Kasir.php(13): view('kasir/kasir_view', [...])
 6 SYSTEMPATH\CodeIgniter.php(933): App\Controllers\Kasir->index()
 7 SYSTEMPATH\CodeIgniter.php(507): CodeIgniter\CodeIgniter->runController(Object(App\Controllers\Kasir))
 8 SYSTEMPATH\CodeIgniter.php(354): CodeIgniter\CodeIgniter->handleRequest(null, Object(Config\Cache), false)
 9 SYSTEMPATH\Boot.php(363): CodeIgniter\CodeIgniter->run()
10 SYSTEMPATH\Boot.php(68): CodeIgniter\Boot::runCodeIgniter(Object(CodeIgniter\CodeIgniter))
11 FCPATH\index.php(59): CodeIgniter\Boot::bootWeb(Object(Config\Paths))
12 SYSTEMPATH\rewrite.php(44): require_once('C:\\xampp\\htdocs\\kasirpos\\public\\index.php')
CRITICAL - 2026-05-09 01:20:30 --> ErrorException: Undefined variable $rekap
[Method: GET, Route: kasir/transaksi]
in APPPATH\Views\kasir\kasir_view.php on line 996.
 1 APPPATH\Views\kasir\kasir_view.php(996): CodeIgniter\Debug\Exceptions->errorHandler(2, 'Undefined variable $rekap', 'C:\\xampp\\htdocs\\kasirpos\\app\\Views\\kasir\\kasir_view.php', 996)
 2 SYSTEMPATH\View\View.php(226): include('C:\\xampp\\htdocs\\kasirpos\\app\\Views\\kasir\\kasir_view.php')
 3 SYSTEMPATH\View\View.php(229): CodeIgniter\View\View->CodeIgniter\View\{closure}()
 4 SYSTEMPATH\Common.php(1167): CodeIgniter\View\View->render('kasir/kasir_view', [], true)
 5 APPPATH\Controllers\Kasir.php(13): view('kasir/kasir_view', [...])
 6 SYSTEMPATH\CodeIgniter.php(933): App\Controllers\Kasir->index()
 7 SYSTEMPATH\CodeIgniter.php(507): CodeIgniter\CodeIgniter->runController(Object(App\Controllers\Kasir))
 8 SYSTEMPATH\CodeIgniter.php(354): CodeIgniter\CodeIgniter->handleRequest(null, Object(Config\Cache), false)
 9 SYSTEMPATH\Boot.php(363): CodeIgniter\CodeIgniter->run()
10 SYSTEMPATH\Boot.php(68): CodeIgniter\Boot::runCodeIgniter(Object(CodeIgniter\CodeIgniter))
11 FCPATH\index.php(59): CodeIgniter\Boot::bootWeb(Object(Config\Paths))
12 SYSTEMPATH\rewrite.php(44): require_once('C:\\xampp\\htdocs\\kasirpos\\public\\index.php')
DEBUG - 2026-05-09 01:23:59 --> Session: Class initialized using 'CodeIgniter\Session\Handlers\FileHandler' driver.
CRITICAL - 2026-05-09 01:25:49 --> ErrorException: Undefined variable $rekap
[Method: GET, Route: kasir/transaksi]
in APPPATH\Views\kasir\kasir_view.php on line 994.
 1 APPPATH\Views\kasir\kasir_view.php(994): CodeIgniter\Debug\Exceptions->errorHandler(2, 'Undefined variable $rekap', 'C:\\xampp\\htdocs\\kasirpos\\app\\Views\\kasir\\kasir_view.php', 994)
 2 SYSTEMPATH\View\View.php(226): include('C:\\xampp\\htdocs\\kasirpos\\app\\Views\\kasir\\kasir_view.php')
 3 SYSTEMPATH\View\View.php(229): CodeIgniter\View\View->CodeIgniter\View\{closure}()
 4 SYSTEMPATH\Common.php(1167): CodeIgniter\View\View->render('kasir/kasir_view', [], true)
 5 APPPATH\Controllers\Kasir.php(13): view('kasir/kasir_view', [...])
 6 SYSTEMPATH\CodeIgniter.php(933): App\Controllers\Kasir->index()
 7 SYSTEMPATH\CodeIgniter.php(507): CodeIgniter\CodeIgniter->runController(Object(App\Controllers\Kasir))
 8 SYSTEMPATH\CodeIgniter.php(354): CodeIgniter\CodeIgniter->handleRequest(null, Object(Config\Cache), false)
 9 SYSTEMPATH\Boot.php(363): CodeIgniter\CodeIgniter->run()
10 SYSTEMPATH\Boot.php(68): CodeIgniter\Boot::runCodeIgniter(Object(CodeIgniter\CodeIgniter))
11 FCPATH\index.php(59): CodeIgniter\Boot::bootWeb(Object(Config\Paths))
12 SYSTEMPATH\rewrite.php(44): require_once('C:\\xampp\\htdocs\\kasirpos\\public\\index.php')
CRITICAL - 2026-05-09 01:46:06 --> Error: Undefined constant "YYYY"
[Method: GET, Route: kasir/transaksi]
in APPPATH\Views\kasir\kasir_view.php on line 1026.
 1 SYSTEMPATH\View\View.php(226): include()
 2 SYSTEMPATH\View\View.php(229): CodeIgniter\View\View->CodeIgniter\View\{closure}()
 3 SYSTEMPATH\Common.php(1167): CodeIgniter\View\View->render('kasir/kasir_view', [], true)
 4 APPPATH\Controllers\Kasir.php(13): view('kasir/kasir_view', [...])
 5 SYSTEMPATH\CodeIgniter.php(933): App\Controllers\Kasir->index()
 6 SYSTEMPATH\CodeIgniter.php(507): CodeIgniter\CodeIgniter->runController(Object(App\Controllers\Kasir))
 7 SYSTEMPATH\CodeIgniter.php(354): CodeIgniter\CodeIgniter->handleRequest(null, Object(Config\Cache), false)
 8 SYSTEMPATH\Boot.php(363): CodeIgniter\CodeIgniter->run()
 9 SYSTEMPATH\Boot.php(68): CodeIgniter\Boot::runCodeIgniter(Object(CodeIgniter\CodeIgniter))
10 FCPATH\index.php(59): CodeIgniter\Boot::bootWeb(Object(Config\Paths))
11 SYSTEMPATH\rewrite.php(44): require_once('C:\\xampp\\htdocs\\kasirpos\\public\\index.php')
DEBUG - 2026-05-09 03:36:57 --> Session: Class initialized using 'CodeIgniter\Session\Handlers\FileHandler' driver.
ERROR - 2026-05-09 10:36:57 --> mysqli_sql_exception: Unknown column 'status' in 'field list' in C:\xampp\htdocs\kasirpos\system\Database\MySQLi\Connection.php:327
Stack trace:
#0 C:\xampp\htdocs\kasirpos\system\Database\MySQLi\Connection.php(327): mysqli->query('SELECT SUM(CASE...', 0)
#1 C:\xampp\htdocs\kasirpos\system\Database\BaseConnection.php(729): CodeIgniter\Database\MySQLi\Connection->execute('SELECT SUM(CASE...')
#2 C:\xampp\htdocs\kasirpos\system\Database\BaseConnection.php(646): CodeIgniter\Database\BaseConnection->simpleQuery('SELECT SUM(CASE...')
#3 C:\xampp\htdocs\kasirpos\system\Database\BaseBuilder.php(1649): CodeIgniter\Database\BaseConnection->query('SELECT SUM(CASE...', Array, false)
#4 C:\xampp\htdocs\kasirpos\app\Controllers\Kasir.php(32): CodeIgniter\Database\BaseBuilder->get()
#5 C:\xampp\htdocs\kasirpos\system\CodeIgniter.php(933): App\Controllers\Kasir->index()
#6 C:\xampp\htdocs\kasirpos\system\CodeIgniter.php(507): CodeIgniter\CodeIgniter->runController(Object(App\Controllers\Kasir))
#7 C:\xampp\htdocs\kasirpos\system\CodeIgniter.php(354): CodeIgniter\CodeIgniter->handleRequest(NULL, Object(Config\Cache), false)
#8 C:\xampp\htdocs\kasirpos\system\Boot.php(363): CodeIgniter\CodeIgniter->run()
#9 C:\xampp\htdocs\kasirpos\system\Boot.php(68): CodeIgniter\Boot::runCodeIgniter(Object(CodeIgniter\CodeIgniter))
#10 C:\xampp\htdocs\kasirpos\public\index.php(59): CodeIgniter\Boot::bootWeb(Object(Config\Paths))
#11 C:\xampp\htdocs\kasirpos\system\rewrite.php(44): require_once('C:\\xampp\\htdocs...')
#12 {main}
CRITICAL - 2026-05-09 10:36:57 --> CodeIgniter\Database\Exceptions\DatabaseException: Unknown column 'status' in 'field list'
[Method: GET, Route: kasir/transaksi]
in SYSTEMPATH\Database\BaseConnection.php on line 684.
 1 SYSTEMPATH\Database\BaseBuilder.php(1649): CodeIgniter\Database\BaseConnection->query('SELECT SUM(CASE WHEN status = \'Lunas\' THEN total_bayar ELSE 0 END) as total_pendapatan,
            SUM(CASE WHEN status = \'Lunas\' AND metode_pembayaran = \'Tunai\' THEN total_bayar ELSE 0 END) as total_tunai,
            SUM(CASE WHEN status = \'Lunas\' AND metode_pembayaran = \'QRIS\' THEN total_bayar ELSE 0 END) as total_qris,
            SUM(CASE WHEN status = \'Lunas\' AND metode_pembayaran = \'Transfer\' THEN total_bayar ELSE 0 END) as total_transfer,
            SUM(CASE WHEN status = \'Lunas\' AND metode_pembayaran = \'EDC\' THEN total_bayar ELSE 0 END) as total_edc,
            COUNT(CASE WHEN status = \'Batal\' THEN 1 END) as jumlah_batal
FROM `transaksi`
WHERE DATE(created_at) = :DATE(created_at):', [...], false)
 2 APPPATH\Controllers\Kasir.php(32): CodeIgniter\Database\BaseBuilder->get()
 3 SYSTEMPATH\CodeIgniter.php(933): App\Controllers\Kasir->index()
 4 SYSTEMPATH\CodeIgniter.php(507): CodeIgniter\CodeIgniter->runController(Object(App\Controllers\Kasir))
 5 SYSTEMPATH\CodeIgniter.php(354): CodeIgniter\CodeIgniter->handleRequest(null, Object(Config\Cache), false)
 6 SYSTEMPATH\Boot.php(363): CodeIgniter\CodeIgniter->run()
 7 SYSTEMPATH\Boot.php(68): CodeIgniter\Boot::runCodeIgniter(Object(CodeIgniter\CodeIgniter))
 8 FCPATH\index.php(59): CodeIgniter\Boot::bootWeb(Object(Config\Paths))
 9 SYSTEMPATH\rewrite.php(44): require_once('C:\\xampp\\htdocs\\kasirpos\\public\\index.php')
CRITICAL - 2026-05-09 10:36:57 --> [Caused by] CodeIgniter\Database\Exceptions\DatabaseException: Unknown column 'status' in 'field list'
in SYSTEMPATH\Database\MySQLi\Connection.php on line 332.
 1 SYSTEMPATH\Database\BaseConnection.php(729): CodeIgniter\Database\MySQLi\Connection->execute('SELECT SUM(CASE WHEN status = \'Lunas\' THEN total_bayar ELSE 0 END) as total_pendapatan,
            SUM(CASE WHEN status = \'Lunas\' AND metode_pembayaran = \'Tunai\' THEN total_bayar ELSE 0 END) as total_tunai,
            SUM(CASE WHEN status = \'Lunas\' AND metode_pembayaran = \'QRIS\' THEN total_bayar ELSE 0 END) as total_qris,
            SUM(CASE WHEN status = \'Lunas\' AND metode_pembayaran = \'Transfer\' THEN total_bayar ELSE 0 END) as total_transfer,
            SUM(CASE WHEN status = \'Lunas\' AND metode_pembayaran = \'EDC\' THEN total_bayar ELSE 0 END) as total_edc,
            COUNT(CASE WHEN status = \'Batal\' THEN 1 END) as jumlah_batal
FROM `transaksi`
WHERE DATE(created_at) = \'2026-05-09\'')
 2 SYSTEMPATH\Database\BaseConnection.php(646): CodeIgniter\Database\BaseConnection->simpleQuery('SELECT SUM(CASE WHEN status = \'Lunas\' THEN total_bayar ELSE 0 END) as total_pendapatan,
            SUM(CASE WHEN status = \'Lunas\' AND metode_pembayaran = \'Tunai\' THEN total_bayar ELSE 0 END) as total_tunai,
            SUM(CASE WHEN status = \'Lunas\' AND metode_pembayaran = \'QRIS\' THEN total_bayar ELSE 0 END) as total_qris,
            SUM(CASE WHEN status = \'Lunas\' AND metode_pembayaran = \'Transfer\' THEN total_bayar ELSE 0 END) as total_transfer,
            SUM(CASE WHEN status = \'Lunas\' AND metode_pembayaran = \'EDC\' THEN total_bayar ELSE 0 END) as total_edc,
            COUNT(CASE WHEN status = \'Batal\' THEN 1 END) as jumlah_batal
FROM `transaksi`
WHERE DATE(created_at) = \'2026-05-09\'')
 3 SYSTEMPATH\Database\BaseBuilder.php(1649): CodeIgniter\Database\BaseConnection->query('SELECT SUM(CASE WHEN status = \'Lunas\' THEN total_bayar ELSE 0 END) as total_pendapatan,
            SUM(CASE WHEN status = \'Lunas\' AND metode_pembayaran = \'Tunai\' THEN total_bayar ELSE 0 END) as total_tunai,
            SUM(CASE WHEN status = \'Lunas\' AND metode_pembayaran = \'QRIS\' THEN total_bayar ELSE 0 END) as total_qris,
            SUM(CASE WHEN status = \'Lunas\' AND metode_pembayaran = \'Transfer\' THEN total_bayar ELSE 0 END) as total_transfer,
            SUM(CASE WHEN status = \'Lunas\' AND metode_pembayaran = \'EDC\' THEN total_bayar ELSE 0 END) as total_edc,
            COUNT(CASE WHEN status = \'Batal\' THEN 1 END) as jumlah_batal
FROM `transaksi`
WHERE DATE(created_at) = :DATE(created_at):', [...], false)
 4 APPPATH\Controllers\Kasir.php(32): CodeIgniter\Database\BaseBuilder->get()
 5 SYSTEMPATH\CodeIgniter.php(933): App\Controllers\Kasir->index()
 6 SYSTEMPATH\CodeIgniter.php(507): CodeIgniter\CodeIgniter->runController(Object(App\Controllers\Kasir))
 7 SYSTEMPATH\CodeIgniter.php(354): CodeIgniter\CodeIgniter->handleRequest(null, Object(Config\Cache), false)
 8 SYSTEMPATH\Boot.php(363): CodeIgniter\CodeIgniter->run()
 9 SYSTEMPATH\Boot.php(68): CodeIgniter\Boot::runCodeIgniter(Object(CodeIgniter\CodeIgniter))
10 FCPATH\index.php(59): CodeIgniter\Boot::bootWeb(Object(Config\Paths))
11 SYSTEMPATH\rewrite.php(44): require_once('C:\\xampp\\htdocs\\kasirpos\\public\\index.php')
CRITICAL - 2026-05-09 10:36:57 --> [Caused by] mysqli_sql_exception: Unknown column 'status' in 'field list'
in SYSTEMPATH\Database\MySQLi\Connection.php on line 327.
 1 SYSTEMPATH\Database\MySQLi\Connection.php(327): mysqli->query('SELECT SUM(CASE WHEN status = \'Lunas\' THEN total_bayar ELSE 0 END) as total_pendapatan,
            SUM(CASE WHEN status = \'Lunas\' AND metode_pembayaran = \'Tunai\' THEN total_bayar ELSE 0 END) as total_tunai,
            SUM(CASE WHEN status = \'Lunas\' AND metode_pembayaran = \'QRIS\' THEN total_bayar ELSE 0 END) as total_qris,
            SUM(CASE WHEN status = \'Lunas\' AND metode_pembayaran = \'Transfer\' THEN total_bayar ELSE 0 END) as total_transfer,
            SUM(CASE WHEN status = \'Lunas\' AND metode_pembayaran = \'EDC\' THEN total_bayar ELSE 0 END) as total_edc,
            COUNT(CASE WHEN status = \'Batal\' THEN 1 END) as jumlah_batal
FROM `transaksi`
WHERE DATE(created_at) = \'2026-05-09\'', 0)
 2 SYSTEMPATH\Database\BaseConnection.php(729): CodeIgniter\Database\MySQLi\Connection->execute('SELECT SUM(CASE WHEN status = \'Lunas\' THEN total_bayar ELSE 0 END) as total_pendapatan,
            SUM(CASE WHEN status = \'Lunas\' AND metode_pembayaran = \'Tunai\' THEN total_bayar ELSE 0 END) as total_tunai,
            SUM(CASE WHEN status = \'Lunas\' AND metode_pembayaran = \'QRIS\' THEN total_bayar ELSE 0 END) as total_qris,
            SUM(CASE WHEN status = \'Lunas\' AND metode_pembayaran = \'Transfer\' THEN total_bayar ELSE 0 END) as total_transfer,
            SUM(CASE WHEN status = \'Lunas\' AND metode_pembayaran = \'EDC\' THEN total_bayar ELSE 0 END) as total_edc,
            COUNT(CASE WHEN status = \'Batal\' THEN 1 END) as jumlah_batal
FROM `transaksi`
WHERE DATE(created_at) = \'2026-05-09\'')
 3 SYSTEMPATH\Database\BaseConnection.php(646): CodeIgniter\Database\BaseConnection->simpleQuery('SELECT SUM(CASE WHEN status = \'Lunas\' THEN total_bayar ELSE 0 END) as total_pendapatan,
            SUM(CASE WHEN status = \'Lunas\' AND metode_pembayaran = \'Tunai\' THEN total_bayar ELSE 0 END) as total_tunai,
            SUM(CASE WHEN status = \'Lunas\' AND metode_pembayaran = \'QRIS\' THEN total_bayar ELSE 0 END) as total_qris,
            SUM(CASE WHEN status = \'Lunas\' AND metode_pembayaran = \'Transfer\' THEN total_bayar ELSE 0 END) as total_transfer,
            SUM(CASE WHEN status = \'Lunas\' AND metode_pembayaran = \'EDC\' THEN total_bayar ELSE 0 END) as total_edc,
            COUNT(CASE WHEN status = \'Batal\' THEN 1 END) as jumlah_batal
FROM `transaksi`
WHERE DATE(created_at) = \'2026-05-09\'')
 4 SYSTEMPATH\Database\BaseBuilder.php(1649): CodeIgniter\Database\BaseConnection->query('SELECT SUM(CASE WHEN status = \'Lunas\' THEN total_bayar ELSE 0 END) as total_pendapatan,
            SUM(CASE WHEN status = \'Lunas\' AND metode_pembayaran = \'Tunai\' THEN total_bayar ELSE 0 END) as total_tunai,
            SUM(CASE WHEN status = \'Lunas\' AND metode_pembayaran = \'QRIS\' THEN total_bayar ELSE 0 END) as total_qris,
            SUM(CASE WHEN status = \'Lunas\' AND metode_pembayaran = \'Transfer\' THEN total_bayar ELSE 0 END) as total_transfer,
            SUM(CASE WHEN status = \'Lunas\' AND metode_pembayaran = \'EDC\' THEN total_bayar ELSE 0 END) as total_edc,
            COUNT(CASE WHEN status = \'Batal\' THEN 1 END) as jumlah_batal
FROM `transaksi`
WHERE DATE(created_at) = :DATE(created_at):', [...], false)
 5 APPPATH\Controllers\Kasir.php(32): CodeIgniter\Database\BaseBuilder->get()
 6 SYSTEMPATH\CodeIgniter.php(933): App\Controllers\Kasir->index()
 7 SYSTEMPATH\CodeIgniter.php(507): CodeIgniter\CodeIgniter->runController(Object(App\Controllers\Kasir))
 8 SYSTEMPATH\CodeIgniter.php(354): CodeIgniter\CodeIgniter->handleRequest(null, Object(Config\Cache), false)
 9 SYSTEMPATH\Boot.php(363): CodeIgniter\CodeIgniter->run()
10 SYSTEMPATH\Boot.php(68): CodeIgniter\Boot::runCodeIgniter(Object(CodeIgniter\CodeIgniter))
11 FCPATH\index.php(59): CodeIgniter\Boot::bootWeb(Object(Config\Paths))
12 SYSTEMPATH\rewrite.php(44): require_once('C:\\xampp\\htdocs\\kasirpos\\public\\index.php')
DEBUG - 2026-05-09 10:37:02 --> Session: Class initialized using 'CodeIgniter\Session\Handlers\FileHandler' driver.
DEBUG - 2026-05-09 10:37:05 --> Session: Class initialized using 'CodeIgniter\Session\Handlers\FileHandler' driver.
DEBUG - 2026-05-09 10:37:05 --> Session: Class initialized using 'CodeIgniter\Session\Handlers\FileHandler' driver.
DEBUG - 2026-05-09 03:37:05 --> Session: Class initialized using 'CodeIgniter\Session\Handlers\FileHandler' driver.
ERROR - 2026-05-09 10:37:05 --> mysqli_sql_exception: Unknown column 'status' in 'field list' in C:\xampp\htdocs\kasirpos\system\Database\MySQLi\Connection.php:327
Stack trace:
#0 C:\xampp\htdocs\kasirpos\system\Database\MySQLi\Connection.php(327): mysqli->query('SELECT SUM(CASE...', 0)
#1 C:\xampp\htdocs\kasirpos\system\Database\BaseConnection.php(729): CodeIgniter\Database\MySQLi\Connection->execute('SELECT SUM(CASE...')
#2 C:\xampp\htdocs\kasirpos\system\Database\BaseConnection.php(646): CodeIgniter\Database\BaseConnection->simpleQuery('SELECT SUM(CASE...')
#3 C:\xampp\htdocs\kasirpos\system\Database\BaseBuilder.php(1649): CodeIgniter\Database\BaseConnection->query('SELECT SUM(CASE...', Array, false)
#4 C:\xampp\htdocs\kasirpos\app\Controllers\Kasir.php(32): CodeIgniter\Database\BaseBuilder->get()
#5 C:\xampp\htdocs\kasirpos\system\CodeIgniter.php(933): App\Controllers\Kasir->index()
#6 C:\xampp\htdocs\kasirpos\system\CodeIgniter.php(507): CodeIgniter\CodeIgniter->runController(Object(App\Controllers\Kasir))
#7 C:\xampp\htdocs\kasirpos\system\CodeIgniter.php(354): CodeIgniter\CodeIgniter->handleRequest(NULL, Object(Config\Cache), false)
#8 C:\xampp\htdocs\kasirpos\system\Boot.php(363): CodeIgniter\CodeIgniter->run()
#9 C:\xampp\htdocs\kasirpos\system\Boot.php(68): CodeIgniter\Boot::runCodeIgniter(Object(CodeIgniter\CodeIgniter))
#10 C:\xampp\htdocs\kasirpos\public\index.php(59): CodeIgniter\Boot::bootWeb(Object(Config\Paths))
#11 C:\xampp\htdocs\kasirpos\system\rewrite.php(44): require_once('C:\\xampp\\htdocs...')
#12 {main}
CRITICAL - 2026-05-09 10:37:05 --> CodeIgniter\Database\Exceptions\DatabaseException: Unknown column 'status' in 'field list'
[Method: GET, Route: kasir/transaksi]
in SYSTEMPATH\Database\BaseConnection.php on line 684.
 1 SYSTEMPATH\Database\BaseBuilder.php(1649): CodeIgniter\Database\BaseConnection->query('SELECT SUM(CASE WHEN status = \'Lunas\' THEN total_bayar ELSE 0 END) as total_pendapatan,
            SUM(CASE WHEN status = \'Lunas\' AND metode_pembayaran = \'Tunai\' THEN total_bayar ELSE 0 END) as total_tunai,
            SUM(CASE WHEN status = \'Lunas\' AND metode_pembayaran = \'QRIS\' THEN total_bayar ELSE 0 END) as total_qris,
            SUM(CASE WHEN status = \'Lunas\' AND metode_pembayaran = \'Transfer\' THEN total_bayar ELSE 0 END) as total_transfer,
            SUM(CASE WHEN status = \'Lunas\' AND metode_pembayaran = \'EDC\' THEN total_bayar ELSE 0 END) as total_edc,
            COUNT(CASE WHEN status = \'Batal\' THEN 1 END) as jumlah_batal
FROM `transaksi`
WHERE DATE(created_at) = :DATE(created_at):', [...], false)
 2 APPPATH\Controllers\Kasir.php(32): CodeIgniter\Database\BaseBuilder->get()
 3 SYSTEMPATH\CodeIgniter.php(933): App\Controllers\Kasir->index()
 4 SYSTEMPATH\CodeIgniter.php(507): CodeIgniter\CodeIgniter->runController(Object(App\Controllers\Kasir))
 5 SYSTEMPATH\CodeIgniter.php(354): CodeIgniter\CodeIgniter->handleRequest(null, Object(Config\Cache), false)
 6 SYSTEMPATH\Boot.php(363): CodeIgniter\CodeIgniter->run()
 7 SYSTEMPATH\Boot.php(68): CodeIgniter\Boot::runCodeIgniter(Object(CodeIgniter\CodeIgniter))
 8 FCPATH\index.php(59): CodeIgniter\Boot::bootWeb(Object(Config\Paths))
 9 SYSTEMPATH\rewrite.php(44): require_once('C:\\xampp\\htdocs\\kasirpos\\public\\index.php')
CRITICAL - 2026-05-09 10:37:05 --> [Caused by] CodeIgniter\Database\Exceptions\DatabaseException: Unknown column 'status' in 'field list'
in SYSTEMPATH\Database\MySQLi\Connection.php on line 332.
 1 SYSTEMPATH\Database\BaseConnection.php(729): CodeIgniter\Database\MySQLi\Connection->execute('SELECT SUM(CASE WHEN status = \'Lunas\' THEN total_bayar ELSE 0 END) as total_pendapatan,
            SUM(CASE WHEN status = \'Lunas\' AND metode_pembayaran = \'Tunai\' THEN total_bayar ELSE 0 END) as total_tunai,
            SUM(CASE WHEN status = \'Lunas\' AND metode_pembayaran = \'QRIS\' THEN total_bayar ELSE 0 END) as total_qris,
            SUM(CASE WHEN status = \'Lunas\' AND metode_pembayaran = \'Transfer\' THEN total_bayar ELSE 0 END) as total_transfer,
            SUM(CASE WHEN status = \'Lunas\' AND metode_pembayaran = \'EDC\' THEN total_bayar ELSE 0 END) as total_edc,
            COUNT(CASE WHEN status = \'Batal\' THEN 1 END) as jumlah_batal
FROM `transaksi`
WHERE DATE(created_at) = \'2026-05-09\'')
 2 SYSTEMPATH\Database\BaseConnection.php(646): CodeIgniter\Database\BaseConnection->simpleQuery('SELECT SUM(CASE WHEN status = \'Lunas\' THEN total_bayar ELSE 0 END) as total_pendapatan,
            SUM(CASE WHEN status = \'Lunas\' AND metode_pembayaran = \'Tunai\' THEN total_bayar ELSE 0 END) as total_tunai,
            SUM(CASE WHEN status = \'Lunas\' AND metode_pembayaran = \'QRIS\' THEN total_bayar ELSE 0 END) as total_qris,
            SUM(CASE WHEN status = \'Lunas\' AND metode_pembayaran = \'Transfer\' THEN total_bayar ELSE 0 END) as total_transfer,
            SUM(CASE WHEN status = \'Lunas\' AND metode_pembayaran = \'EDC\' THEN total_bayar ELSE 0 END) as total_edc,
            COUNT(CASE WHEN status = \'Batal\' THEN 1 END) as jumlah_batal
FROM `transaksi`
WHERE DATE(created_at) = \'2026-05-09\'')
 3 SYSTEMPATH\Database\BaseBuilder.php(1649): CodeIgniter\Database\BaseConnection->query('SELECT SUM(CASE WHEN status = \'Lunas\' THEN total_bayar ELSE 0 END) as total_pendapatan,
            SUM(CASE WHEN status = \'Lunas\' AND metode_pembayaran = \'Tunai\' THEN total_bayar ELSE 0 END) as total_tunai,
            SUM(CASE WHEN status = \'Lunas\' AND metode_pembayaran = \'QRIS\' THEN total_bayar ELSE 0 END) as total_qris,
            SUM(CASE WHEN status = \'Lunas\' AND metode_pembayaran = \'Transfer\' THEN total_bayar ELSE 0 END) as total_transfer,
            SUM(CASE WHEN status = \'Lunas\' AND metode_pembayaran = \'EDC\' THEN total_bayar ELSE 0 END) as total_edc,
            COUNT(CASE WHEN status = \'Batal\' THEN 1 END) as jumlah_batal
FROM `transaksi`
WHERE DATE(created_at) = :DATE(created_at):', [...], false)
 4 APPPATH\Controllers\Kasir.php(32): CodeIgniter\Database\BaseBuilder->get()
 5 SYSTEMPATH\CodeIgniter.php(933): App\Controllers\Kasir->index()
 6 SYSTEMPATH\CodeIgniter.php(507): CodeIgniter\CodeIgniter->runController(Object(App\Controllers\Kasir))
 7 SYSTEMPATH\CodeIgniter.php(354): CodeIgniter\CodeIgniter->handleRequest(null, Object(Config\Cache), false)
 8 SYSTEMPATH\Boot.php(363): CodeIgniter\CodeIgniter->run()
 9 SYSTEMPATH\Boot.php(68): CodeIgniter\Boot::runCodeIgniter(Object(CodeIgniter\CodeIgniter))
10 FCPATH\index.php(59): CodeIgniter\Boot::bootWeb(Object(Config\Paths))
11 SYSTEMPATH\rewrite.php(44): require_once('C:\\xampp\\htdocs\\kasirpos\\public\\index.php')
CRITICAL - 2026-05-09 10:37:05 --> [Caused by] mysqli_sql_exception: Unknown column 'status' in 'field list'
in SYSTEMPATH\Database\MySQLi\Connection.php on line 327.
 1 SYSTEMPATH\Database\MySQLi\Connection.php(327): mysqli->query('SELECT SUM(CASE WHEN status = \'Lunas\' THEN total_bayar ELSE 0 END) as total_pendapatan,
            SUM(CASE WHEN status = \'Lunas\' AND metode_pembayaran = \'Tunai\' THEN total_bayar ELSE 0 END) as total_tunai,
            SUM(CASE WHEN status = \'Lunas\' AND metode_pembayaran = \'QRIS\' THEN total_bayar ELSE 0 END) as total_qris,
            SUM(CASE WHEN status = \'Lunas\' AND metode_pembayaran = \'Transfer\' THEN total_bayar ELSE 0 END) as total_transfer,
            SUM(CASE WHEN status = \'Lunas\' AND metode_pembayaran = \'EDC\' THEN total_bayar ELSE 0 END) as total_edc,
            COUNT(CASE WHEN status = \'Batal\' THEN 1 END) as jumlah_batal
FROM `transaksi`
WHERE DATE(created_at) = \'2026-05-09\'', 0)
 2 SYSTEMPATH\Database\BaseConnection.php(729): CodeIgniter\Database\MySQLi\Connection->execute('SELECT SUM(CASE WHEN status = \'Lunas\' THEN total_bayar ELSE 0 END) as total_pendapatan,
            SUM(CASE WHEN status = \'Lunas\' AND metode_pembayaran = \'Tunai\' THEN total_bayar ELSE 0 END) as total_tunai,
            SUM(CASE WHEN status = \'Lunas\' AND metode_pembayaran = \'QRIS\' THEN total_bayar ELSE 0 END) as total_qris,
            SUM(CASE WHEN status = \'Lunas\' AND metode_pembayaran = \'Transfer\' THEN total_bayar ELSE 0 END) as total_transfer,
            SUM(CASE WHEN status = \'Lunas\' AND metode_pembayaran = \'EDC\' THEN total_bayar ELSE 0 END) as total_edc,
            COUNT(CASE WHEN status = \'Batal\' THEN 1 END) as jumlah_batal
FROM `transaksi`
WHERE DATE(created_at) = \'2026-05-09\'')
 3 SYSTEMPATH\Database\BaseConnection.php(646): CodeIgniter\Database\BaseConnection->simpleQuery('SELECT SUM(CASE WHEN status = \'Lunas\' THEN total_bayar ELSE 0 END) as total_pendapatan,
            SUM(CASE WHEN status = \'Lunas\' AND metode_pembayaran = \'Tunai\' THEN total_bayar ELSE 0 END) as total_tunai,
            SUM(CASE WHEN status = \'Lunas\' AND metode_pembayaran = \'QRIS\' THEN total_bayar ELSE 0 END) as total_qris,
            SUM(CASE WHEN status = \'Lunas\' AND metode_pembayaran = \'Transfer\' THEN total_bayar ELSE 0 END) as total_transfer,
            SUM(CASE WHEN status = \'Lunas\' AND metode_pembayaran = \'EDC\' THEN total_bayar ELSE 0 END) as total_edc,
            COUNT(CASE WHEN status = \'Batal\' THEN 1 END) as jumlah_batal
FROM `transaksi`
WHERE DATE(created_at) = \'2026-05-09\'')
 4 SYSTEMPATH\Database\BaseBuilder.php(1649): CodeIgniter\Database\BaseConnection->query('SELECT SUM(CASE WHEN status = \'Lunas\' THEN total_bayar ELSE 0 END) as total_pendapatan,
            SUM(CASE WHEN status = \'Lunas\' AND metode_pembayaran = \'Tunai\' THEN total_bayar ELSE 0 END) as total_tunai,
            SUM(CASE WHEN status = \'Lunas\' AND metode_pembayaran = \'QRIS\' THEN total_bayar ELSE 0 END) as total_qris,
            SUM(CASE WHEN status = \'Lunas\' AND metode_pembayaran = \'Transfer\' THEN total_bayar ELSE 0 END) as total_transfer,
            SUM(CASE WHEN status = \'Lunas\' AND metode_pembayaran = \'EDC\' THEN total_bayar ELSE 0 END) as total_edc,
            COUNT(CASE WHEN status = \'Batal\' THEN 1 END) as jumlah_batal
FROM `transaksi`
WHERE DATE(created_at) = :DATE(created_at):', [...], false)
 5 APPPATH\Controllers\Kasir.php(32): CodeIgniter\Database\BaseBuilder->get()
 6 SYSTEMPATH\CodeIgniter.php(933): App\Controllers\Kasir->index()
 7 SYSTEMPATH\CodeIgniter.php(507): CodeIgniter\CodeIgniter->runController(Object(App\Controllers\Kasir))
 8 SYSTEMPATH\CodeIgniter.php(354): CodeIgniter\CodeIgniter->handleRequest(null, Object(Config\Cache), false)
 9 SYSTEMPATH\Boot.php(363): CodeIgniter\CodeIgniter->run()
10 SYSTEMPATH\Boot.php(68): CodeIgniter\Boot::runCodeIgniter(Object(CodeIgniter\CodeIgniter))
11 FCPATH\index.php(59): CodeIgniter\Boot::bootWeb(Object(Config\Paths))
12 SYSTEMPATH\rewrite.php(44): require_once('C:\\xampp\\htdocs\\kasirpos\\public\\index.php')
DEBUG - 2026-05-09 05:28:14 --> Session: Class initialized using 'CodeIgniter\Session\Handlers\FileHandler' driver.
DEBUG - 2026-05-09 12:28:26 --> Session: Class initialized using 'CodeIgniter\Session\Handlers\FileHandler' driver.
DEBUG - 2026-05-09 12:28:29 --> Session: Class initialized using 'CodeIgniter\Session\Handlers\FileHandler' driver.
DEBUG - 2026-05-09 12:28:29 --> Session: Class initialized using 'CodeIgniter\Session\Handlers\FileHandler' driver.
DEBUG - 2026-05-09 12:28:33 --> Session: Class initialized using 'CodeIgniter\Session\Handlers\FileHandler' driver.
DEBUG - 2026-05-09 12:28:33 --> Session: Class initialized using 'CodeIgniter\Session\Handlers\FileHandler' driver.
DEBUG - 2026-05-09 12:28:37 --> Session: Class initialized using 'CodeIgniter\Session\Handlers\FileHandler' driver.
DEBUG - 2026-05-09 12:28:37 --> Session: Class initialized using 'CodeIgniter\Session\Handlers\FileHandler' driver.
DEBUG - 2026-05-09 06:41:08 --> Session: Class initialized using 'CodeIgniter\Session\Handlers\FileHandler' driver.
ERROR - 2026-05-09 13:41:08 --> mysqli_sql_exception: Unknown column 'user_id' in 'where clause' in C:\xampp\htdocs\kasirpos\system\Database\MySQLi\Connection.php:327
Stack trace:
#0 C:\xampp\htdocs\kasirpos\system\Database\MySQLi\Connection.php(327): mysqli->query('SELECT SUM(CASE...', 0)
#1 C:\xampp\htdocs\kasirpos\system\Database\BaseConnection.php(729): CodeIgniter\Database\MySQLi\Connection->execute('SELECT SUM(CASE...')
#2 C:\xampp\htdocs\kasirpos\system\Database\BaseConnection.php(646): CodeIgniter\Database\BaseConnection->simpleQuery('SELECT SUM(CASE...')
#3 C:\xampp\htdocs\kasirpos\system\Database\BaseBuilder.php(1649): CodeIgniter\Database\BaseConnection->query('SELECT SUM(CASE...', Array, false)
#4 C:\xampp\htdocs\kasirpos\app\Controllers\Kasir.php(32): CodeIgniter\Database\BaseBuilder->get()
#5 C:\xampp\htdocs\kasirpos\system\CodeIgniter.php(933): App\Controllers\Kasir->index()
#6 C:\xampp\htdocs\kasirpos\system\CodeIgniter.php(507): CodeIgniter\CodeIgniter->runController(Object(App\Controllers\Kasir))
#7 C:\xampp\htdocs\kasirpos\system\CodeIgniter.php(354): CodeIgniter\CodeIgniter->handleRequest(NULL, Object(Config\Cache), false)
#8 C:\xampp\htdocs\kasirpos\system\Boot.php(363): CodeIgniter\CodeIgniter->run()
#9 C:\xampp\htdocs\kasirpos\system\Boot.php(68): CodeIgniter\Boot::runCodeIgniter(Object(CodeIgniter\CodeIgniter))
#10 C:\xampp\htdocs\kasirpos\public\index.php(59): CodeIgniter\Boot::bootWeb(Object(Config\Paths))
#11 C:\xampp\htdocs\kasirpos\system\rewrite.php(44): require_once('C:\\xampp\\htdocs...')
#12 {main}
CRITICAL - 2026-05-09 13:41:08 --> CodeIgniter\Database\Exceptions\DatabaseException: Unknown column 'user_id' in 'where clause'
[Method: GET, Route: kasir/transaksi]
in SYSTEMPATH\Database\BaseConnection.php on line 684.
 1 SYSTEMPATH\Database\BaseBuilder.php(1649): CodeIgniter\Database\BaseConnection->query('SELECT SUM(CASE WHEN status = \'Lunas\' THEN total_bayar ELSE 0 END) as total_pendapatan,
            SUM(CASE WHEN status = \'Lunas\' AND metode_pembayaran = \'Tunai\' THEN total_bayar ELSE 0 END) as total_tunai,
            SUM(CASE WHEN status = \'Lunas\' AND metode_pembayaran = \'QRIS\' THEN total_bayar ELSE 0 END) as total_qris,
            SUM(CASE WHEN status = \'Lunas\' AND metode_pembayaran = \'Transfer\' THEN total_bayar ELSE 0 END) as total_transfer,
            SUM(CASE WHEN status = \'Lunas\' AND metode_pembayaran = \'EDC\' THEN total_bayar ELSE 0 END) as total_edc,
            COUNT(CASE WHEN status = \'Batal\' THEN 1 END) as jumlah_batal
FROM `transaksi`
WHERE `user_id` IS NULL', [], false)
 2 APPPATH\Controllers\Kasir.php(32): CodeIgniter\Database\BaseBuilder->get()
 3 SYSTEMPATH\CodeIgniter.php(933): App\Controllers\Kasir->index()
 4 SYSTEMPATH\CodeIgniter.php(507): CodeIgniter\CodeIgniter->runController(Object(App\Controllers\Kasir))
 5 SYSTEMPATH\CodeIgniter.php(354): CodeIgniter\CodeIgniter->handleRequest(null, Object(Config\Cache), false)
 6 SYSTEMPATH\Boot.php(363): CodeIgniter\CodeIgniter->run()
 7 SYSTEMPATH\Boot.php(68): CodeIgniter\Boot::runCodeIgniter(Object(CodeIgniter\CodeIgniter))
 8 FCPATH\index.php(59): CodeIgniter\Boot::bootWeb(Object(Config\Paths))
 9 SYSTEMPATH\rewrite.php(44): require_once('C:\\xampp\\htdocs\\kasirpos\\public\\index.php')
CRITICAL - 2026-05-09 13:41:08 --> [Caused by] CodeIgniter\Database\Exceptions\DatabaseException: Unknown column 'user_id' in 'where clause'
in SYSTEMPATH\Database\MySQLi\Connection.php on line 332.
 1 SYSTEMPATH\Database\BaseConnection.php(729): CodeIgniter\Database\MySQLi\Connection->execute('SELECT SUM(CASE WHEN status = \'Lunas\' THEN total_bayar ELSE 0 END) as total_pendapatan,
            SUM(CASE WHEN status = \'Lunas\' AND metode_pembayaran = \'Tunai\' THEN total_bayar ELSE 0 END) as total_tunai,
            SUM(CASE WHEN status = \'Lunas\' AND metode_pembayaran = \'QRIS\' THEN total_bayar ELSE 0 END) as total_qris,
            SUM(CASE WHEN status = \'Lunas\' AND metode_pembayaran = \'Transfer\' THEN total_bayar ELSE 0 END) as total_transfer,
            SUM(CASE WHEN status = \'Lunas\' AND metode_pembayaran = \'EDC\' THEN total_bayar ELSE 0 END) as total_edc,
            COUNT(CASE WHEN status = \'Batal\' THEN 1 END) as jumlah_batal
FROM `transaksi`
WHERE `user_id` IS NULL')
 2 SYSTEMPATH\Database\BaseConnection.php(646): CodeIgniter\Database\BaseConnection->simpleQuery('SELECT SUM(CASE WHEN status = \'Lunas\' THEN total_bayar ELSE 0 END) as total_pendapatan,
            SUM(CASE WHEN status = \'Lunas\' AND metode_pembayaran = \'Tunai\' THEN total_bayar ELSE 0 END) as total_tunai,
            SUM(CASE WHEN status = \'Lunas\' AND metode_pembayaran = \'QRIS\' THEN total_bayar ELSE 0 END) as total_qris,
            SUM(CASE WHEN status = \'Lunas\' AND metode_pembayaran = \'Transfer\' THEN total_bayar ELSE 0 END) as total_transfer,
            SUM(CASE WHEN status = \'Lunas\' AND metode_pembayaran = \'EDC\' THEN total_bayar ELSE 0 END) as total_edc,
            COUNT(CASE WHEN status = \'Batal\' THEN 1 END) as jumlah_batal
FROM `transaksi`
WHERE `user_id` IS NULL')
 3 SYSTEMPATH\Database\BaseBuilder.php(1649): CodeIgniter\Database\BaseConnection->query('SELECT SUM(CASE WHEN status = \'Lunas\' THEN total_bayar ELSE 0 END) as total_pendapatan,
            SUM(CASE WHEN status = \'Lunas\' AND metode_pembayaran = \'Tunai\' THEN total_bayar ELSE 0 END) as total_tunai,
            SUM(CASE WHEN status = \'Lunas\' AND metode_pembayaran = \'QRIS\' THEN total_bayar ELSE 0 END) as total_qris,
            SUM(CASE WHEN status = \'Lunas\' AND metode_pembayaran = \'Transfer\' THEN total_bayar ELSE 0 END) as total_transfer,
            SUM(CASE WHEN status = \'Lunas\' AND metode_pembayaran = \'EDC\' THEN total_bayar ELSE 0 END) as total_edc,
            COUNT(CASE WHEN status = \'Batal\' THEN 1 END) as jumlah_batal
FROM `transaksi`
WHERE `user_id` IS NULL', [], false)
 4 APPPATH\Controllers\Kasir.php(32): CodeIgniter\Database\BaseBuilder->get()
 5 SYSTEMPATH\CodeIgniter.php(933): App\Controllers\Kasir->index()
 6 SYSTEMPATH\CodeIgniter.php(507): CodeIgniter\CodeIgniter->runController(Object(App\Controllers\Kasir))
 7 SYSTEMPATH\CodeIgniter.php(354): CodeIgniter\CodeIgniter->handleRequest(null, Object(Config\Cache), false)
 8 SYSTEMPATH\Boot.php(363): CodeIgniter\CodeIgniter->run()
 9 SYSTEMPATH\Boot.php(68): CodeIgniter\Boot::runCodeIgniter(Object(CodeIgniter\CodeIgniter))
10 FCPATH\index.php(59): CodeIgniter\Boot::bootWeb(Object(Config\Paths))
11 SYSTEMPATH\rewrite.php(44): require_once('C:\\xampp\\htdocs\\kasirpos\\public\\index.php')
CRITICAL - 2026-05-09 13:41:08 --> [Caused by] mysqli_sql_exception: Unknown column 'user_id' in 'where clause'
in SYSTEMPATH\Database\MySQLi\Connection.php on line 327.
 1 SYSTEMPATH\Database\MySQLi\Connection.php(327): mysqli->query('SELECT SUM(CASE WHEN status = \'Lunas\' THEN total_bayar ELSE 0 END) as total_pendapatan,
            SUM(CASE WHEN status = \'Lunas\' AND metode_pembayaran = \'Tunai\' THEN total_bayar ELSE 0 END) as total_tunai,
            SUM(CASE WHEN status = \'Lunas\' AND metode_pembayaran = \'QRIS\' THEN total_bayar ELSE 0 END) as total_qris,
            SUM(CASE WHEN status = \'Lunas\' AND metode_pembayaran = \'Transfer\' THEN total_bayar ELSE 0 END) as total_transfer,
            SUM(CASE WHEN status = \'Lunas\' AND metode_pembayaran = \'EDC\' THEN total_bayar ELSE 0 END) as total_edc,
            COUNT(CASE WHEN status = \'Batal\' THEN 1 END) as jumlah_batal
FROM `transaksi`
WHERE `user_id` IS NULL', 0)
 2 SYSTEMPATH\Database\BaseConnection.php(729): CodeIgniter\Database\MySQLi\Connection->execute('SELECT SUM(CASE WHEN status = \'Lunas\' THEN total_bayar ELSE 0 END) as total_pendapatan,
            SUM(CASE WHEN status = \'Lunas\' AND metode_pembayaran = \'Tunai\' THEN total_bayar ELSE 0 END) as total_tunai,
            SUM(CASE WHEN status = \'Lunas\' AND metode_pembayaran = \'QRIS\' THEN total_bayar ELSE 0 END) as total_qris,
            SUM(CASE WHEN status = \'Lunas\' AND metode_pembayaran = \'Transfer\' THEN total_bayar ELSE 0 END) as total_transfer,
            SUM(CASE WHEN status = \'Lunas\' AND metode_pembayaran = \'EDC\' THEN total_bayar ELSE 0 END) as total_edc,
            COUNT(CASE WHEN status = \'Batal\' THEN 1 END) as jumlah_batal
FROM `transaksi`
WHERE `user_id` IS NULL')
 3 SYSTEMPATH\Database\BaseConnection.php(646): CodeIgniter\Database\BaseConnection->simpleQuery('SELECT SUM(CASE WHEN status = \'Lunas\' THEN total_bayar ELSE 0 END) as total_pendapatan,
            SUM(CASE WHEN status = \'Lunas\' AND metode_pembayaran = \'Tunai\' THEN total_bayar ELSE 0 END) as total_tunai,
            SUM(CASE WHEN status = \'Lunas\' AND metode_pembayaran = \'QRIS\' THEN total_bayar ELSE 0 END) as total_qris,
            SUM(CASE WHEN status = \'Lunas\' AND metode_pembayaran = \'Transfer\' THEN total_bayar ELSE 0 END) as total_transfer,
            SUM(CASE WHEN status = \'Lunas\' AND metode_pembayaran = \'EDC\' THEN total_bayar ELSE 0 END) as total_edc,
            COUNT(CASE WHEN status = \'Batal\' THEN 1 END) as jumlah_batal
FROM `transaksi`
WHERE `user_id` IS NULL')
 4 SYSTEMPATH\Database\BaseBuilder.php(1649): CodeIgniter\Database\BaseConnection->query('SELECT SUM(CASE WHEN status = \'Lunas\' THEN total_bayar ELSE 0 END) as total_pendapatan,
            SUM(CASE WHEN status = \'Lunas\' AND metode_pembayaran = \'Tunai\' THEN total_bayar ELSE 0 END) as total_tunai,
            SUM(CASE WHEN status = \'Lunas\' AND metode_pembayaran = \'QRIS\' THEN total_bayar ELSE 0 END) as total_qris,
            SUM(CASE WHEN status = \'Lunas\' AND metode_pembayaran = \'Transfer\' THEN total_bayar ELSE 0 END) as total_transfer,
            SUM(CASE WHEN status = \'Lunas\' AND metode_pembayaran = \'EDC\' THEN total_bayar ELSE 0 END) as total_edc,
            COUNT(CASE WHEN status = \'Batal\' THEN 1 END) as jumlah_batal
FROM `transaksi`
WHERE `user_id` IS NULL', [], false)
 5 APPPATH\Controllers\Kasir.php(32): CodeIgniter\Database\BaseBuilder->get()
 6 SYSTEMPATH\CodeIgniter.php(933): App\Controllers\Kasir->index()
 7 SYSTEMPATH\CodeIgniter.php(507): CodeIgniter\CodeIgniter->runController(Object(App\Controllers\Kasir))
 8 SYSTEMPATH\CodeIgniter.php(354): CodeIgniter\CodeIgniter->handleRequest(null, Object(Config\Cache), false)
 9 SYSTEMPATH\Boot.php(363): CodeIgniter\CodeIgniter->run()
10 SYSTEMPATH\Boot.php(68): CodeIgniter\Boot::runCodeIgniter(Object(CodeIgniter\CodeIgniter))
11 FCPATH\index.php(59): CodeIgniter\Boot::bootWeb(Object(Config\Paths))
12 SYSTEMPATH\rewrite.php(44): require_once('C:\\xampp\\htdocs\\kasirpos\\public\\index.php')
DEBUG - 2026-05-09 06:41:20 --> Session: Class initialized using 'CodeIgniter\Session\Handlers\FileHandler' driver.
ERROR - 2026-05-09 13:41:20 --> mysqli_sql_exception: Unknown column 'user_id' in 'where clause' in C:\xampp\htdocs\kasirpos\system\Database\MySQLi\Connection.php:327
Stack trace:
#0 C:\xampp\htdocs\kasirpos\system\Database\MySQLi\Connection.php(327): mysqli->query('SELECT SUM(CASE...', 0)
#1 C:\xampp\htdocs\kasirpos\system\Database\BaseConnection.php(729): CodeIgniter\Database\MySQLi\Connection->execute('SELECT SUM(CASE...')
#2 C:\xampp\htdocs\kasirpos\system\Database\BaseConnection.php(646): CodeIgniter\Database\BaseConnection->simpleQuery('SELECT SUM(CASE...')
#3 C:\xampp\htdocs\kasirpos\system\Database\BaseBuilder.php(1649): CodeIgniter\Database\BaseConnection->query('SELECT SUM(CASE...', Array, false)
#4 C:\xampp\htdocs\kasirpos\app\Controllers\Kasir.php(32): CodeIgniter\Database\BaseBuilder->get()
#5 C:\xampp\htdocs\kasirpos\system\CodeIgniter.php(933): App\Controllers\Kasir->index()
#6 C:\xampp\htdocs\kasirpos\system\CodeIgniter.php(507): CodeIgniter\CodeIgniter->runController(Object(App\Controllers\Kasir))
#7 C:\xampp\htdocs\kasirpos\system\CodeIgniter.php(354): CodeIgniter\CodeIgniter->handleRequest(NULL, Object(Config\Cache), false)
#8 C:\xampp\htdocs\kasirpos\system\Boot.php(363): CodeIgniter\CodeIgniter->run()
#9 C:\xampp\htdocs\kasirpos\system\Boot.php(68): CodeIgniter\Boot::runCodeIgniter(Object(CodeIgniter\CodeIgniter))
#10 C:\xampp\htdocs\kasirpos\public\index.php(59): CodeIgniter\Boot::bootWeb(Object(Config\Paths))
#11 C:\xampp\htdocs\kasirpos\system\rewrite.php(44): require_once('C:\\xampp\\htdocs...')
#12 {main}
CRITICAL - 2026-05-09 13:41:20 --> CodeIgniter\Database\Exceptions\DatabaseException: Unknown column 'user_id' in 'where clause'
[Method: GET, Route: kasir/transaksi]
in SYSTEMPATH\Database\BaseConnection.php on line 684.
 1 SYSTEMPATH\Database\BaseBuilder.php(1649): CodeIgniter\Database\BaseConnection->query('SELECT SUM(CASE WHEN status = \'Lunas\' THEN total_bayar ELSE 0 END) as total_pendapatan,
            SUM(CASE WHEN status = \'Lunas\' AND metode_pembayaran = \'Tunai\' THEN total_bayar ELSE 0 END) as total_tunai,
            SUM(CASE WHEN status = \'Lunas\' AND metode_pembayaran = \'QRIS\' THEN total_bayar ELSE 0 END) as total_qris,
            SUM(CASE WHEN status = \'Lunas\' AND metode_pembayaran = \'Transfer\' THEN total_bayar ELSE 0 END) as total_transfer,
            SUM(CASE WHEN status = \'Lunas\' AND metode_pembayaran = \'EDC\' THEN total_bayar ELSE 0 END) as total_edc,
            COUNT(CASE WHEN status = \'Batal\' THEN 1 END) as jumlah_batal
FROM `transaksi`
WHERE `user_id` = :user_id:', [...], false)
 2 APPPATH\Controllers\Kasir.php(32): CodeIgniter\Database\BaseBuilder->get()
 3 SYSTEMPATH\CodeIgniter.php(933): App\Controllers\Kasir->index()
 4 SYSTEMPATH\CodeIgniter.php(507): CodeIgniter\CodeIgniter->runController(Object(App\Controllers\Kasir))
 5 SYSTEMPATH\CodeIgniter.php(354): CodeIgniter\CodeIgniter->handleRequest(null, Object(Config\Cache), false)
 6 SYSTEMPATH\Boot.php(363): CodeIgniter\CodeIgniter->run()
 7 SYSTEMPATH\Boot.php(68): CodeIgniter\Boot::runCodeIgniter(Object(CodeIgniter\CodeIgniter))
 8 FCPATH\index.php(59): CodeIgniter\Boot::bootWeb(Object(Config\Paths))
 9 SYSTEMPATH\rewrite.php(44): require_once('C:\\xampp\\htdocs\\kasirpos\\public\\index.php')
CRITICAL - 2026-05-09 13:41:20 --> [Caused by] CodeIgniter\Database\Exceptions\DatabaseException: Unknown column 'user_id' in 'where clause'
in SYSTEMPATH\Database\MySQLi\Connection.php on line 332.
 1 SYSTEMPATH\Database\BaseConnection.php(729): CodeIgniter\Database\MySQLi\Connection->execute('SELECT SUM(CASE WHEN status = \'Lunas\' THEN total_bayar ELSE 0 END) as total_pendapatan,
            SUM(CASE WHEN status = \'Lunas\' AND metode_pembayaran = \'Tunai\' THEN total_bayar ELSE 0 END) as total_tunai,
            SUM(CASE WHEN status = \'Lunas\' AND metode_pembayaran = \'QRIS\' THEN total_bayar ELSE 0 END) as total_qris,
            SUM(CASE WHEN status = \'Lunas\' AND metode_pembayaran = \'Transfer\' THEN total_bayar ELSE 0 END) as total_transfer,
            SUM(CASE WHEN status = \'Lunas\' AND metode_pembayaran = \'EDC\' THEN total_bayar ELSE 0 END) as total_edc,
            COUNT(CASE WHEN status = \'Batal\' THEN 1 END) as jumlah_batal
FROM `transaksi`
WHERE `user_id` = \'2\'')
 2 SYSTEMPATH\Database\BaseConnection.php(646): CodeIgniter\Database\BaseConnection->simpleQuery('SELECT SUM(CASE WHEN status = \'Lunas\' THEN total_bayar ELSE 0 END) as total_pendapatan,
            SUM(CASE WHEN status = \'Lunas\' AND metode_pembayaran = \'Tunai\' THEN total_bayar ELSE 0 END) as total_tunai,
            SUM(CASE WHEN status = \'Lunas\' AND metode_pembayaran = \'QRIS\' THEN total_bayar ELSE 0 END) as total_qris,
            SUM(CASE WHEN status = \'Lunas\' AND metode_pembayaran = \'Transfer\' THEN total_bayar ELSE 0 END) as total_transfer,
            SUM(CASE WHEN status = \'Lunas\' AND metode_pembayaran = \'EDC\' THEN total_bayar ELSE 0 END) as total_edc,
            COUNT(CASE WHEN status = \'Batal\' THEN 1 END) as jumlah_batal
FROM `transaksi`
WHERE `user_id` = \'2\'')
 3 SYSTEMPATH\Database\BaseBuilder.php(1649): CodeIgniter\Database\BaseConnection->query('SELECT SUM(CASE WHEN status = \'Lunas\' THEN total_bayar ELSE 0 END) as total_pendapatan,
            SUM(CASE WHEN status = \'Lunas\' AND metode_pembayaran = \'Tunai\' THEN total_bayar ELSE 0 END) as total_tunai,
            SUM(CASE WHEN status = \'Lunas\' AND metode_pembayaran = \'QRIS\' THEN total_bayar ELSE 0 END) as total_qris,
            SUM(CASE WHEN status = \'Lunas\' AND metode_pembayaran = \'Transfer\' THEN total_bayar ELSE 0 END) as total_transfer,
            SUM(CASE WHEN status = \'Lunas\' AND metode_pembayaran = \'EDC\' THEN total_bayar ELSE 0 END) as total_edc,
            COUNT(CASE WHEN status = \'Batal\' THEN 1 END) as jumlah_batal
FROM `transaksi`
WHERE `user_id` = :user_id:', [...], false)
 4 APPPATH\Controllers\Kasir.php(32): CodeIgniter\Database\BaseBuilder->get()
 5 SYSTEMPATH\CodeIgniter.php(933): App\Controllers\Kasir->index()
 6 SYSTEMPATH\CodeIgniter.php(507): CodeIgniter\CodeIgniter->runController(Object(App\Controllers\Kasir))
 7 SYSTEMPATH\CodeIgniter.php(354): CodeIgniter\CodeIgniter->handleRequest(null, Object(Config\Cache), false)
 8 SYSTEMPATH\Boot.php(363): CodeIgniter\CodeIgniter->run()
 9 SYSTEMPATH\Boot.php(68): CodeIgniter\Boot::runCodeIgniter(Object(CodeIgniter\CodeIgniter))
10 FCPATH\index.php(59): CodeIgniter\Boot::bootWeb(Object(Config\Paths))
11 SYSTEMPATH\rewrite.php(44): require_once('C:\\xampp\\htdocs\\kasirpos\\public\\index.php')
CRITICAL - 2026-05-09 13:41:20 --> [Caused by] mysqli_sql_exception: Unknown column 'user_id' in 'where clause'
in SYSTEMPATH\Database\MySQLi\Connection.php on line 327.
 1 SYSTEMPATH\Database\MySQLi\Connection.php(327): mysqli->query('SELECT SUM(CASE WHEN status = \'Lunas\' THEN total_bayar ELSE 0 END) as total_pendapatan,
            SUM(CASE WHEN status = \'Lunas\' AND metode_pembayaran = \'Tunai\' THEN total_bayar ELSE 0 END) as total_tunai,
            SUM(CASE WHEN status = \'Lunas\' AND metode_pembayaran = \'QRIS\' THEN total_bayar ELSE 0 END) as total_qris,
            SUM(CASE WHEN status = \'Lunas\' AND metode_pembayaran = \'Transfer\' THEN total_bayar ELSE 0 END) as total_transfer,
            SUM(CASE WHEN status = \'Lunas\' AND metode_pembayaran = \'EDC\' THEN total_bayar ELSE 0 END) as total_edc,
            COUNT(CASE WHEN status = \'Batal\' THEN 1 END) as jumlah_batal
FROM `transaksi`
WHERE `user_id` = \'2\'', 0)
 2 SYSTEMPATH\Database\BaseConnection.php(729): CodeIgniter\Database\MySQLi\Connection->execute('SELECT SUM(CASE WHEN status = \'Lunas\' THEN total_bayar ELSE 0 END) as total_pendapatan,
            SUM(CASE WHEN status = \'Lunas\' AND metode_pembayaran = \'Tunai\' THEN total_bayar ELSE 0 END) as total_tunai,
            SUM(CASE WHEN status = \'Lunas\' AND metode_pembayaran = \'QRIS\' THEN total_bayar ELSE 0 END) as total_qris,
            SUM(CASE WHEN status = \'Lunas\' AND metode_pembayaran = \'Transfer\' THEN total_bayar ELSE 0 END) as total_transfer,
            SUM(CASE WHEN status = \'Lunas\' AND metode_pembayaran = \'EDC\' THEN total_bayar ELSE 0 END) as total_edc,
            COUNT(CASE WHEN status = \'Batal\' THEN 1 END) as jumlah_batal
FROM `transaksi`
WHERE `user_id` = \'2\'')
 3 SYSTEMPATH\Database\BaseConnection.php(646): CodeIgniter\Database\BaseConnection->simpleQuery('SELECT SUM(CASE WHEN status = \'Lunas\' THEN total_bayar ELSE 0 END) as total_pendapatan,
            SUM(CASE WHEN status = \'Lunas\' AND metode_pembayaran = \'Tunai\' THEN total_bayar ELSE 0 END) as total_tunai,
            SUM(CASE WHEN status = \'Lunas\' AND metode_pembayaran = \'QRIS\' THEN total_bayar ELSE 0 END) as total_qris,
            SUM(CASE WHEN status = \'Lunas\' AND metode_pembayaran = \'Transfer\' THEN total_bayar ELSE 0 END) as total_transfer,
            SUM(CASE WHEN status = \'Lunas\' AND metode_pembayaran = \'EDC\' THEN total_bayar ELSE 0 END) as total_edc,
            COUNT(CASE WHEN status = \'Batal\' THEN 1 END) as jumlah_batal
FROM `transaksi`
WHERE `user_id` = \'2\'')
 4 SYSTEMPATH\Database\BaseBuilder.php(1649): CodeIgniter\Database\BaseConnection->query('SELECT SUM(CASE WHEN status = \'Lunas\' THEN total_bayar ELSE 0 END) as total_pendapatan,
            SUM(CASE WHEN status = \'Lunas\' AND metode_pembayaran = \'Tunai\' THEN total_bayar ELSE 0 END) as total_tunai,
            SUM(CASE WHEN status = \'Lunas\' AND metode_pembayaran = \'QRIS\' THEN total_bayar ELSE 0 END) as total_qris,
            SUM(CASE WHEN status = \'Lunas\' AND metode_pembayaran = \'Transfer\' THEN total_bayar ELSE 0 END) as total_transfer,
            SUM(CASE WHEN status = \'Lunas\' AND metode_pembayaran = \'EDC\' THEN total_bayar ELSE 0 END) as total_edc,
            COUNT(CASE WHEN status = \'Batal\' THEN 1 END) as jumlah_batal
FROM `transaksi`
WHERE `user_id` = :user_id:', [...], false)
 5 APPPATH\Controllers\Kasir.php(32): CodeIgniter\Database\BaseBuilder->get()
 6 SYSTEMPATH\CodeIgniter.php(933): App\Controllers\Kasir->index()
 7 SYSTEMPATH\CodeIgniter.php(507): CodeIgniter\CodeIgniter->runController(Object(App\Controllers\Kasir))
 8 SYSTEMPATH\CodeIgniter.php(354): CodeIgniter\CodeIgniter->handleRequest(null, Object(Config\Cache), false)
 9 SYSTEMPATH\Boot.php(363): CodeIgniter\CodeIgniter->run()
10 SYSTEMPATH\Boot.php(68): CodeIgniter\Boot::runCodeIgniter(Object(CodeIgniter\CodeIgniter))
11 FCPATH\index.php(59): CodeIgniter\Boot::bootWeb(Object(Config\Paths))
12 SYSTEMPATH\rewrite.php(44): require_once('C:\\xampp\\htdocs\\kasirpos\\public\\index.php')
DEBUG - 2026-05-09 06:41:21 --> Session: Class initialized using 'CodeIgniter\Session\Handlers\FileHandler' driver.
ERROR - 2026-05-09 13:41:21 --> mysqli_sql_exception: Unknown column 'user_id' in 'where clause' in C:\xampp\htdocs\kasirpos\system\Database\MySQLi\Connection.php:327
Stack trace:
#0 C:\xampp\htdocs\kasirpos\system\Database\MySQLi\Connection.php(327): mysqli->query('SELECT SUM(CASE...', 0)
#1 C:\xampp\htdocs\kasirpos\system\Database\BaseConnection.php(729): CodeIgniter\Database\MySQLi\Connection->execute('SELECT SUM(CASE...')
#2 C:\xampp\htdocs\kasirpos\system\Database\BaseConnection.php(646): CodeIgniter\Database\BaseConnection->simpleQuery('SELECT SUM(CASE...')
#3 C:\xampp\htdocs\kasirpos\system\Database\BaseBuilder.php(1649): CodeIgniter\Database\BaseConnection->query('SELECT SUM(CASE...', Array, false)
#4 C:\xampp\htdocs\kasirpos\app\Controllers\Kasir.php(32): CodeIgniter\Database\BaseBuilder->get()
#5 C:\xampp\htdocs\kasirpos\system\CodeIgniter.php(933): App\Controllers\Kasir->index()
#6 C:\xampp\htdocs\kasirpos\system\CodeIgniter.php(507): CodeIgniter\CodeIgniter->runController(Object(App\Controllers\Kasir))
#7 C:\xampp\htdocs\kasirpos\system\CodeIgniter.php(354): CodeIgniter\CodeIgniter->handleRequest(NULL, Object(Config\Cache), false)
#8 C:\xampp\htdocs\kasirpos\system\Boot.php(363): CodeIgniter\CodeIgniter->run()
#9 C:\xampp\htdocs\kasirpos\system\Boot.php(68): CodeIgniter\Boot::runCodeIgniter(Object(CodeIgniter\CodeIgniter))
#10 C:\xampp\htdocs\kasirpos\public\index.php(59): CodeIgniter\Boot::bootWeb(Object(Config\Paths))
#11 C:\xampp\htdocs\kasirpos\system\rewrite.php(44): require_once('C:\\xampp\\htdocs...')
#12 {main}
CRITICAL - 2026-05-09 13:41:21 --> CodeIgniter\Database\Exceptions\DatabaseException: Unknown column 'user_id' in 'where clause'
[Method: GET, Route: kasir/transaksi]
in SYSTEMPATH\Database\BaseConnection.php on line 684.
 1 SYSTEMPATH\Database\BaseBuilder.php(1649): CodeIgniter\Database\BaseConnection->query('SELECT SUM(CASE WHEN status = \'Lunas\' THEN total_bayar ELSE 0 END) as total_pendapatan,
            SUM(CASE WHEN status = \'Lunas\' AND metode_pembayaran = \'Tunai\' THEN total_bayar ELSE 0 END) as total_tunai,
            SUM(CASE WHEN status = \'Lunas\' AND metode_pembayaran = \'QRIS\' THEN total_bayar ELSE 0 END) as total_qris,
            SUM(CASE WHEN status = \'Lunas\' AND metode_pembayaran = \'Transfer\' THEN total_bayar ELSE 0 END) as total_transfer,
            SUM(CASE WHEN status = \'Lunas\' AND metode_pembayaran = \'EDC\' THEN total_bayar ELSE 0 END) as total_edc,
            COUNT(CASE WHEN status = \'Batal\' THEN 1 END) as jumlah_batal
FROM `transaksi`
WHERE `user_id` = :user_id:', [...], false)
 2 APPPATH\Controllers\Kasir.php(32): CodeIgniter\Database\BaseBuilder->get()
 3 SYSTEMPATH\CodeIgniter.php(933): App\Controllers\Kasir->index()
 4 SYSTEMPATH\CodeIgniter.php(507): CodeIgniter\CodeIgniter->runController(Object(App\Controllers\Kasir))
 5 SYSTEMPATH\CodeIgniter.php(354): CodeIgniter\CodeIgniter->handleRequest(null, Object(Config\Cache), false)
 6 SYSTEMPATH\Boot.php(363): CodeIgniter\CodeIgniter->run()
 7 SYSTEMPATH\Boot.php(68): CodeIgniter\Boot::runCodeIgniter(Object(CodeIgniter\CodeIgniter))
 8 FCPATH\index.php(59): CodeIgniter\Boot::bootWeb(Object(Config\Paths))
 9 SYSTEMPATH\rewrite.php(44): require_once('C:\\xampp\\htdocs\\kasirpos\\public\\index.php')
CRITICAL - 2026-05-09 13:41:21 --> [Caused by] CodeIgniter\Database\Exceptions\DatabaseException: Unknown column 'user_id' in 'where clause'
in SYSTEMPATH\Database\MySQLi\Connection.php on line 332.
 1 SYSTEMPATH\Database\BaseConnection.php(729): CodeIgniter\Database\MySQLi\Connection->execute('SELECT SUM(CASE WHEN status = \'Lunas\' THEN total_bayar ELSE 0 END) as total_pendapatan,
            SUM(CASE WHEN status = \'Lunas\' AND metode_pembayaran = \'Tunai\' THEN total_bayar ELSE 0 END) as total_tunai,
            SUM(CASE WHEN status = \'Lunas\' AND metode_pembayaran = \'QRIS\' THEN total_bayar ELSE 0 END) as total_qris,
            SUM(CASE WHEN status = \'Lunas\' AND metode_pembayaran = \'Transfer\' THEN total_bayar ELSE 0 END) as total_transfer,
            SUM(CASE WHEN status = \'Lunas\' AND metode_pembayaran = \'EDC\' THEN total_bayar ELSE 0 END) as total_edc,
            COUNT(CASE WHEN status = \'Batal\' THEN 1 END) as jumlah_batal
FROM `transaksi`
WHERE `user_id` = \'2\'')
 2 SYSTEMPATH\Database\BaseConnection.php(646): CodeIgniter\Database\BaseConnection->simpleQuery('SELECT SUM(CASE WHEN status = \'Lunas\' THEN total_bayar ELSE 0 END) as total_pendapatan,
            SUM(CASE WHEN status = \'Lunas\' AND metode_pembayaran = \'Tunai\' THEN total_bayar ELSE 0 END) as total_tunai,
            SUM(CASE WHEN status = \'Lunas\' AND metode_pembayaran = \'QRIS\' THEN total_bayar ELSE 0 END) as total_qris,
            SUM(CASE WHEN status = \'Lunas\' AND metode_pembayaran = \'Transfer\' THEN total_bayar ELSE 0 END) as total_transfer,
            SUM(CASE WHEN status = \'Lunas\' AND metode_pembayaran = \'EDC\' THEN total_bayar ELSE 0 END) as total_edc,
            COUNT(CASE WHEN status = \'Batal\' THEN 1 END) as jumlah_batal
FROM `transaksi`
WHERE `user_id` = \'2\'')
 3 SYSTEMPATH\Database\BaseBuilder.php(1649): CodeIgniter\Database\BaseConnection->query('SELECT SUM(CASE WHEN status = \'Lunas\' THEN total_bayar ELSE 0 END) as total_pendapatan,
            SUM(CASE WHEN status = \'Lunas\' AND metode_pembayaran = \'Tunai\' THEN total_bayar ELSE 0 END) as total_tunai,
            SUM(CASE WHEN status = \'Lunas\' AND metode_pembayaran = \'QRIS\' THEN total_bayar ELSE 0 END) as total_qris,
            SUM(CASE WHEN status = \'Lunas\' AND metode_pembayaran = \'Transfer\' THEN total_bayar ELSE 0 END) as total_transfer,
            SUM(CASE WHEN status = \'Lunas\' AND metode_pembayaran = \'EDC\' THEN total_bayar ELSE 0 END) as total_edc,
            COUNT(CASE WHEN status = \'Batal\' THEN 1 END) as jumlah_batal
FROM `transaksi`
WHERE `user_id` = :user_id:', [...], false)
 4 APPPATH\Controllers\Kasir.php(32): CodeIgniter\Database\BaseBuilder->get()
 5 SYSTEMPATH\CodeIgniter.php(933): App\Controllers\Kasir->index()
 6 SYSTEMPATH\CodeIgniter.php(507): CodeIgniter\CodeIgniter->runController(Object(App\Controllers\Kasir))
 7 SYSTEMPATH\CodeIgniter.php(354): CodeIgniter\CodeIgniter->handleRequest(null, Object(Config\Cache), false)
 8 SYSTEMPATH\Boot.php(363): CodeIgniter\CodeIgniter->run()
 9 SYSTEMPATH\Boot.php(68): CodeIgniter\Boot::runCodeIgniter(Object(CodeIgniter\CodeIgniter))
10 FCPATH\index.php(59): CodeIgniter\Boot::bootWeb(Object(Config\Paths))
11 SYSTEMPATH\rewrite.php(44): require_once('C:\\xampp\\htdocs\\kasirpos\\public\\index.php')
CRITICAL - 2026-05-09 13:41:21 --> [Caused by] mysqli_sql_exception: Unknown column 'user_id' in 'where clause'
in SYSTEMPATH\Database\MySQLi\Connection.php on line 327.
 1 SYSTEMPATH\Database\MySQLi\Connection.php(327): mysqli->query('SELECT SUM(CASE WHEN status = \'Lunas\' THEN total_bayar ELSE 0 END) as total_pendapatan,
            SUM(CASE WHEN status = \'Lunas\' AND metode_pembayaran = \'Tunai\' THEN total_bayar ELSE 0 END) as total_tunai,
            SUM(CASE WHEN status = \'Lunas\' AND metode_pembayaran = \'QRIS\' THEN total_bayar ELSE 0 END) as total_qris,
            SUM(CASE WHEN status = \'Lunas\' AND metode_pembayaran = \'Transfer\' THEN total_bayar ELSE 0 END) as total_transfer,
            SUM(CASE WHEN status = \'Lunas\' AND metode_pembayaran = \'EDC\' THEN total_bayar ELSE 0 END) as total_edc,
            COUNT(CASE WHEN status = \'Batal\' THEN 1 END) as jumlah_batal
FROM `transaksi`
WHERE `user_id` = \'2\'', 0)
 2 SYSTEMPATH\Database\BaseConnection.php(729): CodeIgniter\Database\MySQLi\Connection->execute('SELECT SUM(CASE WHEN status = \'Lunas\' THEN total_bayar ELSE 0 END) as total_pendapatan,
            SUM(CASE WHEN status = \'Lunas\' AND metode_pembayaran = \'Tunai\' THEN total_bayar ELSE 0 END) as total_tunai,
            SUM(CASE WHEN status = \'Lunas\' AND metode_pembayaran = \'QRIS\' THEN total_bayar ELSE 0 END) as total_qris,
            SUM(CASE WHEN status = \'Lunas\' AND metode_pembayaran = \'Transfer\' THEN total_bayar ELSE 0 END) as total_transfer,
            SUM(CASE WHEN status = \'Lunas\' AND metode_pembayaran = \'EDC\' THEN total_bayar ELSE 0 END) as total_edc,
            COUNT(CASE WHEN status = \'Batal\' THEN 1 END) as jumlah_batal
FROM `transaksi`
WHERE `user_id` = \'2\'')
 3 SYSTEMPATH\Database\BaseConnection.php(646): CodeIgniter\Database\BaseConnection->simpleQuery('SELECT SUM(CASE WHEN status = \'Lunas\' THEN total_bayar ELSE 0 END) as total_pendapatan,
            SUM(CASE WHEN status = \'Lunas\' AND metode_pembayaran = \'Tunai\' THEN total_bayar ELSE 0 END) as total_tunai,
            SUM(CASE WHEN status = \'Lunas\' AND metode_pembayaran = \'QRIS\' THEN total_bayar ELSE 0 END) as total_qris,
            SUM(CASE WHEN status = \'Lunas\' AND metode_pembayaran = \'Transfer\' THEN total_bayar ELSE 0 END) as total_transfer,
            SUM(CASE WHEN status = \'Lunas\' AND metode_pembayaran = \'EDC\' THEN total_bayar ELSE 0 END) as total_edc,
            COUNT(CASE WHEN status = \'Batal\' THEN 1 END) as jumlah_batal
FROM `transaksi`
WHERE `user_id` = \'2\'')
 4 SYSTEMPATH\Database\BaseBuilder.php(1649): CodeIgniter\Database\BaseConnection->query('SELECT SUM(CASE WHEN status = \'Lunas\' THEN total_bayar ELSE 0 END) as total_pendapatan,
            SUM(CASE WHEN status = \'Lunas\' AND metode_pembayaran = \'Tunai\' THEN total_bayar ELSE 0 END) as total_tunai,
            SUM(CASE WHEN status = \'Lunas\' AND metode_pembayaran = \'QRIS\' THEN total_bayar ELSE 0 END) as total_qris,
            SUM(CASE WHEN status = \'Lunas\' AND metode_pembayaran = \'Transfer\' THEN total_bayar ELSE 0 END) as total_transfer,
            SUM(CASE WHEN status = \'Lunas\' AND metode_pembayaran = \'EDC\' THEN total_bayar ELSE 0 END) as total_edc,
            COUNT(CASE WHEN status = \'Batal\' THEN 1 END) as jumlah_batal
FROM `transaksi`
WHERE `user_id` = :user_id:', [...], false)
 5 APPPATH\Controllers\Kasir.php(32): CodeIgniter\Database\BaseBuilder->get()
 6 SYSTEMPATH\CodeIgniter.php(933): App\Controllers\Kasir->index()
 7 SYSTEMPATH\CodeIgniter.php(507): CodeIgniter\CodeIgniter->runController(Object(App\Controllers\Kasir))
 8 SYSTEMPATH\CodeIgniter.php(354): CodeIgniter\CodeIgniter->handleRequest(null, Object(Config\Cache), false)
 9 SYSTEMPATH\Boot.php(363): CodeIgniter\CodeIgniter->run()
10 SYSTEMPATH\Boot.php(68): CodeIgniter\Boot::runCodeIgniter(Object(CodeIgniter\CodeIgniter))
11 FCPATH\index.php(59): CodeIgniter\Boot::bootWeb(Object(Config\Paths))
12 SYSTEMPATH\rewrite.php(44): require_once('C:\\xampp\\htdocs\\kasirpos\\public\\index.php')
DEBUG - 2026-05-09 06:41:21 --> Session: Class initialized using 'CodeIgniter\Session\Handlers\FileHandler' driver.
ERROR - 2026-05-09 13:41:21 --> mysqli_sql_exception: Unknown column 'user_id' in 'where clause' in C:\xampp\htdocs\kasirpos\system\Database\MySQLi\Connection.php:327
Stack trace:
#0 C:\xampp\htdocs\kasirpos\system\Database\MySQLi\Connection.php(327): mysqli->query('SELECT SUM(CASE...', 0)
#1 C:\xampp\htdocs\kasirpos\system\Database\BaseConnection.php(729): CodeIgniter\Database\MySQLi\Connection->execute('SELECT SUM(CASE...')
#2 C:\xampp\htdocs\kasirpos\system\Database\BaseConnection.php(646): CodeIgniter\Database\BaseConnection->simpleQuery('SELECT SUM(CASE...')
#3 C:\xampp\htdocs\kasirpos\system\Database\BaseBuilder.php(1649): CodeIgniter\Database\BaseConnection->query('SELECT SUM(CASE...', Array, false)
#4 C:\xampp\htdocs\kasirpos\app\Controllers\Kasir.php(32): CodeIgniter\Database\BaseBuilder->get()
#5 C:\xampp\htdocs\kasirpos\system\CodeIgniter.php(933): App\Controllers\Kasir->index()
#6 C:\xampp\htdocs\kasirpos\system\CodeIgniter.php(507): CodeIgniter\CodeIgniter->runController(Object(App\Controllers\Kasir))
#7 C:\xampp\htdocs\kasirpos\system\CodeIgniter.php(354): CodeIgniter\CodeIgniter->handleRequest(NULL, Object(Config\Cache), false)
#8 C:\xampp\htdocs\kasirpos\system\Boot.php(363): CodeIgniter\CodeIgniter->run()
#9 C:\xampp\htdocs\kasirpos\system\Boot.php(68): CodeIgniter\Boot::runCodeIgniter(Object(CodeIgniter\CodeIgniter))
#10 C:\xampp\htdocs\kasirpos\public\index.php(59): CodeIgniter\Boot::bootWeb(Object(Config\Paths))
#11 C:\xampp\htdocs\kasirpos\system\rewrite.php(44): require_once('C:\\xampp\\htdocs...')
#12 {main}
CRITICAL - 2026-05-09 13:41:21 --> CodeIgniter\Database\Exceptions\DatabaseException: Unknown column 'user_id' in 'where clause'
[Method: GET, Route: kasir/transaksi]
in SYSTEMPATH\Database\BaseConnection.php on line 684.
 1 SYSTEMPATH\Database\BaseBuilder.php(1649): CodeIgniter\Database\BaseConnection->query('SELECT SUM(CASE WHEN status = \'Lunas\' THEN total_bayar ELSE 0 END) as total_pendapatan,
            SUM(CASE WHEN status = \'Lunas\' AND metode_pembayaran = \'Tunai\' THEN total_bayar ELSE 0 END) as total_tunai,
            SUM(CASE WHEN status = \'Lunas\' AND metode_pembayaran = \'QRIS\' THEN total_bayar ELSE 0 END) as total_qris,
            SUM(CASE WHEN status = \'Lunas\' AND metode_pembayaran = \'Transfer\' THEN total_bayar ELSE 0 END) as total_transfer,
            SUM(CASE WHEN status = \'Lunas\' AND metode_pembayaran = \'EDC\' THEN total_bayar ELSE 0 END) as total_edc,
            COUNT(CASE WHEN status = \'Batal\' THEN 1 END) as jumlah_batal
FROM `transaksi`
WHERE `user_id` = :user_id:', [...], false)
 2 APPPATH\Controllers\Kasir.php(32): CodeIgniter\Database\BaseBuilder->get()
 3 SYSTEMPATH\CodeIgniter.php(933): App\Controllers\Kasir->index()
 4 SYSTEMPATH\CodeIgniter.php(507): CodeIgniter\CodeIgniter->runController(Object(App\Controllers\Kasir))
 5 SYSTEMPATH\CodeIgniter.php(354): CodeIgniter\CodeIgniter->handleRequest(null, Object(Config\Cache), false)
 6 SYSTEMPATH\Boot.php(363): CodeIgniter\CodeIgniter->run()
 7 SYSTEMPATH\Boot.php(68): CodeIgniter\Boot::runCodeIgniter(Object(CodeIgniter\CodeIgniter))
 8 FCPATH\index.php(59): CodeIgniter\Boot::bootWeb(Object(Config\Paths))
 9 SYSTEMPATH\rewrite.php(44): require_once('C:\\xampp\\htdocs\\kasirpos\\public\\index.php')
CRITICAL - 2026-05-09 13:41:21 --> [Caused by] CodeIgniter\Database\Exceptions\DatabaseException: Unknown column 'user_id' in 'where clause'
in SYSTEMPATH\Database\MySQLi\Connection.php on line 332.
 1 SYSTEMPATH\Database\BaseConnection.php(729): CodeIgniter\Database\MySQLi\Connection->execute('SELECT SUM(CASE WHEN status = \'Lunas\' THEN total_bayar ELSE 0 END) as total_pendapatan,
            SUM(CASE WHEN status = \'Lunas\' AND metode_pembayaran = \'Tunai\' THEN total_bayar ELSE 0 END) as total_tunai,
            SUM(CASE WHEN status = \'Lunas\' AND metode_pembayaran = \'QRIS\' THEN total_bayar ELSE 0 END) as total_qris,
            SUM(CASE WHEN status = \'Lunas\' AND metode_pembayaran = \'Transfer\' THEN total_bayar ELSE 0 END) as total_transfer,
            SUM(CASE WHEN status = \'Lunas\' AND metode_pembayaran = \'EDC\' THEN total_bayar ELSE 0 END) as total_edc,
            COUNT(CASE WHEN status = \'Batal\' THEN 1 END) as jumlah_batal
FROM `transaksi`
WHERE `user_id` = \'2\'')
 2 SYSTEMPATH\Database\BaseConnection.php(646): CodeIgniter\Database\BaseConnection->simpleQuery('SELECT SUM(CASE WHEN status = \'Lunas\' THEN total_bayar ELSE 0 END) as total_pendapatan,
            SUM(CASE WHEN status = \'Lunas\' AND metode_pembayaran = \'Tunai\' THEN total_bayar ELSE 0 END) as total_tunai,
            SUM(CASE WHEN status = \'Lunas\' AND metode_pembayaran = \'QRIS\' THEN total_bayar ELSE 0 END) as total_qris,
            SUM(CASE WHEN status = \'Lunas\' AND metode_pembayaran = \'Transfer\' THEN total_bayar ELSE 0 END) as total_transfer,
            SUM(CASE WHEN status = \'Lunas\' AND metode_pembayaran = \'EDC\' THEN total_bayar ELSE 0 END) as total_edc,
            COUNT(CASE WHEN status = \'Batal\' THEN 1 END) as jumlah_batal
FROM `transaksi`
WHERE `user_id` = \'2\'')
 3 SYSTEMPATH\Database\BaseBuilder.php(1649): CodeIgniter\Database\BaseConnection->query('SELECT SUM(CASE WHEN status = \'Lunas\' THEN total_bayar ELSE 0 END) as total_pendapatan,
            SUM(CASE WHEN status = \'Lunas\' AND metode_pembayaran = \'Tunai\' THEN total_bayar ELSE 0 END) as total_tunai,
            SUM(CASE WHEN status = \'Lunas\' AND metode_pembayaran = \'QRIS\' THEN total_bayar ELSE 0 END) as total_qris,
            SUM(CASE WHEN status = \'Lunas\' AND metode_pembayaran = \'Transfer\' THEN total_bayar ELSE 0 END) as total_transfer,
            SUM(CASE WHEN status = \'Lunas\' AND metode_pembayaran = \'EDC\' THEN total_bayar ELSE 0 END) as total_edc,
            COUNT(CASE WHEN status = \'Batal\' THEN 1 END) as jumlah_batal
FROM `transaksi`
WHERE `user_id` = :user_id:', [...], false)
 4 APPPATH\Controllers\Kasir.php(32): CodeIgniter\Database\BaseBuilder->get()
 5 SYSTEMPATH\CodeIgniter.php(933): App\Controllers\Kasir->index()
 6 SYSTEMPATH\CodeIgniter.php(507): CodeIgniter\CodeIgniter->runController(Object(App\Controllers\Kasir))
 7 SYSTEMPATH\CodeIgniter.php(354): CodeIgniter\CodeIgniter->handleRequest(null, Object(Config\Cache), false)
 8 SYSTEMPATH\Boot.php(363): CodeIgniter\CodeIgniter->run()
 9 SYSTEMPATH\Boot.php(68): CodeIgniter\Boot::runCodeIgniter(Object(CodeIgniter\CodeIgniter))
10 FCPATH\index.php(59): CodeIgniter\Boot::bootWeb(Object(Config\Paths))
11 SYSTEMPATH\rewrite.php(44): require_once('C:\\xampp\\htdocs\\kasirpos\\public\\index.php')
CRITICAL - 2026-05-09 13:41:21 --> [Caused by] mysqli_sql_exception: Unknown column 'user_id' in 'where clause'
in SYSTEMPATH\Database\MySQLi\Connection.php on line 327.
 1 SYSTEMPATH\Database\MySQLi\Connection.php(327): mysqli->query('SELECT SUM(CASE WHEN status = \'Lunas\' THEN total_bayar ELSE 0 END) as total_pendapatan,
            SUM(CASE WHEN status = \'Lunas\' AND metode_pembayaran = \'Tunai\' THEN total_bayar ELSE 0 END) as total_tunai,
            SUM(CASE WHEN status = \'Lunas\' AND metode_pembayaran = \'QRIS\' THEN total_bayar ELSE 0 END) as total_qris,
            SUM(CASE WHEN status = \'Lunas\' AND metode_pembayaran = \'Transfer\' THEN total_bayar ELSE 0 END) as total_transfer,
            SUM(CASE WHEN status = \'Lunas\' AND metode_pembayaran = \'EDC\' THEN total_bayar ELSE 0 END) as total_edc,
            COUNT(CASE WHEN status = \'Batal\' THEN 1 END) as jumlah_batal
FROM `transaksi`
WHERE `user_id` = \'2\'', 0)
 2 SYSTEMPATH\Database\BaseConnection.php(729): CodeIgniter\Database\MySQLi\Connection->execute('SELECT SUM(CASE WHEN status = \'Lunas\' THEN total_bayar ELSE 0 END) as total_pendapatan,
            SUM(CASE WHEN status = \'Lunas\' AND metode_pembayaran = \'Tunai\' THEN total_bayar ELSE 0 END) as total_tunai,
            SUM(CASE WHEN status = \'Lunas\' AND metode_pembayaran = \'QRIS\' THEN total_bayar ELSE 0 END) as total_qris,
            SUM(CASE WHEN status = \'Lunas\' AND metode_pembayaran = \'Transfer\' THEN total_bayar ELSE 0 END) as total_transfer,
            SUM(CASE WHEN status = \'Lunas\' AND metode_pembayaran = \'EDC\' THEN total_bayar ELSE 0 END) as total_edc,
            COUNT(CASE WHEN status = \'Batal\' THEN 1 END) as jumlah_batal
FROM `transaksi`
WHERE `user_id` = \'2\'')
 3 SYSTEMPATH\Database\BaseConnection.php(646): CodeIgniter\Database\BaseConnection->simpleQuery('SELECT SUM(CASE WHEN status = \'Lunas\' THEN total_bayar ELSE 0 END) as total_pendapatan,
            SUM(CASE WHEN status = \'Lunas\' AND metode_pembayaran = \'Tunai\' THEN total_bayar ELSE 0 END) as total_tunai,
            SUM(CASE WHEN status = \'Lunas\' AND metode_pembayaran = \'QRIS\' THEN total_bayar ELSE 0 END) as total_qris,
            SUM(CASE WHEN status = \'Lunas\' AND metode_pembayaran = \'Transfer\' THEN total_bayar ELSE 0 END) as total_transfer,
            SUM(CASE WHEN status = \'Lunas\' AND metode_pembayaran = \'EDC\' THEN total_bayar ELSE 0 END) as total_edc,
            COUNT(CASE WHEN status = \'Batal\' THEN 1 END) as jumlah_batal
FROM `transaksi`
WHERE `user_id` = \'2\'')
 4 SYSTEMPATH\Database\BaseBuilder.php(1649): CodeIgniter\Database\BaseConnection->query('SELECT SUM(CASE WHEN status = \'Lunas\' THEN total_bayar ELSE 0 END) as total_pendapatan,
            SUM(CASE WHEN status = \'Lunas\' AND metode_pembayaran = \'Tunai\' THEN total_bayar ELSE 0 END) as total_tunai,
            SUM(CASE WHEN status = \'Lunas\' AND metode_pembayaran = \'QRIS\' THEN total_bayar ELSE 0 END) as total_qris,
            SUM(CASE WHEN status = \'Lunas\' AND metode_pembayaran = \'Transfer\' THEN total_bayar ELSE 0 END) as total_transfer,
            SUM(CASE WHEN status = \'Lunas\' AND metode_pembayaran = \'EDC\' THEN total_bayar ELSE 0 END) as total_edc,
            COUNT(CASE WHEN status = \'Batal\' THEN 1 END) as jumlah_batal
FROM `transaksi`
WHERE `user_id` = :user_id:', [...], false)
 5 APPPATH\Controllers\Kasir.php(32): CodeIgniter\Database\BaseBuilder->get()
 6 SYSTEMPATH\CodeIgniter.php(933): App\Controllers\Kasir->index()
 7 SYSTEMPATH\CodeIgniter.php(507): CodeIgniter\CodeIgniter->runController(Object(App\Controllers\Kasir))
 8 SYSTEMPATH\CodeIgniter.php(354): CodeIgniter\CodeIgniter->handleRequest(null, Object(Config\Cache), false)
 9 SYSTEMPATH\Boot.php(363): CodeIgniter\CodeIgniter->run()
10 SYSTEMPATH\Boot.php(68): CodeIgniter\Boot::runCodeIgniter(Object(CodeIgniter\CodeIgniter))
11 FCPATH\index.php(59): CodeIgniter\Boot::bootWeb(Object(Config\Paths))
12 SYSTEMPATH\rewrite.php(44): require_once('C:\\xampp\\htdocs\\kasirpos\\public\\index.php')
DEBUG - 2026-05-09 06:41:21 --> Session: Class initialized using 'CodeIgniter\Session\Handlers\FileHandler' driver.
ERROR - 2026-05-09 13:41:21 --> mysqli_sql_exception: Unknown column 'user_id' in 'where clause' in C:\xampp\htdocs\kasirpos\system\Database\MySQLi\Connection.php:327
Stack trace:
#0 C:\xampp\htdocs\kasirpos\system\Database\MySQLi\Connection.php(327): mysqli->query('SELECT SUM(CASE...', 0)
#1 C:\xampp\htdocs\kasirpos\system\Database\BaseConnection.php(729): CodeIgniter\Database\MySQLi\Connection->execute('SELECT SUM(CASE...')
#2 C:\xampp\htdocs\kasirpos\system\Database\BaseConnection.php(646): CodeIgniter\Database\BaseConnection->simpleQuery('SELECT SUM(CASE...')
#3 C:\xampp\htdocs\kasirpos\system\Database\BaseBuilder.php(1649): CodeIgniter\Database\BaseConnection->query('SELECT SUM(CASE...', Array, false)
#4 C:\xampp\htdocs\kasirpos\app\Controllers\Kasir.php(32): CodeIgniter\Database\BaseBuilder->get()
#5 C:\xampp\htdocs\kasirpos\system\CodeIgniter.php(933): App\Controllers\Kasir->index()
#6 C:\xampp\htdocs\kasirpos\system\CodeIgniter.php(507): CodeIgniter\CodeIgniter->runController(Object(App\Controllers\Kasir))
#7 C:\xampp\htdocs\kasirpos\system\CodeIgniter.php(354): CodeIgniter\CodeIgniter->handleRequest(NULL, Object(Config\Cache), false)
#8 C:\xampp\htdocs\kasirpos\system\Boot.php(363): CodeIgniter\CodeIgniter->run()
#9 C:\xampp\htdocs\kasirpos\system\Boot.php(68): CodeIgniter\Boot::runCodeIgniter(Object(CodeIgniter\CodeIgniter))
#10 C:\xampp\htdocs\kasirpos\public\index.php(59): CodeIgniter\Boot::bootWeb(Object(Config\Paths))
#11 C:\xampp\htdocs\kasirpos\system\rewrite.php(44): require_once('C:\\xampp\\htdocs...')
#12 {main}
CRITICAL - 2026-05-09 13:41:21 --> CodeIgniter\Database\Exceptions\DatabaseException: Unknown column 'user_id' in 'where clause'
[Method: GET, Route: kasir/transaksi]
in SYSTEMPATH\Database\BaseConnection.php on line 684.
 1 SYSTEMPATH\Database\BaseBuilder.php(1649): CodeIgniter\Database\BaseConnection->query('SELECT SUM(CASE WHEN status = \'Lunas\' THEN total_bayar ELSE 0 END) as total_pendapatan,
            SUM(CASE WHEN status = \'Lunas\' AND metode_pembayaran = \'Tunai\' THEN total_bayar ELSE 0 END) as total_tunai,
            SUM(CASE WHEN status = \'Lunas\' AND metode_pembayaran = \'QRIS\' THEN total_bayar ELSE 0 END) as total_qris,
            SUM(CASE WHEN status = \'Lunas\' AND metode_pembayaran = \'Transfer\' THEN total_bayar ELSE 0 END) as total_transfer,
            SUM(CASE WHEN status = \'Lunas\' AND metode_pembayaran = \'EDC\' THEN total_bayar ELSE 0 END) as total_edc,
            COUNT(CASE WHEN status = \'Batal\' THEN 1 END) as jumlah_batal
FROM `transaksi`
WHERE `user_id` = :user_id:', [...], false)
 2 APPPATH\Controllers\Kasir.php(32): CodeIgniter\Database\BaseBuilder->get()
 3 SYSTEMPATH\CodeIgniter.php(933): App\Controllers\Kasir->index()
 4 SYSTEMPATH\CodeIgniter.php(507): CodeIgniter\CodeIgniter->runController(Object(App\Controllers\Kasir))
 5 SYSTEMPATH\CodeIgniter.php(354): CodeIgniter\CodeIgniter->handleRequest(null, Object(Config\Cache), false)
 6 SYSTEMPATH\Boot.php(363): CodeIgniter\CodeIgniter->run()
 7 SYSTEMPATH\Boot.php(68): CodeIgniter\Boot::runCodeIgniter(Object(CodeIgniter\CodeIgniter))
 8 FCPATH\index.php(59): CodeIgniter\Boot::bootWeb(Object(Config\Paths))
 9 SYSTEMPATH\rewrite.php(44): require_once('C:\\xampp\\htdocs\\kasirpos\\public\\index.php')
CRITICAL - 2026-05-09 13:41:21 --> [Caused by] CodeIgniter\Database\Exceptions\DatabaseException: Unknown column 'user_id' in 'where clause'
in SYSTEMPATH\Database\MySQLi\Connection.php on line 332.
 1 SYSTEMPATH\Database\BaseConnection.php(729): CodeIgniter\Database\MySQLi\Connection->execute('SELECT SUM(CASE WHEN status = \'Lunas\' THEN total_bayar ELSE 0 END) as total_pendapatan,
            SUM(CASE WHEN status = \'Lunas\' AND metode_pembayaran = \'Tunai\' THEN total_bayar ELSE 0 END) as total_tunai,
            SUM(CASE WHEN status = \'Lunas\' AND metode_pembayaran = \'QRIS\' THEN total_bayar ELSE 0 END) as total_qris,
            SUM(CASE WHEN status = \'Lunas\' AND metode_pembayaran = \'Transfer\' THEN total_bayar ELSE 0 END) as total_transfer,
            SUM(CASE WHEN status = \'Lunas\' AND metode_pembayaran = \'EDC\' THEN total_bayar ELSE 0 END) as total_edc,
            COUNT(CASE WHEN status = \'Batal\' THEN 1 END) as jumlah_batal
FROM `transaksi`
WHERE `user_id` = \'2\'')
 2 SYSTEMPATH\Database\BaseConnection.php(646): CodeIgniter\Database\BaseConnection->simpleQuery('SELECT SUM(CASE WHEN status = \'Lunas\' THEN total_bayar ELSE 0 END) as total_pendapatan,
            SUM(CASE WHEN status = \'Lunas\' AND metode_pembayaran = \'Tunai\' THEN total_bayar ELSE 0 END) as total_tunai,
            SUM(CASE WHEN status = \'Lunas\' AND metode_pembayaran = \'QRIS\' THEN total_bayar ELSE 0 END) as total_qris,
            SUM(CASE WHEN status = \'Lunas\' AND metode_pembayaran = \'Transfer\' THEN total_bayar ELSE 0 END) as total_transfer,
            SUM(CASE WHEN status = \'Lunas\' AND metode_pembayaran = \'EDC\' THEN total_bayar ELSE 0 END) as total_edc,
            COUNT(CASE WHEN status = \'Batal\' THEN 1 END) as jumlah_batal
FROM `transaksi`
WHERE `user_id` = \'2\'')
 3 SYSTEMPATH\Database\BaseBuilder.php(1649): CodeIgniter\Database\BaseConnection->query('SELECT SUM(CASE WHEN status = \'Lunas\' THEN total_bayar ELSE 0 END) as total_pendapatan,
            SUM(CASE WHEN status = \'Lunas\' AND metode_pembayaran = \'Tunai\' THEN total_bayar ELSE 0 END) as total_tunai,
            SUM(CASE WHEN status = \'Lunas\' AND metode_pembayaran = \'QRIS\' THEN total_bayar ELSE 0 END) as total_qris,
            SUM(CASE WHEN status = \'Lunas\' AND metode_pembayaran = \'Transfer\' THEN total_bayar ELSE 0 END) as total_transfer,
            SUM(CASE WHEN status = \'Lunas\' AND metode_pembayaran = \'EDC\' THEN total_bayar ELSE 0 END) as total_edc,
            COUNT(CASE WHEN status = \'Batal\' THEN 1 END) as jumlah_batal
FROM `transaksi`
WHERE `user_id` = :user_id:', [...], false)
 4 APPPATH\Controllers\Kasir.php(32): CodeIgniter\Database\BaseBuilder->get()
 5 SYSTEMPATH\CodeIgniter.php(933): App\Controllers\Kasir->index()
 6 SYSTEMPATH\CodeIgniter.php(507): CodeIgniter\CodeIgniter->runController(Object(App\Controllers\Kasir))
 7 SYSTEMPATH\CodeIgniter.php(354): CodeIgniter\CodeIgniter->handleRequest(null, Object(Config\Cache), false)
 8 SYSTEMPATH\Boot.php(363): CodeIgniter\CodeIgniter->run()
 9 SYSTEMPATH\Boot.php(68): CodeIgniter\Boot::runCodeIgniter(Object(CodeIgniter\CodeIgniter))
10 FCPATH\index.php(59): CodeIgniter\Boot::bootWeb(Object(Config\Paths))
11 SYSTEMPATH\rewrite.php(44): require_once('C:\\xampp\\htdocs\\kasirpos\\public\\index.php')
CRITICAL - 2026-05-09 13:41:21 --> [Caused by] mysqli_sql_exception: Unknown column 'user_id' in 'where clause'
in SYSTEMPATH\Database\MySQLi\Connection.php on line 327.
 1 SYSTEMPATH\Database\MySQLi\Connection.php(327): mysqli->query('SELECT SUM(CASE WHEN status = \'Lunas\' THEN total_bayar ELSE 0 END) as total_pendapatan,
            SUM(CASE WHEN status = \'Lunas\' AND metode_pembayaran = \'Tunai\' THEN total_bayar ELSE 0 END) as total_tunai,
            SUM(CASE WHEN status = \'Lunas\' AND metode_pembayaran = \'QRIS\' THEN total_bayar ELSE 0 END) as total_qris,
            SUM(CASE WHEN status = \'Lunas\' AND metode_pembayaran = \'Transfer\' THEN total_bayar ELSE 0 END) as total_transfer,
            SUM(CASE WHEN status = \'Lunas\' AND metode_pembayaran = \'EDC\' THEN total_bayar ELSE 0 END) as total_edc,
            COUNT(CASE WHEN status = \'Batal\' THEN 1 END) as jumlah_batal
FROM `transaksi`
WHERE `user_id` = \'2\'', 0)
 2 SYSTEMPATH\Database\BaseConnection.php(729): CodeIgniter\Database\MySQLi\Connection->execute('SELECT SUM(CASE WHEN status = \'Lunas\' THEN total_bayar ELSE 0 END) as total_pendapatan,
            SUM(CASE WHEN status = \'Lunas\' AND metode_pembayaran = \'Tunai\' THEN total_bayar ELSE 0 END) as total_tunai,
            SUM(CASE WHEN status = \'Lunas\' AND metode_pembayaran = \'QRIS\' THEN total_bayar ELSE 0 END) as total_qris,
            SUM(CASE WHEN status = \'Lunas\' AND metode_pembayaran = \'Transfer\' THEN total_bayar ELSE 0 END) as total_transfer,
            SUM(CASE WHEN status = \'Lunas\' AND metode_pembayaran = \'EDC\' THEN total_bayar ELSE 0 END) as total_edc,
            COUNT(CASE WHEN status = \'Batal\' THEN 1 END) as jumlah_batal
FROM `transaksi`
WHERE `user_id` = \'2\'')
 3 SYSTEMPATH\Database\BaseConnection.php(646): CodeIgniter\Database\BaseConnection->simpleQuery('SELECT SUM(CASE WHEN status = \'Lunas\' THEN total_bayar ELSE 0 END) as total_pendapatan,
            SUM(CASE WHEN status = \'Lunas\' AND metode_pembayaran = \'Tunai\' THEN total_bayar ELSE 0 END) as total_tunai,
            SUM(CASE WHEN status = \'Lunas\' AND metode_pembayaran = \'QRIS\' THEN total_bayar ELSE 0 END) as total_qris,
            SUM(CASE WHEN status = \'Lunas\' AND metode_pembayaran = \'Transfer\' THEN total_bayar ELSE 0 END) as total_transfer,
            SUM(CASE WHEN status = \'Lunas\' AND metode_pembayaran = \'EDC\' THEN total_bayar ELSE 0 END) as total_edc,
            COUNT(CASE WHEN status = \'Batal\' THEN 1 END) as jumlah_batal
FROM `transaksi`
WHERE `user_id` = \'2\'')
 4 SYSTEMPATH\Database\BaseBuilder.php(1649): CodeIgniter\Database\BaseConnection->query('SELECT SUM(CASE WHEN status = \'Lunas\' THEN total_bayar ELSE 0 END) as total_pendapatan,
            SUM(CASE WHEN status = \'Lunas\' AND metode_pembayaran = \'Tunai\' THEN total_bayar ELSE 0 END) as total_tunai,
            SUM(CASE WHEN status = \'Lunas\' AND metode_pembayaran = \'QRIS\' THEN total_bayar ELSE 0 END) as total_qris,
            SUM(CASE WHEN status = \'Lunas\' AND metode_pembayaran = \'Transfer\' THEN total_bayar ELSE 0 END) as total_transfer,
            SUM(CASE WHEN status = \'Lunas\' AND metode_pembayaran = \'EDC\' THEN total_bayar ELSE 0 END) as total_edc,
            COUNT(CASE WHEN status = \'Batal\' THEN 1 END) as jumlah_batal
FROM `transaksi`
WHERE `user_id` = :user_id:', [...], false)
 5 APPPATH\Controllers\Kasir.php(32): CodeIgniter\Database\BaseBuilder->get()
 6 SYSTEMPATH\CodeIgniter.php(933): App\Controllers\Kasir->index()
 7 SYSTEMPATH\CodeIgniter.php(507): CodeIgniter\CodeIgniter->runController(Object(App\Controllers\Kasir))
 8 SYSTEMPATH\CodeIgniter.php(354): CodeIgniter\CodeIgniter->handleRequest(null, Object(Config\Cache), false)
 9 SYSTEMPATH\Boot.php(363): CodeIgniter\CodeIgniter->run()
10 SYSTEMPATH\Boot.php(68): CodeIgniter\Boot::runCodeIgniter(Object(CodeIgniter\CodeIgniter))
11 FCPATH\index.php(59): CodeIgniter\Boot::bootWeb(Object(Config\Paths))
12 SYSTEMPATH\rewrite.php(44): require_once('C:\\xampp\\htdocs\\kasirpos\\public\\index.php')
DEBUG - 2026-05-09 06:41:26 --> Session: Class initialized using 'CodeIgniter\Session\Handlers\FileHandler' driver.
ERROR - 2026-05-09 13:41:26 --> mysqli_sql_exception: Unknown column 'id_user' in 'where clause' in C:\xampp\htdocs\kasirpos\system\Database\MySQLi\Connection.php:327
Stack trace:
#0 C:\xampp\htdocs\kasirpos\system\Database\MySQLi\Connection.php(327): mysqli->query('SELECT SUM(CASE...', 0)
#1 C:\xampp\htdocs\kasirpos\system\Database\BaseConnection.php(729): CodeIgniter\Database\MySQLi\Connection->execute('SELECT SUM(CASE...')
#2 C:\xampp\htdocs\kasirpos\system\Database\BaseConnection.php(646): CodeIgniter\Database\BaseConnection->simpleQuery('SELECT SUM(CASE...')
#3 C:\xampp\htdocs\kasirpos\system\Database\BaseBuilder.php(1649): CodeIgniter\Database\BaseConnection->query('SELECT SUM(CASE...', Array, false)
#4 C:\xampp\htdocs\kasirpos\app\Controllers\Kasir.php(32): CodeIgniter\Database\BaseBuilder->get()
#5 C:\xampp\htdocs\kasirpos\system\CodeIgniter.php(933): App\Controllers\Kasir->index()
#6 C:\xampp\htdocs\kasirpos\system\CodeIgniter.php(507): CodeIgniter\CodeIgniter->runController(Object(App\Controllers\Kasir))
#7 C:\xampp\htdocs\kasirpos\system\CodeIgniter.php(354): CodeIgniter\CodeIgniter->handleRequest(NULL, Object(Config\Cache), false)
#8 C:\xampp\htdocs\kasirpos\system\Boot.php(363): CodeIgniter\CodeIgniter->run()
#9 C:\xampp\htdocs\kasirpos\system\Boot.php(68): CodeIgniter\Boot::runCodeIgniter(Object(CodeIgniter\CodeIgniter))
#10 C:\xampp\htdocs\kasirpos\public\index.php(59): CodeIgniter\Boot::bootWeb(Object(Config\Paths))
#11 C:\xampp\htdocs\kasirpos\system\rewrite.php(44): require_once('C:\\xampp\\htdocs...')
#12 {main}
CRITICAL - 2026-05-09 13:41:26 --> CodeIgniter\Database\Exceptions\DatabaseException: Unknown column 'id_user' in 'where clause'
[Method: GET, Route: kasir/transaksi]
in SYSTEMPATH\Database\BaseConnection.php on line 684.
 1 SYSTEMPATH\Database\BaseBuilder.php(1649): CodeIgniter\Database\BaseConnection->query('SELECT SUM(CASE WHEN status = \'Lunas\' THEN total_bayar ELSE 0 END) as total_pendapatan,
            SUM(CASE WHEN status = \'Lunas\' AND metode_pembayaran = \'Tunai\' THEN total_bayar ELSE 0 END) as total_tunai,
            SUM(CASE WHEN status = \'Lunas\' AND metode_pembayaran = \'QRIS\' THEN total_bayar ELSE 0 END) as total_qris,
            SUM(CASE WHEN status = \'Lunas\' AND metode_pembayaran = \'Transfer\' THEN total_bayar ELSE 0 END) as total_transfer,
            SUM(CASE WHEN status = \'Lunas\' AND metode_pembayaran = \'EDC\' THEN total_bayar ELSE 0 END) as total_edc,
            COUNT(CASE WHEN status = \'Batal\' THEN 1 END) as jumlah_batal
FROM `transaksi`
WHERE `id_user` = :id_user:', [...], false)
 2 APPPATH\Controllers\Kasir.php(32): CodeIgniter\Database\BaseBuilder->get()
 3 SYSTEMPATH\CodeIgniter.php(933): App\Controllers\Kasir->index()
 4 SYSTEMPATH\CodeIgniter.php(507): CodeIgniter\CodeIgniter->runController(Object(App\Controllers\Kasir))
 5 SYSTEMPATH\CodeIgniter.php(354): CodeIgniter\CodeIgniter->handleRequest(null, Object(Config\Cache), false)
 6 SYSTEMPATH\Boot.php(363): CodeIgniter\CodeIgniter->run()
 7 SYSTEMPATH\Boot.php(68): CodeIgniter\Boot::runCodeIgniter(Object(CodeIgniter\CodeIgniter))
 8 FCPATH\index.php(59): CodeIgniter\Boot::bootWeb(Object(Config\Paths))
 9 SYSTEMPATH\rewrite.php(44): require_once('C:\\xampp\\htdocs\\kasirpos\\public\\index.php')
CRITICAL - 2026-05-09 13:41:26 --> [Caused by] CodeIgniter\Database\Exceptions\DatabaseException: Unknown column 'id_user' in 'where clause'
in SYSTEMPATH\Database\MySQLi\Connection.php on line 332.
 1 SYSTEMPATH\Database\BaseConnection.php(729): CodeIgniter\Database\MySQLi\Connection->execute('SELECT SUM(CASE WHEN status = \'Lunas\' THEN total_bayar ELSE 0 END) as total_pendapatan,
            SUM(CASE WHEN status = \'Lunas\' AND metode_pembayaran = \'Tunai\' THEN total_bayar ELSE 0 END) as total_tunai,
            SUM(CASE WHEN status = \'Lunas\' AND metode_pembayaran = \'QRIS\' THEN total_bayar ELSE 0 END) as total_qris,
            SUM(CASE WHEN status = \'Lunas\' AND metode_pembayaran = \'Transfer\' THEN total_bayar ELSE 0 END) as total_transfer,
            SUM(CASE WHEN status = \'Lunas\' AND metode_pembayaran = \'EDC\' THEN total_bayar ELSE 0 END) as total_edc,
            COUNT(CASE WHEN status = \'Batal\' THEN 1 END) as jumlah_batal
FROM `transaksi`
WHERE `id_user` = \'2\'')
 2 SYSTEMPATH\Database\BaseConnection.php(646): CodeIgniter\Database\BaseConnection->simpleQuery('SELECT SUM(CASE WHEN status = \'Lunas\' THEN total_bayar ELSE 0 END) as total_pendapatan,
            SUM(CASE WHEN status = \'Lunas\' AND metode_pembayaran = \'Tunai\' THEN total_bayar ELSE 0 END) as total_tunai,
            SUM(CASE WHEN status = \'Lunas\' AND metode_pembayaran = \'QRIS\' THEN total_bayar ELSE 0 END) as total_qris,
            SUM(CASE WHEN status = \'Lunas\' AND metode_pembayaran = \'Transfer\' THEN total_bayar ELSE 0 END) as total_transfer,
            SUM(CASE WHEN status = \'Lunas\' AND metode_pembayaran = \'EDC\' THEN total_bayar ELSE 0 END) as total_edc,
            COUNT(CASE WHEN status = \'Batal\' THEN 1 END) as jumlah_batal
FROM `transaksi`
WHERE `id_user` = \'2\'')
 3 SYSTEMPATH\Database\BaseBuilder.php(1649): CodeIgniter\Database\BaseConnection->query('SELECT SUM(CASE WHEN status = \'Lunas\' THEN total_bayar ELSE 0 END) as total_pendapatan,
            SUM(CASE WHEN status = \'Lunas\' AND metode_pembayaran = \'Tunai\' THEN total_bayar ELSE 0 END) as total_tunai,
            SUM(CASE WHEN status = \'Lunas\' AND metode_pembayaran = \'QRIS\' THEN total_bayar ELSE 0 END) as total_qris,
            SUM(CASE WHEN status = \'Lunas\' AND metode_pembayaran = \'Transfer\' THEN total_bayar ELSE 0 END) as total_transfer,
            SUM(CASE WHEN status = \'Lunas\' AND metode_pembayaran = \'EDC\' THEN total_bayar ELSE 0 END) as total_edc,
            COUNT(CASE WHEN status = \'Batal\' THEN 1 END) as jumlah_batal
FROM `transaksi`
WHERE `id_user` = :id_user:', [...], false)
 4 APPPATH\Controllers\Kasir.php(32): CodeIgniter\Database\BaseBuilder->get()
 5 SYSTEMPATH\CodeIgniter.php(933): App\Controllers\Kasir->index()
 6 SYSTEMPATH\CodeIgniter.php(507): CodeIgniter\CodeIgniter->runController(Object(App\Controllers\Kasir))
 7 SYSTEMPATH\CodeIgniter.php(354): CodeIgniter\CodeIgniter->handleRequest(null, Object(Config\Cache), false)
 8 SYSTEMPATH\Boot.php(363): CodeIgniter\CodeIgniter->run()
 9 SYSTEMPATH\Boot.php(68): CodeIgniter\Boot::runCodeIgniter(Object(CodeIgniter\CodeIgniter))
10 FCPATH\index.php(59): CodeIgniter\Boot::bootWeb(Object(Config\Paths))
11 SYSTEMPATH\rewrite.php(44): require_once('C:\\xampp\\htdocs\\kasirpos\\public\\index.php')
CRITICAL - 2026-05-09 13:41:26 --> [Caused by] mysqli_sql_exception: Unknown column 'id_user' in 'where clause'
in SYSTEMPATH\Database\MySQLi\Connection.php on line 327.
 1 SYSTEMPATH\Database\MySQLi\Connection.php(327): mysqli->query('SELECT SUM(CASE WHEN status = \'Lunas\' THEN total_bayar ELSE 0 END) as total_pendapatan,
            SUM(CASE WHEN status = \'Lunas\' AND metode_pembayaran = \'Tunai\' THEN total_bayar ELSE 0 END) as total_tunai,
            SUM(CASE WHEN status = \'Lunas\' AND metode_pembayaran = \'QRIS\' THEN total_bayar ELSE 0 END) as total_qris,
            SUM(CASE WHEN status = \'Lunas\' AND metode_pembayaran = \'Transfer\' THEN total_bayar ELSE 0 END) as total_transfer,
            SUM(CASE WHEN status = \'Lunas\' AND metode_pembayaran = \'EDC\' THEN total_bayar ELSE 0 END) as total_edc,
            COUNT(CASE WHEN status = \'Batal\' THEN 1 END) as jumlah_batal
FROM `transaksi`
WHERE `id_user` = \'2\'', 0)
 2 SYSTEMPATH\Database\BaseConnection.php(729): CodeIgniter\Database\MySQLi\Connection->execute('SELECT SUM(CASE WHEN status = \'Lunas\' THEN total_bayar ELSE 0 END) as total_pendapatan,
            SUM(CASE WHEN status = \'Lunas\' AND metode_pembayaran = \'Tunai\' THEN total_bayar ELSE 0 END) as total_tunai,
            SUM(CASE WHEN status = \'Lunas\' AND metode_pembayaran = \'QRIS\' THEN total_bayar ELSE 0 END) as total_qris,
            SUM(CASE WHEN status = \'Lunas\' AND metode_pembayaran = \'Transfer\' THEN total_bayar ELSE 0 END) as total_transfer,
            SUM(CASE WHEN status = \'Lunas\' AND metode_pembayaran = \'EDC\' THEN total_bayar ELSE 0 END) as total_edc,
            COUNT(CASE WHEN status = \'Batal\' THEN 1 END) as jumlah_batal
FROM `transaksi`
WHERE `id_user` = \'2\'')
 3 SYSTEMPATH\Database\BaseConnection.php(646): CodeIgniter\Database\BaseConnection->simpleQuery('SELECT SUM(CASE WHEN status = \'Lunas\' THEN total_bayar ELSE 0 END) as total_pendapatan,
            SUM(CASE WHEN status = \'Lunas\' AND metode_pembayaran = \'Tunai\' THEN total_bayar ELSE 0 END) as total_tunai,
            SUM(CASE WHEN status = \'Lunas\' AND metode_pembayaran = \'QRIS\' THEN total_bayar ELSE 0 END) as total_qris,
            SUM(CASE WHEN status = \'Lunas\' AND metode_pembayaran = \'Transfer\' THEN total_bayar ELSE 0 END) as total_transfer,
            SUM(CASE WHEN status = \'Lunas\' AND metode_pembayaran = \'EDC\' THEN total_bayar ELSE 0 END) as total_edc,
            COUNT(CASE WHEN status = \'Batal\' THEN 1 END) as jumlah_batal
FROM `transaksi`
WHERE `id_user` = \'2\'')
 4 SYSTEMPATH\Database\BaseBuilder.php(1649): CodeIgniter\Database\BaseConnection->query('SELECT SUM(CASE WHEN status = \'Lunas\' THEN total_bayar ELSE 0 END) as total_pendapatan,
            SUM(CASE WHEN status = \'Lunas\' AND metode_pembayaran = \'Tunai\' THEN total_bayar ELSE 0 END) as total_tunai,
            SUM(CASE WHEN status = \'Lunas\' AND metode_pembayaran = \'QRIS\' THEN total_bayar ELSE 0 END) as total_qris,
            SUM(CASE WHEN status = \'Lunas\' AND metode_pembayaran = \'Transfer\' THEN total_bayar ELSE 0 END) as total_transfer,
            SUM(CASE WHEN status = \'Lunas\' AND metode_pembayaran = \'EDC\' THEN total_bayar ELSE 0 END) as total_edc,
            COUNT(CASE WHEN status = \'Batal\' THEN 1 END) as jumlah_batal
FROM `transaksi`
WHERE `id_user` = :id_user:', [...], false)
 5 APPPATH\Controllers\Kasir.php(32): CodeIgniter\Database\BaseBuilder->get()
 6 SYSTEMPATH\CodeIgniter.php(933): App\Controllers\Kasir->index()
 7 SYSTEMPATH\CodeIgniter.php(507): CodeIgniter\CodeIgniter->runController(Object(App\Controllers\Kasir))
 8 SYSTEMPATH\CodeIgniter.php(354): CodeIgniter\CodeIgniter->handleRequest(null, Object(Config\Cache), false)
 9 SYSTEMPATH\Boot.php(363): CodeIgniter\CodeIgniter->run()
10 SYSTEMPATH\Boot.php(68): CodeIgniter\Boot::runCodeIgniter(Object(CodeIgniter\CodeIgniter))
11 FCPATH\index.php(59): CodeIgniter\Boot::bootWeb(Object(Config\Paths))
12 SYSTEMPATH\rewrite.php(44): require_once('C:\\xampp\\htdocs\\kasirpos\\public\\index.php')
DEBUG - 2026-05-09 06:41:47 --> Session: Class initialized using 'CodeIgniter\Session\Handlers\FileHandler' driver.
CRITICAL - 2026-05-09 13:41:47 --> ErrorException: Undefined variable $rekap
[Method: GET, Route: kasir/transaksi]
in APPPATH\Controllers\Kasir.php on line 37.
 1 APPPATH\Controllers\Kasir.php(37): CodeIgniter\Debug\Exceptions->errorHandler(2, 'Undefined variable $rekap', 'C:\\xampp\\htdocs\\kasirpos\\app\\Controllers\\Kasir.php', 37)
 2 SYSTEMPATH\CodeIgniter.php(933): App\Controllers\Kasir->index()
 3 SYSTEMPATH\CodeIgniter.php(507): CodeIgniter\CodeIgniter->runController(Object(App\Controllers\Kasir))
 4 SYSTEMPATH\CodeIgniter.php(354): CodeIgniter\CodeIgniter->handleRequest(null, Object(Config\Cache), false)
 5 SYSTEMPATH\Boot.php(363): CodeIgniter\CodeIgniter->run()
 6 SYSTEMPATH\Boot.php(68): CodeIgniter\Boot::runCodeIgniter(Object(CodeIgniter\CodeIgniter))
 7 FCPATH\index.php(59): CodeIgniter\Boot::bootWeb(Object(Config\Paths))
 8 SYSTEMPATH\rewrite.php(44): require_once('C:\\xampp\\htdocs\\kasirpos\\public\\index.php')
DEBUG - 2026-05-09 06:45:39 --> Session: Class initialized using 'CodeIgniter\Session\Handlers\FileHandler' driver.
ERROR - 2026-05-09 13:45:40 --> mysqli_sql_exception: Unknown column 'user_id' in 'where clause' in C:\xampp\htdocs\kasirpos\system\Database\MySQLi\Connection.php:327
Stack trace:
#0 C:\xampp\htdocs\kasirpos\system\Database\MySQLi\Connection.php(327): mysqli->query('SELECT SUM(CASE...', 0)
#1 C:\xampp\htdocs\kasirpos\system\Database\BaseConnection.php(729): CodeIgniter\Database\MySQLi\Connection->execute('SELECT SUM(CASE...')
#2 C:\xampp\htdocs\kasirpos\system\Database\BaseConnection.php(646): CodeIgniter\Database\BaseConnection->simpleQuery('SELECT SUM(CASE...')
#3 C:\xampp\htdocs\kasirpos\system\Database\BaseBuilder.php(1649): CodeIgniter\Database\BaseConnection->query('SELECT SUM(CASE...', Array, false)
#4 C:\xampp\htdocs\kasirpos\app\Controllers\Kasir.php(35): CodeIgniter\Database\BaseBuilder->get()
#5 C:\xampp\htdocs\kasirpos\system\CodeIgniter.php(933): App\Controllers\Kasir->index()
#6 C:\xampp\htdocs\kasirpos\system\CodeIgniter.php(507): CodeIgniter\CodeIgniter->runController(Object(App\Controllers\Kasir))
#7 C:\xampp\htdocs\kasirpos\system\CodeIgniter.php(354): CodeIgniter\CodeIgniter->handleRequest(NULL, Object(Config\Cache), false)
#8 C:\xampp\htdocs\kasirpos\system\Boot.php(363): CodeIgniter\CodeIgniter->run()
#9 C:\xampp\htdocs\kasirpos\system\Boot.php(68): CodeIgniter\Boot::runCodeIgniter(Object(CodeIgniter\CodeIgniter))
#10 C:\xampp\htdocs\kasirpos\public\index.php(59): CodeIgniter\Boot::bootWeb(Object(Config\Paths))
#11 C:\xampp\htdocs\kasirpos\system\rewrite.php(44): require_once('C:\\xampp\\htdocs...')
#12 {main}
CRITICAL - 2026-05-09 13:45:40 --> CodeIgniter\Database\Exceptions\DatabaseException: Unknown column 'user_id' in 'where clause'
[Method: GET, Route: kasir/transaksi]
in SYSTEMPATH\Database\BaseConnection.php on line 684.
 1 SYSTEMPATH\Database\BaseBuilder.php(1649): CodeIgniter\Database\BaseConnection->query('SELECT SUM(CASE WHEN status = \'Lunas\' THEN total_bayar ELSE 0 END) as total_pendapatan,
        SUM(CASE WHEN status = \'Lunas\' AND metode_pembayaran = \'Tunai\' THEN total_bayar ELSE 0 END) as total_tunai,
        SUM(CASE WHEN status = \'Lunas\' AND metode_pembayaran = \'QRIS\' THEN total_bayar ELSE 0 END) as total_qris,
        SUM(CASE WHEN status = \'Lunas\' AND metode_pembayaran = \'Transfer\' THEN total_bayar ELSE 0 END) as total_transfer,
        SUM(CASE WHEN status = \'Lunas\' AND metode_pembayaran = \'EDC\' THEN total_bayar ELSE 0 END) as total_edc,
        COUNT(CASE WHEN status = \'Batal\' THEN 1 END) as jumlah_batal
FROM `transaksi`
WHERE `user_id` = :user_id:
AND DATE(created_at) = :DATE(created_at):', [...], false)
 2 APPPATH\Controllers\Kasir.php(35): CodeIgniter\Database\BaseBuilder->get()
 3 SYSTEMPATH\CodeIgniter.php(933): App\Controllers\Kasir->index()
 4 SYSTEMPATH\CodeIgniter.php(507): CodeIgniter\CodeIgniter->runController(Object(App\Controllers\Kasir))
 5 SYSTEMPATH\CodeIgniter.php(354): CodeIgniter\CodeIgniter->handleRequest(null, Object(Config\Cache), false)
 6 SYSTEMPATH\Boot.php(363): CodeIgniter\CodeIgniter->run()
 7 SYSTEMPATH\Boot.php(68): CodeIgniter\Boot::runCodeIgniter(Object(CodeIgniter\CodeIgniter))
 8 FCPATH\index.php(59): CodeIgniter\Boot::bootWeb(Object(Config\Paths))
 9 SYSTEMPATH\rewrite.php(44): require_once('C:\\xampp\\htdocs\\kasirpos\\public\\index.php')
CRITICAL - 2026-05-09 13:45:40 --> [Caused by] CodeIgniter\Database\Exceptions\DatabaseException: Unknown column 'user_id' in 'where clause'
in SYSTEMPATH\Database\MySQLi\Connection.php on line 332.
 1 SYSTEMPATH\Database\BaseConnection.php(729): CodeIgniter\Database\MySQLi\Connection->execute('SELECT SUM(CASE WHEN status = \'Lunas\' THEN total_bayar ELSE 0 END) as total_pendapatan,
        SUM(CASE WHEN status = \'Lunas\' AND metode_pembayaran = \'Tunai\' THEN total_bayar ELSE 0 END) as total_tunai,
        SUM(CASE WHEN status = \'Lunas\' AND metode_pembayaran = \'QRIS\' THEN total_bayar ELSE 0 END) as total_qris,
        SUM(CASE WHEN status = \'Lunas\' AND metode_pembayaran = \'Transfer\' THEN total_bayar ELSE 0 END) as total_transfer,
        SUM(CASE WHEN status = \'Lunas\' AND metode_pembayaran = \'EDC\' THEN total_bayar ELSE 0 END) as total_edc,
        COUNT(CASE WHEN status = \'Batal\' THEN 1 END) as jumlah_batal
FROM `transaksi`
WHERE `user_id` = \'2\'
AND DATE(created_at) = \'2026-05-09\'')
 2 SYSTEMPATH\Database\BaseConnection.php(646): CodeIgniter\Database\BaseConnection->simpleQuery('SELECT SUM(CASE WHEN status = \'Lunas\' THEN total_bayar ELSE 0 END) as total_pendapatan,
        SUM(CASE WHEN status = \'Lunas\' AND metode_pembayaran = \'Tunai\' THEN total_bayar ELSE 0 END) as total_tunai,
        SUM(CASE WHEN status = \'Lunas\' AND metode_pembayaran = \'QRIS\' THEN total_bayar ELSE 0 END) as total_qris,
        SUM(CASE WHEN status = \'Lunas\' AND metode_pembayaran = \'Transfer\' THEN total_bayar ELSE 0 END) as total_transfer,
        SUM(CASE WHEN status = \'Lunas\' AND metode_pembayaran = \'EDC\' THEN total_bayar ELSE 0 END) as total_edc,
        COUNT(CASE WHEN status = \'Batal\' THEN 1 END) as jumlah_batal
FROM `transaksi`
WHERE `user_id` = \'2\'
AND DATE(created_at) = \'2026-05-09\'')
 3 SYSTEMPATH\Database\BaseBuilder.php(1649): CodeIgniter\Database\BaseConnection->query('SELECT SUM(CASE WHEN status = \'Lunas\' THEN total_bayar ELSE 0 END) as total_pendapatan,
        SUM(CASE WHEN status = \'Lunas\' AND metode_pembayaran = \'Tunai\' THEN total_bayar ELSE 0 END) as total_tunai,
        SUM(CASE WHEN status = \'Lunas\' AND metode_pembayaran = \'QRIS\' THEN total_bayar ELSE 0 END) as total_qris,
        SUM(CASE WHEN status = \'Lunas\' AND metode_pembayaran = \'Transfer\' THEN total_bayar ELSE 0 END) as total_transfer,
        SUM(CASE WHEN status = \'Lunas\' AND metode_pembayaran = \'EDC\' THEN total_bayar ELSE 0 END) as total_edc,
        COUNT(CASE WHEN status = \'Batal\' THEN 1 END) as jumlah_batal
FROM `transaksi`
WHERE `user_id` = :user_id:
AND DATE(created_at) = :DATE(created_at):', [...], false)
 4 APPPATH\Controllers\Kasir.php(35): CodeIgniter\Database\BaseBuilder->get()
 5 SYSTEMPATH\CodeIgniter.php(933): App\Controllers\Kasir->index()
 6 SYSTEMPATH\CodeIgniter.php(507): CodeIgniter\CodeIgniter->runController(Object(App\Controllers\Kasir))
 7 SYSTEMPATH\CodeIgniter.php(354): CodeIgniter\CodeIgniter->handleRequest(null, Object(Config\Cache), false)
 8 SYSTEMPATH\Boot.php(363): CodeIgniter\CodeIgniter->run()
 9 SYSTEMPATH\Boot.php(68): CodeIgniter\Boot::runCodeIgniter(Object(CodeIgniter\CodeIgniter))
10 FCPATH\index.php(59): CodeIgniter\Boot::bootWeb(Object(Config\Paths))
11 SYSTEMPATH\rewrite.php(44): require_once('C:\\xampp\\htdocs\\kasirpos\\public\\index.php')
CRITICAL - 2026-05-09 13:45:40 --> [Caused by] mysqli_sql_exception: Unknown column 'user_id' in 'where clause'
in SYSTEMPATH\Database\MySQLi\Connection.php on line 327.
 1 SYSTEMPATH\Database\MySQLi\Connection.php(327): mysqli->query('SELECT SUM(CASE WHEN status = \'Lunas\' THEN total_bayar ELSE 0 END) as total_pendapatan,
        SUM(CASE WHEN status = \'Lunas\' AND metode_pembayaran = \'Tunai\' THEN total_bayar ELSE 0 END) as total_tunai,
        SUM(CASE WHEN status = \'Lunas\' AND metode_pembayaran = \'QRIS\' THEN total_bayar ELSE 0 END) as total_qris,
        SUM(CASE WHEN status = \'Lunas\' AND metode_pembayaran = \'Transfer\' THEN total_bayar ELSE 0 END) as total_transfer,
        SUM(CASE WHEN status = \'Lunas\' AND metode_pembayaran = \'EDC\' THEN total_bayar ELSE 0 END) as total_edc,
        COUNT(CASE WHEN status = \'Batal\' THEN 1 END) as jumlah_batal
FROM `transaksi`
WHERE `user_id` = \'2\'
AND DATE(created_at) = \'2026-05-09\'', 0)
 2 SYSTEMPATH\Database\BaseConnection.php(729): CodeIgniter\Database\MySQLi\Connection->execute('SELECT SUM(CASE WHEN status = \'Lunas\' THEN total_bayar ELSE 0 END) as total_pendapatan,
        SUM(CASE WHEN status = \'Lunas\' AND metode_pembayaran = \'Tunai\' THEN total_bayar ELSE 0 END) as total_tunai,
        SUM(CASE WHEN status = \'Lunas\' AND metode_pembayaran = \'QRIS\' THEN total_bayar ELSE 0 END) as total_qris,
        SUM(CASE WHEN status = \'Lunas\' AND metode_pembayaran = \'Transfer\' THEN total_bayar ELSE 0 END) as total_transfer,
        SUM(CASE WHEN status = \'Lunas\' AND metode_pembayaran = \'EDC\' THEN total_bayar ELSE 0 END) as total_edc,
        COUNT(CASE WHEN status = \'Batal\' THEN 1 END) as jumlah_batal
FROM `transaksi`
WHERE `user_id` = \'2\'
AND DATE(created_at) = \'2026-05-09\'')
 3 SYSTEMPATH\Database\BaseConnection.php(646): CodeIgniter\Database\BaseConnection->simpleQuery('SELECT SUM(CASE WHEN status = \'Lunas\' THEN total_bayar ELSE 0 END) as total_pendapatan,
        SUM(CASE WHEN status = \'Lunas\' AND metode_pembayaran = \'Tunai\' THEN total_bayar ELSE 0 END) as total_tunai,
        SUM(CASE WHEN status = \'Lunas\' AND metode_pembayaran = \'QRIS\' THEN total_bayar ELSE 0 END) as total_qris,
        SUM(CASE WHEN status = \'Lunas\' AND metode_pembayaran = \'Transfer\' THEN total_bayar ELSE 0 END) as total_transfer,
        SUM(CASE WHEN status = \'Lunas\' AND metode_pembayaran = \'EDC\' THEN total_bayar ELSE 0 END) as total_edc,
        COUNT(CASE WHEN status = \'Batal\' THEN 1 END) as jumlah_batal
FROM `transaksi`
WHERE `user_id` = \'2\'
AND DATE(created_at) = \'2026-05-09\'')
 4 SYSTEMPATH\Database\BaseBuilder.php(1649): CodeIgniter\Database\BaseConnection->query('SELECT SUM(CASE WHEN status = \'Lunas\' THEN total_bayar ELSE 0 END) as total_pendapatan,
        SUM(CASE WHEN status = \'Lunas\' AND metode_pembayaran = \'Tunai\' THEN total_bayar ELSE 0 END) as total_tunai,
        SUM(CASE WHEN status = \'Lunas\' AND metode_pembayaran = \'QRIS\' THEN total_bayar ELSE 0 END) as total_qris,
        SUM(CASE WHEN status = \'Lunas\' AND metode_pembayaran = \'Transfer\' THEN total_bayar ELSE 0 END) as total_transfer,
        SUM(CASE WHEN status = \'Lunas\' AND metode_pembayaran = \'EDC\' THEN total_bayar ELSE 0 END) as total_edc,
        COUNT(CASE WHEN status = \'Batal\' THEN 1 END) as jumlah_batal
FROM `transaksi`
WHERE `user_id` = :user_id:
AND DATE(created_at) = :DATE(created_at):', [...], false)
 5 APPPATH\Controllers\Kasir.php(35): CodeIgniter\Database\BaseBuilder->get()
 6 SYSTEMPATH\CodeIgniter.php(933): App\Controllers\Kasir->index()
 7 SYSTEMPATH\CodeIgniter.php(507): CodeIgniter\CodeIgniter->runController(Object(App\Controllers\Kasir))
 8 SYSTEMPATH\CodeIgniter.php(354): CodeIgniter\CodeIgniter->handleRequest(null, Object(Config\Cache), false)
 9 SYSTEMPATH\Boot.php(363): CodeIgniter\CodeIgniter->run()
10 SYSTEMPATH\Boot.php(68): CodeIgniter\Boot::runCodeIgniter(Object(CodeIgniter\CodeIgniter))
11 FCPATH\index.php(59): CodeIgniter\Boot::bootWeb(Object(Config\Paths))
12 SYSTEMPATH\rewrite.php(44): require_once('C:\\xampp\\htdocs\\kasirpos\\public\\index.php')
DEBUG - 2026-05-09 06:45:49 --> Session: Class initialized using 'CodeIgniter\Session\Handlers\FileHandler' driver.
ERROR - 2026-05-09 13:45:49 --> mysqli_sql_exception: Unknown column 'id_user' in 'where clause' in C:\xampp\htdocs\kasirpos\system\Database\MySQLi\Connection.php:327
Stack trace:
#0 C:\xampp\htdocs\kasirpos\system\Database\MySQLi\Connection.php(327): mysqli->query('SELECT SUM(CASE...', 0)
#1 C:\xampp\htdocs\kasirpos\system\Database\BaseConnection.php(729): CodeIgniter\Database\MySQLi\Connection->execute('SELECT SUM(CASE...')
#2 C:\xampp\htdocs\kasirpos\system\Database\BaseConnection.php(646): CodeIgniter\Database\BaseConnection->simpleQuery('SELECT SUM(CASE...')
#3 C:\xampp\htdocs\kasirpos\system\Database\BaseBuilder.php(1649): CodeIgniter\Database\BaseConnection->query('SELECT SUM(CASE...', Array, false)
#4 C:\xampp\htdocs\kasirpos\app\Controllers\Kasir.php(35): CodeIgniter\Database\BaseBuilder->get()
#5 C:\xampp\htdocs\kasirpos\system\CodeIgniter.php(933): App\Controllers\Kasir->index()
#6 C:\xampp\htdocs\kasirpos\system\CodeIgniter.php(507): CodeIgniter\CodeIgniter->runController(Object(App\Controllers\Kasir))
#7 C:\xampp\htdocs\kasirpos\system\CodeIgniter.php(354): CodeIgniter\CodeIgniter->handleRequest(NULL, Object(Config\Cache), false)
#8 C:\xampp\htdocs\kasirpos\system\Boot.php(363): CodeIgniter\CodeIgniter->run()
#9 C:\xampp\htdocs\kasirpos\system\Boot.php(68): CodeIgniter\Boot::runCodeIgniter(Object(CodeIgniter\CodeIgniter))
#10 C:\xampp\htdocs\kasirpos\public\index.php(59): CodeIgniter\Boot::bootWeb(Object(Config\Paths))
#11 C:\xampp\htdocs\kasirpos\system\rewrite.php(44): require_once('C:\\xampp\\htdocs...')
#12 {main}
CRITICAL - 2026-05-09 13:45:49 --> CodeIgniter\Database\Exceptions\DatabaseException: Unknown column 'id_user' in 'where clause'
[Method: GET, Route: kasir/transaksi]
in SYSTEMPATH\Database\BaseConnection.php on line 684.
 1 SYSTEMPATH\Database\BaseBuilder.php(1649): CodeIgniter\Database\BaseConnection->query('SELECT SUM(CASE WHEN status = \'Lunas\' THEN total_bayar ELSE 0 END) as total_pendapatan,
        SUM(CASE WHEN status = \'Lunas\' AND metode_pembayaran = \'Tunai\' THEN total_bayar ELSE 0 END) as total_tunai,
        SUM(CASE WHEN status = \'Lunas\' AND metode_pembayaran = \'QRIS\' THEN total_bayar ELSE 0 END) as total_qris,
        SUM(CASE WHEN status = \'Lunas\' AND metode_pembayaran = \'Transfer\' THEN total_bayar ELSE 0 END) as total_transfer,
        SUM(CASE WHEN status = \'Lunas\' AND metode_pembayaran = \'EDC\' THEN total_bayar ELSE 0 END) as total_edc,
        COUNT(CASE WHEN status = \'Batal\' THEN 1 END) as jumlah_batal
FROM `transaksi`
WHERE `id_user` = :id_user:
AND DATE(created_at) = :DATE(created_at):', [...], false)
 2 APPPATH\Controllers\Kasir.php(35): CodeIgniter\Database\BaseBuilder->get()
 3 SYSTEMPATH\CodeIgniter.php(933): App\Controllers\Kasir->index()
 4 SYSTEMPATH\CodeIgniter.php(507): CodeIgniter\CodeIgniter->runController(Object(App\Controllers\Kasir))
 5 SYSTEMPATH\CodeIgniter.php(354): CodeIgniter\CodeIgniter->handleRequest(null, Object(Config\Cache), false)
 6 SYSTEMPATH\Boot.php(363): CodeIgniter\CodeIgniter->run()
 7 SYSTEMPATH\Boot.php(68): CodeIgniter\Boot::runCodeIgniter(Object(CodeIgniter\CodeIgniter))
 8 FCPATH\index.php(59): CodeIgniter\Boot::bootWeb(Object(Config\Paths))
 9 SYSTEMPATH\rewrite.php(44): require_once('C:\\xampp\\htdocs\\kasirpos\\public\\index.php')
CRITICAL - 2026-05-09 13:45:49 --> [Caused by] CodeIgniter\Database\Exceptions\DatabaseException: Unknown column 'id_user' in 'where clause'
in SYSTEMPATH\Database\MySQLi\Connection.php on line 332.
 1 SYSTEMPATH\Database\BaseConnection.php(729): CodeIgniter\Database\MySQLi\Connection->execute('SELECT SUM(CASE WHEN status = \'Lunas\' THEN total_bayar ELSE 0 END) as total_pendapatan,
        SUM(CASE WHEN status = \'Lunas\' AND metode_pembayaran = \'Tunai\' THEN total_bayar ELSE 0 END) as total_tunai,
        SUM(CASE WHEN status = \'Lunas\' AND metode_pembayaran = \'QRIS\' THEN total_bayar ELSE 0 END) as total_qris,
        SUM(CASE WHEN status = \'Lunas\' AND metode_pembayaran = \'Transfer\' THEN total_bayar ELSE 0 END) as total_transfer,
        SUM(CASE WHEN status = \'Lunas\' AND metode_pembayaran = \'EDC\' THEN total_bayar ELSE 0 END) as total_edc,
        COUNT(CASE WHEN status = \'Batal\' THEN 1 END) as jumlah_batal
FROM `transaksi`
WHERE `id_user` = \'2\'
AND DATE(created_at) = \'2026-05-09\'')
 2 SYSTEMPATH\Database\BaseConnection.php(646): CodeIgniter\Database\BaseConnection->simpleQuery('SELECT SUM(CASE WHEN status = \'Lunas\' THEN total_bayar ELSE 0 END) as total_pendapatan,
        SUM(CASE WHEN status = \'Lunas\' AND metode_pembayaran = \'Tunai\' THEN total_bayar ELSE 0 END) as total_tunai,
        SUM(CASE WHEN status = \'Lunas\' AND metode_pembayaran = \'QRIS\' THEN total_bayar ELSE 0 END) as total_qris,
        SUM(CASE WHEN status = \'Lunas\' AND metode_pembayaran = \'Transfer\' THEN total_bayar ELSE 0 END) as total_transfer,
        SUM(CASE WHEN status = \'Lunas\' AND metode_pembayaran = \'EDC\' THEN total_bayar ELSE 0 END) as total_edc,
        COUNT(CASE WHEN status = \'Batal\' THEN 1 END) as jumlah_batal
FROM `transaksi`
WHERE `id_user` = \'2\'
AND DATE(created_at) = \'2026-05-09\'')
 3 SYSTEMPATH\Database\BaseBuilder.php(1649): CodeIgniter\Database\BaseConnection->query('SELECT SUM(CASE WHEN status = \'Lunas\' THEN total_bayar ELSE 0 END) as total_pendapatan,
        SUM(CASE WHEN status = \'Lunas\' AND metode_pembayaran = \'Tunai\' THEN total_bayar ELSE 0 END) as total_tunai,
        SUM(CASE WHEN status = \'Lunas\' AND metode_pembayaran = \'QRIS\' THEN total_bayar ELSE 0 END) as total_qris,
        SUM(CASE WHEN status = \'Lunas\' AND metode_pembayaran = \'Transfer\' THEN total_bayar ELSE 0 END) as total_transfer,
        SUM(CASE WHEN status = \'Lunas\' AND metode_pembayaran = \'EDC\' THEN total_bayar ELSE 0 END) as total_edc,
        COUNT(CASE WHEN status = \'Batal\' THEN 1 END) as jumlah_batal
FROM `transaksi`
WHERE `id_user` = :id_user:
AND DATE(created_at) = :DATE(created_at):', [...], false)
 4 APPPATH\Controllers\Kasir.php(35): CodeIgniter\Database\BaseBuilder->get()
 5 SYSTEMPATH\CodeIgniter.php(933): App\Controllers\Kasir->index()
 6 SYSTEMPATH\CodeIgniter.php(507): CodeIgniter\CodeIgniter->runController(Object(App\Controllers\Kasir))
 7 SYSTEMPATH\CodeIgniter.php(354): CodeIgniter\CodeIgniter->handleRequest(null, Object(Config\Cache), false)
 8 SYSTEMPATH\Boot.php(363): CodeIgniter\CodeIgniter->run()
 9 SYSTEMPATH\Boot.php(68): CodeIgniter\Boot::runCodeIgniter(Object(CodeIgniter\CodeIgniter))
10 FCPATH\index.php(59): CodeIgniter\Boot::bootWeb(Object(Config\Paths))
11 SYSTEMPATH\rewrite.php(44): require_once('C:\\xampp\\htdocs\\kasirpos\\public\\index.php')
CRITICAL - 2026-05-09 13:45:49 --> [Caused by] mysqli_sql_exception: Unknown column 'id_user' in 'where clause'
in SYSTEMPATH\Database\MySQLi\Connection.php on line 327.
 1 SYSTEMPATH\Database\MySQLi\Connection.php(327): mysqli->query('SELECT SUM(CASE WHEN status = \'Lunas\' THEN total_bayar ELSE 0 END) as total_pendapatan,
        SUM(CASE WHEN status = \'Lunas\' AND metode_pembayaran = \'Tunai\' THEN total_bayar ELSE 0 END) as total_tunai,
        SUM(CASE WHEN status = \'Lunas\' AND metode_pembayaran = \'QRIS\' THEN total_bayar ELSE 0 END) as total_qris,
        SUM(CASE WHEN status = \'Lunas\' AND metode_pembayaran = \'Transfer\' THEN total_bayar ELSE 0 END) as total_transfer,
        SUM(CASE WHEN status = \'Lunas\' AND metode_pembayaran = \'EDC\' THEN total_bayar ELSE 0 END) as total_edc,
        COUNT(CASE WHEN status = \'Batal\' THEN 1 END) as jumlah_batal
FROM `transaksi`
WHERE `id_user` = \'2\'
AND DATE(created_at) = \'2026-05-09\'', 0)
 2 SYSTEMPATH\Database\BaseConnection.php(729): CodeIgniter\Database\MySQLi\Connection->execute('SELECT SUM(CASE WHEN status = \'Lunas\' THEN total_bayar ELSE 0 END) as total_pendapatan,
        SUM(CASE WHEN status = \'Lunas\' AND metode_pembayaran = \'Tunai\' THEN total_bayar ELSE 0 END) as total_tunai,
        SUM(CASE WHEN status = \'Lunas\' AND metode_pembayaran = \'QRIS\' THEN total_bayar ELSE 0 END) as total_qris,
        SUM(CASE WHEN status = \'Lunas\' AND metode_pembayaran = \'Transfer\' THEN total_bayar ELSE 0 END) as total_transfer,
        SUM(CASE WHEN status = \'Lunas\' AND metode_pembayaran = \'EDC\' THEN total_bayar ELSE 0 END) as total_edc,
        COUNT(CASE WHEN status = \'Batal\' THEN 1 END) as jumlah_batal
FROM `transaksi`
WHERE `id_user` = \'2\'
AND DATE(created_at) = \'2026-05-09\'')
 3 SYSTEMPATH\Database\BaseConnection.php(646): CodeIgniter\Database\BaseConnection->simpleQuery('SELECT SUM(CASE WHEN status = \'Lunas\' THEN total_bayar ELSE 0 END) as total_pendapatan,
        SUM(CASE WHEN status = \'Lunas\' AND metode_pembayaran = \'Tunai\' THEN total_bayar ELSE 0 END) as total_tunai,
        SUM(CASE WHEN status = \'Lunas\' AND metode_pembayaran = \'QRIS\' THEN total_bayar ELSE 0 END) as total_qris,
        SUM(CASE WHEN status = \'Lunas\' AND metode_pembayaran = \'Transfer\' THEN total_bayar ELSE 0 END) as total_transfer,
        SUM(CASE WHEN status = \'Lunas\' AND metode_pembayaran = \'EDC\' THEN total_bayar ELSE 0 END) as total_edc,
        COUNT(CASE WHEN status = \'Batal\' THEN 1 END) as jumlah_batal
FROM `transaksi`
WHERE `id_user` = \'2\'
AND DATE(created_at) = \'2026-05-09\'')
 4 SYSTEMPATH\Database\BaseBuilder.php(1649): CodeIgniter\Database\BaseConnection->query('SELECT SUM(CASE WHEN status = \'Lunas\' THEN total_bayar ELSE 0 END) as total_pendapatan,
        SUM(CASE WHEN status = \'Lunas\' AND metode_pembayaran = \'Tunai\' THEN total_bayar ELSE 0 END) as total_tunai,
        SUM(CASE WHEN status = \'Lunas\' AND metode_pembayaran = \'QRIS\' THEN total_bayar ELSE 0 END) as total_qris,
        SUM(CASE WHEN status = \'Lunas\' AND metode_pembayaran = \'Transfer\' THEN total_bayar ELSE 0 END) as total_transfer,
        SUM(CASE WHEN status = \'Lunas\' AND metode_pembayaran = \'EDC\' THEN total_bayar ELSE 0 END) as total_edc,
        COUNT(CASE WHEN status = \'Batal\' THEN 1 END) as jumlah_batal
FROM `transaksi`
WHERE `id_user` = :id_user:
AND DATE(created_at) = :DATE(created_at):', [...], false)
 5 APPPATH\Controllers\Kasir.php(35): CodeIgniter\Database\BaseBuilder->get()
 6 SYSTEMPATH\CodeIgniter.php(933): App\Controllers\Kasir->index()
 7 SYSTEMPATH\CodeIgniter.php(507): CodeIgniter\CodeIgniter->runController(Object(App\Controllers\Kasir))
 8 SYSTEMPATH\CodeIgniter.php(354): CodeIgniter\CodeIgniter->handleRequest(null, Object(Config\Cache), false)
 9 SYSTEMPATH\Boot.php(363): CodeIgniter\CodeIgniter->run()
10 SYSTEMPATH\Boot.php(68): CodeIgniter\Boot::runCodeIgniter(Object(CodeIgniter\CodeIgniter))
11 FCPATH\index.php(59): CodeIgniter\Boot::bootWeb(Object(Config\Paths))
12 SYSTEMPATH\rewrite.php(44): require_once('C:\\xampp\\htdocs\\kasirpos\\public\\index.php')
DEBUG - 2026-05-09 06:47:10 --> Session: Class initialized using 'CodeIgniter\Session\Handlers\FileHandler' driver.
ERROR - 2026-05-09 13:47:10 --> mysqli_sql_exception: Unknown column 'id_user' in 'where clause' in C:\xampp\htdocs\kasirpos\system\Database\MySQLi\Connection.php:327
Stack trace:
#0 C:\xampp\htdocs\kasirpos\system\Database\MySQLi\Connection.php(327): mysqli->query('SELECT SUM(CASE...', 0)
#1 C:\xampp\htdocs\kasirpos\system\Database\BaseConnection.php(729): CodeIgniter\Database\MySQLi\Connection->execute('SELECT SUM(CASE...')
#2 C:\xampp\htdocs\kasirpos\system\Database\BaseConnection.php(646): CodeIgniter\Database\BaseConnection->simpleQuery('SELECT SUM(CASE...')
#3 C:\xampp\htdocs\kasirpos\system\Database\BaseBuilder.php(1649): CodeIgniter\Database\BaseConnection->query('SELECT SUM(CASE...', Array, false)
#4 C:\xampp\htdocs\kasirpos\app\Controllers\Kasir.php(35): CodeIgniter\Database\BaseBuilder->get()
#5 C:\xampp\htdocs\kasirpos\system\CodeIgniter.php(933): App\Controllers\Kasir->index()
#6 C:\xampp\htdocs\kasirpos\system\CodeIgniter.php(507): CodeIgniter\CodeIgniter->runController(Object(App\Controllers\Kasir))
#7 C:\xampp\htdocs\kasirpos\system\CodeIgniter.php(354): CodeIgniter\CodeIgniter->handleRequest(NULL, Object(Config\Cache), false)
#8 C:\xampp\htdocs\kasirpos\system\Boot.php(363): CodeIgniter\CodeIgniter->run()
#9 C:\xampp\htdocs\kasirpos\system\Boot.php(68): CodeIgniter\Boot::runCodeIgniter(Object(CodeIgniter\CodeIgniter))
#10 C:\xampp\htdocs\kasirpos\public\index.php(59): CodeIgniter\Boot::bootWeb(Object(Config\Paths))
#11 C:\xampp\htdocs\kasirpos\system\rewrite.php(44): require_once('C:\\xampp\\htdocs...')
#12 {main}
CRITICAL - 2026-05-09 13:47:10 --> CodeIgniter\Database\Exceptions\DatabaseException: Unknown column 'id_user' in 'where clause'
[Method: GET, Route: kasir/transaksi]
in SYSTEMPATH\Database\BaseConnection.php on line 684.
 1 SYSTEMPATH\Database\BaseBuilder.php(1649): CodeIgniter\Database\BaseConnection->query('SELECT SUM(CASE WHEN status = \'Lunas\' THEN total_bayar ELSE 0 END) as total_pendapatan,
        SUM(CASE WHEN status = \'Lunas\' AND metode_pembayaran = \'Tunai\' THEN total_bayar ELSE 0 END) as total_tunai,
        SUM(CASE WHEN status = \'Lunas\' AND metode_pembayaran = \'QRIS\' THEN total_bayar ELSE 0 END) as total_qris,
        SUM(CASE WHEN status = \'Lunas\' AND metode_pembayaran = \'Transfer\' THEN total_bayar ELSE 0 END) as total_transfer,
        SUM(CASE WHEN status = \'Lunas\' AND metode_pembayaran = \'EDC\' THEN total_bayar ELSE 0 END) as total_edc,
        COUNT(CASE WHEN status = \'Batal\' THEN 1 END) as jumlah_batal
FROM `transaksi`
WHERE `id_user` = :id_user:
AND DATE(created_at) = :DATE(created_at):', [...], false)
 2 APPPATH\Controllers\Kasir.php(35): CodeIgniter\Database\BaseBuilder->get()
 3 SYSTEMPATH\CodeIgniter.php(933): App\Controllers\Kasir->index()
 4 SYSTEMPATH\CodeIgniter.php(507): CodeIgniter\CodeIgniter->runController(Object(App\Controllers\Kasir))
 5 SYSTEMPATH\CodeIgniter.php(354): CodeIgniter\CodeIgniter->handleRequest(null, Object(Config\Cache), false)
 6 SYSTEMPATH\Boot.php(363): CodeIgniter\CodeIgniter->run()
 7 SYSTEMPATH\Boot.php(68): CodeIgniter\Boot::runCodeIgniter(Object(CodeIgniter\CodeIgniter))
 8 FCPATH\index.php(59): CodeIgniter\Boot::bootWeb(Object(Config\Paths))
 9 SYSTEMPATH\rewrite.php(44): require_once('C:\\xampp\\htdocs\\kasirpos\\public\\index.php')
CRITICAL - 2026-05-09 13:47:10 --> [Caused by] CodeIgniter\Database\Exceptions\DatabaseException: Unknown column 'id_user' in 'where clause'
in SYSTEMPATH\Database\MySQLi\Connection.php on line 332.
 1 SYSTEMPATH\Database\BaseConnection.php(729): CodeIgniter\Database\MySQLi\Connection->execute('SELECT SUM(CASE WHEN status = \'Lunas\' THEN total_bayar ELSE 0 END) as total_pendapatan,
        SUM(CASE WHEN status = \'Lunas\' AND metode_pembayaran = \'Tunai\' THEN total_bayar ELSE 0 END) as total_tunai,
        SUM(CASE WHEN status = \'Lunas\' AND metode_pembayaran = \'QRIS\' THEN total_bayar ELSE 0 END) as total_qris,
        SUM(CASE WHEN status = \'Lunas\' AND metode_pembayaran = \'Transfer\' THEN total_bayar ELSE 0 END) as total_transfer,
        SUM(CASE WHEN status = \'Lunas\' AND metode_pembayaran = \'EDC\' THEN total_bayar ELSE 0 END) as total_edc,
        COUNT(CASE WHEN status = \'Batal\' THEN 1 END) as jumlah_batal
FROM `transaksi`
WHERE `id_user` = \'2\'
AND DATE(created_at) = \'2026-05-09\'')
 2 SYSTEMPATH\Database\BaseConnection.php(646): CodeIgniter\Database\BaseConnection->simpleQuery('SELECT SUM(CASE WHEN status = \'Lunas\' THEN total_bayar ELSE 0 END) as total_pendapatan,
        SUM(CASE WHEN status = \'Lunas\' AND metode_pembayaran = \'Tunai\' THEN total_bayar ELSE 0 END) as total_tunai,
        SUM(CASE WHEN status = \'Lunas\' AND metode_pembayaran = \'QRIS\' THEN total_bayar ELSE 0 END) as total_qris,
        SUM(CASE WHEN status = \'Lunas\' AND metode_pembayaran = \'Transfer\' THEN total_bayar ELSE 0 END) as total_transfer,
        SUM(CASE WHEN status = \'Lunas\' AND metode_pembayaran = \'EDC\' THEN total_bayar ELSE 0 END) as total_edc,
        COUNT(CASE WHEN status = \'Batal\' THEN 1 END) as jumlah_batal
FROM `transaksi`
WHERE `id_user` = \'2\'
AND DATE(created_at) = \'2026-05-09\'')
 3 SYSTEMPATH\Database\BaseBuilder.php(1649): CodeIgniter\Database\BaseConnection->query('SELECT SUM(CASE WHEN status = \'Lunas\' THEN total_bayar ELSE 0 END) as total_pendapatan,
        SUM(CASE WHEN status = \'Lunas\' AND metode_pembayaran = \'Tunai\' THEN total_bayar ELSE 0 END) as total_tunai,
        SUM(CASE WHEN status = \'Lunas\' AND metode_pembayaran = \'QRIS\' THEN total_bayar ELSE 0 END) as total_qris,
        SUM(CASE WHEN status = \'Lunas\' AND metode_pembayaran = \'Transfer\' THEN total_bayar ELSE 0 END) as total_transfer,
        SUM(CASE WHEN status = \'Lunas\' AND metode_pembayaran = \'EDC\' THEN total_bayar ELSE 0 END) as total_edc,
        COUNT(CASE WHEN status = \'Batal\' THEN 1 END) as jumlah_batal
FROM `transaksi`
WHERE `id_user` = :id_user:
AND DATE(created_at) = :DATE(created_at):', [...], false)
 4 APPPATH\Controllers\Kasir.php(35): CodeIgniter\Database\BaseBuilder->get()
 5 SYSTEMPATH\CodeIgniter.php(933): App\Controllers\Kasir->index()
 6 SYSTEMPATH\CodeIgniter.php(507): CodeIgniter\CodeIgniter->runController(Object(App\Controllers\Kasir))
 7 SYSTEMPATH\CodeIgniter.php(354): CodeIgniter\CodeIgniter->handleRequest(null, Object(Config\Cache), false)
 8 SYSTEMPATH\Boot.php(363): CodeIgniter\CodeIgniter->run()
 9 SYSTEMPATH\Boot.php(68): CodeIgniter\Boot::runCodeIgniter(Object(CodeIgniter\CodeIgniter))
10 FCPATH\index.php(59): CodeIgniter\Boot::bootWeb(Object(Config\Paths))
11 SYSTEMPATH\rewrite.php(44): require_once('C:\\xampp\\htdocs\\kasirpos\\public\\index.php')
CRITICAL - 2026-05-09 13:47:10 --> [Caused by] mysqli_sql_exception: Unknown column 'id_user' in 'where clause'
in SYSTEMPATH\Database\MySQLi\Connection.php on line 327.
 1 SYSTEMPATH\Database\MySQLi\Connection.php(327): mysqli->query('SELECT SUM(CASE WHEN status = \'Lunas\' THEN total_bayar ELSE 0 END) as total_pendapatan,
        SUM(CASE WHEN status = \'Lunas\' AND metode_pembayaran = \'Tunai\' THEN total_bayar ELSE 0 END) as total_tunai,
        SUM(CASE WHEN status = \'Lunas\' AND metode_pembayaran = \'QRIS\' THEN total_bayar ELSE 0 END) as total_qris,
        SUM(CASE WHEN status = \'Lunas\' AND metode_pembayaran = \'Transfer\' THEN total_bayar ELSE 0 END) as total_transfer,
        SUM(CASE WHEN status = \'Lunas\' AND metode_pembayaran = \'EDC\' THEN total_bayar ELSE 0 END) as total_edc,
        COUNT(CASE WHEN status = \'Batal\' THEN 1 END) as jumlah_batal
FROM `transaksi`
WHERE `id_user` = \'2\'
AND DATE(created_at) = \'2026-05-09\'', 0)
 2 SYSTEMPATH\Database\BaseConnection.php(729): CodeIgniter\Database\MySQLi\Connection->execute('SELECT SUM(CASE WHEN status = \'Lunas\' THEN total_bayar ELSE 0 END) as total_pendapatan,
        SUM(CASE WHEN status = \'Lunas\' AND metode_pembayaran = \'Tunai\' THEN total_bayar ELSE 0 END) as total_tunai,
        SUM(CASE WHEN status = \'Lunas\' AND metode_pembayaran = \'QRIS\' THEN total_bayar ELSE 0 END) as total_qris,
        SUM(CASE WHEN status = \'Lunas\' AND metode_pembayaran = \'Transfer\' THEN total_bayar ELSE 0 END) as total_transfer,
        SUM(CASE WHEN status = \'Lunas\' AND metode_pembayaran = \'EDC\' THEN total_bayar ELSE 0 END) as total_edc,
        COUNT(CASE WHEN status = \'Batal\' THEN 1 END) as jumlah_batal
FROM `transaksi`
WHERE `id_user` = \'2\'
AND DATE(created_at) = \'2026-05-09\'')
 3 SYSTEMPATH\Database\BaseConnection.php(646): CodeIgniter\Database\BaseConnection->simpleQuery('SELECT SUM(CASE WHEN status = \'Lunas\' THEN total_bayar ELSE 0 END) as total_pendapatan,
        SUM(CASE WHEN status = \'Lunas\' AND metode_pembayaran = \'Tunai\' THEN total_bayar ELSE 0 END) as total_tunai,
        SUM(CASE WHEN status = \'Lunas\' AND metode_pembayaran = \'QRIS\' THEN total_bayar ELSE 0 END) as total_qris,
        SUM(CASE WHEN status = \'Lunas\' AND metode_pembayaran = \'Transfer\' THEN total_bayar ELSE 0 END) as total_transfer,
        SUM(CASE WHEN status = \'Lunas\' AND metode_pembayaran = \'EDC\' THEN total_bayar ELSE 0 END) as total_edc,
        COUNT(CASE WHEN status = \'Batal\' THEN 1 END) as jumlah_batal
FROM `transaksi`
WHERE `id_user` = \'2\'
AND DATE(created_at) = \'2026-05-09\'')
 4 SYSTEMPATH\Database\BaseBuilder.php(1649): CodeIgniter\Database\BaseConnection->query('SELECT SUM(CASE WHEN status = \'Lunas\' THEN total_bayar ELSE 0 END) as total_pendapatan,
        SUM(CASE WHEN status = \'Lunas\' AND metode_pembayaran = \'Tunai\' THEN total_bayar ELSE 0 END) as total_tunai,
        SUM(CASE WHEN status = \'Lunas\' AND metode_pembayaran = \'QRIS\' THEN total_bayar ELSE 0 END) as total_qris,
        SUM(CASE WHEN status = \'Lunas\' AND metode_pembayaran = \'Transfer\' THEN total_bayar ELSE 0 END) as total_transfer,
        SUM(CASE WHEN status = \'Lunas\' AND metode_pembayaran = \'EDC\' THEN total_bayar ELSE 0 END) as total_edc,
        COUNT(CASE WHEN status = \'Batal\' THEN 1 END) as jumlah_batal
FROM `transaksi`
WHERE `id_user` = :id_user:
AND DATE(created_at) = :DATE(created_at):', [...], false)
 5 APPPATH\Controllers\Kasir.php(35): CodeIgniter\Database\BaseBuilder->get()
 6 SYSTEMPATH\CodeIgniter.php(933): App\Controllers\Kasir->index()
 7 SYSTEMPATH\CodeIgniter.php(507): CodeIgniter\CodeIgniter->runController(Object(App\Controllers\Kasir))
 8 SYSTEMPATH\CodeIgniter.php(354): CodeIgniter\CodeIgniter->handleRequest(null, Object(Config\Cache), false)
 9 SYSTEMPATH\Boot.php(363): CodeIgniter\CodeIgniter->run()
10 SYSTEMPATH\Boot.php(68): CodeIgniter\Boot::runCodeIgniter(Object(CodeIgniter\CodeIgniter))
11 FCPATH\index.php(59): CodeIgniter\Boot::bootWeb(Object(Config\Paths))
12 SYSTEMPATH\rewrite.php(44): require_once('C:\\xampp\\htdocs\\kasirpos\\public\\index.php')
DEBUG - 2026-05-09 06:47:30 --> Session: Class initialized using 'CodeIgniter\Session\Handlers\FileHandler' driver.
ERROR - 2026-05-09 13:47:30 --> mysqli_sql_exception: Unknown column 'id_user' in 'where clause' in C:\xampp\htdocs\kasirpos\system\Database\MySQLi\Connection.php:327
Stack trace:
#0 C:\xampp\htdocs\kasirpos\system\Database\MySQLi\Connection.php(327): mysqli->query('SELECT SUM(CASE...', 0)
#1 C:\xampp\htdocs\kasirpos\system\Database\BaseConnection.php(729): CodeIgniter\Database\MySQLi\Connection->execute('SELECT SUM(CASE...')
#2 C:\xampp\htdocs\kasirpos\system\Database\BaseConnection.php(646): CodeIgniter\Database\BaseConnection->simpleQuery('SELECT SUM(CASE...')
#3 C:\xampp\htdocs\kasirpos\system\Database\BaseBuilder.php(1649): CodeIgniter\Database\BaseConnection->query('SELECT SUM(CASE...', Array, false)
#4 C:\xampp\htdocs\kasirpos\app\Controllers\Kasir.php(35): CodeIgniter\Database\BaseBuilder->get()
#5 C:\xampp\htdocs\kasirpos\system\CodeIgniter.php(933): App\Controllers\Kasir->index()
#6 C:\xampp\htdocs\kasirpos\system\CodeIgniter.php(507): CodeIgniter\CodeIgniter->runController(Object(App\Controllers\Kasir))
#7 C:\xampp\htdocs\kasirpos\system\CodeIgniter.php(354): CodeIgniter\CodeIgniter->handleRequest(NULL, Object(Config\Cache), false)
#8 C:\xampp\htdocs\kasirpos\system\Boot.php(363): CodeIgniter\CodeIgniter->run()
#9 C:\xampp\htdocs\kasirpos\system\Boot.php(68): CodeIgniter\Boot::runCodeIgniter(Object(CodeIgniter\CodeIgniter))
#10 C:\xampp\htdocs\kasirpos\public\index.php(59): CodeIgniter\Boot::bootWeb(Object(Config\Paths))
#11 C:\xampp\htdocs\kasirpos\system\rewrite.php(44): require_once('C:\\xampp\\htdocs...')
#12 {main}
CRITICAL - 2026-05-09 13:47:30 --> CodeIgniter\Database\Exceptions\DatabaseException: Unknown column 'id_user' in 'where clause'
[Method: GET, Route: kasir/transaksi]
in SYSTEMPATH\Database\BaseConnection.php on line 684.
 1 SYSTEMPATH\Database\BaseBuilder.php(1649): CodeIgniter\Database\BaseConnection->query('SELECT SUM(CASE WHEN status = \'Lunas\' THEN total_bayar ELSE 0 END) as total_pendapatan,
        SUM(CASE WHEN status = \'Lunas\' AND metode_pembayaran = \'Tunai\' THEN total_bayar ELSE 0 END) as total_tunai,
        SUM(CASE WHEN status = \'Lunas\' AND metode_pembayaran = \'QRIS\' THEN total_bayar ELSE 0 END) as total_qris,
        SUM(CASE WHEN status = \'Lunas\' AND metode_pembayaran = \'Transfer\' THEN total_bayar ELSE 0 END) as total_transfer,
        SUM(CASE WHEN status = \'Lunas\' AND metode_pembayaran = \'EDC\' THEN total_bayar ELSE 0 END) as total_edc,
        COUNT(CASE WHEN status = \'Batal\' THEN 1 END) as jumlah_batal
FROM `transaksi`
WHERE `id_user` = :id_user:
AND DATE(created_at) = :DATE(created_at):', [...], false)
 2 APPPATH\Controllers\Kasir.php(35): CodeIgniter\Database\BaseBuilder->get()
 3 SYSTEMPATH\CodeIgniter.php(933): App\Controllers\Kasir->index()
 4 SYSTEMPATH\CodeIgniter.php(507): CodeIgniter\CodeIgniter->runController(Object(App\Controllers\Kasir))
 5 SYSTEMPATH\CodeIgniter.php(354): CodeIgniter\CodeIgniter->handleRequest(null, Object(Config\Cache), false)
 6 SYSTEMPATH\Boot.php(363): CodeIgniter\CodeIgniter->run()
 7 SYSTEMPATH\Boot.php(68): CodeIgniter\Boot::runCodeIgniter(Object(CodeIgniter\CodeIgniter))
 8 FCPATH\index.php(59): CodeIgniter\Boot::bootWeb(Object(Config\Paths))
 9 SYSTEMPATH\rewrite.php(44): require_once('C:\\xampp\\htdocs\\kasirpos\\public\\index.php')
CRITICAL - 2026-05-09 13:47:30 --> [Caused by] CodeIgniter\Database\Exceptions\DatabaseException: Unknown column 'id_user' in 'where clause'
in SYSTEMPATH\Database\MySQLi\Connection.php on line 332.
 1 SYSTEMPATH\Database\BaseConnection.php(729): CodeIgniter\Database\MySQLi\Connection->execute('SELECT SUM(CASE WHEN status = \'Lunas\' THEN total_bayar ELSE 0 END) as total_pendapatan,
        SUM(CASE WHEN status = \'Lunas\' AND metode_pembayaran = \'Tunai\' THEN total_bayar ELSE 0 END) as total_tunai,
        SUM(CASE WHEN status = \'Lunas\' AND metode_pembayaran = \'QRIS\' THEN total_bayar ELSE 0 END) as total_qris,
        SUM(CASE WHEN status = \'Lunas\' AND metode_pembayaran = \'Transfer\' THEN total_bayar ELSE 0 END) as total_transfer,
        SUM(CASE WHEN status = \'Lunas\' AND metode_pembayaran = \'EDC\' THEN total_bayar ELSE 0 END) as total_edc,
        COUNT(CASE WHEN status = \'Batal\' THEN 1 END) as jumlah_batal
FROM `transaksi`
WHERE `id_user` = \'2\'
AND DATE(created_at) = \'2026-05-09\'')
 2 SYSTEMPATH\Database\BaseConnection.php(646): CodeIgniter\Database\BaseConnection->simpleQuery('SELECT SUM(CASE WHEN status = \'Lunas\' THEN total_bayar ELSE 0 END) as total_pendapatan,
        SUM(CASE WHEN status = \'Lunas\' AND metode_pembayaran = \'Tunai\' THEN total_bayar ELSE 0 END) as total_tunai,
        SUM(CASE WHEN status = \'Lunas\' AND metode_pembayaran = \'QRIS\' THEN total_bayar ELSE 0 END) as total_qris,
        SUM(CASE WHEN status = \'Lunas\' AND metode_pembayaran = \'Transfer\' THEN total_bayar ELSE 0 END) as total_transfer,
        SUM(CASE WHEN status = \'Lunas\' AND metode_pembayaran = \'EDC\' THEN total_bayar ELSE 0 END) as total_edc,
        COUNT(CASE WHEN status = \'Batal\' THEN 1 END) as jumlah_batal
FROM `transaksi`
WHERE `id_user` = \'2\'
AND DATE(created_at) = \'2026-05-09\'')
 3 SYSTEMPATH\Database\BaseBuilder.php(1649): CodeIgniter\Database\BaseConnection->query('SELECT SUM(CASE WHEN status = \'Lunas\' THEN total_bayar ELSE 0 END) as total_pendapatan,
        SUM(CASE WHEN status = \'Lunas\' AND metode_pembayaran = \'Tunai\' THEN total_bayar ELSE 0 END) as total_tunai,
        SUM(CASE WHEN status = \'Lunas\' AND metode_pembayaran = \'QRIS\' THEN total_bayar ELSE 0 END) as total_qris,
        SUM(CASE WHEN status = \'Lunas\' AND metode_pembayaran = \'Transfer\' THEN total_bayar ELSE 0 END) as total_transfer,
        SUM(CASE WHEN status = \'Lunas\' AND metode_pembayaran = \'EDC\' THEN total_bayar ELSE 0 END) as total_edc,
        COUNT(CASE WHEN status = \'Batal\' THEN 1 END) as jumlah_batal
FROM `transaksi`
WHERE `id_user` = :id_user:
AND DATE(created_at) = :DATE(created_at):', [...], false)
 4 APPPATH\Controllers\Kasir.php(35): CodeIgniter\Database\BaseBuilder->get()
 5 SYSTEMPATH\CodeIgniter.php(933): App\Controllers\Kasir->index()
 6 SYSTEMPATH\CodeIgniter.php(507): CodeIgniter\CodeIgniter->runController(Object(App\Controllers\Kasir))
 7 SYSTEMPATH\CodeIgniter.php(354): CodeIgniter\CodeIgniter->handleRequest(null, Object(Config\Cache), false)
 8 SYSTEMPATH\Boot.php(363): CodeIgniter\CodeIgniter->run()
 9 SYSTEMPATH\Boot.php(68): CodeIgniter\Boot::runCodeIgniter(Object(CodeIgniter\CodeIgniter))
10 FCPATH\index.php(59): CodeIgniter\Boot::bootWeb(Object(Config\Paths))
11 SYSTEMPATH\rewrite.php(44): require_once('C:\\xampp\\htdocs\\kasirpos\\public\\index.php')
CRITICAL - 2026-05-09 13:47:30 --> [Caused by] mysqli_sql_exception: Unknown column 'id_user' in 'where clause'
in SYSTEMPATH\Database\MySQLi\Connection.php on line 327.
 1 SYSTEMPATH\Database\MySQLi\Connection.php(327): mysqli->query('SELECT SUM(CASE WHEN status = \'Lunas\' THEN total_bayar ELSE 0 END) as total_pendapatan,
        SUM(CASE WHEN status = \'Lunas\' AND metode_pembayaran = \'Tunai\' THEN total_bayar ELSE 0 END) as total_tunai,
        SUM(CASE WHEN status = \'Lunas\' AND metode_pembayaran = \'QRIS\' THEN total_bayar ELSE 0 END) as total_qris,
        SUM(CASE WHEN status = \'Lunas\' AND metode_pembayaran = \'Transfer\' THEN total_bayar ELSE 0 END) as total_transfer,
        SUM(CASE WHEN status = \'Lunas\' AND metode_pembayaran = \'EDC\' THEN total_bayar ELSE 0 END) as total_edc,
        COUNT(CASE WHEN status = \'Batal\' THEN 1 END) as jumlah_batal
FROM `transaksi`
WHERE `id_user` = \'2\'
AND DATE(created_at) = \'2026-05-09\'', 0)
 2 SYSTEMPATH\Database\BaseConnection.php(729): CodeIgniter\Database\MySQLi\Connection->execute('SELECT SUM(CASE WHEN status = \'Lunas\' THEN total_bayar ELSE 0 END) as total_pendapatan,
        SUM(CASE WHEN status = \'Lunas\' AND metode_pembayaran = \'Tunai\' THEN total_bayar ELSE 0 END) as total_tunai,
        SUM(CASE WHEN status = \'Lunas\' AND metode_pembayaran = \'QRIS\' THEN total_bayar ELSE 0 END) as total_qris,
        SUM(CASE WHEN status = \'Lunas\' AND metode_pembayaran = \'Transfer\' THEN total_bayar ELSE 0 END) as total_transfer,
        SUM(CASE WHEN status = \'Lunas\' AND metode_pembayaran = \'EDC\' THEN total_bayar ELSE 0 END) as total_edc,
        COUNT(CASE WHEN status = \'Batal\' THEN 1 END) as jumlah_batal
FROM `transaksi`
WHERE `id_user` = \'2\'
AND DATE(created_at) = \'2026-05-09\'')
 3 SYSTEMPATH\Database\BaseConnection.php(646): CodeIgniter\Database\BaseConnection->simpleQuery('SELECT SUM(CASE WHEN status = \'Lunas\' THEN total_bayar ELSE 0 END) as total_pendapatan,
        SUM(CASE WHEN status = \'Lunas\' AND metode_pembayaran = \'Tunai\' THEN total_bayar ELSE 0 END) as total_tunai,
        SUM(CASE WHEN status = \'Lunas\' AND metode_pembayaran = \'QRIS\' THEN total_bayar ELSE 0 END) as total_qris,
        SUM(CASE WHEN status = \'Lunas\' AND metode_pembayaran = \'Transfer\' THEN total_bayar ELSE 0 END) as total_transfer,
        SUM(CASE WHEN status = \'Lunas\' AND metode_pembayaran = \'EDC\' THEN total_bayar ELSE 0 END) as total_edc,
        COUNT(CASE WHEN status = \'Batal\' THEN 1 END) as jumlah_batal
FROM `transaksi`
WHERE `id_user` = \'2\'
AND DATE(created_at) = \'2026-05-09\'')
 4 SYSTEMPATH\Database\BaseBuilder.php(1649): CodeIgniter\Database\BaseConnection->query('SELECT SUM(CASE WHEN status = \'Lunas\' THEN total_bayar ELSE 0 END) as total_pendapatan,
        SUM(CASE WHEN status = \'Lunas\' AND metode_pembayaran = \'Tunai\' THEN total_bayar ELSE 0 END) as total_tunai,
        SUM(CASE WHEN status = \'Lunas\' AND metode_pembayaran = \'QRIS\' THEN total_bayar ELSE 0 END) as total_qris,
        SUM(CASE WHEN status = \'Lunas\' AND metode_pembayaran = \'Transfer\' THEN total_bayar ELSE 0 END) as total_transfer,
        SUM(CASE WHEN status = \'Lunas\' AND metode_pembayaran = \'EDC\' THEN total_bayar ELSE 0 END) as total_edc,
        COUNT(CASE WHEN status = \'Batal\' THEN 1 END) as jumlah_batal
FROM `transaksi`
WHERE `id_user` = :id_user:
AND DATE(created_at) = :DATE(created_at):', [...], false)
 5 APPPATH\Controllers\Kasir.php(35): CodeIgniter\Database\BaseBuilder->get()
 6 SYSTEMPATH\CodeIgniter.php(933): App\Controllers\Kasir->index()
 7 SYSTEMPATH\CodeIgniter.php(507): CodeIgniter\CodeIgniter->runController(Object(App\Controllers\Kasir))
 8 SYSTEMPATH\CodeIgniter.php(354): CodeIgniter\CodeIgniter->handleRequest(null, Object(Config\Cache), false)
 9 SYSTEMPATH\Boot.php(363): CodeIgniter\CodeIgniter->run()
10 SYSTEMPATH\Boot.php(68): CodeIgniter\Boot::runCodeIgniter(Object(CodeIgniter\CodeIgniter))
11 FCPATH\index.php(59): CodeIgniter\Boot::bootWeb(Object(Config\Paths))
12 SYSTEMPATH\rewrite.php(44): require_once('C:\\xampp\\htdocs\\kasirpos\\public\\index.php')
DEBUG - 2026-05-09 13:47:52 --> Session: Class initialized using 'CodeIgniter\Session\Handlers\FileHandler' driver.
DEBUG - 2026-05-09 13:47:54 --> Session: Class initialized using 'CodeIgniter\Session\Handlers\FileHandler' driver.
DEBUG - 2026-05-09 13:47:54 --> Session: Class initialized using 'CodeIgniter\Session\Handlers\FileHandler' driver.
DEBUG - 2026-05-09 06:47:55 --> Session: Class initialized using 'CodeIgniter\Session\Handlers\FileHandler' driver.
ERROR - 2026-05-09 13:47:55 --> mysqli_sql_exception: Unknown column 'id_user' in 'where clause' in C:\xampp\htdocs\kasirpos\system\Database\MySQLi\Connection.php:327
Stack trace:
#0 C:\xampp\htdocs\kasirpos\system\Database\MySQLi\Connection.php(327): mysqli->query('SELECT SUM(CASE...', 0)
#1 C:\xampp\htdocs\kasirpos\system\Database\BaseConnection.php(729): CodeIgniter\Database\MySQLi\Connection->execute('SELECT SUM(CASE...')
#2 C:\xampp\htdocs\kasirpos\system\Database\BaseConnection.php(646): CodeIgniter\Database\BaseConnection->simpleQuery('SELECT SUM(CASE...')
#3 C:\xampp\htdocs\kasirpos\system\Database\BaseBuilder.php(1649): CodeIgniter\Database\BaseConnection->query('SELECT SUM(CASE...', Array, false)
#4 C:\xampp\htdocs\kasirpos\app\Controllers\Kasir.php(35): CodeIgniter\Database\BaseBuilder->get()
#5 C:\xampp\htdocs\kasirpos\system\CodeIgniter.php(933): App\Controllers\Kasir->index()
#6 C:\xampp\htdocs\kasirpos\system\CodeIgniter.php(507): CodeIgniter\CodeIgniter->runController(Object(App\Controllers\Kasir))
#7 C:\xampp\htdocs\kasirpos\system\CodeIgniter.php(354): CodeIgniter\CodeIgniter->handleRequest(NULL, Object(Config\Cache), false)
#8 C:\xampp\htdocs\kasirpos\system\Boot.php(363): CodeIgniter\CodeIgniter->run()
#9 C:\xampp\htdocs\kasirpos\system\Boot.php(68): CodeIgniter\Boot::runCodeIgniter(Object(CodeIgniter\CodeIgniter))
#10 C:\xampp\htdocs\kasirpos\public\index.php(59): CodeIgniter\Boot::bootWeb(Object(Config\Paths))
#11 C:\xampp\htdocs\kasirpos\system\rewrite.php(44): require_once('C:\\xampp\\htdocs...')
#12 {main}
CRITICAL - 2026-05-09 13:47:55 --> CodeIgniter\Database\Exceptions\DatabaseException: Unknown column 'id_user' in 'where clause'
[Method: GET, Route: kasir/transaksi]
in SYSTEMPATH\Database\BaseConnection.php on line 684.
 1 SYSTEMPATH\Database\BaseBuilder.php(1649): CodeIgniter\Database\BaseConnection->query('SELECT SUM(CASE WHEN status = \'Lunas\' THEN total_bayar ELSE 0 END) as total_pendapatan,
        SUM(CASE WHEN status = \'Lunas\' AND metode_pembayaran = \'Tunai\' THEN total_bayar ELSE 0 END) as total_tunai,
        SUM(CASE WHEN status = \'Lunas\' AND metode_pembayaran = \'QRIS\' THEN total_bayar ELSE 0 END) as total_qris,
        SUM(CASE WHEN status = \'Lunas\' AND metode_pembayaran = \'Transfer\' THEN total_bayar ELSE 0 END) as total_transfer,
        SUM(CASE WHEN status = \'Lunas\' AND metode_pembayaran = \'EDC\' THEN total_bayar ELSE 0 END) as total_edc,
        COUNT(CASE WHEN status = \'Batal\' THEN 1 END) as jumlah_batal
FROM `transaksi`
WHERE `id_user` = :id_user:
AND DATE(created_at) = :DATE(created_at):', [...], false)
 2 APPPATH\Controllers\Kasir.php(35): CodeIgniter\Database\BaseBuilder->get()
 3 SYSTEMPATH\CodeIgniter.php(933): App\Controllers\Kasir->index()
 4 SYSTEMPATH\CodeIgniter.php(507): CodeIgniter\CodeIgniter->runController(Object(App\Controllers\Kasir))
 5 SYSTEMPATH\CodeIgniter.php(354): CodeIgniter\CodeIgniter->handleRequest(null, Object(Config\Cache), false)
 6 SYSTEMPATH\Boot.php(363): CodeIgniter\CodeIgniter->run()
 7 SYSTEMPATH\Boot.php(68): CodeIgniter\Boot::runCodeIgniter(Object(CodeIgniter\CodeIgniter))
 8 FCPATH\index.php(59): CodeIgniter\Boot::bootWeb(Object(Config\Paths))
 9 SYSTEMPATH\rewrite.php(44): require_once('C:\\xampp\\htdocs\\kasirpos\\public\\index.php')
CRITICAL - 2026-05-09 13:47:55 --> [Caused by] CodeIgniter\Database\Exceptions\DatabaseException: Unknown column 'id_user' in 'where clause'
in SYSTEMPATH\Database\MySQLi\Connection.php on line 332.
 1 SYSTEMPATH\Database\BaseConnection.php(729): CodeIgniter\Database\MySQLi\Connection->execute('SELECT SUM(CASE WHEN status = \'Lunas\' THEN total_bayar ELSE 0 END) as total_pendapatan,
        SUM(CASE WHEN status = \'Lunas\' AND metode_pembayaran = \'Tunai\' THEN total_bayar ELSE 0 END) as total_tunai,
        SUM(CASE WHEN status = \'Lunas\' AND metode_pembayaran = \'QRIS\' THEN total_bayar ELSE 0 END) as total_qris,
        SUM(CASE WHEN status = \'Lunas\' AND metode_pembayaran = \'Transfer\' THEN total_bayar ELSE 0 END) as total_transfer,
        SUM(CASE WHEN status = \'Lunas\' AND metode_pembayaran = \'EDC\' THEN total_bayar ELSE 0 END) as total_edc,
        COUNT(CASE WHEN status = \'Batal\' THEN 1 END) as jumlah_batal
FROM `transaksi`
WHERE `id_user` = \'2\'
AND DATE(created_at) = \'2026-05-09\'')
 2 SYSTEMPATH\Database\BaseConnection.php(646): CodeIgniter\Database\BaseConnection->simpleQuery('SELECT SUM(CASE WHEN status = \'Lunas\' THEN total_bayar ELSE 0 END) as total_pendapatan,
        SUM(CASE WHEN status = \'Lunas\' AND metode_pembayaran = \'Tunai\' THEN total_bayar ELSE 0 END) as total_tunai,
        SUM(CASE WHEN status = \'Lunas\' AND metode_pembayaran = \'QRIS\' THEN total_bayar ELSE 0 END) as total_qris,
        SUM(CASE WHEN status = \'Lunas\' AND metode_pembayaran = \'Transfer\' THEN total_bayar ELSE 0 END) as total_transfer,
        SUM(CASE WHEN status = \'Lunas\' AND metode_pembayaran = \'EDC\' THEN total_bayar ELSE 0 END) as total_edc,
        COUNT(CASE WHEN status = \'Batal\' THEN 1 END) as jumlah_batal
FROM `transaksi`
WHERE `id_user` = \'2\'
AND DATE(created_at) = \'2026-05-09\'')
 3 SYSTEMPATH\Database\BaseBuilder.php(1649): CodeIgniter\Database\BaseConnection->query('SELECT SUM(CASE WHEN status = \'Lunas\' THEN total_bayar ELSE 0 END) as total_pendapatan,
        SUM(CASE WHEN status = \'Lunas\' AND metode_pembayaran = \'Tunai\' THEN total_bayar ELSE 0 END) as total_tunai,
        SUM(CASE WHEN status = \'Lunas\' AND metode_pembayaran = \'QRIS\' THEN total_bayar ELSE 0 END) as total_qris,
        SUM(CASE WHEN status = \'Lunas\' AND metode_pembayaran = \'Transfer\' THEN total_bayar ELSE 0 END) as total_transfer,
        SUM(CASE WHEN status = \'Lunas\' AND metode_pembayaran = \'EDC\' THEN total_bayar ELSE 0 END) as total_edc,
        COUNT(CASE WHEN status = \'Batal\' THEN 1 END) as jumlah_batal
FROM `transaksi`
WHERE `id_user` = :id_user:
AND DATE(created_at) = :DATE(created_at):', [...], false)
 4 APPPATH\Controllers\Kasir.php(35): CodeIgniter\Database\BaseBuilder->get()
 5 SYSTEMPATH\CodeIgniter.php(933): App\Controllers\Kasir->index()
 6 SYSTEMPATH\CodeIgniter.php(507): CodeIgniter\CodeIgniter->runController(Object(App\Controllers\Kasir))
 7 SYSTEMPATH\CodeIgniter.php(354): CodeIgniter\CodeIgniter->handleRequest(null, Object(Config\Cache), false)
 8 SYSTEMPATH\Boot.php(363): CodeIgniter\CodeIgniter->run()
 9 SYSTEMPATH\Boot.php(68): CodeIgniter\Boot::runCodeIgniter(Object(CodeIgniter\CodeIgniter))
10 FCPATH\index.php(59): CodeIgniter\Boot::bootWeb(Object(Config\Paths))
11 SYSTEMPATH\rewrite.php(44): require_once('C:\\xampp\\htdocs\\kasirpos\\public\\index.php')
CRITICAL - 2026-05-09 13:47:55 --> [Caused by] mysqli_sql_exception: Unknown column 'id_user' in 'where clause'
in SYSTEMPATH\Database\MySQLi\Connection.php on line 327.
 1 SYSTEMPATH\Database\MySQLi\Connection.php(327): mysqli->query('SELECT SUM(CASE WHEN status = \'Lunas\' THEN total_bayar ELSE 0 END) as total_pendapatan,
        SUM(CASE WHEN status = \'Lunas\' AND metode_pembayaran = \'Tunai\' THEN total_bayar ELSE 0 END) as total_tunai,
        SUM(CASE WHEN status = \'Lunas\' AND metode_pembayaran = \'QRIS\' THEN total_bayar ELSE 0 END) as total_qris,
        SUM(CASE WHEN status = \'Lunas\' AND metode_pembayaran = \'Transfer\' THEN total_bayar ELSE 0 END) as total_transfer,
        SUM(CASE WHEN status = \'Lunas\' AND metode_pembayaran = \'EDC\' THEN total_bayar ELSE 0 END) as total_edc,
        COUNT(CASE WHEN status = \'Batal\' THEN 1 END) as jumlah_batal
FROM `transaksi`
WHERE `id_user` = \'2\'
AND DATE(created_at) = \'2026-05-09\'', 0)
 2 SYSTEMPATH\Database\BaseConnection.php(729): CodeIgniter\Database\MySQLi\Connection->execute('SELECT SUM(CASE WHEN status = \'Lunas\' THEN total_bayar ELSE 0 END) as total_pendapatan,
        SUM(CASE WHEN status = \'Lunas\' AND metode_pembayaran = \'Tunai\' THEN total_bayar ELSE 0 END) as total_tunai,
        SUM(CASE WHEN status = \'Lunas\' AND metode_pembayaran = \'QRIS\' THEN total_bayar ELSE 0 END) as total_qris,
        SUM(CASE WHEN status = \'Lunas\' AND metode_pembayaran = \'Transfer\' THEN total_bayar ELSE 0 END) as total_transfer,
        SUM(CASE WHEN status = \'Lunas\' AND metode_pembayaran = \'EDC\' THEN total_bayar ELSE 0 END) as total_edc,
        COUNT(CASE WHEN status = \'Batal\' THEN 1 END) as jumlah_batal
FROM `transaksi`
WHERE `id_user` = \'2\'
AND DATE(created_at) = \'2026-05-09\'')
 3 SYSTEMPATH\Database\BaseConnection.php(646): CodeIgniter\Database\BaseConnection->simpleQuery('SELECT SUM(CASE WHEN status = \'Lunas\' THEN total_bayar ELSE 0 END) as total_pendapatan,
        SUM(CASE WHEN status = \'Lunas\' AND metode_pembayaran = \'Tunai\' THEN total_bayar ELSE 0 END) as total_tunai,
        SUM(CASE WHEN status = \'Lunas\' AND metode_pembayaran = \'QRIS\' THEN total_bayar ELSE 0 END) as total_qris,
        SUM(CASE WHEN status = \'Lunas\' AND metode_pembayaran = \'Transfer\' THEN total_bayar ELSE 0 END) as total_transfer,
        SUM(CASE WHEN status = \'Lunas\' AND metode_pembayaran = \'EDC\' THEN total_bayar ELSE 0 END) as total_edc,
        COUNT(CASE WHEN status = \'Batal\' THEN 1 END) as jumlah_batal
FROM `transaksi`
WHERE `id_user` = \'2\'
AND DATE(created_at) = \'2026-05-09\'')
 4 SYSTEMPATH\Database\BaseBuilder.php(1649): CodeIgniter\Database\BaseConnection->query('SELECT SUM(CASE WHEN status = \'Lunas\' THEN total_bayar ELSE 0 END) as total_pendapatan,
        SUM(CASE WHEN status = \'Lunas\' AND metode_pembayaran = \'Tunai\' THEN total_bayar ELSE 0 END) as total_tunai,
        SUM(CASE WHEN status = \'Lunas\' AND metode_pembayaran = \'QRIS\' THEN total_bayar ELSE 0 END) as total_qris,
        SUM(CASE WHEN status = \'Lunas\' AND metode_pembayaran = \'Transfer\' THEN total_bayar ELSE 0 END) as total_transfer,
        SUM(CASE WHEN status = \'Lunas\' AND metode_pembayaran = \'EDC\' THEN total_bayar ELSE 0 END) as total_edc,
        COUNT(CASE WHEN status = \'Batal\' THEN 1 END) as jumlah_batal
FROM `transaksi`
WHERE `id_user` = :id_user:
AND DATE(created_at) = :DATE(created_at):', [...], false)
 5 APPPATH\Controllers\Kasir.php(35): CodeIgniter\Database\BaseBuilder->get()
 6 SYSTEMPATH\CodeIgniter.php(933): App\Controllers\Kasir->index()
 7 SYSTEMPATH\CodeIgniter.php(507): CodeIgniter\CodeIgniter->runController(Object(App\Controllers\Kasir))
 8 SYSTEMPATH\CodeIgniter.php(354): CodeIgniter\CodeIgniter->handleRequest(null, Object(Config\Cache), false)
 9 SYSTEMPATH\Boot.php(363): CodeIgniter\CodeIgniter->run()
10 SYSTEMPATH\Boot.php(68): CodeIgniter\Boot::runCodeIgniter(Object(CodeIgniter\CodeIgniter))
11 FCPATH\index.php(59): CodeIgniter\Boot::bootWeb(Object(Config\Paths))
12 SYSTEMPATH\rewrite.php(44): require_once('C:\\xampp\\htdocs\\kasirpos\\public\\index.php')
DEBUG - 2026-05-09 06:49:43 --> Session: Class initialized using 'CodeIgniter\Session\Handlers\FileHandler' driver.
ERROR - 2026-05-09 13:49:43 --> mysqli_sql_exception: Unknown column 'id_user' in 'where clause' in C:\xampp\htdocs\kasirpos\system\Database\MySQLi\Connection.php:327
Stack trace:
#0 C:\xampp\htdocs\kasirpos\system\Database\MySQLi\Connection.php(327): mysqli->query('SELECT SUM(CASE...', 0)
#1 C:\xampp\htdocs\kasirpos\system\Database\BaseConnection.php(729): CodeIgniter\Database\MySQLi\Connection->execute('SELECT SUM(CASE...')
#2 C:\xampp\htdocs\kasirpos\system\Database\BaseConnection.php(646): CodeIgniter\Database\BaseConnection->simpleQuery('SELECT SUM(CASE...')
#3 C:\xampp\htdocs\kasirpos\system\Database\BaseBuilder.php(1649): CodeIgniter\Database\BaseConnection->query('SELECT SUM(CASE...', Array, false)
#4 C:\xampp\htdocs\kasirpos\app\Controllers\Kasir.php(35): CodeIgniter\Database\BaseBuilder->get()
#5 C:\xampp\htdocs\kasirpos\system\CodeIgniter.php(933): App\Controllers\Kasir->index()
#6 C:\xampp\htdocs\kasirpos\system\CodeIgniter.php(507): CodeIgniter\CodeIgniter->runController(Object(App\Controllers\Kasir))
#7 C:\xampp\htdocs\kasirpos\system\CodeIgniter.php(354): CodeIgniter\CodeIgniter->handleRequest(NULL, Object(Config\Cache), false)
#8 C:\xampp\htdocs\kasirpos\system\Boot.php(363): CodeIgniter\CodeIgniter->run()
#9 C:\xampp\htdocs\kasirpos\system\Boot.php(68): CodeIgniter\Boot::runCodeIgniter(Object(CodeIgniter\CodeIgniter))
#10 C:\xampp\htdocs\kasirpos\public\index.php(59): CodeIgniter\Boot::bootWeb(Object(Config\Paths))
#11 C:\xampp\htdocs\kasirpos\system\rewrite.php(44): require_once('C:\\xampp\\htdocs...')
#12 {main}
CRITICAL - 2026-05-09 13:49:43 --> CodeIgniter\Database\Exceptions\DatabaseException: Unknown column 'id_user' in 'where clause'
[Method: GET, Route: kasir/transaksi]
in SYSTEMPATH\Database\BaseConnection.php on line 684.
 1 SYSTEMPATH\Database\BaseBuilder.php(1649): CodeIgniter\Database\BaseConnection->query('SELECT SUM(CASE WHEN status = \'Lunas\' THEN total_bayar ELSE 0 END) as total_pendapatan,
        SUM(CASE WHEN status = \'Lunas\' AND metode_pembayaran = \'Tunai\' THEN total_bayar ELSE 0 END) as total_tunai,
        SUM(CASE WHEN status = \'Lunas\' AND metode_pembayaran = \'QRIS\' THEN total_bayar ELSE 0 END) as total_qris,
        SUM(CASE WHEN status = \'Lunas\' AND metode_pembayaran = \'Transfer\' THEN total_bayar ELSE 0 END) as total_transfer,
        SUM(CASE WHEN status = \'Lunas\' AND metode_pembayaran = \'EDC\' THEN total_bayar ELSE 0 END) as total_edc,
        COUNT(CASE WHEN status = \'Batal\' THEN 1 END) as jumlah_batal
FROM `transaksi`
WHERE `id_user` = :id_user:
AND DATE(created_at) = :DATE(created_at):', [...], false)
 2 APPPATH\Controllers\Kasir.php(35): CodeIgniter\Database\BaseBuilder->get()
 3 SYSTEMPATH\CodeIgniter.php(933): App\Controllers\Kasir->index()
 4 SYSTEMPATH\CodeIgniter.php(507): CodeIgniter\CodeIgniter->runController(Object(App\Controllers\Kasir))
 5 SYSTEMPATH\CodeIgniter.php(354): CodeIgniter\CodeIgniter->handleRequest(null, Object(Config\Cache), false)
 6 SYSTEMPATH\Boot.php(363): CodeIgniter\CodeIgniter->run()
 7 SYSTEMPATH\Boot.php(68): CodeIgniter\Boot::runCodeIgniter(Object(CodeIgniter\CodeIgniter))
 8 FCPATH\index.php(59): CodeIgniter\Boot::bootWeb(Object(Config\Paths))
 9 SYSTEMPATH\rewrite.php(44): require_once('C:\\xampp\\htdocs\\kasirpos\\public\\index.php')
CRITICAL - 2026-05-09 13:49:43 --> [Caused by] CodeIgniter\Database\Exceptions\DatabaseException: Unknown column 'id_user' in 'where clause'
in SYSTEMPATH\Database\MySQLi\Connection.php on line 332.
 1 SYSTEMPATH\Database\BaseConnection.php(729): CodeIgniter\Database\MySQLi\Connection->execute('SELECT SUM(CASE WHEN status = \'Lunas\' THEN total_bayar ELSE 0 END) as total_pendapatan,
        SUM(CASE WHEN status = \'Lunas\' AND metode_pembayaran = \'Tunai\' THEN total_bayar ELSE 0 END) as total_tunai,
        SUM(CASE WHEN status = \'Lunas\' AND metode_pembayaran = \'QRIS\' THEN total_bayar ELSE 0 END) as total_qris,
        SUM(CASE WHEN status = \'Lunas\' AND metode_pembayaran = \'Transfer\' THEN total_bayar ELSE 0 END) as total_transfer,
        SUM(CASE WHEN status = \'Lunas\' AND metode_pembayaran = \'EDC\' THEN total_bayar ELSE 0 END) as total_edc,
        COUNT(CASE WHEN status = \'Batal\' THEN 1 END) as jumlah_batal
FROM `transaksi`
WHERE `id_user` = \'2\'
AND DATE(created_at) = \'2026-05-09\'')
 2 SYSTEMPATH\Database\BaseConnection.php(646): CodeIgniter\Database\BaseConnection->simpleQuery('SELECT SUM(CASE WHEN status = \'Lunas\' THEN total_bayar ELSE 0 END) as total_pendapatan,
        SUM(CASE WHEN status = \'Lunas\' AND metode_pembayaran = \'Tunai\' THEN total_bayar ELSE 0 END) as total_tunai,
        SUM(CASE WHEN status = \'Lunas\' AND metode_pembayaran = \'QRIS\' THEN total_bayar ELSE 0 END) as total_qris,
        SUM(CASE WHEN status = \'Lunas\' AND metode_pembayaran = \'Transfer\' THEN total_bayar ELSE 0 END) as total_transfer,
        SUM(CASE WHEN status = \'Lunas\' AND metode_pembayaran = \'EDC\' THEN total_bayar ELSE 0 END) as total_edc,
        COUNT(CASE WHEN status = \'Batal\' THEN 1 END) as jumlah_batal
FROM `transaksi`
WHERE `id_user` = \'2\'
AND DATE(created_at) = \'2026-05-09\'')
 3 SYSTEMPATH\Database\BaseBuilder.php(1649): CodeIgniter\Database\BaseConnection->query('SELECT SUM(CASE WHEN status = \'Lunas\' THEN total_bayar ELSE 0 END) as total_pendapatan,
        SUM(CASE WHEN status = \'Lunas\' AND metode_pembayaran = \'Tunai\' THEN total_bayar ELSE 0 END) as total_tunai,
        SUM(CASE WHEN status = \'Lunas\' AND metode_pembayaran = \'QRIS\' THEN total_bayar ELSE 0 END) as total_qris,
        SUM(CASE WHEN status = \'Lunas\' AND metode_pembayaran = \'Transfer\' THEN total_bayar ELSE 0 END) as total_transfer,
        SUM(CASE WHEN status = \'Lunas\' AND metode_pembayaran = \'EDC\' THEN total_bayar ELSE 0 END) as total_edc,
        COUNT(CASE WHEN status = \'Batal\' THEN 1 END) as jumlah_batal
FROM `transaksi`
WHERE `id_user` = :id_user:
AND DATE(created_at) = :DATE(created_at):', [...], false)
 4 APPPATH\Controllers\Kasir.php(35): CodeIgniter\Database\BaseBuilder->get()
 5 SYSTEMPATH\CodeIgniter.php(933): App\Controllers\Kasir->index()
 6 SYSTEMPATH\CodeIgniter.php(507): CodeIgniter\CodeIgniter->runController(Object(App\Controllers\Kasir))
 7 SYSTEMPATH\CodeIgniter.php(354): CodeIgniter\CodeIgniter->handleRequest(null, Object(Config\Cache), false)
 8 SYSTEMPATH\Boot.php(363): CodeIgniter\CodeIgniter->run()
 9 SYSTEMPATH\Boot.php(68): CodeIgniter\Boot::runCodeIgniter(Object(CodeIgniter\CodeIgniter))
10 FCPATH\index.php(59): CodeIgniter\Boot::bootWeb(Object(Config\Paths))
11 SYSTEMPATH\rewrite.php(44): require_once('C:\\xampp\\htdocs\\kasirpos\\public\\index.php')
CRITICAL - 2026-05-09 13:49:43 --> [Caused by] mysqli_sql_exception: Unknown column 'id_user' in 'where clause'
in SYSTEMPATH\Database\MySQLi\Connection.php on line 327.
 1 SYSTEMPATH\Database\MySQLi\Connection.php(327): mysqli->query('SELECT SUM(CASE WHEN status = \'Lunas\' THEN total_bayar ELSE 0 END) as total_pendapatan,
        SUM(CASE WHEN status = \'Lunas\' AND metode_pembayaran = \'Tunai\' THEN total_bayar ELSE 0 END) as total_tunai,
        SUM(CASE WHEN status = \'Lunas\' AND metode_pembayaran = \'QRIS\' THEN total_bayar ELSE 0 END) as total_qris,
        SUM(CASE WHEN status = \'Lunas\' AND metode_pembayaran = \'Transfer\' THEN total_bayar ELSE 0 END) as total_transfer,
        SUM(CASE WHEN status = \'Lunas\' AND metode_pembayaran = \'EDC\' THEN total_bayar ELSE 0 END) as total_edc,
        COUNT(CASE WHEN status = \'Batal\' THEN 1 END) as jumlah_batal
FROM `transaksi`
WHERE `id_user` = \'2\'
AND DATE(created_at) = \'2026-05-09\'', 0)
 2 SYSTEMPATH\Database\BaseConnection.php(729): CodeIgniter\Database\MySQLi\Connection->execute('SELECT SUM(CASE WHEN status = \'Lunas\' THEN total_bayar ELSE 0 END) as total_pendapatan,
        SUM(CASE WHEN status = \'Lunas\' AND metode_pembayaran = \'Tunai\' THEN total_bayar ELSE 0 END) as total_tunai,
        SUM(CASE WHEN status = \'Lunas\' AND metode_pembayaran = \'QRIS\' THEN total_bayar ELSE 0 END) as total_qris,
        SUM(CASE WHEN status = \'Lunas\' AND metode_pembayaran = \'Transfer\' THEN total_bayar ELSE 0 END) as total_transfer,
        SUM(CASE WHEN status = \'Lunas\' AND metode_pembayaran = \'EDC\' THEN total_bayar ELSE 0 END) as total_edc,
        COUNT(CASE WHEN status = \'Batal\' THEN 1 END) as jumlah_batal
FROM `transaksi`
WHERE `id_user` = \'2\'
AND DATE(created_at) = \'2026-05-09\'')
 3 SYSTEMPATH\Database\BaseConnection.php(646): CodeIgniter\Database\BaseConnection->simpleQuery('SELECT SUM(CASE WHEN status = \'Lunas\' THEN total_bayar ELSE 0 END) as total_pendapatan,
        SUM(CASE WHEN status = \'Lunas\' AND metode_pembayaran = \'Tunai\' THEN total_bayar ELSE 0 END) as total_tunai,
        SUM(CASE WHEN status = \'Lunas\' AND metode_pembayaran = \'QRIS\' THEN total_bayar ELSE 0 END) as total_qris,
        SUM(CASE WHEN status = \'Lunas\' AND metode_pembayaran = \'Transfer\' THEN total_bayar ELSE 0 END) as total_transfer,
        SUM(CASE WHEN status = \'Lunas\' AND metode_pembayaran = \'EDC\' THEN total_bayar ELSE 0 END) as total_edc,
        COUNT(CASE WHEN status = \'Batal\' THEN 1 END) as jumlah_batal
FROM `transaksi`
WHERE `id_user` = \'2\'
AND DATE(created_at) = \'2026-05-09\'')
 4 SYSTEMPATH\Database\BaseBuilder.php(1649): CodeIgniter\Database\BaseConnection->query('SELECT SUM(CASE WHEN status = \'Lunas\' THEN total_bayar ELSE 0 END) as total_pendapatan,
        SUM(CASE WHEN status = \'Lunas\' AND metode_pembayaran = \'Tunai\' THEN total_bayar ELSE 0 END) as total_tunai,
        SUM(CASE WHEN status = \'Lunas\' AND metode_pembayaran = \'QRIS\' THEN total_bayar ELSE 0 END) as total_qris,
        SUM(CASE WHEN status = \'Lunas\' AND metode_pembayaran = \'Transfer\' THEN total_bayar ELSE 0 END) as total_transfer,
        SUM(CASE WHEN status = \'Lunas\' AND metode_pembayaran = \'EDC\' THEN total_bayar ELSE 0 END) as total_edc,
        COUNT(CASE WHEN status = \'Batal\' THEN 1 END) as jumlah_batal
FROM `transaksi`
WHERE `id_user` = :id_user:
AND DATE(created_at) = :DATE(created_at):', [...], false)
 5 APPPATH\Controllers\Kasir.php(35): CodeIgniter\Database\BaseBuilder->get()
 6 SYSTEMPATH\CodeIgniter.php(933): App\Controllers\Kasir->index()
 7 SYSTEMPATH\CodeIgniter.php(507): CodeIgniter\CodeIgniter->runController(Object(App\Controllers\Kasir))
 8 SYSTEMPATH\CodeIgniter.php(354): CodeIgniter\CodeIgniter->handleRequest(null, Object(Config\Cache), false)
 9 SYSTEMPATH\Boot.php(363): CodeIgniter\CodeIgniter->run()
10 SYSTEMPATH\Boot.php(68): CodeIgniter\Boot::runCodeIgniter(Object(CodeIgniter\CodeIgniter))
11 FCPATH\index.php(59): CodeIgniter\Boot::bootWeb(Object(Config\Paths))
12 SYSTEMPATH\rewrite.php(44): require_once('C:\\xampp\\htdocs\\kasirpos\\public\\index.php')
DEBUG - 2026-05-09 06:50:35 --> Session: Class initialized using 'CodeIgniter\Session\Handlers\FileHandler' driver.
ERROR - 2026-05-09 13:50:35 --> mysqli_sql_exception: Unknown column 'id_user' in 'where clause' in C:\xampp\htdocs\kasirpos\system\Database\MySQLi\Connection.php:327
Stack trace:
#0 C:\xampp\htdocs\kasirpos\system\Database\MySQLi\Connection.php(327): mysqli->query('SELECT SUM(CASE...', 0)
#1 C:\xampp\htdocs\kasirpos\system\Database\BaseConnection.php(729): CodeIgniter\Database\MySQLi\Connection->execute('SELECT SUM(CASE...')
#2 C:\xampp\htdocs\kasirpos\system\Database\BaseConnection.php(646): CodeIgniter\Database\BaseConnection->simpleQuery('SELECT SUM(CASE...')
#3 C:\xampp\htdocs\kasirpos\system\Database\BaseBuilder.php(1649): CodeIgniter\Database\BaseConnection->query('SELECT SUM(CASE...', Array, false)
#4 C:\xampp\htdocs\kasirpos\app\Controllers\Kasir.php(35): CodeIgniter\Database\BaseBuilder->get()
#5 C:\xampp\htdocs\kasirpos\system\CodeIgniter.php(933): App\Controllers\Kasir->index()
#6 C:\xampp\htdocs\kasirpos\system\CodeIgniter.php(507): CodeIgniter\CodeIgniter->runController(Object(App\Controllers\Kasir))
#7 C:\xampp\htdocs\kasirpos\system\CodeIgniter.php(354): CodeIgniter\CodeIgniter->handleRequest(NULL, Object(Config\Cache), false)
#8 C:\xampp\htdocs\kasirpos\system\Boot.php(363): CodeIgniter\CodeIgniter->run()
#9 C:\xampp\htdocs\kasirpos\system\Boot.php(68): CodeIgniter\Boot::runCodeIgniter(Object(CodeIgniter\CodeIgniter))
#10 C:\xampp\htdocs\kasirpos\public\index.php(59): CodeIgniter\Boot::bootWeb(Object(Config\Paths))
#11 C:\xampp\htdocs\kasirpos\system\rewrite.php(44): require_once('C:\\xampp\\htdocs...')
#12 {main}
CRITICAL - 2026-05-09 13:50:35 --> CodeIgniter\Database\Exceptions\DatabaseException: Unknown column 'id_user' in 'where clause'
[Method: GET, Route: kasir/transaksi]
in SYSTEMPATH\Database\BaseConnection.php on line 684.
 1 SYSTEMPATH\Database\BaseBuilder.php(1649): CodeIgniter\Database\BaseConnection->query('SELECT SUM(CASE WHEN status = \'Lunas\' THEN total_bayar ELSE 0 END) as total_pendapatan,
        SUM(CASE WHEN status = \'Lunas\' AND metode_pembayaran = \'Tunai\' THEN total_bayar ELSE 0 END) as total_tunai,
        SUM(CASE WHEN status = \'Lunas\' AND metode_pembayaran = \'QRIS\' THEN total_bayar ELSE 0 END) as total_qris,
        SUM(CASE WHEN status = \'Lunas\' AND metode_pembayaran = \'Transfer\' THEN total_bayar ELSE 0 END) as total_transfer,
        SUM(CASE WHEN status = \'Lunas\' AND metode_pembayaran = \'EDC\' THEN total_bayar ELSE 0 END) as total_edc,
        COUNT(CASE WHEN status = \'Batal\' THEN 1 END) as jumlah_batal
FROM `transaksi`
WHERE `id_user` = :id_user:
AND DATE(created_at) = :DATE(created_at):', [...], false)
 2 APPPATH\Controllers\Kasir.php(35): CodeIgniter\Database\BaseBuilder->get()
 3 SYSTEMPATH\CodeIgniter.php(933): App\Controllers\Kasir->index()
 4 SYSTEMPATH\CodeIgniter.php(507): CodeIgniter\CodeIgniter->runController(Object(App\Controllers\Kasir))
 5 SYSTEMPATH\CodeIgniter.php(354): CodeIgniter\CodeIgniter->handleRequest(null, Object(Config\Cache), false)
 6 SYSTEMPATH\Boot.php(363): CodeIgniter\CodeIgniter->run()
 7 SYSTEMPATH\Boot.php(68): CodeIgniter\Boot::runCodeIgniter(Object(CodeIgniter\CodeIgniter))
 8 FCPATH\index.php(59): CodeIgniter\Boot::bootWeb(Object(Config\Paths))
 9 SYSTEMPATH\rewrite.php(44): require_once('C:\\xampp\\htdocs\\kasirpos\\public\\index.php')
CRITICAL - 2026-05-09 13:50:35 --> [Caused by] CodeIgniter\Database\Exceptions\DatabaseException: Unknown column 'id_user' in 'where clause'
in SYSTEMPATH\Database\MySQLi\Connection.php on line 332.
 1 SYSTEMPATH\Database\BaseConnection.php(729): CodeIgniter\Database\MySQLi\Connection->execute('SELECT SUM(CASE WHEN status = \'Lunas\' THEN total_bayar ELSE 0 END) as total_pendapatan,
        SUM(CASE WHEN status = \'Lunas\' AND metode_pembayaran = \'Tunai\' THEN total_bayar ELSE 0 END) as total_tunai,
        SUM(CASE WHEN status = \'Lunas\' AND metode_pembayaran = \'QRIS\' THEN total_bayar ELSE 0 END) as total_qris,
        SUM(CASE WHEN status = \'Lunas\' AND metode_pembayaran = \'Transfer\' THEN total_bayar ELSE 0 END) as total_transfer,
        SUM(CASE WHEN status = \'Lunas\' AND metode_pembayaran = \'EDC\' THEN total_bayar ELSE 0 END) as total_edc,
        COUNT(CASE WHEN status = \'Batal\' THEN 1 END) as jumlah_batal
FROM `transaksi`
WHERE `id_user` = \'2\'
AND DATE(created_at) = \'2026-05-09\'')
 2 SYSTEMPATH\Database\BaseConnection.php(646): CodeIgniter\Database\BaseConnection->simpleQuery('SELECT SUM(CASE WHEN status = \'Lunas\' THEN total_bayar ELSE 0 END) as total_pendapatan,
        SUM(CASE WHEN status = \'Lunas\' AND metode_pembayaran = \'Tunai\' THEN total_bayar ELSE 0 END) as total_tunai,
        SUM(CASE WHEN status = \'Lunas\' AND metode_pembayaran = \'QRIS\' THEN total_bayar ELSE 0 END) as total_qris,
        SUM(CASE WHEN status = \'Lunas\' AND metode_pembayaran = \'Transfer\' THEN total_bayar ELSE 0 END) as total_transfer,
        SUM(CASE WHEN status = \'Lunas\' AND metode_pembayaran = \'EDC\' THEN total_bayar ELSE 0 END) as total_edc,
        COUNT(CASE WHEN status = \'Batal\' THEN 1 END) as jumlah_batal
FROM `transaksi`
WHERE `id_user` = \'2\'
AND DATE(created_at) = \'2026-05-09\'')
 3 SYSTEMPATH\Database\BaseBuilder.php(1649): CodeIgniter\Database\BaseConnection->query('SELECT SUM(CASE WHEN status = \'Lunas\' THEN total_bayar ELSE 0 END) as total_pendapatan,
        SUM(CASE WHEN status = \'Lunas\' AND metode_pembayaran = \'Tunai\' THEN total_bayar ELSE 0 END) as total_tunai,
        SUM(CASE WHEN status = \'Lunas\' AND metode_pembayaran = \'QRIS\' THEN total_bayar ELSE 0 END) as total_qris,
        SUM(CASE WHEN status = \'Lunas\' AND metode_pembayaran = \'Transfer\' THEN total_bayar ELSE 0 END) as total_transfer,
        SUM(CASE WHEN status = \'Lunas\' AND metode_pembayaran = \'EDC\' THEN total_bayar ELSE 0 END) as total_edc,
        COUNT(CASE WHEN status = \'Batal\' THEN 1 END) as jumlah_batal
FROM `transaksi`
WHERE `id_user` = :id_user:
AND DATE(created_at) = :DATE(created_at):', [...], false)
 4 APPPATH\Controllers\Kasir.php(35): CodeIgniter\Database\BaseBuilder->get()
 5 SYSTEMPATH\CodeIgniter.php(933): App\Controllers\Kasir->index()
 6 SYSTEMPATH\CodeIgniter.php(507): CodeIgniter\CodeIgniter->runController(Object(App\Controllers\Kasir))
 7 SYSTEMPATH\CodeIgniter.php(354): CodeIgniter\CodeIgniter->handleRequest(null, Object(Config\Cache), false)
 8 SYSTEMPATH\Boot.php(363): CodeIgniter\CodeIgniter->run()
 9 SYSTEMPATH\Boot.php(68): CodeIgniter\Boot::runCodeIgniter(Object(CodeIgniter\CodeIgniter))
10 FCPATH\index.php(59): CodeIgniter\Boot::bootWeb(Object(Config\Paths))
11 SYSTEMPATH\rewrite.php(44): require_once('C:\\xampp\\htdocs\\kasirpos\\public\\index.php')
CRITICAL - 2026-05-09 13:50:35 --> [Caused by] mysqli_sql_exception: Unknown column 'id_user' in 'where clause'
in SYSTEMPATH\Database\MySQLi\Connection.php on line 327.
 1 SYSTEMPATH\Database\MySQLi\Connection.php(327): mysqli->query('SELECT SUM(CASE WHEN status = \'Lunas\' THEN total_bayar ELSE 0 END) as total_pendapatan,
        SUM(CASE WHEN status = \'Lunas\' AND metode_pembayaran = \'Tunai\' THEN total_bayar ELSE 0 END) as total_tunai,
        SUM(CASE WHEN status = \'Lunas\' AND metode_pembayaran = \'QRIS\' THEN total_bayar ELSE 0 END) as total_qris,
        SUM(CASE WHEN status = \'Lunas\' AND metode_pembayaran = \'Transfer\' THEN total_bayar ELSE 0 END) as total_transfer,
        SUM(CASE WHEN status = \'Lunas\' AND metode_pembayaran = \'EDC\' THEN total_bayar ELSE 0 END) as total_edc,
        COUNT(CASE WHEN status = \'Batal\' THEN 1 END) as jumlah_batal
FROM `transaksi`
WHERE `id_user` = \'2\'
AND DATE(created_at) = \'2026-05-09\'', 0)
 2 SYSTEMPATH\Database\BaseConnection.php(729): CodeIgniter\Database\MySQLi\Connection->execute('SELECT SUM(CASE WHEN status = \'Lunas\' THEN total_bayar ELSE 0 END) as total_pendapatan,
        SUM(CASE WHEN status = \'Lunas\' AND metode_pembayaran = \'Tunai\' THEN total_bayar ELSE 0 END) as total_tunai,
        SUM(CASE WHEN status = \'Lunas\' AND metode_pembayaran = \'QRIS\' THEN total_bayar ELSE 0 END) as total_qris,
        SUM(CASE WHEN status = \'Lunas\' AND metode_pembayaran = \'Transfer\' THEN total_bayar ELSE 0 END) as total_transfer,
        SUM(CASE WHEN status = \'Lunas\' AND metode_pembayaran = \'EDC\' THEN total_bayar ELSE 0 END) as total_edc,
        COUNT(CASE WHEN status = \'Batal\' THEN 1 END) as jumlah_batal
FROM `transaksi`
WHERE `id_user` = \'2\'
AND DATE(created_at) = \'2026-05-09\'')
 3 SYSTEMPATH\Database\BaseConnection.php(646): CodeIgniter\Database\BaseConnection->simpleQuery('SELECT SUM(CASE WHEN status = \'Lunas\' THEN total_bayar ELSE 0 END) as total_pendapatan,
        SUM(CASE WHEN status = \'Lunas\' AND metode_pembayaran = \'Tunai\' THEN total_bayar ELSE 0 END) as total_tunai,
        SUM(CASE WHEN status = \'Lunas\' AND metode_pembayaran = \'QRIS\' THEN total_bayar ELSE 0 END) as total_qris,
        SUM(CASE WHEN status = \'Lunas\' AND metode_pembayaran = \'Transfer\' THEN total_bayar ELSE 0 END) as total_transfer,
        SUM(CASE WHEN status = \'Lunas\' AND metode_pembayaran = \'EDC\' THEN total_bayar ELSE 0 END) as total_edc,
        COUNT(CASE WHEN status = \'Batal\' THEN 1 END) as jumlah_batal
FROM `transaksi`
WHERE `id_user` = \'2\'
AND DATE(created_at) = \'2026-05-09\'')
 4 SYSTEMPATH\Database\BaseBuilder.php(1649): CodeIgniter\Database\BaseConnection->query('SELECT SUM(CASE WHEN status = \'Lunas\' THEN total_bayar ELSE 0 END) as total_pendapatan,
        SUM(CASE WHEN status = \'Lunas\' AND metode_pembayaran = \'Tunai\' THEN total_bayar ELSE 0 END) as total_tunai,
        SUM(CASE WHEN status = \'Lunas\' AND metode_pembayaran = \'QRIS\' THEN total_bayar ELSE 0 END) as total_qris,
        SUM(CASE WHEN status = \'Lunas\' AND metode_pembayaran = \'Transfer\' THEN total_bayar ELSE 0 END) as total_transfer,
        SUM(CASE WHEN status = \'Lunas\' AND metode_pembayaran = \'EDC\' THEN total_bayar ELSE 0 END) as total_edc,
        COUNT(CASE WHEN status = \'Batal\' THEN 1 END) as jumlah_batal
FROM `transaksi`
WHERE `id_user` = :id_user:
AND DATE(created_at) = :DATE(created_at):', [...], false)
 5 APPPATH\Controllers\Kasir.php(35): CodeIgniter\Database\BaseBuilder->get()
 6 SYSTEMPATH\CodeIgniter.php(933): App\Controllers\Kasir->index()
 7 SYSTEMPATH\CodeIgniter.php(507): CodeIgniter\CodeIgniter->runController(Object(App\Controllers\Kasir))
 8 SYSTEMPATH\CodeIgniter.php(354): CodeIgniter\CodeIgniter->handleRequest(null, Object(Config\Cache), false)
 9 SYSTEMPATH\Boot.php(363): CodeIgniter\CodeIgniter->run()
10 SYSTEMPATH\Boot.php(68): CodeIgniter\Boot::runCodeIgniter(Object(CodeIgniter\CodeIgniter))
11 FCPATH\index.php(59): CodeIgniter\Boot::bootWeb(Object(Config\Paths))
12 SYSTEMPATH\rewrite.php(44): require_once('C:\\xampp\\htdocs\\kasirpos\\public\\index.php')
DEBUG - 2026-05-09 06:51:21 --> Session: Class initialized using 'CodeIgniter\Session\Handlers\FileHandler' driver.
ERROR - 2026-05-09 13:51:21 --> mysqli_sql_exception: Unknown column 'transaksi.id_user' in 'where clause' in C:\xampp\htdocs\kasirpos\system\Database\MySQLi\Connection.php:327
Stack trace:
#0 C:\xampp\htdocs\kasirpos\system\Database\MySQLi\Connection.php(327): mysqli->query('SELECT SUM(CASE...', 0)
#1 C:\xampp\htdocs\kasirpos\system\Database\BaseConnection.php(729): CodeIgniter\Database\MySQLi\Connection->execute('SELECT SUM(CASE...')
#2 C:\xampp\htdocs\kasirpos\system\Database\BaseConnection.php(646): CodeIgniter\Database\BaseConnection->simpleQuery('SELECT SUM(CASE...')
#3 C:\xampp\htdocs\kasirpos\system\Database\BaseBuilder.php(1649): CodeIgniter\Database\BaseConnection->query('SELECT SUM(CASE...', Array, false)
#4 C:\xampp\htdocs\kasirpos\app\Controllers\Kasir.php(36): CodeIgniter\Database\BaseBuilder->get()
#5 C:\xampp\htdocs\kasirpos\system\CodeIgniter.php(933): App\Controllers\Kasir->index()
#6 C:\xampp\htdocs\kasirpos\system\CodeIgniter.php(507): CodeIgniter\CodeIgniter->runController(Object(App\Controllers\Kasir))
#7 C:\xampp\htdocs\kasirpos\system\CodeIgniter.php(354): CodeIgniter\CodeIgniter->handleRequest(NULL, Object(Config\Cache), false)
#8 C:\xampp\htdocs\kasirpos\system\Boot.php(363): CodeIgniter\CodeIgniter->run()
#9 C:\xampp\htdocs\kasirpos\system\Boot.php(68): CodeIgniter\Boot::runCodeIgniter(Object(CodeIgniter\CodeIgniter))
#10 C:\xampp\htdocs\kasirpos\public\index.php(59): CodeIgniter\Boot::bootWeb(Object(Config\Paths))
#11 C:\xampp\htdocs\kasirpos\system\rewrite.php(44): require_once('C:\\xampp\\htdocs...')
#12 {main}
CRITICAL - 2026-05-09 13:51:21 --> CodeIgniter\Database\Exceptions\DatabaseException: Unknown column 'transaksi.id_user' in 'where clause'
[Method: GET, Route: kasir/transaksi]
in SYSTEMPATH\Database\BaseConnection.php on line 684.
 1 SYSTEMPATH\Database\BaseBuilder.php(1649): CodeIgniter\Database\BaseConnection->query('SELECT SUM(CASE WHEN status = \'Lunas\' THEN total_bayar ELSE 0 END) as total_pendapatan,
        SUM(CASE WHEN status = \'Lunas\' AND metode_pembayaran = \'Tunai\' THEN total_bayar ELSE 0 END) as total_tunai,
        SUM(CASE WHEN status = \'Lunas\' AND metode_pembayaran = \'QRIS\' THEN total_bayar ELSE 0 END) as total_qris,
        SUM(CASE WHEN status = \'Lunas\' AND metode_pembayaran = \'Transfer\' THEN total_bayar ELSE 0 END) as total_transfer,
        SUM(CASE WHEN status = \'Lunas\' AND metode_pembayaran = \'EDC\' THEN total_bayar ELSE 0 END) as total_edc,
        COUNT(CASE WHEN status = \'Batal\' THEN 1 END) as jumlah_batal
FROM `transaksi`
WHERE `transaksi`.`id_user` = :transaksi.id_user:
AND DATE(transaksi.created_at) = :DATE(transaksi.created_at):
GROUP BY `user`.`id_user`', [...], false)
 2 APPPATH\Controllers\Kasir.php(36): CodeIgniter\Database\BaseBuilder->get()
 3 SYSTEMPATH\CodeIgniter.php(933): App\Controllers\Kasir->index()
 4 SYSTEMPATH\CodeIgniter.php(507): CodeIgniter\CodeIgniter->runController(Object(App\Controllers\Kasir))
 5 SYSTEMPATH\CodeIgniter.php(354): CodeIgniter\CodeIgniter->handleRequest(null, Object(Config\Cache), false)
 6 SYSTEMPATH\Boot.php(363): CodeIgniter\CodeIgniter->run()
 7 SYSTEMPATH\Boot.php(68): CodeIgniter\Boot::runCodeIgniter(Object(CodeIgniter\CodeIgniter))
 8 FCPATH\index.php(59): CodeIgniter\Boot::bootWeb(Object(Config\Paths))
 9 SYSTEMPATH\rewrite.php(44): require_once('C:\\xampp\\htdocs\\kasirpos\\public\\index.php')
CRITICAL - 2026-05-09 13:51:21 --> [Caused by] CodeIgniter\Database\Exceptions\DatabaseException: Unknown column 'transaksi.id_user' in 'where clause'
in SYSTEMPATH\Database\MySQLi\Connection.php on line 332.
 1 SYSTEMPATH\Database\BaseConnection.php(729): CodeIgniter\Database\MySQLi\Connection->execute('SELECT SUM(CASE WHEN status = \'Lunas\' THEN total_bayar ELSE 0 END) as total_pendapatan,
        SUM(CASE WHEN status = \'Lunas\' AND metode_pembayaran = \'Tunai\' THEN total_bayar ELSE 0 END) as total_tunai,
        SUM(CASE WHEN status = \'Lunas\' AND metode_pembayaran = \'QRIS\' THEN total_bayar ELSE 0 END) as total_qris,
        SUM(CASE WHEN status = \'Lunas\' AND metode_pembayaran = \'Transfer\' THEN total_bayar ELSE 0 END) as total_transfer,
        SUM(CASE WHEN status = \'Lunas\' AND metode_pembayaran = \'EDC\' THEN total_bayar ELSE 0 END) as total_edc,
        COUNT(CASE WHEN status = \'Batal\' THEN 1 END) as jumlah_batal
FROM `transaksi`
WHERE `transaksi`.`id_user` = \'2\'
AND DATE(transaksi.created_at) = \'2026-05-09\'
GROUP BY `user`.`id_user`')
 2 SYSTEMPATH\Database\BaseConnection.php(646): CodeIgniter\Database\BaseConnection->simpleQuery('SELECT SUM(CASE WHEN status = \'Lunas\' THEN total_bayar ELSE 0 END) as total_pendapatan,
        SUM(CASE WHEN status = \'Lunas\' AND metode_pembayaran = \'Tunai\' THEN total_bayar ELSE 0 END) as total_tunai,
        SUM(CASE WHEN status = \'Lunas\' AND metode_pembayaran = \'QRIS\' THEN total_bayar ELSE 0 END) as total_qris,
        SUM(CASE WHEN status = \'Lunas\' AND metode_pembayaran = \'Transfer\' THEN total_bayar ELSE 0 END) as total_transfer,
        SUM(CASE WHEN status = \'Lunas\' AND metode_pembayaran = \'EDC\' THEN total_bayar ELSE 0 END) as total_edc,
        COUNT(CASE WHEN status = \'Batal\' THEN 1 END) as jumlah_batal
FROM `transaksi`
WHERE `transaksi`.`id_user` = \'2\'
AND DATE(transaksi.created_at) = \'2026-05-09\'
GROUP BY `user`.`id_user`')
 3 SYSTEMPATH\Database\BaseBuilder.php(1649): CodeIgniter\Database\BaseConnection->query('SELECT SUM(CASE WHEN status = \'Lunas\' THEN total_bayar ELSE 0 END) as total_pendapatan,
        SUM(CASE WHEN status = \'Lunas\' AND metode_pembayaran = \'Tunai\' THEN total_bayar ELSE 0 END) as total_tunai,
        SUM(CASE WHEN status = \'Lunas\' AND metode_pembayaran = \'QRIS\' THEN total_bayar ELSE 0 END) as total_qris,
        SUM(CASE WHEN status = \'Lunas\' AND metode_pembayaran = \'Transfer\' THEN total_bayar ELSE 0 END) as total_transfer,
        SUM(CASE WHEN status = \'Lunas\' AND metode_pembayaran = \'EDC\' THEN total_bayar ELSE 0 END) as total_edc,
        COUNT(CASE WHEN status = \'Batal\' THEN 1 END) as jumlah_batal
FROM `transaksi`
WHERE `transaksi`.`id_user` = :transaksi.id_user:
AND DATE(transaksi.created_at) = :DATE(transaksi.created_at):
GROUP BY `user`.`id_user`', [...], false)
 4 APPPATH\Controllers\Kasir.php(36): CodeIgniter\Database\BaseBuilder->get()
 5 SYSTEMPATH\CodeIgniter.php(933): App\Controllers\Kasir->index()
 6 SYSTEMPATH\CodeIgniter.php(507): CodeIgniter\CodeIgniter->runController(Object(App\Controllers\Kasir))
 7 SYSTEMPATH\CodeIgniter.php(354): CodeIgniter\CodeIgniter->handleRequest(null, Object(Config\Cache), false)
 8 SYSTEMPATH\Boot.php(363): CodeIgniter\CodeIgniter->run()
 9 SYSTEMPATH\Boot.php(68): CodeIgniter\Boot::runCodeIgniter(Object(CodeIgniter\CodeIgniter))
10 FCPATH\index.php(59): CodeIgniter\Boot::bootWeb(Object(Config\Paths))
11 SYSTEMPATH\rewrite.php(44): require_once('C:\\xampp\\htdocs\\kasirpos\\public\\index.php')
CRITICAL - 2026-05-09 13:51:21 --> [Caused by] mysqli_sql_exception: Unknown column 'transaksi.id_user' in 'where clause'
in SYSTEMPATH\Database\MySQLi\Connection.php on line 327.
 1 SYSTEMPATH\Database\MySQLi\Connection.php(327): mysqli->query('SELECT SUM(CASE WHEN status = \'Lunas\' THEN total_bayar ELSE 0 END) as total_pendapatan,
        SUM(CASE WHEN status = \'Lunas\' AND metode_pembayaran = \'Tunai\' THEN total_bayar ELSE 0 END) as total_tunai,
        SUM(CASE WHEN status = \'Lunas\' AND metode_pembayaran = \'QRIS\' THEN total_bayar ELSE 0 END) as total_qris,
        SUM(CASE WHEN status = \'Lunas\' AND metode_pembayaran = \'Transfer\' THEN total_bayar ELSE 0 END) as total_transfer,
        SUM(CASE WHEN status = \'Lunas\' AND metode_pembayaran = \'EDC\' THEN total_bayar ELSE 0 END) as total_edc,
        COUNT(CASE WHEN status = \'Batal\' THEN 1 END) as jumlah_batal
FROM `transaksi`
WHERE `transaksi`.`id_user` = \'2\'
AND DATE(transaksi.created_at) = \'2026-05-09\'
GROUP BY `user`.`id_user`', 0)
 2 SYSTEMPATH\Database\BaseConnection.php(729): CodeIgniter\Database\MySQLi\Connection->execute('SELECT SUM(CASE WHEN status = \'Lunas\' THEN total_bayar ELSE 0 END) as total_pendapatan,
        SUM(CASE WHEN status = \'Lunas\' AND metode_pembayaran = \'Tunai\' THEN total_bayar ELSE 0 END) as total_tunai,
        SUM(CASE WHEN status = \'Lunas\' AND metode_pembayaran = \'QRIS\' THEN total_bayar ELSE 0 END) as total_qris,
        SUM(CASE WHEN status = \'Lunas\' AND metode_pembayaran = \'Transfer\' THEN total_bayar ELSE 0 END) as total_transfer,
        SUM(CASE WHEN status = \'Lunas\' AND metode_pembayaran = \'EDC\' THEN total_bayar ELSE 0 END) as total_edc,
        COUNT(CASE WHEN status = \'Batal\' THEN 1 END) as jumlah_batal
FROM `transaksi`
WHERE `transaksi`.`id_user` = \'2\'
AND DATE(transaksi.created_at) = \'2026-05-09\'
GROUP BY `user`.`id_user`')
 3 SYSTEMPATH\Database\BaseConnection.php(646): CodeIgniter\Database\BaseConnection->simpleQuery('SELECT SUM(CASE WHEN status = \'Lunas\' THEN total_bayar ELSE 0 END) as total_pendapatan,
        SUM(CASE WHEN status = \'Lunas\' AND metode_pembayaran = \'Tunai\' THEN total_bayar ELSE 0 END) as total_tunai,
        SUM(CASE WHEN status = \'Lunas\' AND metode_pembayaran = \'QRIS\' THEN total_bayar ELSE 0 END) as total_qris,
        SUM(CASE WHEN status = \'Lunas\' AND metode_pembayaran = \'Transfer\' THEN total_bayar ELSE 0 END) as total_transfer,
        SUM(CASE WHEN status = \'Lunas\' AND metode_pembayaran = \'EDC\' THEN total_bayar ELSE 0 END) as total_edc,
        COUNT(CASE WHEN status = \'Batal\' THEN 1 END) as jumlah_batal
FROM `transaksi`
WHERE `transaksi`.`id_user` = \'2\'
AND DATE(transaksi.created_at) = \'2026-05-09\'
GROUP BY `user`.`id_user`')
 4 SYSTEMPATH\Database\BaseBuilder.php(1649): CodeIgniter\Database\BaseConnection->query('SELECT SUM(CASE WHEN status = \'Lunas\' THEN total_bayar ELSE 0 END) as total_pendapatan,
        SUM(CASE WHEN status = \'Lunas\' AND metode_pembayaran = \'Tunai\' THEN total_bayar ELSE 0 END) as total_tunai,
        SUM(CASE WHEN status = \'Lunas\' AND metode_pembayaran = \'QRIS\' THEN total_bayar ELSE 0 END) as total_qris,
        SUM(CASE WHEN status = \'Lunas\' AND metode_pembayaran = \'Transfer\' THEN total_bayar ELSE 0 END) as total_transfer,
        SUM(CASE WHEN status = \'Lunas\' AND metode_pembayaran = \'EDC\' THEN total_bayar ELSE 0 END) as total_edc,
        COUNT(CASE WHEN status = \'Batal\' THEN 1 END) as jumlah_batal
FROM `transaksi`
WHERE `transaksi`.`id_user` = :transaksi.id_user:
AND DATE(transaksi.created_at) = :DATE(transaksi.created_at):
GROUP BY `user`.`id_user`', [...], false)
 5 APPPATH\Controllers\Kasir.php(36): CodeIgniter\Database\BaseBuilder->get()
 6 SYSTEMPATH\CodeIgniter.php(933): App\Controllers\Kasir->index()
 7 SYSTEMPATH\CodeIgniter.php(507): CodeIgniter\CodeIgniter->runController(Object(App\Controllers\Kasir))
 8 SYSTEMPATH\CodeIgniter.php(354): CodeIgniter\CodeIgniter->handleRequest(null, Object(Config\Cache), false)
 9 SYSTEMPATH\Boot.php(363): CodeIgniter\CodeIgniter->run()
10 SYSTEMPATH\Boot.php(68): CodeIgniter\Boot::runCodeIgniter(Object(CodeIgniter\CodeIgniter))
11 FCPATH\index.php(59): CodeIgniter\Boot::bootWeb(Object(Config\Paths))
12 SYSTEMPATH\rewrite.php(44): require_once('C:\\xampp\\htdocs\\kasirpos\\public\\index.php')
DEBUG - 2026-05-09 06:53:32 --> Session: Class initialized using 'CodeIgniter\Session\Handlers\FileHandler' driver.
ERROR - 2026-05-09 13:53:32 --> mysqli_sql_exception: Unknown column 'transaksi.id_user' in 'where clause' in C:\xampp\htdocs\kasirpos\system\Database\MySQLi\Connection.php:327
Stack trace:
#0 C:\xampp\htdocs\kasirpos\system\Database\MySQLi\Connection.php(327): mysqli->query('SELECT SUM(CASE...', 0)
#1 C:\xampp\htdocs\kasirpos\system\Database\BaseConnection.php(729): CodeIgniter\Database\MySQLi\Connection->execute('SELECT SUM(CASE...')
#2 C:\xampp\htdocs\kasirpos\system\Database\BaseConnection.php(646): CodeIgniter\Database\BaseConnection->simpleQuery('SELECT SUM(CASE...')
#3 C:\xampp\htdocs\kasirpos\system\Database\BaseBuilder.php(1649): CodeIgniter\Database\BaseConnection->query('SELECT SUM(CASE...', Array, false)
#4 C:\xampp\htdocs\kasirpos\app\Controllers\Kasir.php(36): CodeIgniter\Database\BaseBuilder->get()
#5 C:\xampp\htdocs\kasirpos\system\CodeIgniter.php(933): App\Controllers\Kasir->index()
#6 C:\xampp\htdocs\kasirpos\system\CodeIgniter.php(507): CodeIgniter\CodeIgniter->runController(Object(App\Controllers\Kasir))
#7 C:\xampp\htdocs\kasirpos\system\CodeIgniter.php(354): CodeIgniter\CodeIgniter->handleRequest(NULL, Object(Config\Cache), false)
#8 C:\xampp\htdocs\kasirpos\system\Boot.php(363): CodeIgniter\CodeIgniter->run()
#9 C:\xampp\htdocs\kasirpos\system\Boot.php(68): CodeIgniter\Boot::runCodeIgniter(Object(CodeIgniter\CodeIgniter))
#10 C:\xampp\htdocs\kasirpos\public\index.php(59): CodeIgniter\Boot::bootWeb(Object(Config\Paths))
#11 C:\xampp\htdocs\kasirpos\system\rewrite.php(44): require_once('C:\\xampp\\htdocs...')
#12 {main}
CRITICAL - 2026-05-09 13:53:32 --> CodeIgniter\Database\Exceptions\DatabaseException: Unknown column 'transaksi.id_user' in 'where clause'
[Method: GET, Route: kasir/transaksi]
in SYSTEMPATH\Database\BaseConnection.php on line 684.
 1 SYSTEMPATH\Database\BaseBuilder.php(1649): CodeIgniter\Database\BaseConnection->query('SELECT SUM(CASE WHEN status = \'Lunas\' THEN total_bayar ELSE 0 END) as total_pendapatan,
        SUM(CASE WHEN status = \'Lunas\' AND metode_pembayaran = \'Tunai\' THEN total_bayar ELSE 0 END) as total_tunai,
        SUM(CASE WHEN status = \'Lunas\' AND metode_pembayaran = \'QRIS\' THEN total_bayar ELSE 0 END) as total_qris,
        SUM(CASE WHEN status = \'Lunas\' AND metode_pembayaran = \'Transfer\' THEN total_bayar ELSE 0 END) as total_transfer,
        SUM(CASE WHEN status = \'Lunas\' AND metode_pembayaran = \'EDC\' THEN total_bayar ELSE 0 END) as total_edc,
        COUNT(CASE WHEN status = \'Batal\' THEN 1 END) as jumlah_batal
FROM `transaksi`
WHERE `transaksi`.`id_user` = :transaksi.id_user:
AND DATE(transaksi.created_at) = :DATE(transaksi.created_at):
GROUP BY `user`.`id_user`', [...], false)
 2 APPPATH\Controllers\Kasir.php(36): CodeIgniter\Database\BaseBuilder->get()
 3 SYSTEMPATH\CodeIgniter.php(933): App\Controllers\Kasir->index()
 4 SYSTEMPATH\CodeIgniter.php(507): CodeIgniter\CodeIgniter->runController(Object(App\Controllers\Kasir))
 5 SYSTEMPATH\CodeIgniter.php(354): CodeIgniter\CodeIgniter->handleRequest(null, Object(Config\Cache), false)
 6 SYSTEMPATH\Boot.php(363): CodeIgniter\CodeIgniter->run()
 7 SYSTEMPATH\Boot.php(68): CodeIgniter\Boot::runCodeIgniter(Object(CodeIgniter\CodeIgniter))
 8 FCPATH\index.php(59): CodeIgniter\Boot::bootWeb(Object(Config\Paths))
 9 SYSTEMPATH\rewrite.php(44): require_once('C:\\xampp\\htdocs\\kasirpos\\public\\index.php')
CRITICAL - 2026-05-09 13:53:32 --> [Caused by] CodeIgniter\Database\Exceptions\DatabaseException: Unknown column 'transaksi.id_user' in 'where clause'
in SYSTEMPATH\Database\MySQLi\Connection.php on line 332.
 1 SYSTEMPATH\Database\BaseConnection.php(729): CodeIgniter\Database\MySQLi\Connection->execute('SELECT SUM(CASE WHEN status = \'Lunas\' THEN total_bayar ELSE 0 END) as total_pendapatan,
        SUM(CASE WHEN status = \'Lunas\' AND metode_pembayaran = \'Tunai\' THEN total_bayar ELSE 0 END) as total_tunai,
        SUM(CASE WHEN status = \'Lunas\' AND metode_pembayaran = \'QRIS\' THEN total_bayar ELSE 0 END) as total_qris,
        SUM(CASE WHEN status = \'Lunas\' AND metode_pembayaran = \'Transfer\' THEN total_bayar ELSE 0 END) as total_transfer,
        SUM(CASE WHEN status = \'Lunas\' AND metode_pembayaran = \'EDC\' THEN total_bayar ELSE 0 END) as total_edc,
        COUNT(CASE WHEN status = \'Batal\' THEN 1 END) as jumlah_batal
FROM `transaksi`
WHERE `transaksi`.`id_user` = \'2\'
AND DATE(transaksi.created_at) = \'2026-05-09\'
GROUP BY `user`.`id_user`')
 2 SYSTEMPATH\Database\BaseConnection.php(646): CodeIgniter\Database\BaseConnection->simpleQuery('SELECT SUM(CASE WHEN status = \'Lunas\' THEN total_bayar ELSE 0 END) as total_pendapatan,
        SUM(CASE WHEN status = \'Lunas\' AND metode_pembayaran = \'Tunai\' THEN total_bayar ELSE 0 END) as total_tunai,
        SUM(CASE WHEN status = \'Lunas\' AND metode_pembayaran = \'QRIS\' THEN total_bayar ELSE 0 END) as total_qris,
        SUM(CASE WHEN status = \'Lunas\' AND metode_pembayaran = \'Transfer\' THEN total_bayar ELSE 0 END) as total_transfer,
        SUM(CASE WHEN status = \'Lunas\' AND metode_pembayaran = \'EDC\' THEN total_bayar ELSE 0 END) as total_edc,
        COUNT(CASE WHEN status = \'Batal\' THEN 1 END) as jumlah_batal
FROM `transaksi`
WHERE `transaksi`.`id_user` = \'2\'
AND DATE(transaksi.created_at) = \'2026-05-09\'
GROUP BY `user`.`id_user`')
 3 SYSTEMPATH\Database\BaseBuilder.php(1649): CodeIgniter\Database\BaseConnection->query('SELECT SUM(CASE WHEN status = \'Lunas\' THEN total_bayar ELSE 0 END) as total_pendapatan,
        SUM(CASE WHEN status = \'Lunas\' AND metode_pembayaran = \'Tunai\' THEN total_bayar ELSE 0 END) as total_tunai,
        SUM(CASE WHEN status = \'Lunas\' AND metode_pembayaran = \'QRIS\' THEN total_bayar ELSE 0 END) as total_qris,
        SUM(CASE WHEN status = \'Lunas\' AND metode_pembayaran = \'Transfer\' THEN total_bayar ELSE 0 END) as total_transfer,
        SUM(CASE WHEN status = \'Lunas\' AND metode_pembayaran = \'EDC\' THEN total_bayar ELSE 0 END) as total_edc,
        COUNT(CASE WHEN status = \'Batal\' THEN 1 END) as jumlah_batal
FROM `transaksi`
WHERE `transaksi`.`id_user` = :transaksi.id_user:
AND DATE(transaksi.created_at) = :DATE(transaksi.created_at):
GROUP BY `user`.`id_user`', [...], false)
 4 APPPATH\Controllers\Kasir.php(36): CodeIgniter\Database\BaseBuilder->get()
 5 SYSTEMPATH\CodeIgniter.php(933): App\Controllers\Kasir->index()
 6 SYSTEMPATH\CodeIgniter.php(507): CodeIgniter\CodeIgniter->runController(Object(App\Controllers\Kasir))
 7 SYSTEMPATH\CodeIgniter.php(354): CodeIgniter\CodeIgniter->handleRequest(null, Object(Config\Cache), false)
 8 SYSTEMPATH\Boot.php(363): CodeIgniter\CodeIgniter->run()
 9 SYSTEMPATH\Boot.php(68): CodeIgniter\Boot::runCodeIgniter(Object(CodeIgniter\CodeIgniter))
10 FCPATH\index.php(59): CodeIgniter\Boot::bootWeb(Object(Config\Paths))
11 SYSTEMPATH\rewrite.php(44): require_once('C:\\xampp\\htdocs\\kasirpos\\public\\index.php')
CRITICAL - 2026-05-09 13:53:32 --> [Caused by] mysqli_sql_exception: Unknown column 'transaksi.id_user' in 'where clause'
in SYSTEMPATH\Database\MySQLi\Connection.php on line 327.
 1 SYSTEMPATH\Database\MySQLi\Connection.php(327): mysqli->query('SELECT SUM(CASE WHEN status = \'Lunas\' THEN total_bayar ELSE 0 END) as total_pendapatan,
        SUM(CASE WHEN status = \'Lunas\' AND metode_pembayaran = \'Tunai\' THEN total_bayar ELSE 0 END) as total_tunai,
        SUM(CASE WHEN status = \'Lunas\' AND metode_pembayaran = \'QRIS\' THEN total_bayar ELSE 0 END) as total_qris,
        SUM(CASE WHEN status = \'Lunas\' AND metode_pembayaran = \'Transfer\' THEN total_bayar ELSE 0 END) as total_transfer,
        SUM(CASE WHEN status = \'Lunas\' AND metode_pembayaran = \'EDC\' THEN total_bayar ELSE 0 END) as total_edc,
        COUNT(CASE WHEN status = \'Batal\' THEN 1 END) as jumlah_batal
FROM `transaksi`
WHERE `transaksi`.`id_user` = \'2\'
AND DATE(transaksi.created_at) = \'2026-05-09\'
GROUP BY `user`.`id_user`', 0)
 2 SYSTEMPATH\Database\BaseConnection.php(729): CodeIgniter\Database\MySQLi\Connection->execute('SELECT SUM(CASE WHEN status = \'Lunas\' THEN total_bayar ELSE 0 END) as total_pendapatan,
        SUM(CASE WHEN status = \'Lunas\' AND metode_pembayaran = \'Tunai\' THEN total_bayar ELSE 0 END) as total_tunai,
        SUM(CASE WHEN status = \'Lunas\' AND metode_pembayaran = \'QRIS\' THEN total_bayar ELSE 0 END) as total_qris,
        SUM(CASE WHEN status = \'Lunas\' AND metode_pembayaran = \'Transfer\' THEN total_bayar ELSE 0 END) as total_transfer,
        SUM(CASE WHEN status = \'Lunas\' AND metode_pembayaran = \'EDC\' THEN total_bayar ELSE 0 END) as total_edc,
        COUNT(CASE WHEN status = \'Batal\' THEN 1 END) as jumlah_batal
FROM `transaksi`
WHERE `transaksi`.`id_user` = \'2\'
AND DATE(transaksi.created_at) = \'2026-05-09\'
GROUP BY `user`.`id_user`')
 3 SYSTEMPATH\Database\BaseConnection.php(646): CodeIgniter\Database\BaseConnection->simpleQuery('SELECT SUM(CASE WHEN status = \'Lunas\' THEN total_bayar ELSE 0 END) as total_pendapatan,
        SUM(CASE WHEN status = \'Lunas\' AND metode_pembayaran = \'Tunai\' THEN total_bayar ELSE 0 END) as total_tunai,
        SUM(CASE WHEN status = \'Lunas\' AND metode_pembayaran = \'QRIS\' THEN total_bayar ELSE 0 END) as total_qris,
        SUM(CASE WHEN status = \'Lunas\' AND metode_pembayaran = \'Transfer\' THEN total_bayar ELSE 0 END) as total_transfer,
        SUM(CASE WHEN status = \'Lunas\' AND metode_pembayaran = \'EDC\' THEN total_bayar ELSE 0 END) as total_edc,
        COUNT(CASE WHEN status = \'Batal\' THEN 1 END) as jumlah_batal
FROM `transaksi`
WHERE `transaksi`.`id_user` = \'2\'
AND DATE(transaksi.created_at) = \'2026-05-09\'
GROUP BY `user`.`id_user`')
 4 SYSTEMPATH\Database\BaseBuilder.php(1649): CodeIgniter\Database\BaseConnection->query('SELECT SUM(CASE WHEN status = \'Lunas\' THEN total_bayar ELSE 0 END) as total_pendapatan,
        SUM(CASE WHEN status = \'Lunas\' AND metode_pembayaran = \'Tunai\' THEN total_bayar ELSE 0 END) as total_tunai,
        SUM(CASE WHEN status = \'Lunas\' AND metode_pembayaran = \'QRIS\' THEN total_bayar ELSE 0 END) as total_qris,
        SUM(CASE WHEN status = \'Lunas\' AND metode_pembayaran = \'Transfer\' THEN total_bayar ELSE 0 END) as total_transfer,
        SUM(CASE WHEN status = \'Lunas\' AND metode_pembayaran = \'EDC\' THEN total_bayar ELSE 0 END) as total_edc,
        COUNT(CASE WHEN status = \'Batal\' THEN 1 END) as jumlah_batal
FROM `transaksi`
WHERE `transaksi`.`id_user` = :transaksi.id_user:
AND DATE(transaksi.created_at) = :DATE(transaksi.created_at):
GROUP BY `user`.`id_user`', [...], false)
 5 APPPATH\Controllers\Kasir.php(36): CodeIgniter\Database\BaseBuilder->get()
 6 SYSTEMPATH\CodeIgniter.php(933): App\Controllers\Kasir->index()
 7 SYSTEMPATH\CodeIgniter.php(507): CodeIgniter\CodeIgniter->runController(Object(App\Controllers\Kasir))
 8 SYSTEMPATH\CodeIgniter.php(354): CodeIgniter\CodeIgniter->handleRequest(null, Object(Config\Cache), false)
 9 SYSTEMPATH\Boot.php(363): CodeIgniter\CodeIgniter->run()
10 SYSTEMPATH\Boot.php(68): CodeIgniter\Boot::runCodeIgniter(Object(CodeIgniter\CodeIgniter))
11 FCPATH\index.php(59): CodeIgniter\Boot::bootWeb(Object(Config\Paths))
12 SYSTEMPATH\rewrite.php(44): require_once('C:\\xampp\\htdocs\\kasirpos\\public\\index.php')
DEBUG - 2026-05-09 06:54:05 --> Session: Class initialized using 'CodeIgniter\Session\Handlers\FileHandler' driver.
ERROR - 2026-05-09 13:54:05 --> mysqli_sql_exception: Unknown column 'transaksi.id_user' in 'where clause' in C:\xampp\htdocs\kasirpos\system\Database\MySQLi\Connection.php:327
Stack trace:
#0 C:\xampp\htdocs\kasirpos\system\Database\MySQLi\Connection.php(327): mysqli->query('SELECT SUM(CASE...', 0)
#1 C:\xampp\htdocs\kasirpos\system\Database\BaseConnection.php(729): CodeIgniter\Database\MySQLi\Connection->execute('SELECT SUM(CASE...')
#2 C:\xampp\htdocs\kasirpos\system\Database\BaseConnection.php(646): CodeIgniter\Database\BaseConnection->simpleQuery('SELECT SUM(CASE...')
#3 C:\xampp\htdocs\kasirpos\system\Database\BaseBuilder.php(1649): CodeIgniter\Database\BaseConnection->query('SELECT SUM(CASE...', Array, false)
#4 C:\xampp\htdocs\kasirpos\app\Controllers\Kasir.php(36): CodeIgniter\Database\BaseBuilder->get()
#5 C:\xampp\htdocs\kasirpos\system\CodeIgniter.php(933): App\Controllers\Kasir->index()
#6 C:\xampp\htdocs\kasirpos\system\CodeIgniter.php(507): CodeIgniter\CodeIgniter->runController(Object(App\Controllers\Kasir))
#7 C:\xampp\htdocs\kasirpos\system\CodeIgniter.php(354): CodeIgniter\CodeIgniter->handleRequest(NULL, Object(Config\Cache), false)
#8 C:\xampp\htdocs\kasirpos\system\Boot.php(363): CodeIgniter\CodeIgniter->run()
#9 C:\xampp\htdocs\kasirpos\system\Boot.php(68): CodeIgniter\Boot::runCodeIgniter(Object(CodeIgniter\CodeIgniter))
#10 C:\xampp\htdocs\kasirpos\public\index.php(59): CodeIgniter\Boot::bootWeb(Object(Config\Paths))
#11 C:\xampp\htdocs\kasirpos\system\rewrite.php(44): require_once('C:\\xampp\\htdocs...')
#12 {main}
CRITICAL - 2026-05-09 13:54:05 --> CodeIgniter\Database\Exceptions\DatabaseException: Unknown column 'transaksi.id_user' in 'where clause'
[Method: GET, Route: kasir/transaksi]
in SYSTEMPATH\Database\BaseConnection.php on line 684.
 1 SYSTEMPATH\Database\BaseBuilder.php(1649): CodeIgniter\Database\BaseConnection->query('SELECT SUM(CASE WHEN status = \'Lunas\' THEN total_bayar ELSE 0 END) as total_pendapatan,
        SUM(CASE WHEN status = \'Lunas\' AND metode_pembayaran = \'Tunai\' THEN total_bayar ELSE 0 END) as total_tunai,
        SUM(CASE WHEN status = \'Lunas\' AND metode_pembayaran = \'QRIS\' THEN total_bayar ELSE 0 END) as total_qris,
        SUM(CASE WHEN status = \'Lunas\' AND metode_pembayaran = \'Transfer\' THEN total_bayar ELSE 0 END) as total_transfer,
        SUM(CASE WHEN status = \'Lunas\' AND metode_pembayaran = \'EDC\' THEN total_bayar ELSE 0 END) as total_edc,
        COUNT(CASE WHEN status = \'Batal\' THEN 1 END) as jumlah_batal
FROM `transaksi`
WHERE `transaksi`.`id_user` = :transaksi.id_user:
AND DATE(transaksi.created_at) = :DATE(transaksi.created_at):
GROUP BY `user`.`id_user`', [...], false)
 2 APPPATH\Controllers\Kasir.php(36): CodeIgniter\Database\BaseBuilder->get()
 3 SYSTEMPATH\CodeIgniter.php(933): App\Controllers\Kasir->index()
 4 SYSTEMPATH\CodeIgniter.php(507): CodeIgniter\CodeIgniter->runController(Object(App\Controllers\Kasir))
 5 SYSTEMPATH\CodeIgniter.php(354): CodeIgniter\CodeIgniter->handleRequest(null, Object(Config\Cache), false)
 6 SYSTEMPATH\Boot.php(363): CodeIgniter\CodeIgniter->run()
 7 SYSTEMPATH\Boot.php(68): CodeIgniter\Boot::runCodeIgniter(Object(CodeIgniter\CodeIgniter))
 8 FCPATH\index.php(59): CodeIgniter\Boot::bootWeb(Object(Config\Paths))
 9 SYSTEMPATH\rewrite.php(44): require_once('C:\\xampp\\htdocs\\kasirpos\\public\\index.php')
CRITICAL - 2026-05-09 13:54:05 --> [Caused by] CodeIgniter\Database\Exceptions\DatabaseException: Unknown column 'transaksi.id_user' in 'where clause'
in SYSTEMPATH\Database\MySQLi\Connection.php on line 332.
 1 SYSTEMPATH\Database\BaseConnection.php(729): CodeIgniter\Database\MySQLi\Connection->execute('SELECT SUM(CASE WHEN status = \'Lunas\' THEN total_bayar ELSE 0 END) as total_pendapatan,
        SUM(CASE WHEN status = \'Lunas\' AND metode_pembayaran = \'Tunai\' THEN total_bayar ELSE 0 END) as total_tunai,
        SUM(CASE WHEN status = \'Lunas\' AND metode_pembayaran = \'QRIS\' THEN total_bayar ELSE 0 END) as total_qris,
        SUM(CASE WHEN status = \'Lunas\' AND metode_pembayaran = \'Transfer\' THEN total_bayar ELSE 0 END) as total_transfer,
        SUM(CASE WHEN status = \'Lunas\' AND metode_pembayaran = \'EDC\' THEN total_bayar ELSE 0 END) as total_edc,
        COUNT(CASE WHEN status = \'Batal\' THEN 1 END) as jumlah_batal
FROM `transaksi`
WHERE `transaksi`.`id_user` = \'2\'
AND DATE(transaksi.created_at) = \'2026-05-09\'
GROUP BY `user`.`id_user`')
 2 SYSTEMPATH\Database\BaseConnection.php(646): CodeIgniter\Database\BaseConnection->simpleQuery('SELECT SUM(CASE WHEN status = \'Lunas\' THEN total_bayar ELSE 0 END) as total_pendapatan,
        SUM(CASE WHEN status = \'Lunas\' AND metode_pembayaran = \'Tunai\' THEN total_bayar ELSE 0 END) as total_tunai,
        SUM(CASE WHEN status = \'Lunas\' AND metode_pembayaran = \'QRIS\' THEN total_bayar ELSE 0 END) as total_qris,
        SUM(CASE WHEN status = \'Lunas\' AND metode_pembayaran = \'Transfer\' THEN total_bayar ELSE 0 END) as total_transfer,
        SUM(CASE WHEN status = \'Lunas\' AND metode_pembayaran = \'EDC\' THEN total_bayar ELSE 0 END) as total_edc,
        COUNT(CASE WHEN status = \'Batal\' THEN 1 END) as jumlah_batal
FROM `transaksi`
WHERE `transaksi`.`id_user` = \'2\'
AND DATE(transaksi.created_at) = \'2026-05-09\'
GROUP BY `user`.`id_user`')
 3 SYSTEMPATH\Database\BaseBuilder.php(1649): CodeIgniter\Database\BaseConnection->query('SELECT SUM(CASE WHEN status = \'Lunas\' THEN total_bayar ELSE 0 END) as total_pendapatan,
        SUM(CASE WHEN status = \'Lunas\' AND metode_pembayaran = \'Tunai\' THEN total_bayar ELSE 0 END) as total_tunai,
        SUM(CASE WHEN status = \'Lunas\' AND metode_pembayaran = \'QRIS\' THEN total_bayar ELSE 0 END) as total_qris,
        SUM(CASE WHEN status = \'Lunas\' AND metode_pembayaran = \'Transfer\' THEN total_bayar ELSE 0 END) as total_transfer,
        SUM(CASE WHEN status = \'Lunas\' AND metode_pembayaran = \'EDC\' THEN total_bayar ELSE 0 END) as total_edc,
        COUNT(CASE WHEN status = \'Batal\' THEN 1 END) as jumlah_batal
FROM `transaksi`
WHERE `transaksi`.`id_user` = :transaksi.id_user:
AND DATE(transaksi.created_at) = :DATE(transaksi.created_at):
GROUP BY `user`.`id_user`', [...], false)
 4 APPPATH\Controllers\Kasir.php(36): CodeIgniter\Database\BaseBuilder->get()
 5 SYSTEMPATH\CodeIgniter.php(933): App\Controllers\Kasir->index()
 6 SYSTEMPATH\CodeIgniter.php(507): CodeIgniter\CodeIgniter->runController(Object(App\Controllers\Kasir))
 7 SYSTEMPATH\CodeIgniter.php(354): CodeIgniter\CodeIgniter->handleRequest(null, Object(Config\Cache), false)
 8 SYSTEMPATH\Boot.php(363): CodeIgniter\CodeIgniter->run()
 9 SYSTEMPATH\Boot.php(68): CodeIgniter\Boot::runCodeIgniter(Object(CodeIgniter\CodeIgniter))
10 FCPATH\index.php(59): CodeIgniter\Boot::bootWeb(Object(Config\Paths))
11 SYSTEMPATH\rewrite.php(44): require_once('C:\\xampp\\htdocs\\kasirpos\\public\\index.php')
CRITICAL - 2026-05-09 13:54:05 --> [Caused by] mysqli_sql_exception: Unknown column 'transaksi.id_user' in 'where clause'
in SYSTEMPATH\Database\MySQLi\Connection.php on line 327.
 1 SYSTEMPATH\Database\MySQLi\Connection.php(327): mysqli->query('SELECT SUM(CASE WHEN status = \'Lunas\' THEN total_bayar ELSE 0 END) as total_pendapatan,
        SUM(CASE WHEN status = \'Lunas\' AND metode_pembayaran = \'Tunai\' THEN total_bayar ELSE 0 END) as total_tunai,
        SUM(CASE WHEN status = \'Lunas\' AND metode_pembayaran = \'QRIS\' THEN total_bayar ELSE 0 END) as total_qris,
        SUM(CASE WHEN status = \'Lunas\' AND metode_pembayaran = \'Transfer\' THEN total_bayar ELSE 0 END) as total_transfer,
        SUM(CASE WHEN status = \'Lunas\' AND metode_pembayaran = \'EDC\' THEN total_bayar ELSE 0 END) as total_edc,
        COUNT(CASE WHEN status = \'Batal\' THEN 1 END) as jumlah_batal
FROM `transaksi`
WHERE `transaksi`.`id_user` = \'2\'
AND DATE(transaksi.created_at) = \'2026-05-09\'
GROUP BY `user`.`id_user`', 0)
 2 SYSTEMPATH\Database\BaseConnection.php(729): CodeIgniter\Database\MySQLi\Connection->execute('SELECT SUM(CASE WHEN status = \'Lunas\' THEN total_bayar ELSE 0 END) as total_pendapatan,
        SUM(CASE WHEN status = \'Lunas\' AND metode_pembayaran = \'Tunai\' THEN total_bayar ELSE 0 END) as total_tunai,
        SUM(CASE WHEN status = \'Lunas\' AND metode_pembayaran = \'QRIS\' THEN total_bayar ELSE 0 END) as total_qris,
        SUM(CASE WHEN status = \'Lunas\' AND metode_pembayaran = \'Transfer\' THEN total_bayar ELSE 0 END) as total_transfer,
        SUM(CASE WHEN status = \'Lunas\' AND metode_pembayaran = \'EDC\' THEN total_bayar ELSE 0 END) as total_edc,
        COUNT(CASE WHEN status = \'Batal\' THEN 1 END) as jumlah_batal
FROM `transaksi`
WHERE `transaksi`.`id_user` = \'2\'
AND DATE(transaksi.created_at) = \'2026-05-09\'
GROUP BY `user`.`id_user`')
 3 SYSTEMPATH\Database\BaseConnection.php(646): CodeIgniter\Database\BaseConnection->simpleQuery('SELECT SUM(CASE WHEN status = \'Lunas\' THEN total_bayar ELSE 0 END) as total_pendapatan,
        SUM(CASE WHEN status = \'Lunas\' AND metode_pembayaran = \'Tunai\' THEN total_bayar ELSE 0 END) as total_tunai,
        SUM(CASE WHEN status = \'Lunas\' AND metode_pembayaran = \'QRIS\' THEN total_bayar ELSE 0 END) as total_qris,
        SUM(CASE WHEN status = \'Lunas\' AND metode_pembayaran = \'Transfer\' THEN total_bayar ELSE 0 END) as total_transfer,
        SUM(CASE WHEN status = \'Lunas\' AND metode_pembayaran = \'EDC\' THEN total_bayar ELSE 0 END) as total_edc,
        COUNT(CASE WHEN status = \'Batal\' THEN 1 END) as jumlah_batal
FROM `transaksi`
WHERE `transaksi`.`id_user` = \'2\'
AND DATE(transaksi.created_at) = \'2026-05-09\'
GROUP BY `user`.`id_user`')
 4 SYSTEMPATH\Database\BaseBuilder.php(1649): CodeIgniter\Database\BaseConnection->query('SELECT SUM(CASE WHEN status = \'Lunas\' THEN total_bayar ELSE 0 END) as total_pendapatan,
        SUM(CASE WHEN status = \'Lunas\' AND metode_pembayaran = \'Tunai\' THEN total_bayar ELSE 0 END) as total_tunai,
        SUM(CASE WHEN status = \'Lunas\' AND metode_pembayaran = \'QRIS\' THEN total_bayar ELSE 0 END) as total_qris,
        SUM(CASE WHEN status = \'Lunas\' AND metode_pembayaran = \'Transfer\' THEN total_bayar ELSE 0 END) as total_transfer,
        SUM(CASE WHEN status = \'Lunas\' AND metode_pembayaran = \'EDC\' THEN total_bayar ELSE 0 END) as total_edc,
        COUNT(CASE WHEN status = \'Batal\' THEN 1 END) as jumlah_batal
FROM `transaksi`
WHERE `transaksi`.`id_user` = :transaksi.id_user:
AND DATE(transaksi.created_at) = :DATE(transaksi.created_at):
GROUP BY `user`.`id_user`', [...], false)
 5 APPPATH\Controllers\Kasir.php(36): CodeIgniter\Database\BaseBuilder->get()
 6 SYSTEMPATH\CodeIgniter.php(933): App\Controllers\Kasir->index()
 7 SYSTEMPATH\CodeIgniter.php(507): CodeIgniter\CodeIgniter->runController(Object(App\Controllers\Kasir))
 8 SYSTEMPATH\CodeIgniter.php(354): CodeIgniter\CodeIgniter->handleRequest(null, Object(Config\Cache), false)
 9 SYSTEMPATH\Boot.php(363): CodeIgniter\CodeIgniter->run()
10 SYSTEMPATH\Boot.php(68): CodeIgniter\Boot::runCodeIgniter(Object(CodeIgniter\CodeIgniter))
11 FCPATH\index.php(59): CodeIgniter\Boot::bootWeb(Object(Config\Paths))
12 SYSTEMPATH\rewrite.php(44): require_once('C:\\xampp\\htdocs\\kasirpos\\public\\index.php')
DEBUG - 2026-05-09 06:54:20 --> Session: Class initialized using 'CodeIgniter\Session\Handlers\FileHandler' driver.
ERROR - 2026-05-09 13:54:20 --> mysqli_sql_exception: Unknown column 'transaksi.id_user' in 'where clause' in C:\xampp\htdocs\kasirpos\system\Database\MySQLi\Connection.php:327
Stack trace:
#0 C:\xampp\htdocs\kasirpos\system\Database\MySQLi\Connection.php(327): mysqli->query('SELECT SUM(CASE...', 0)
#1 C:\xampp\htdocs\kasirpos\system\Database\BaseConnection.php(729): CodeIgniter\Database\MySQLi\Connection->execute('SELECT SUM(CASE...')
#2 C:\xampp\htdocs\kasirpos\system\Database\BaseConnection.php(646): CodeIgniter\Database\BaseConnection->simpleQuery('SELECT SUM(CASE...')
#3 C:\xampp\htdocs\kasirpos\system\Database\BaseBuilder.php(1649): CodeIgniter\Database\BaseConnection->query('SELECT SUM(CASE...', Array, false)
#4 C:\xampp\htdocs\kasirpos\app\Controllers\Kasir.php(36): CodeIgniter\Database\BaseBuilder->get()
#5 C:\xampp\htdocs\kasirpos\system\CodeIgniter.php(933): App\Controllers\Kasir->index()
#6 C:\xampp\htdocs\kasirpos\system\CodeIgniter.php(507): CodeIgniter\CodeIgniter->runController(Object(App\Controllers\Kasir))
#7 C:\xampp\htdocs\kasirpos\system\CodeIgniter.php(354): CodeIgniter\CodeIgniter->handleRequest(NULL, Object(Config\Cache), false)
#8 C:\xampp\htdocs\kasirpos\system\Boot.php(363): CodeIgniter\CodeIgniter->run()
#9 C:\xampp\htdocs\kasirpos\system\Boot.php(68): CodeIgniter\Boot::runCodeIgniter(Object(CodeIgniter\CodeIgniter))
#10 C:\xampp\htdocs\kasirpos\public\index.php(59): CodeIgniter\Boot::bootWeb(Object(Config\Paths))
#11 C:\xampp\htdocs\kasirpos\system\rewrite.php(44): require_once('C:\\xampp\\htdocs...')
#12 {main}
CRITICAL - 2026-05-09 13:54:20 --> CodeIgniter\Database\Exceptions\DatabaseException: Unknown column 'transaksi.id_user' in 'where clause'
[Method: GET, Route: kasir/transaksi]
in SYSTEMPATH\Database\BaseConnection.php on line 684.
 1 SYSTEMPATH\Database\BaseBuilder.php(1649): CodeIgniter\Database\BaseConnection->query('SELECT SUM(CASE WHEN status = \'Lunas\' THEN total_bayar ELSE 0 END) as total_pendapatan,
        SUM(CASE WHEN status = \'Lunas\' AND metode_pembayaran = \'Tunai\' THEN total_bayar ELSE 0 END) as total_tunai,
        SUM(CASE WHEN status = \'Lunas\' AND metode_pembayaran = \'QRIS\' THEN total_bayar ELSE 0 END) as total_qris,
        SUM(CASE WHEN status = \'Lunas\' AND metode_pembayaran = \'Transfer\' THEN total_bayar ELSE 0 END) as total_transfer,
        SUM(CASE WHEN status = \'Lunas\' AND metode_pembayaran = \'EDC\' THEN total_bayar ELSE 0 END) as total_edc,
        COUNT(CASE WHEN status = \'Batal\' THEN 1 END) as jumlah_batal
FROM `transaksi`
WHERE `transaksi`.`id_user` = :transaksi.id_user:
AND DATE(transaksi.created_at) = :DATE(transaksi.created_at):
GROUP BY `user`.`id_user`', [...], false)
 2 APPPATH\Controllers\Kasir.php(36): CodeIgniter\Database\BaseBuilder->get()
 3 SYSTEMPATH\CodeIgniter.php(933): App\Controllers\Kasir->index()
 4 SYSTEMPATH\CodeIgniter.php(507): CodeIgniter\CodeIgniter->runController(Object(App\Controllers\Kasir))
 5 SYSTEMPATH\CodeIgniter.php(354): CodeIgniter\CodeIgniter->handleRequest(null, Object(Config\Cache), false)
 6 SYSTEMPATH\Boot.php(363): CodeIgniter\CodeIgniter->run()
 7 SYSTEMPATH\Boot.php(68): CodeIgniter\Boot::runCodeIgniter(Object(CodeIgniter\CodeIgniter))
 8 FCPATH\index.php(59): CodeIgniter\Boot::bootWeb(Object(Config\Paths))
 9 SYSTEMPATH\rewrite.php(44): require_once('C:\\xampp\\htdocs\\kasirpos\\public\\index.php')
CRITICAL - 2026-05-09 13:54:20 --> [Caused by] CodeIgniter\Database\Exceptions\DatabaseException: Unknown column 'transaksi.id_user' in 'where clause'
in SYSTEMPATH\Database\MySQLi\Connection.php on line 332.
 1 SYSTEMPATH\Database\BaseConnection.php(729): CodeIgniter\Database\MySQLi\Connection->execute('SELECT SUM(CASE WHEN status = \'Lunas\' THEN total_bayar ELSE 0 END) as total_pendapatan,
        SUM(CASE WHEN status = \'Lunas\' AND metode_pembayaran = \'Tunai\' THEN total_bayar ELSE 0 END) as total_tunai,
        SUM(CASE WHEN status = \'Lunas\' AND metode_pembayaran = \'QRIS\' THEN total_bayar ELSE 0 END) as total_qris,
        SUM(CASE WHEN status = \'Lunas\' AND metode_pembayaran = \'Transfer\' THEN total_bayar ELSE 0 END) as total_transfer,
        SUM(CASE WHEN status = \'Lunas\' AND metode_pembayaran = \'EDC\' THEN total_bayar ELSE 0 END) as total_edc,
        COUNT(CASE WHEN status = \'Batal\' THEN 1 END) as jumlah_batal
FROM `transaksi`
WHERE `transaksi`.`id_user` = \'2\'
AND DATE(transaksi.created_at) = \'2026-05-09\'
GROUP BY `user`.`id_user`')
 2 SYSTEMPATH\Database\BaseConnection.php(646): CodeIgniter\Database\BaseConnection->simpleQuery('SELECT SUM(CASE WHEN status = \'Lunas\' THEN total_bayar ELSE 0 END) as total_pendapatan,
        SUM(CASE WHEN status = \'Lunas\' AND metode_pembayaran = \'Tunai\' THEN total_bayar ELSE 0 END) as total_tunai,
        SUM(CASE WHEN status = \'Lunas\' AND metode_pembayaran = \'QRIS\' THEN total_bayar ELSE 0 END) as total_qris,
        SUM(CASE WHEN status = \'Lunas\' AND metode_pembayaran = \'Transfer\' THEN total_bayar ELSE 0 END) as total_transfer,
        SUM(CASE WHEN status = \'Lunas\' AND metode_pembayaran = \'EDC\' THEN total_bayar ELSE 0 END) as total_edc,
        COUNT(CASE WHEN status = \'Batal\' THEN 1 END) as jumlah_batal
FROM `transaksi`
WHERE `transaksi`.`id_user` = \'2\'
AND DATE(transaksi.created_at) = \'2026-05-09\'
GROUP BY `user`.`id_user`')
 3 SYSTEMPATH\Database\BaseBuilder.php(1649): CodeIgniter\Database\BaseConnection->query('SELECT SUM(CASE WHEN status = \'Lunas\' THEN total_bayar ELSE 0 END) as total_pendapatan,
        SUM(CASE WHEN status = \'Lunas\' AND metode_pembayaran = \'Tunai\' THEN total_bayar ELSE 0 END) as total_tunai,
        SUM(CASE WHEN status = \'Lunas\' AND metode_pembayaran = \'QRIS\' THEN total_bayar ELSE 0 END) as total_qris,
        SUM(CASE WHEN status = \'Lunas\' AND metode_pembayaran = \'Transfer\' THEN total_bayar ELSE 0 END) as total_transfer,
        SUM(CASE WHEN status = \'Lunas\' AND metode_pembayaran = \'EDC\' THEN total_bayar ELSE 0 END) as total_edc,
        COUNT(CASE WHEN status = \'Batal\' THEN 1 END) as jumlah_batal
FROM `transaksi`
WHERE `transaksi`.`id_user` = :transaksi.id_user:
AND DATE(transaksi.created_at) = :DATE(transaksi.created_at):
GROUP BY `user`.`id_user`', [...], false)
 4 APPPATH\Controllers\Kasir.php(36): CodeIgniter\Database\BaseBuilder->get()
 5 SYSTEMPATH\CodeIgniter.php(933): App\Controllers\Kasir->index()
 6 SYSTEMPATH\CodeIgniter.php(507): CodeIgniter\CodeIgniter->runController(Object(App\Controllers\Kasir))
 7 SYSTEMPATH\CodeIgniter.php(354): CodeIgniter\CodeIgniter->handleRequest(null, Object(Config\Cache), false)
 8 SYSTEMPATH\Boot.php(363): CodeIgniter\CodeIgniter->run()
 9 SYSTEMPATH\Boot.php(68): CodeIgniter\Boot::runCodeIgniter(Object(CodeIgniter\CodeIgniter))
10 FCPATH\index.php(59): CodeIgniter\Boot::bootWeb(Object(Config\Paths))
11 SYSTEMPATH\rewrite.php(44): require_once('C:\\xampp\\htdocs\\kasirpos\\public\\index.php')
CRITICAL - 2026-05-09 13:54:20 --> [Caused by] mysqli_sql_exception: Unknown column 'transaksi.id_user' in 'where clause'
in SYSTEMPATH\Database\MySQLi\Connection.php on line 327.
 1 SYSTEMPATH\Database\MySQLi\Connection.php(327): mysqli->query('SELECT SUM(CASE WHEN status = \'Lunas\' THEN total_bayar ELSE 0 END) as total_pendapatan,
        SUM(CASE WHEN status = \'Lunas\' AND metode_pembayaran = \'Tunai\' THEN total_bayar ELSE 0 END) as total_tunai,
        SUM(CASE WHEN status = \'Lunas\' AND metode_pembayaran = \'QRIS\' THEN total_bayar ELSE 0 END) as total_qris,
        SUM(CASE WHEN status = \'Lunas\' AND metode_pembayaran = \'Transfer\' THEN total_bayar ELSE 0 END) as total_transfer,
        SUM(CASE WHEN status = \'Lunas\' AND metode_pembayaran = \'EDC\' THEN total_bayar ELSE 0 END) as total_edc,
        COUNT(CASE WHEN status = \'Batal\' THEN 1 END) as jumlah_batal
FROM `transaksi`
WHERE `transaksi`.`id_user` = \'2\'
AND DATE(transaksi.created_at) = \'2026-05-09\'
GROUP BY `user`.`id_user`', 0)
 2 SYSTEMPATH\Database\BaseConnection.php(729): CodeIgniter\Database\MySQLi\Connection->execute('SELECT SUM(CASE WHEN status = \'Lunas\' THEN total_bayar ELSE 0 END) as total_pendapatan,
        SUM(CASE WHEN status = \'Lunas\' AND metode_pembayaran = \'Tunai\' THEN total_bayar ELSE 0 END) as total_tunai,
        SUM(CASE WHEN status = \'Lunas\' AND metode_pembayaran = \'QRIS\' THEN total_bayar ELSE 0 END) as total_qris,
        SUM(CASE WHEN status = \'Lunas\' AND metode_pembayaran = \'Transfer\' THEN total_bayar ELSE 0 END) as total_transfer,
        SUM(CASE WHEN status = \'Lunas\' AND metode_pembayaran = \'EDC\' THEN total_bayar ELSE 0 END) as total_edc,
        COUNT(CASE WHEN status = \'Batal\' THEN 1 END) as jumlah_batal
FROM `transaksi`
WHERE `transaksi`.`id_user` = \'2\'
AND DATE(transaksi.created_at) = \'2026-05-09\'
GROUP BY `user`.`id_user`')
 3 SYSTEMPATH\Database\BaseConnection.php(646): CodeIgniter\Database\BaseConnection->simpleQuery('SELECT SUM(CASE WHEN status = \'Lunas\' THEN total_bayar ELSE 0 END) as total_pendapatan,
        SUM(CASE WHEN status = \'Lunas\' AND metode_pembayaran = \'Tunai\' THEN total_bayar ELSE 0 END) as total_tunai,
        SUM(CASE WHEN status = \'Lunas\' AND metode_pembayaran = \'QRIS\' THEN total_bayar ELSE 0 END) as total_qris,
        SUM(CASE WHEN status = \'Lunas\' AND metode_pembayaran = \'Transfer\' THEN total_bayar ELSE 0 END) as total_transfer,
        SUM(CASE WHEN status = \'Lunas\' AND metode_pembayaran = \'EDC\' THEN total_bayar ELSE 0 END) as total_edc,
        COUNT(CASE WHEN status = \'Batal\' THEN 1 END) as jumlah_batal
FROM `transaksi`
WHERE `transaksi`.`id_user` = \'2\'
AND DATE(transaksi.created_at) = \'2026-05-09\'
GROUP BY `user`.`id_user`')
 4 SYSTEMPATH\Database\BaseBuilder.php(1649): CodeIgniter\Database\BaseConnection->query('SELECT SUM(CASE WHEN status = \'Lunas\' THEN total_bayar ELSE 0 END) as total_pendapatan,
        SUM(CASE WHEN status = \'Lunas\' AND metode_pembayaran = \'Tunai\' THEN total_bayar ELSE 0 END) as total_tunai,
        SUM(CASE WHEN status = \'Lunas\' AND metode_pembayaran = \'QRIS\' THEN total_bayar ELSE 0 END) as total_qris,
        SUM(CASE WHEN status = \'Lunas\' AND metode_pembayaran = \'Transfer\' THEN total_bayar ELSE 0 END) as total_transfer,
        SUM(CASE WHEN status = \'Lunas\' AND metode_pembayaran = \'EDC\' THEN total_bayar ELSE 0 END) as total_edc,
        COUNT(CASE WHEN status = \'Batal\' THEN 1 END) as jumlah_batal
FROM `transaksi`
WHERE `transaksi`.`id_user` = :transaksi.id_user:
AND DATE(transaksi.created_at) = :DATE(transaksi.created_at):
GROUP BY `user`.`id_user`', [...], false)
 5 APPPATH\Controllers\Kasir.php(36): CodeIgniter\Database\BaseBuilder->get()
 6 SYSTEMPATH\CodeIgniter.php(933): App\Controllers\Kasir->index()
 7 SYSTEMPATH\CodeIgniter.php(507): CodeIgniter\CodeIgniter->runController(Object(App\Controllers\Kasir))
 8 SYSTEMPATH\CodeIgniter.php(354): CodeIgniter\CodeIgniter->handleRequest(null, Object(Config\Cache), false)
 9 SYSTEMPATH\Boot.php(363): CodeIgniter\CodeIgniter->run()
10 SYSTEMPATH\Boot.php(68): CodeIgniter\Boot::runCodeIgniter(Object(CodeIgniter\CodeIgniter))
11 FCPATH\index.php(59): CodeIgniter\Boot::bootWeb(Object(Config\Paths))
12 SYSTEMPATH\rewrite.php(44): require_once('C:\\xampp\\htdocs\\kasirpos\\public\\index.php')
DEBUG - 2026-05-09 06:55:47 --> Session: Class initialized using 'CodeIgniter\Session\Handlers\FileHandler' driver.
ERROR - 2026-05-09 13:55:47 --> mysqli_sql_exception: Unknown column 'id_user' in 'where clause' in C:\xampp\htdocs\kasirpos\system\Database\MySQLi\Connection.php:327
Stack trace:
#0 C:\xampp\htdocs\kasirpos\system\Database\MySQLi\Connection.php(327): mysqli->query('SELECT SUM(CASE...', 0)
#1 C:\xampp\htdocs\kasirpos\system\Database\BaseConnection.php(729): CodeIgniter\Database\MySQLi\Connection->execute('SELECT SUM(CASE...')
#2 C:\xampp\htdocs\kasirpos\system\Database\BaseConnection.php(646): CodeIgniter\Database\BaseConnection->simpleQuery('SELECT SUM(CASE...')
#3 C:\xampp\htdocs\kasirpos\system\Database\BaseBuilder.php(1649): CodeIgniter\Database\BaseConnection->query('SELECT SUM(CASE...', Array, false)
#4 C:\xampp\htdocs\kasirpos\app\Controllers\Kasir.php(37): CodeIgniter\Database\BaseBuilder->get()
#5 C:\xampp\htdocs\kasirpos\system\CodeIgniter.php(933): App\Controllers\Kasir->index()
#6 C:\xampp\htdocs\kasirpos\system\CodeIgniter.php(507): CodeIgniter\CodeIgniter->runController(Object(App\Controllers\Kasir))
#7 C:\xampp\htdocs\kasirpos\system\CodeIgniter.php(354): CodeIgniter\CodeIgniter->handleRequest(NULL, Object(Config\Cache), false)
#8 C:\xampp\htdocs\kasirpos\system\Boot.php(363): CodeIgniter\CodeIgniter->run()
#9 C:\xampp\htdocs\kasirpos\system\Boot.php(68): CodeIgniter\Boot::runCodeIgniter(Object(CodeIgniter\CodeIgniter))
#10 C:\xampp\htdocs\kasirpos\public\index.php(59): CodeIgniter\Boot::bootWeb(Object(Config\Paths))
#11 C:\xampp\htdocs\kasirpos\system\rewrite.php(44): require_once('C:\\xampp\\htdocs...')
#12 {main}
CRITICAL - 2026-05-09 13:55:47 --> CodeIgniter\Database\Exceptions\DatabaseException: Unknown column 'id_user' in 'where clause'
[Method: GET, Route: kasir/transaksi]
in SYSTEMPATH\Database\BaseConnection.php on line 684.
 1 SYSTEMPATH\Database\BaseBuilder.php(1649): CodeIgniter\Database\BaseConnection->query('SELECT SUM(CASE WHEN status = \'Lunas\' THEN total_bayar ELSE 0 END) as total_pendapatan,
        SUM(CASE WHEN status = \'Lunas\' AND metode_pembayaran = \'Tunai\' THEN total_bayar ELSE 0 END) as total_tunai,
        SUM(CASE WHEN status = \'Lunas\' AND metode_pembayaran = \'QRIS\' THEN total_bayar ELSE 0 END) as total_qris,
        SUM(CASE WHEN status = \'Lunas\' AND metode_pembayaran = \'Transfer\' THEN total_bayar ELSE 0 END) as total_transfer,
        SUM(CASE WHEN status = \'Lunas\' AND metode_pembayaran = \'EDC\' THEN total_bayar ELSE 0 END) as total_edc,
        COUNT(CASE WHEN status = \'Batal\' THEN 1 END) as jumlah_batal
FROM `transaksi`
WHERE `id_user` = :id_user:
AND DATE(created_at) = :DATE(created_at):', [...], false)
 2 APPPATH\Controllers\Kasir.php(37): CodeIgniter\Database\BaseBuilder->get()
 3 SYSTEMPATH\CodeIgniter.php(933): App\Controllers\Kasir->index()
 4 SYSTEMPATH\CodeIgniter.php(507): CodeIgniter\CodeIgniter->runController(Object(App\Controllers\Kasir))
 5 SYSTEMPATH\CodeIgniter.php(354): CodeIgniter\CodeIgniter->handleRequest(null, Object(Config\Cache), false)
 6 SYSTEMPATH\Boot.php(363): CodeIgniter\CodeIgniter->run()
 7 SYSTEMPATH\Boot.php(68): CodeIgniter\Boot::runCodeIgniter(Object(CodeIgniter\CodeIgniter))
 8 FCPATH\index.php(59): CodeIgniter\Boot::bootWeb(Object(Config\Paths))
 9 SYSTEMPATH\rewrite.php(44): require_once('C:\\xampp\\htdocs\\kasirpos\\public\\index.php')
CRITICAL - 2026-05-09 13:55:47 --> [Caused by] CodeIgniter\Database\Exceptions\DatabaseException: Unknown column 'id_user' in 'where clause'
in SYSTEMPATH\Database\MySQLi\Connection.php on line 332.
 1 SYSTEMPATH\Database\BaseConnection.php(729): CodeIgniter\Database\MySQLi\Connection->execute('SELECT SUM(CASE WHEN status = \'Lunas\' THEN total_bayar ELSE 0 END) as total_pendapatan,
        SUM(CASE WHEN status = \'Lunas\' AND metode_pembayaran = \'Tunai\' THEN total_bayar ELSE 0 END) as total_tunai,
        SUM(CASE WHEN status = \'Lunas\' AND metode_pembayaran = \'QRIS\' THEN total_bayar ELSE 0 END) as total_qris,
        SUM(CASE WHEN status = \'Lunas\' AND metode_pembayaran = \'Transfer\' THEN total_bayar ELSE 0 END) as total_transfer,
        SUM(CASE WHEN status = \'Lunas\' AND metode_pembayaran = \'EDC\' THEN total_bayar ELSE 0 END) as total_edc,
        COUNT(CASE WHEN status = \'Batal\' THEN 1 END) as jumlah_batal
FROM `transaksi`
WHERE `id_user` = \'2\'
AND DATE(created_at) = \'2026-05-09\'')
 2 SYSTEMPATH\Database\BaseConnection.php(646): CodeIgniter\Database\BaseConnection->simpleQuery('SELECT SUM(CASE WHEN status = \'Lunas\' THEN total_bayar ELSE 0 END) as total_pendapatan,
        SUM(CASE WHEN status = \'Lunas\' AND metode_pembayaran = \'Tunai\' THEN total_bayar ELSE 0 END) as total_tunai,
        SUM(CASE WHEN status = \'Lunas\' AND metode_pembayaran = \'QRIS\' THEN total_bayar ELSE 0 END) as total_qris,
        SUM(CASE WHEN status = \'Lunas\' AND metode_pembayaran = \'Transfer\' THEN total_bayar ELSE 0 END) as total_transfer,
        SUM(CASE WHEN status = \'Lunas\' AND metode_pembayaran = \'EDC\' THEN total_bayar ELSE 0 END) as total_edc,
        COUNT(CASE WHEN status = \'Batal\' THEN 1 END) as jumlah_batal
FROM `transaksi`
WHERE `id_user` = \'2\'
AND DATE(created_at) = \'2026-05-09\'')
 3 SYSTEMPATH\Database\BaseBuilder.php(1649): CodeIgniter\Database\BaseConnection->query('SELECT SUM(CASE WHEN status = \'Lunas\' THEN total_bayar ELSE 0 END) as total_pendapatan,
        SUM(CASE WHEN status = \'Lunas\' AND metode_pembayaran = \'Tunai\' THEN total_bayar ELSE 0 END) as total_tunai,
        SUM(CASE WHEN status = \'Lunas\' AND metode_pembayaran = \'QRIS\' THEN total_bayar ELSE 0 END) as total_qris,
        SUM(CASE WHEN status = \'Lunas\' AND metode_pembayaran = \'Transfer\' THEN total_bayar ELSE 0 END) as total_transfer,
        SUM(CASE WHEN status = \'Lunas\' AND metode_pembayaran = \'EDC\' THEN total_bayar ELSE 0 END) as total_edc,
        COUNT(CASE WHEN status = \'Batal\' THEN 1 END) as jumlah_batal
FROM `transaksi`
WHERE `id_user` = :id_user:
AND DATE(created_at) = :DATE(created_at):', [...], false)
 4 APPPATH\Controllers\Kasir.php(37): CodeIgniter\Database\BaseBuilder->get()
 5 SYSTEMPATH\CodeIgniter.php(933): App\Controllers\Kasir->index()
 6 SYSTEMPATH\CodeIgniter.php(507): CodeIgniter\CodeIgniter->runController(Object(App\Controllers\Kasir))
 7 SYSTEMPATH\CodeIgniter.php(354): CodeIgniter\CodeIgniter->handleRequest(null, Object(Config\Cache), false)
 8 SYSTEMPATH\Boot.php(363): CodeIgniter\CodeIgniter->run()
 9 SYSTEMPATH\Boot.php(68): CodeIgniter\Boot::runCodeIgniter(Object(CodeIgniter\CodeIgniter))
10 FCPATH\index.php(59): CodeIgniter\Boot::bootWeb(Object(Config\Paths))
11 SYSTEMPATH\rewrite.php(44): require_once('C:\\xampp\\htdocs\\kasirpos\\public\\index.php')
CRITICAL - 2026-05-09 13:55:47 --> [Caused by] mysqli_sql_exception: Unknown column 'id_user' in 'where clause'
in SYSTEMPATH\Database\MySQLi\Connection.php on line 327.
 1 SYSTEMPATH\Database\MySQLi\Connection.php(327): mysqli->query('SELECT SUM(CASE WHEN status = \'Lunas\' THEN total_bayar ELSE 0 END) as total_pendapatan,
        SUM(CASE WHEN status = \'Lunas\' AND metode_pembayaran = \'Tunai\' THEN total_bayar ELSE 0 END) as total_tunai,
        SUM(CASE WHEN status = \'Lunas\' AND metode_pembayaran = \'QRIS\' THEN total_bayar ELSE 0 END) as total_qris,
        SUM(CASE WHEN status = \'Lunas\' AND metode_pembayaran = \'Transfer\' THEN total_bayar ELSE 0 END) as total_transfer,
        SUM(CASE WHEN status = \'Lunas\' AND metode_pembayaran = \'EDC\' THEN total_bayar ELSE 0 END) as total_edc,
        COUNT(CASE WHEN status = \'Batal\' THEN 1 END) as jumlah_batal
FROM `transaksi`
WHERE `id_user` = \'2\'
AND DATE(created_at) = \'2026-05-09\'', 0)
 2 SYSTEMPATH\Database\BaseConnection.php(729): CodeIgniter\Database\MySQLi\Connection->execute('SELECT SUM(CASE WHEN status = \'Lunas\' THEN total_bayar ELSE 0 END) as total_pendapatan,
        SUM(CASE WHEN status = \'Lunas\' AND metode_pembayaran = \'Tunai\' THEN total_bayar ELSE 0 END) as total_tunai,
        SUM(CASE WHEN status = \'Lunas\' AND metode_pembayaran = \'QRIS\' THEN total_bayar ELSE 0 END) as total_qris,
        SUM(CASE WHEN status = \'Lunas\' AND metode_pembayaran = \'Transfer\' THEN total_bayar ELSE 0 END) as total_transfer,
        SUM(CASE WHEN status = \'Lunas\' AND metode_pembayaran = \'EDC\' THEN total_bayar ELSE 0 END) as total_edc,
        COUNT(CASE WHEN status = \'Batal\' THEN 1 END) as jumlah_batal
FROM `transaksi`
WHERE `id_user` = \'2\'
AND DATE(created_at) = \'2026-05-09\'')
 3 SYSTEMPATH\Database\BaseConnection.php(646): CodeIgniter\Database\BaseConnection->simpleQuery('SELECT SUM(CASE WHEN status = \'Lunas\' THEN total_bayar ELSE 0 END) as total_pendapatan,
        SUM(CASE WHEN status = \'Lunas\' AND metode_pembayaran = \'Tunai\' THEN total_bayar ELSE 0 END) as total_tunai,
        SUM(CASE WHEN status = \'Lunas\' AND metode_pembayaran = \'QRIS\' THEN total_bayar ELSE 0 END) as total_qris,
        SUM(CASE WHEN status = \'Lunas\' AND metode_pembayaran = \'Transfer\' THEN total_bayar ELSE 0 END) as total_transfer,
        SUM(CASE WHEN status = \'Lunas\' AND metode_pembayaran = \'EDC\' THEN total_bayar ELSE 0 END) as total_edc,
        COUNT(CASE WHEN status = \'Batal\' THEN 1 END) as jumlah_batal
FROM `transaksi`
WHERE `id_user` = \'2\'
AND DATE(created_at) = \'2026-05-09\'')
 4 SYSTEMPATH\Database\BaseBuilder.php(1649): CodeIgniter\Database\BaseConnection->query('SELECT SUM(CASE WHEN status = \'Lunas\' THEN total_bayar ELSE 0 END) as total_pendapatan,
        SUM(CASE WHEN status = \'Lunas\' AND metode_pembayaran = \'Tunai\' THEN total_bayar ELSE 0 END) as total_tunai,
        SUM(CASE WHEN status = \'Lunas\' AND metode_pembayaran = \'QRIS\' THEN total_bayar ELSE 0 END) as total_qris,
        SUM(CASE WHEN status = \'Lunas\' AND metode_pembayaran = \'Transfer\' THEN total_bayar ELSE 0 END) as total_transfer,
        SUM(CASE WHEN status = \'Lunas\' AND metode_pembayaran = \'EDC\' THEN total_bayar ELSE 0 END) as total_edc,
        COUNT(CASE WHEN status = \'Batal\' THEN 1 END) as jumlah_batal
FROM `transaksi`
WHERE `id_user` = :id_user:
AND DATE(created_at) = :DATE(created_at):', [...], false)
 5 APPPATH\Controllers\Kasir.php(37): CodeIgniter\Database\BaseBuilder->get()
 6 SYSTEMPATH\CodeIgniter.php(933): App\Controllers\Kasir->index()
 7 SYSTEMPATH\CodeIgniter.php(507): CodeIgniter\CodeIgniter->runController(Object(App\Controllers\Kasir))
 8 SYSTEMPATH\CodeIgniter.php(354): CodeIgniter\CodeIgniter->handleRequest(null, Object(Config\Cache), false)
 9 SYSTEMPATH\Boot.php(363): CodeIgniter\CodeIgniter->run()
10 SYSTEMPATH\Boot.php(68): CodeIgniter\Boot::runCodeIgniter(Object(CodeIgniter\CodeIgniter))
11 FCPATH\index.php(59): CodeIgniter\Boot::bootWeb(Object(Config\Paths))
12 SYSTEMPATH\rewrite.php(44): require_once('C:\\xampp\\htdocs\\kasirpos\\public\\index.php')
DEBUG - 2026-05-09 13:56:06 --> Session: Class initialized using 'CodeIgniter\Session\Handlers\FileHandler' driver.
DEBUG - 2026-05-09 13:56:22 --> Session: Class initialized using 'CodeIgniter\Session\Handlers\FileHandler' driver.
DEBUG - 2026-05-09 13:56:26 --> Session: Class initialized using 'CodeIgniter\Session\Handlers\FileHandler' driver.
DEBUG - 2026-05-09 13:56:31 --> Session: Class initialized using 'CodeIgniter\Session\Handlers\FileHandler' driver.
DEBUG - 2026-05-09 13:56:31 --> Session: Class initialized using 'CodeIgniter\Session\Handlers\FileHandler' driver.
DEBUG - 2026-05-09 06:56:31 --> Session: Class initialized using 'CodeIgniter\Session\Handlers\FileHandler' driver.
ERROR - 2026-05-09 13:56:31 --> mysqli_sql_exception: Unknown column 'id_user' in 'where clause' in C:\xampp\htdocs\kasirpos\system\Database\MySQLi\Connection.php:327
Stack trace:
#0 C:\xampp\htdocs\kasirpos\system\Database\MySQLi\Connection.php(327): mysqli->query('SELECT SUM(CASE...', 0)
#1 C:\xampp\htdocs\kasirpos\system\Database\BaseConnection.php(729): CodeIgniter\Database\MySQLi\Connection->execute('SELECT SUM(CASE...')
#2 C:\xampp\htdocs\kasirpos\system\Database\BaseConnection.php(646): CodeIgniter\Database\BaseConnection->simpleQuery('SELECT SUM(CASE...')
#3 C:\xampp\htdocs\kasirpos\system\Database\BaseBuilder.php(1649): CodeIgniter\Database\BaseConnection->query('SELECT SUM(CASE...', Array, false)
#4 C:\xampp\htdocs\kasirpos\app\Controllers\Kasir.php(37): CodeIgniter\Database\BaseBuilder->get()
#5 C:\xampp\htdocs\kasirpos\system\CodeIgniter.php(933): App\Controllers\Kasir->index()
#6 C:\xampp\htdocs\kasirpos\system\CodeIgniter.php(507): CodeIgniter\CodeIgniter->runController(Object(App\Controllers\Kasir))
#7 C:\xampp\htdocs\kasirpos\system\CodeIgniter.php(354): CodeIgniter\CodeIgniter->handleRequest(NULL, Object(Config\Cache), false)
#8 C:\xampp\htdocs\kasirpos\system\Boot.php(363): CodeIgniter\CodeIgniter->run()
#9 C:\xampp\htdocs\kasirpos\system\Boot.php(68): CodeIgniter\Boot::runCodeIgniter(Object(CodeIgniter\CodeIgniter))
#10 C:\xampp\htdocs\kasirpos\public\index.php(59): CodeIgniter\Boot::bootWeb(Object(Config\Paths))
#11 C:\xampp\htdocs\kasirpos\system\rewrite.php(44): require_once('C:\\xampp\\htdocs...')
#12 {main}
CRITICAL - 2026-05-09 13:56:31 --> CodeIgniter\Database\Exceptions\DatabaseException: Unknown column 'id_user' in 'where clause'
[Method: GET, Route: kasir/transaksi]
in SYSTEMPATH\Database\BaseConnection.php on line 684.
 1 SYSTEMPATH\Database\BaseBuilder.php(1649): CodeIgniter\Database\BaseConnection->query('SELECT SUM(CASE WHEN status = \'Lunas\' THEN total_bayar ELSE 0 END) as total_pendapatan,
        SUM(CASE WHEN status = \'Lunas\' AND metode_pembayaran = \'Tunai\' THEN total_bayar ELSE 0 END) as total_tunai,
        SUM(CASE WHEN status = \'Lunas\' AND metode_pembayaran = \'QRIS\' THEN total_bayar ELSE 0 END) as total_qris,
        SUM(CASE WHEN status = \'Lunas\' AND metode_pembayaran = \'Transfer\' THEN total_bayar ELSE 0 END) as total_transfer,
        SUM(CASE WHEN status = \'Lunas\' AND metode_pembayaran = \'EDC\' THEN total_bayar ELSE 0 END) as total_edc,
        COUNT(CASE WHEN status = \'Batal\' THEN 1 END) as jumlah_batal
FROM `transaksi`
WHERE `id_user` = :id_user:
AND DATE(created_at) = :DATE(created_at):', [...], false)
 2 APPPATH\Controllers\Kasir.php(37): CodeIgniter\Database\BaseBuilder->get()
 3 SYSTEMPATH\CodeIgniter.php(933): App\Controllers\Kasir->index()
 4 SYSTEMPATH\CodeIgniter.php(507): CodeIgniter\CodeIgniter->runController(Object(App\Controllers\Kasir))
 5 SYSTEMPATH\CodeIgniter.php(354): CodeIgniter\CodeIgniter->handleRequest(null, Object(Config\Cache), false)
 6 SYSTEMPATH\Boot.php(363): CodeIgniter\CodeIgniter->run()
 7 SYSTEMPATH\Boot.php(68): CodeIgniter\Boot::runCodeIgniter(Object(CodeIgniter\CodeIgniter))
 8 FCPATH\index.php(59): CodeIgniter\Boot::bootWeb(Object(Config\Paths))
 9 SYSTEMPATH\rewrite.php(44): require_once('C:\\xampp\\htdocs\\kasirpos\\public\\index.php')
CRITICAL - 2026-05-09 13:56:31 --> [Caused by] CodeIgniter\Database\Exceptions\DatabaseException: Unknown column 'id_user' in 'where clause'
in SYSTEMPATH\Database\MySQLi\Connection.php on line 332.
 1 SYSTEMPATH\Database\BaseConnection.php(729): CodeIgniter\Database\MySQLi\Connection->execute('SELECT SUM(CASE WHEN status = \'Lunas\' THEN total_bayar ELSE 0 END) as total_pendapatan,
        SUM(CASE WHEN status = \'Lunas\' AND metode_pembayaran = \'Tunai\' THEN total_bayar ELSE 0 END) as total_tunai,
        SUM(CASE WHEN status = \'Lunas\' AND metode_pembayaran = \'QRIS\' THEN total_bayar ELSE 0 END) as total_qris,
        SUM(CASE WHEN status = \'Lunas\' AND metode_pembayaran = \'Transfer\' THEN total_bayar ELSE 0 END) as total_transfer,
        SUM(CASE WHEN status = \'Lunas\' AND metode_pembayaran = \'EDC\' THEN total_bayar ELSE 0 END) as total_edc,
        COUNT(CASE WHEN status = \'Batal\' THEN 1 END) as jumlah_batal
FROM `transaksi`
WHERE `id_user` = \'2\'
AND DATE(created_at) = \'2026-05-09\'')
 2 SYSTEMPATH\Database\BaseConnection.php(646): CodeIgniter\Database\BaseConnection->simpleQuery('SELECT SUM(CASE WHEN status = \'Lunas\' THEN total_bayar ELSE 0 END) as total_pendapatan,
        SUM(CASE WHEN status = \'Lunas\' AND metode_pembayaran = \'Tunai\' THEN total_bayar ELSE 0 END) as total_tunai,
        SUM(CASE WHEN status = \'Lunas\' AND metode_pembayaran = \'QRIS\' THEN total_bayar ELSE 0 END) as total_qris,
        SUM(CASE WHEN status = \'Lunas\' AND metode_pembayaran = \'Transfer\' THEN total_bayar ELSE 0 END) as total_transfer,
        SUM(CASE WHEN status = \'Lunas\' AND metode_pembayaran = \'EDC\' THEN total_bayar ELSE 0 END) as total_edc,
        COUNT(CASE WHEN status = \'Batal\' THEN 1 END) as jumlah_batal
FROM `transaksi`
WHERE `id_user` = \'2\'
AND DATE(created_at) = \'2026-05-09\'')
 3 SYSTEMPATH\Database\BaseBuilder.php(1649): CodeIgniter\Database\BaseConnection->query('SELECT SUM(CASE WHEN status = \'Lunas\' THEN total_bayar ELSE 0 END) as total_pendapatan,
        SUM(CASE WHEN status = \'Lunas\' AND metode_pembayaran = \'Tunai\' THEN total_bayar ELSE 0 END) as total_tunai,
        SUM(CASE WHEN status = \'Lunas\' AND metode_pembayaran = \'QRIS\' THEN total_bayar ELSE 0 END) as total_qris,
        SUM(CASE WHEN status = \'Lunas\' AND metode_pembayaran = \'Transfer\' THEN total_bayar ELSE 0 END) as total_transfer,
        SUM(CASE WHEN status = \'Lunas\' AND metode_pembayaran = \'EDC\' THEN total_bayar ELSE 0 END) as total_edc,
        COUNT(CASE WHEN status = \'Batal\' THEN 1 END) as jumlah_batal
FROM `transaksi`
WHERE `id_user` = :id_user:
AND DATE(created_at) = :DATE(created_at):', [...], false)
 4 APPPATH\Controllers\Kasir.php(37): CodeIgniter\Database\BaseBuilder->get()
 5 SYSTEMPATH\CodeIgniter.php(933): App\Controllers\Kasir->index()
 6 SYSTEMPATH\CodeIgniter.php(507): CodeIgniter\CodeIgniter->runController(Object(App\Controllers\Kasir))
 7 SYSTEMPATH\CodeIgniter.php(354): CodeIgniter\CodeIgniter->handleRequest(null, Object(Config\Cache), false)
 8 SYSTEMPATH\Boot.php(363): CodeIgniter\CodeIgniter->run()
 9 SYSTEMPATH\Boot.php(68): CodeIgniter\Boot::runCodeIgniter(Object(CodeIgniter\CodeIgniter))
10 FCPATH\index.php(59): CodeIgniter\Boot::bootWeb(Object(Config\Paths))
11 SYSTEMPATH\rewrite.php(44): require_once('C:\\xampp\\htdocs\\kasirpos\\public\\index.php')
CRITICAL - 2026-05-09 13:56:31 --> [Caused by] mysqli_sql_exception: Unknown column 'id_user' in 'where clause'
in SYSTEMPATH\Database\MySQLi\Connection.php on line 327.
 1 SYSTEMPATH\Database\MySQLi\Connection.php(327): mysqli->query('SELECT SUM(CASE WHEN status = \'Lunas\' THEN total_bayar ELSE 0 END) as total_pendapatan,
        SUM(CASE WHEN status = \'Lunas\' AND metode_pembayaran = \'Tunai\' THEN total_bayar ELSE 0 END) as total_tunai,
        SUM(CASE WHEN status = \'Lunas\' AND metode_pembayaran = \'QRIS\' THEN total_bayar ELSE 0 END) as total_qris,
        SUM(CASE WHEN status = \'Lunas\' AND metode_pembayaran = \'Transfer\' THEN total_bayar ELSE 0 END) as total_transfer,
        SUM(CASE WHEN status = \'Lunas\' AND metode_pembayaran = \'EDC\' THEN total_bayar ELSE 0 END) as total_edc,
        COUNT(CASE WHEN status = \'Batal\' THEN 1 END) as jumlah_batal
FROM `transaksi`
WHERE `id_user` = \'2\'
AND DATE(created_at) = \'2026-05-09\'', 0)
 2 SYSTEMPATH\Database\BaseConnection.php(729): CodeIgniter\Database\MySQLi\Connection->execute('SELECT SUM(CASE WHEN status = \'Lunas\' THEN total_bayar ELSE 0 END) as total_pendapatan,
        SUM(CASE WHEN status = \'Lunas\' AND metode_pembayaran = \'Tunai\' THEN total_bayar ELSE 0 END) as total_tunai,
        SUM(CASE WHEN status = \'Lunas\' AND metode_pembayaran = \'QRIS\' THEN total_bayar ELSE 0 END) as total_qris,
        SUM(CASE WHEN status = \'Lunas\' AND metode_pembayaran = \'Transfer\' THEN total_bayar ELSE 0 END) as total_transfer,
        SUM(CASE WHEN status = \'Lunas\' AND metode_pembayaran = \'EDC\' THEN total_bayar ELSE 0 END) as total_edc,
        COUNT(CASE WHEN status = \'Batal\' THEN 1 END) as jumlah_batal
FROM `transaksi`
WHERE `id_user` = \'2\'
AND DATE(created_at) = \'2026-05-09\'')
 3 SYSTEMPATH\Database\BaseConnection.php(646): CodeIgniter\Database\BaseConnection->simpleQuery('SELECT SUM(CASE WHEN status = \'Lunas\' THEN total_bayar ELSE 0 END) as total_pendapatan,
        SUM(CASE WHEN status = \'Lunas\' AND metode_pembayaran = \'Tunai\' THEN total_bayar ELSE 0 END) as total_tunai,
        SUM(CASE WHEN status = \'Lunas\' AND metode_pembayaran = \'QRIS\' THEN total_bayar ELSE 0 END) as total_qris,
        SUM(CASE WHEN status = \'Lunas\' AND metode_pembayaran = \'Transfer\' THEN total_bayar ELSE 0 END) as total_transfer,
        SUM(CASE WHEN status = \'Lunas\' AND metode_pembayaran = \'EDC\' THEN total_bayar ELSE 0 END) as total_edc,
        COUNT(CASE WHEN status = \'Batal\' THEN 1 END) as jumlah_batal
FROM `transaksi`
WHERE `id_user` = \'2\'
AND DATE(created_at) = \'2026-05-09\'')
 4 SYSTEMPATH\Database\BaseBuilder.php(1649): CodeIgniter\Database\BaseConnection->query('SELECT SUM(CASE WHEN status = \'Lunas\' THEN total_bayar ELSE 0 END) as total_pendapatan,
        SUM(CASE WHEN status = \'Lunas\' AND metode_pembayaran = \'Tunai\' THEN total_bayar ELSE 0 END) as total_tunai,
        SUM(CASE WHEN status = \'Lunas\' AND metode_pembayaran = \'QRIS\' THEN total_bayar ELSE 0 END) as total_qris,
        SUM(CASE WHEN status = \'Lunas\' AND metode_pembayaran = \'Transfer\' THEN total_bayar ELSE 0 END) as total_transfer,
        SUM(CASE WHEN status = \'Lunas\' AND metode_pembayaran = \'EDC\' THEN total_bayar ELSE 0 END) as total_edc,
        COUNT(CASE WHEN status = \'Batal\' THEN 1 END) as jumlah_batal
FROM `transaksi`
WHERE `id_user` = :id_user:
AND DATE(created_at) = :DATE(created_at):', [...], false)
 5 APPPATH\Controllers\Kasir.php(37): CodeIgniter\Database\BaseBuilder->get()
 6 SYSTEMPATH\CodeIgniter.php(933): App\Controllers\Kasir->index()
 7 SYSTEMPATH\CodeIgniter.php(507): CodeIgniter\CodeIgniter->runController(Object(App\Controllers\Kasir))
 8 SYSTEMPATH\CodeIgniter.php(354): CodeIgniter\CodeIgniter->handleRequest(null, Object(Config\Cache), false)
 9 SYSTEMPATH\Boot.php(363): CodeIgniter\CodeIgniter->run()
10 SYSTEMPATH\Boot.php(68): CodeIgniter\Boot::runCodeIgniter(Object(CodeIgniter\CodeIgniter))
11 FCPATH\index.php(59): CodeIgniter\Boot::bootWeb(Object(Config\Paths))
12 SYSTEMPATH\rewrite.php(44): require_once('C:\\xampp\\htdocs\\kasirpos\\public\\index.php')
DEBUG - 2026-05-09 06:56:35 --> Session: Class initialized using 'CodeIgniter\Session\Handlers\FileHandler' driver.
ERROR - 2026-05-09 13:56:35 --> mysqli_sql_exception: Unknown column 'id_user' in 'where clause' in C:\xampp\htdocs\kasirpos\system\Database\MySQLi\Connection.php:327
Stack trace:
#0 C:\xampp\htdocs\kasirpos\system\Database\MySQLi\Connection.php(327): mysqli->query('SELECT SUM(CASE...', 0)
#1 C:\xampp\htdocs\kasirpos\system\Database\BaseConnection.php(729): CodeIgniter\Database\MySQLi\Connection->execute('SELECT SUM(CASE...')
#2 C:\xampp\htdocs\kasirpos\system\Database\BaseConnection.php(646): CodeIgniter\Database\BaseConnection->simpleQuery('SELECT SUM(CASE...')
#3 C:\xampp\htdocs\kasirpos\system\Database\BaseBuilder.php(1649): CodeIgniter\Database\BaseConnection->query('SELECT SUM(CASE...', Array, false)
#4 C:\xampp\htdocs\kasirpos\app\Controllers\Kasir.php(37): CodeIgniter\Database\BaseBuilder->get()
#5 C:\xampp\htdocs\kasirpos\system\CodeIgniter.php(933): App\Controllers\Kasir->index()
#6 C:\xampp\htdocs\kasirpos\system\CodeIgniter.php(507): CodeIgniter\CodeIgniter->runController(Object(App\Controllers\Kasir))
#7 C:\xampp\htdocs\kasirpos\system\CodeIgniter.php(354): CodeIgniter\CodeIgniter->handleRequest(NULL, Object(Config\Cache), false)
#8 C:\xampp\htdocs\kasirpos\system\Boot.php(363): CodeIgniter\CodeIgniter->run()
#9 C:\xampp\htdocs\kasirpos\system\Boot.php(68): CodeIgniter\Boot::runCodeIgniter(Object(CodeIgniter\CodeIgniter))
#10 C:\xampp\htdocs\kasirpos\public\index.php(59): CodeIgniter\Boot::bootWeb(Object(Config\Paths))
#11 C:\xampp\htdocs\kasirpos\system\rewrite.php(44): require_once('C:\\xampp\\htdocs...')
#12 {main}
CRITICAL - 2026-05-09 13:56:35 --> CodeIgniter\Database\Exceptions\DatabaseException: Unknown column 'id_user' in 'where clause'
[Method: GET, Route: kasir/transaksi]
in SYSTEMPATH\Database\BaseConnection.php on line 684.
 1 SYSTEMPATH\Database\BaseBuilder.php(1649): CodeIgniter\Database\BaseConnection->query('SELECT SUM(CASE WHEN status = \'Lunas\' THEN total_bayar ELSE 0 END) as total_pendapatan,
        SUM(CASE WHEN status = \'Lunas\' AND metode_pembayaran = \'Tunai\' THEN total_bayar ELSE 0 END) as total_tunai,
        SUM(CASE WHEN status = \'Lunas\' AND metode_pembayaran = \'QRIS\' THEN total_bayar ELSE 0 END) as total_qris,
        SUM(CASE WHEN status = \'Lunas\' AND metode_pembayaran = \'Transfer\' THEN total_bayar ELSE 0 END) as total_transfer,
        SUM(CASE WHEN status = \'Lunas\' AND metode_pembayaran = \'EDC\' THEN total_bayar ELSE 0 END) as total_edc,
        COUNT(CASE WHEN status = \'Batal\' THEN 1 END) as jumlah_batal
FROM `transaksi`
WHERE `id_user` = :id_user:
AND DATE(created_at) = :DATE(created_at):', [...], false)
 2 APPPATH\Controllers\Kasir.php(37): CodeIgniter\Database\BaseBuilder->get()
 3 SYSTEMPATH\CodeIgniter.php(933): App\Controllers\Kasir->index()
 4 SYSTEMPATH\CodeIgniter.php(507): CodeIgniter\CodeIgniter->runController(Object(App\Controllers\Kasir))
 5 SYSTEMPATH\CodeIgniter.php(354): CodeIgniter\CodeIgniter->handleRequest(null, Object(Config\Cache), false)
 6 SYSTEMPATH\Boot.php(363): CodeIgniter\CodeIgniter->run()
 7 SYSTEMPATH\Boot.php(68): CodeIgniter\Boot::runCodeIgniter(Object(CodeIgniter\CodeIgniter))
 8 FCPATH\index.php(59): CodeIgniter\Boot::bootWeb(Object(Config\Paths))
 9 SYSTEMPATH\rewrite.php(44): require_once('C:\\xampp\\htdocs\\kasirpos\\public\\index.php')
CRITICAL - 2026-05-09 13:56:35 --> [Caused by] CodeIgniter\Database\Exceptions\DatabaseException: Unknown column 'id_user' in 'where clause'
in SYSTEMPATH\Database\MySQLi\Connection.php on line 332.
 1 SYSTEMPATH\Database\BaseConnection.php(729): CodeIgniter\Database\MySQLi\Connection->execute('SELECT SUM(CASE WHEN status = \'Lunas\' THEN total_bayar ELSE 0 END) as total_pendapatan,
        SUM(CASE WHEN status = \'Lunas\' AND metode_pembayaran = \'Tunai\' THEN total_bayar ELSE 0 END) as total_tunai,
        SUM(CASE WHEN status = \'Lunas\' AND metode_pembayaran = \'QRIS\' THEN total_bayar ELSE 0 END) as total_qris,
        SUM(CASE WHEN status = \'Lunas\' AND metode_pembayaran = \'Transfer\' THEN total_bayar ELSE 0 END) as total_transfer,
        SUM(CASE WHEN status = \'Lunas\' AND metode_pembayaran = \'EDC\' THEN total_bayar ELSE 0 END) as total_edc,
        COUNT(CASE WHEN status = \'Batal\' THEN 1 END) as jumlah_batal
FROM `transaksi`
WHERE `id_user` = \'2\'
AND DATE(created_at) = \'2026-05-09\'')
 2 SYSTEMPATH\Database\BaseConnection.php(646): CodeIgniter\Database\BaseConnection->simpleQuery('SELECT SUM(CASE WHEN status = \'Lunas\' THEN total_bayar ELSE 0 END) as total_pendapatan,
        SUM(CASE WHEN status = \'Lunas\' AND metode_pembayaran = \'Tunai\' THEN total_bayar ELSE 0 END) as total_tunai,
        SUM(CASE WHEN status = \'Lunas\' AND metode_pembayaran = \'QRIS\' THEN total_bayar ELSE 0 END) as total_qris,
        SUM(CASE WHEN status = \'Lunas\' AND metode_pembayaran = \'Transfer\' THEN total_bayar ELSE 0 END) as total_transfer,
        SUM(CASE WHEN status = \'Lunas\' AND metode_pembayaran = \'EDC\' THEN total_bayar ELSE 0 END) as total_edc,
        COUNT(CASE WHEN status = \'Batal\' THEN 1 END) as jumlah_batal
FROM `transaksi`
WHERE `id_user` = \'2\'
AND DATE(created_at) = \'2026-05-09\'')
 3 SYSTEMPATH\Database\BaseBuilder.php(1649): CodeIgniter\Database\BaseConnection->query('SELECT SUM(CASE WHEN status = \'Lunas\' THEN total_bayar ELSE 0 END) as total_pendapatan,
        SUM(CASE WHEN status = \'Lunas\' AND metode_pembayaran = \'Tunai\' THEN total_bayar ELSE 0 END) as total_tunai,
        SUM(CASE WHEN status = \'Lunas\' AND metode_pembayaran = \'QRIS\' THEN total_bayar ELSE 0 END) as total_qris,
        SUM(CASE WHEN status = \'Lunas\' AND metode_pembayaran = \'Transfer\' THEN total_bayar ELSE 0 END) as total_transfer,
        SUM(CASE WHEN status = \'Lunas\' AND metode_pembayaran = \'EDC\' THEN total_bayar ELSE 0 END) as total_edc,
        COUNT(CASE WHEN status = \'Batal\' THEN 1 END) as jumlah_batal
FROM `transaksi`
WHERE `id_user` = :id_user:
AND DATE(created_at) = :DATE(created_at):', [...], false)
 4 APPPATH\Controllers\Kasir.php(37): CodeIgniter\Database\BaseBuilder->get()
 5 SYSTEMPATH\CodeIgniter.php(933): App\Controllers\Kasir->index()
 6 SYSTEMPATH\CodeIgniter.php(507): CodeIgniter\CodeIgniter->runController(Object(App\Controllers\Kasir))
 7 SYSTEMPATH\CodeIgniter.php(354): CodeIgniter\CodeIgniter->handleRequest(null, Object(Config\Cache), false)
 8 SYSTEMPATH\Boot.php(363): CodeIgniter\CodeIgniter->run()
 9 SYSTEMPATH\Boot.php(68): CodeIgniter\Boot::runCodeIgniter(Object(CodeIgniter\CodeIgniter))
10 FCPATH\index.php(59): CodeIgniter\Boot::bootWeb(Object(Config\Paths))
11 SYSTEMPATH\rewrite.php(44): require_once('C:\\xampp\\htdocs\\kasirpos\\public\\index.php')
CRITICAL - 2026-05-09 13:56:35 --> [Caused by] mysqli_sql_exception: Unknown column 'id_user' in 'where clause'
in SYSTEMPATH\Database\MySQLi\Connection.php on line 327.
 1 SYSTEMPATH\Database\MySQLi\Connection.php(327): mysqli->query('SELECT SUM(CASE WHEN status = \'Lunas\' THEN total_bayar ELSE 0 END) as total_pendapatan,
        SUM(CASE WHEN status = \'Lunas\' AND metode_pembayaran = \'Tunai\' THEN total_bayar ELSE 0 END) as total_tunai,
        SUM(CASE WHEN status = \'Lunas\' AND metode_pembayaran = \'QRIS\' THEN total_bayar ELSE 0 END) as total_qris,
        SUM(CASE WHEN status = \'Lunas\' AND metode_pembayaran = \'Transfer\' THEN total_bayar ELSE 0 END) as total_transfer,
        SUM(CASE WHEN status = \'Lunas\' AND metode_pembayaran = \'EDC\' THEN total_bayar ELSE 0 END) as total_edc,
        COUNT(CASE WHEN status = \'Batal\' THEN 1 END) as jumlah_batal
FROM `transaksi`
WHERE `id_user` = \'2\'
AND DATE(created_at) = \'2026-05-09\'', 0)
 2 SYSTEMPATH\Database\BaseConnection.php(729): CodeIgniter\Database\MySQLi\Connection->execute('SELECT SUM(CASE WHEN status = \'Lunas\' THEN total_bayar ELSE 0 END) as total_pendapatan,
        SUM(CASE WHEN status = \'Lunas\' AND metode_pembayaran = \'Tunai\' THEN total_bayar ELSE 0 END) as total_tunai,
        SUM(CASE WHEN status = \'Lunas\' AND metode_pembayaran = \'QRIS\' THEN total_bayar ELSE 0 END) as total_qris,
        SUM(CASE WHEN status = \'Lunas\' AND metode_pembayaran = \'Transfer\' THEN total_bayar ELSE 0 END) as total_transfer,
        SUM(CASE WHEN status = \'Lunas\' AND metode_pembayaran = \'EDC\' THEN total_bayar ELSE 0 END) as total_edc,
        COUNT(CASE WHEN status = \'Batal\' THEN 1 END) as jumlah_batal
FROM `transaksi`
WHERE `id_user` = \'2\'
AND DATE(created_at) = \'2026-05-09\'')
 3 SYSTEMPATH\Database\BaseConnection.php(646): CodeIgniter\Database\BaseConnection->simpleQuery('SELECT SUM(CASE WHEN status = \'Lunas\' THEN total_bayar ELSE 0 END) as total_pendapatan,
        SUM(CASE WHEN status = \'Lunas\' AND metode_pembayaran = \'Tunai\' THEN total_bayar ELSE 0 END) as total_tunai,
        SUM(CASE WHEN status = \'Lunas\' AND metode_pembayaran = \'QRIS\' THEN total_bayar ELSE 0 END) as total_qris,
        SUM(CASE WHEN status = \'Lunas\' AND metode_pembayaran = \'Transfer\' THEN total_bayar ELSE 0 END) as total_transfer,
        SUM(CASE WHEN status = \'Lunas\' AND metode_pembayaran = \'EDC\' THEN total_bayar ELSE 0 END) as total_edc,
        COUNT(CASE WHEN status = \'Batal\' THEN 1 END) as jumlah_batal
FROM `transaksi`
WHERE `id_user` = \'2\'
AND DATE(created_at) = \'2026-05-09\'')
 4 SYSTEMPATH\Database\BaseBuilder.php(1649): CodeIgniter\Database\BaseConnection->query('SELECT SUM(CASE WHEN status = \'Lunas\' THEN total_bayar ELSE 0 END) as total_pendapatan,
        SUM(CASE WHEN status = \'Lunas\' AND metode_pembayaran = \'Tunai\' THEN total_bayar ELSE 0 END) as total_tunai,
        SUM(CASE WHEN status = \'Lunas\' AND metode_pembayaran = \'QRIS\' THEN total_bayar ELSE 0 END) as total_qris,
        SUM(CASE WHEN status = \'Lunas\' AND metode_pembayaran = \'Transfer\' THEN total_bayar ELSE 0 END) as total_transfer,
        SUM(CASE WHEN status = \'Lunas\' AND metode_pembayaran = \'EDC\' THEN total_bayar ELSE 0 END) as total_edc,
        COUNT(CASE WHEN status = \'Batal\' THEN 1 END) as jumlah_batal
FROM `transaksi`
WHERE `id_user` = :id_user:
AND DATE(created_at) = :DATE(created_at):', [...], false)
 5 APPPATH\Controllers\Kasir.php(37): CodeIgniter\Database\BaseBuilder->get()
 6 SYSTEMPATH\CodeIgniter.php(933): App\Controllers\Kasir->index()
 7 SYSTEMPATH\CodeIgniter.php(507): CodeIgniter\CodeIgniter->runController(Object(App\Controllers\Kasir))
 8 SYSTEMPATH\CodeIgniter.php(354): CodeIgniter\CodeIgniter->handleRequest(null, Object(Config\Cache), false)
 9 SYSTEMPATH\Boot.php(363): CodeIgniter\CodeIgniter->run()
10 SYSTEMPATH\Boot.php(68): CodeIgniter\Boot::runCodeIgniter(Object(CodeIgniter\CodeIgniter))
11 FCPATH\index.php(59): CodeIgniter\Boot::bootWeb(Object(Config\Paths))
12 SYSTEMPATH\rewrite.php(44): require_once('C:\\xampp\\htdocs\\kasirpos\\public\\index.php')
DEBUG - 2026-05-09 06:56:53 --> Session: Class initialized using 'CodeIgniter\Session\Handlers\FileHandler' driver.
ERROR - 2026-05-09 13:56:53 --> mysqli_sql_exception: Unknown column 'id_user' in 'where clause' in C:\xampp\htdocs\kasirpos\system\Database\MySQLi\Connection.php:327
Stack trace:
#0 C:\xampp\htdocs\kasirpos\system\Database\MySQLi\Connection.php(327): mysqli->query('SELECT SUM(CASE...', 0)
#1 C:\xampp\htdocs\kasirpos\system\Database\BaseConnection.php(729): CodeIgniter\Database\MySQLi\Connection->execute('SELECT SUM(CASE...')
#2 C:\xampp\htdocs\kasirpos\system\Database\BaseConnection.php(646): CodeIgniter\Database\BaseConnection->simpleQuery('SELECT SUM(CASE...')
#3 C:\xampp\htdocs\kasirpos\system\Database\BaseBuilder.php(1649): CodeIgniter\Database\BaseConnection->query('SELECT SUM(CASE...', Array, false)
#4 C:\xampp\htdocs\kasirpos\app\Controllers\Kasir.php(37): CodeIgniter\Database\BaseBuilder->get()
#5 C:\xampp\htdocs\kasirpos\system\CodeIgniter.php(933): App\Controllers\Kasir->index()
#6 C:\xampp\htdocs\kasirpos\system\CodeIgniter.php(507): CodeIgniter\CodeIgniter->runController(Object(App\Controllers\Kasir))
#7 C:\xampp\htdocs\kasirpos\system\CodeIgniter.php(354): CodeIgniter\CodeIgniter->handleRequest(NULL, Object(Config\Cache), false)
#8 C:\xampp\htdocs\kasirpos\system\Boot.php(363): CodeIgniter\CodeIgniter->run()
#9 C:\xampp\htdocs\kasirpos\system\Boot.php(68): CodeIgniter\Boot::runCodeIgniter(Object(CodeIgniter\CodeIgniter))
#10 C:\xampp\htdocs\kasirpos\public\index.php(59): CodeIgniter\Boot::bootWeb(Object(Config\Paths))
#11 C:\xampp\htdocs\kasirpos\system\rewrite.php(44): require_once('C:\\xampp\\htdocs...')
#12 {main}
CRITICAL - 2026-05-09 13:56:53 --> CodeIgniter\Database\Exceptions\DatabaseException: Unknown column 'id_user' in 'where clause'
[Method: GET, Route: kasir/transaksi]
in SYSTEMPATH\Database\BaseConnection.php on line 684.
 1 SYSTEMPATH\Database\BaseBuilder.php(1649): CodeIgniter\Database\BaseConnection->query('SELECT SUM(CASE WHEN status = \'Lunas\' THEN total_bayar ELSE 0 END) as total_pendapatan,
        SUM(CASE WHEN status = \'Lunas\' AND metode_pembayaran = \'Tunai\' THEN total_bayar ELSE 0 END) as total_tunai,
        SUM(CASE WHEN status = \'Lunas\' AND metode_pembayaran = \'QRIS\' THEN total_bayar ELSE 0 END) as total_qris,
        SUM(CASE WHEN status = \'Lunas\' AND metode_pembayaran = \'Transfer\' THEN total_bayar ELSE 0 END) as total_transfer,
        SUM(CASE WHEN status = \'Lunas\' AND metode_pembayaran = \'EDC\' THEN total_bayar ELSE 0 END) as total_edc,
        COUNT(CASE WHEN status = \'Batal\' THEN 1 END) as jumlah_batal
FROM `transaksi`
WHERE `id_user` = :id_user:
AND DATE(created_at) = :DATE(created_at):', [...], false)
 2 APPPATH\Controllers\Kasir.php(37): CodeIgniter\Database\BaseBuilder->get()
 3 SYSTEMPATH\CodeIgniter.php(933): App\Controllers\Kasir->index()
 4 SYSTEMPATH\CodeIgniter.php(507): CodeIgniter\CodeIgniter->runController(Object(App\Controllers\Kasir))
 5 SYSTEMPATH\CodeIgniter.php(354): CodeIgniter\CodeIgniter->handleRequest(null, Object(Config\Cache), false)
 6 SYSTEMPATH\Boot.php(363): CodeIgniter\CodeIgniter->run()
 7 SYSTEMPATH\Boot.php(68): CodeIgniter\Boot::runCodeIgniter(Object(CodeIgniter\CodeIgniter))
 8 FCPATH\index.php(59): CodeIgniter\Boot::bootWeb(Object(Config\Paths))
 9 SYSTEMPATH\rewrite.php(44): require_once('C:\\xampp\\htdocs\\kasirpos\\public\\index.php')
CRITICAL - 2026-05-09 13:56:53 --> [Caused by] CodeIgniter\Database\Exceptions\DatabaseException: Unknown column 'id_user' in 'where clause'
in SYSTEMPATH\Database\MySQLi\Connection.php on line 332.
 1 SYSTEMPATH\Database\BaseConnection.php(729): CodeIgniter\Database\MySQLi\Connection->execute('SELECT SUM(CASE WHEN status = \'Lunas\' THEN total_bayar ELSE 0 END) as total_pendapatan,
        SUM(CASE WHEN status = \'Lunas\' AND metode_pembayaran = \'Tunai\' THEN total_bayar ELSE 0 END) as total_tunai,
        SUM(CASE WHEN status = \'Lunas\' AND metode_pembayaran = \'QRIS\' THEN total_bayar ELSE 0 END) as total_qris,
        SUM(CASE WHEN status = \'Lunas\' AND metode_pembayaran = \'Transfer\' THEN total_bayar ELSE 0 END) as total_transfer,
        SUM(CASE WHEN status = \'Lunas\' AND metode_pembayaran = \'EDC\' THEN total_bayar ELSE 0 END) as total_edc,
        COUNT(CASE WHEN status = \'Batal\' THEN 1 END) as jumlah_batal
FROM `transaksi`
WHERE `id_user` = \'2\'
AND DATE(created_at) = \'2026-05-09\'')
 2 SYSTEMPATH\Database\BaseConnection.php(646): CodeIgniter\Database\BaseConnection->simpleQuery('SELECT SUM(CASE WHEN status = \'Lunas\' THEN total_bayar ELSE 0 END) as total_pendapatan,
        SUM(CASE WHEN status = \'Lunas\' AND metode_pembayaran = \'Tunai\' THEN total_bayar ELSE 0 END) as total_tunai,
        SUM(CASE WHEN status = \'Lunas\' AND metode_pembayaran = \'QRIS\' THEN total_bayar ELSE 0 END) as total_qris,
        SUM(CASE WHEN status = \'Lunas\' AND metode_pembayaran = \'Transfer\' THEN total_bayar ELSE 0 END) as total_transfer,
        SUM(CASE WHEN status = \'Lunas\' AND metode_pembayaran = \'EDC\' THEN total_bayar ELSE 0 END) as total_edc,
        COUNT(CASE WHEN status = \'Batal\' THEN 1 END) as jumlah_batal
FROM `transaksi`
WHERE `id_user` = \'2\'
AND DATE(created_at) = \'2026-05-09\'')
 3 SYSTEMPATH\Database\BaseBuilder.php(1649): CodeIgniter\Database\BaseConnection->query('SELECT SUM(CASE WHEN status = \'Lunas\' THEN total_bayar ELSE 0 END) as total_pendapatan,
        SUM(CASE WHEN status = \'Lunas\' AND metode_pembayaran = \'Tunai\' THEN total_bayar ELSE 0 END) as total_tunai,
        SUM(CASE WHEN status = \'Lunas\' AND metode_pembayaran = \'QRIS\' THEN total_bayar ELSE 0 END) as total_qris,
        SUM(CASE WHEN status = \'Lunas\' AND metode_pembayaran = \'Transfer\' THEN total_bayar ELSE 0 END) as total_transfer,
        SUM(CASE WHEN status = \'Lunas\' AND metode_pembayaran = \'EDC\' THEN total_bayar ELSE 0 END) as total_edc,
        COUNT(CASE WHEN status = \'Batal\' THEN 1 END) as jumlah_batal
FROM `transaksi`
WHERE `id_user` = :id_user:
AND DATE(created_at) = :DATE(created_at):', [...], false)
 4 APPPATH\Controllers\Kasir.php(37): CodeIgniter\Database\BaseBuilder->get()
 5 SYSTEMPATH\CodeIgniter.php(933): App\Controllers\Kasir->index()
 6 SYSTEMPATH\CodeIgniter.php(507): CodeIgniter\CodeIgniter->runController(Object(App\Controllers\Kasir))
 7 SYSTEMPATH\CodeIgniter.php(354): CodeIgniter\CodeIgniter->handleRequest(null, Object(Config\Cache), false)
 8 SYSTEMPATH\Boot.php(363): CodeIgniter\CodeIgniter->run()
 9 SYSTEMPATH\Boot.php(68): CodeIgniter\Boot::runCodeIgniter(Object(CodeIgniter\CodeIgniter))
10 FCPATH\index.php(59): CodeIgniter\Boot::bootWeb(Object(Config\Paths))
11 SYSTEMPATH\rewrite.php(44): require_once('C:\\xampp\\htdocs\\kasirpos\\public\\index.php')
CRITICAL - 2026-05-09 13:56:53 --> [Caused by] mysqli_sql_exception: Unknown column 'id_user' in 'where clause'
in SYSTEMPATH\Database\MySQLi\Connection.php on line 327.
 1 SYSTEMPATH\Database\MySQLi\Connection.php(327): mysqli->query('SELECT SUM(CASE WHEN status = \'Lunas\' THEN total_bayar ELSE 0 END) as total_pendapatan,
        SUM(CASE WHEN status = \'Lunas\' AND metode_pembayaran = \'Tunai\' THEN total_bayar ELSE 0 END) as total_tunai,
        SUM(CASE WHEN status = \'Lunas\' AND metode_pembayaran = \'QRIS\' THEN total_bayar ELSE 0 END) as total_qris,
        SUM(CASE WHEN status = \'Lunas\' AND metode_pembayaran = \'Transfer\' THEN total_bayar ELSE 0 END) as total_transfer,
        SUM(CASE WHEN status = \'Lunas\' AND metode_pembayaran = \'EDC\' THEN total_bayar ELSE 0 END) as total_edc,
        COUNT(CASE WHEN status = \'Batal\' THEN 1 END) as jumlah_batal
FROM `transaksi`
WHERE `id_user` = \'2\'
AND DATE(created_at) = \'2026-05-09\'', 0)
 2 SYSTEMPATH\Database\BaseConnection.php(729): CodeIgniter\Database\MySQLi\Connection->execute('SELECT SUM(CASE WHEN status = \'Lunas\' THEN total_bayar ELSE 0 END) as total_pendapatan,
        SUM(CASE WHEN status = \'Lunas\' AND metode_pembayaran = \'Tunai\' THEN total_bayar ELSE 0 END) as total_tunai,
        SUM(CASE WHEN status = \'Lunas\' AND metode_pembayaran = \'QRIS\' THEN total_bayar ELSE 0 END) as total_qris,
        SUM(CASE WHEN status = \'Lunas\' AND metode_pembayaran = \'Transfer\' THEN total_bayar ELSE 0 END) as total_transfer,
        SUM(CASE WHEN status = \'Lunas\' AND metode_pembayaran = \'EDC\' THEN total_bayar ELSE 0 END) as total_edc,
        COUNT(CASE WHEN status = \'Batal\' THEN 1 END) as jumlah_batal
FROM `transaksi`
WHERE `id_user` = \'2\'
AND DATE(created_at) = \'2026-05-09\'')
 3 SYSTEMPATH\Database\BaseConnection.php(646): CodeIgniter\Database\BaseConnection->simpleQuery('SELECT SUM(CASE WHEN status = \'Lunas\' THEN total_bayar ELSE 0 END) as total_pendapatan,
        SUM(CASE WHEN status = \'Lunas\' AND metode_pembayaran = \'Tunai\' THEN total_bayar ELSE 0 END) as total_tunai,
        SUM(CASE WHEN status = \'Lunas\' AND metode_pembayaran = \'QRIS\' THEN total_bayar ELSE 0 END) as total_qris,
        SUM(CASE WHEN status = \'Lunas\' AND metode_pembayaran = \'Transfer\' THEN total_bayar ELSE 0 END) as total_transfer,
        SUM(CASE WHEN status = \'Lunas\' AND metode_pembayaran = \'EDC\' THEN total_bayar ELSE 0 END) as total_edc,
        COUNT(CASE WHEN status = \'Batal\' THEN 1 END) as jumlah_batal
FROM `transaksi`
WHERE `id_user` = \'2\'
AND DATE(created_at) = \'2026-05-09\'')
 4 SYSTEMPATH\Database\BaseBuilder.php(1649): CodeIgniter\Database\BaseConnection->query('SELECT SUM(CASE WHEN status = \'Lunas\' THEN total_bayar ELSE 0 END) as total_pendapatan,
        SUM(CASE WHEN status = \'Lunas\' AND metode_pembayaran = \'Tunai\' THEN total_bayar ELSE 0 END) as total_tunai,
        SUM(CASE WHEN status = \'Lunas\' AND metode_pembayaran = \'QRIS\' THEN total_bayar ELSE 0 END) as total_qris,
        SUM(CASE WHEN status = \'Lunas\' AND metode_pembayaran = \'Transfer\' THEN total_bayar ELSE 0 END) as total_transfer,
        SUM(CASE WHEN status = \'Lunas\' AND metode_pembayaran = \'EDC\' THEN total_bayar ELSE 0 END) as total_edc,
        COUNT(CASE WHEN status = \'Batal\' THEN 1 END) as jumlah_batal
FROM `transaksi`
WHERE `id_user` = :id_user:
AND DATE(created_at) = :DATE(created_at):', [...], false)
 5 APPPATH\Controllers\Kasir.php(37): CodeIgniter\Database\BaseBuilder->get()
 6 SYSTEMPATH\CodeIgniter.php(933): App\Controllers\Kasir->index()
 7 SYSTEMPATH\CodeIgniter.php(507): CodeIgniter\CodeIgniter->runController(Object(App\Controllers\Kasir))
 8 SYSTEMPATH\CodeIgniter.php(354): CodeIgniter\CodeIgniter->handleRequest(null, Object(Config\Cache), false)
 9 SYSTEMPATH\Boot.php(363): CodeIgniter\CodeIgniter->run()
10 SYSTEMPATH\Boot.php(68): CodeIgniter\Boot::runCodeIgniter(Object(CodeIgniter\CodeIgniter))
11 FCPATH\index.php(59): CodeIgniter\Boot::bootWeb(Object(Config\Paths))
12 SYSTEMPATH\rewrite.php(44): require_once('C:\\xampp\\htdocs\\kasirpos\\public\\index.php')
DEBUG - 2026-05-09 06:56:57 --> Session: Class initialized using 'CodeIgniter\Session\Handlers\FileHandler' driver.
ERROR - 2026-05-09 13:56:57 --> mysqli_sql_exception: Unknown column 'id_user' in 'where clause' in C:\xampp\htdocs\kasirpos\system\Database\MySQLi\Connection.php:327
Stack trace:
#0 C:\xampp\htdocs\kasirpos\system\Database\MySQLi\Connection.php(327): mysqli->query('SELECT SUM(CASE...', 0)
#1 C:\xampp\htdocs\kasirpos\system\Database\BaseConnection.php(729): CodeIgniter\Database\MySQLi\Connection->execute('SELECT SUM(CASE...')
#2 C:\xampp\htdocs\kasirpos\system\Database\BaseConnection.php(646): CodeIgniter\Database\BaseConnection->simpleQuery('SELECT SUM(CASE...')
#3 C:\xampp\htdocs\kasirpos\system\Database\BaseBuilder.php(1649): CodeIgniter\Database\BaseConnection->query('SELECT SUM(CASE...', Array, false)
#4 C:\xampp\htdocs\kasirpos\app\Controllers\Kasir.php(37): CodeIgniter\Database\BaseBuilder->get()
#5 C:\xampp\htdocs\kasirpos\system\CodeIgniter.php(933): App\Controllers\Kasir->index()
#6 C:\xampp\htdocs\kasirpos\system\CodeIgniter.php(507): CodeIgniter\CodeIgniter->runController(Object(App\Controllers\Kasir))
#7 C:\xampp\htdocs\kasirpos\system\CodeIgniter.php(354): CodeIgniter\CodeIgniter->handleRequest(NULL, Object(Config\Cache), false)
#8 C:\xampp\htdocs\kasirpos\system\Boot.php(363): CodeIgniter\CodeIgniter->run()
#9 C:\xampp\htdocs\kasirpos\system\Boot.php(68): CodeIgniter\Boot::runCodeIgniter(Object(CodeIgniter\CodeIgniter))
#10 C:\xampp\htdocs\kasirpos\public\index.php(59): CodeIgniter\Boot::bootWeb(Object(Config\Paths))
#11 C:\xampp\htdocs\kasirpos\system\rewrite.php(44): require_once('C:\\xampp\\htdocs...')
#12 {main}
CRITICAL - 2026-05-09 13:56:57 --> CodeIgniter\Database\Exceptions\DatabaseException: Unknown column 'id_user' in 'where clause'
[Method: GET, Route: kasir/transaksi]
in SYSTEMPATH\Database\BaseConnection.php on line 684.
 1 SYSTEMPATH\Database\BaseBuilder.php(1649): CodeIgniter\Database\BaseConnection->query('SELECT SUM(CASE WHEN status = \'Lunas\' THEN total_bayar ELSE 0 END) as total_pendapatan,
        SUM(CASE WHEN status = \'Lunas\' AND metode_pembayaran = \'Tunai\' THEN total_bayar ELSE 0 END) as total_tunai,
        SUM(CASE WHEN status = \'Lunas\' AND metode_pembayaran = \'QRIS\' THEN total_bayar ELSE 0 END) as total_qris,
        SUM(CASE WHEN status = \'Lunas\' AND metode_pembayaran = \'Transfer\' THEN total_bayar ELSE 0 END) as total_transfer,
        SUM(CASE WHEN status = \'Lunas\' AND metode_pembayaran = \'EDC\' THEN total_bayar ELSE 0 END) as total_edc,
        COUNT(CASE WHEN status = \'Batal\' THEN 1 END) as jumlah_batal
FROM `transaksi`
WHERE `id_user` = :id_user:
AND DATE(created_at) = :DATE(created_at):', [...], false)
 2 APPPATH\Controllers\Kasir.php(37): CodeIgniter\Database\BaseBuilder->get()
 3 SYSTEMPATH\CodeIgniter.php(933): App\Controllers\Kasir->index()
 4 SYSTEMPATH\CodeIgniter.php(507): CodeIgniter\CodeIgniter->runController(Object(App\Controllers\Kasir))
 5 SYSTEMPATH\CodeIgniter.php(354): CodeIgniter\CodeIgniter->handleRequest(null, Object(Config\Cache), false)
 6 SYSTEMPATH\Boot.php(363): CodeIgniter\CodeIgniter->run()
 7 SYSTEMPATH\Boot.php(68): CodeIgniter\Boot::runCodeIgniter(Object(CodeIgniter\CodeIgniter))
 8 FCPATH\index.php(59): CodeIgniter\Boot::bootWeb(Object(Config\Paths))
 9 SYSTEMPATH\rewrite.php(44): require_once('C:\\xampp\\htdocs\\kasirpos\\public\\index.php')
CRITICAL - 2026-05-09 13:56:57 --> [Caused by] CodeIgniter\Database\Exceptions\DatabaseException: Unknown column 'id_user' in 'where clause'
in SYSTEMPATH\Database\MySQLi\Connection.php on line 332.
 1 SYSTEMPATH\Database\BaseConnection.php(729): CodeIgniter\Database\MySQLi\Connection->execute('SELECT SUM(CASE WHEN status = \'Lunas\' THEN total_bayar ELSE 0 END) as total_pendapatan,
        SUM(CASE WHEN status = \'Lunas\' AND metode_pembayaran = \'Tunai\' THEN total_bayar ELSE 0 END) as total_tunai,
        SUM(CASE WHEN status = \'Lunas\' AND metode_pembayaran = \'QRIS\' THEN total_bayar ELSE 0 END) as total_qris,
        SUM(CASE WHEN status = \'Lunas\' AND metode_pembayaran = \'Transfer\' THEN total_bayar ELSE 0 END) as total_transfer,
        SUM(CASE WHEN status = \'Lunas\' AND metode_pembayaran = \'EDC\' THEN total_bayar ELSE 0 END) as total_edc,
        COUNT(CASE WHEN status = \'Batal\' THEN 1 END) as jumlah_batal
FROM `transaksi`
WHERE `id_user` = \'2\'
AND DATE(created_at) = \'2026-05-09\'')
 2 SYSTEMPATH\Database\BaseConnection.php(646): CodeIgniter\Database\BaseConnection->simpleQuery('SELECT SUM(CASE WHEN status = \'Lunas\' THEN total_bayar ELSE 0 END) as total_pendapatan,
        SUM(CASE WHEN status = \'Lunas\' AND metode_pembayaran = \'Tunai\' THEN total_bayar ELSE 0 END) as total_tunai,
        SUM(CASE WHEN status = \'Lunas\' AND metode_pembayaran = \'QRIS\' THEN total_bayar ELSE 0 END) as total_qris,
        SUM(CASE WHEN status = \'Lunas\' AND metode_pembayaran = \'Transfer\' THEN total_bayar ELSE 0 END) as total_transfer,
        SUM(CASE WHEN status = \'Lunas\' AND metode_pembayaran = \'EDC\' THEN total_bayar ELSE 0 END) as total_edc,
        COUNT(CASE WHEN status = \'Batal\' THEN 1 END) as jumlah_batal
FROM `transaksi`
WHERE `id_user` = \'2\'
AND DATE(created_at) = \'2026-05-09\'')
 3 SYSTEMPATH\Database\BaseBuilder.php(1649): CodeIgniter\Database\BaseConnection->query('SELECT SUM(CASE WHEN status = \'Lunas\' THEN total_bayar ELSE 0 END) as total_pendapatan,
        SUM(CASE WHEN status = \'Lunas\' AND metode_pembayaran = \'Tunai\' THEN total_bayar ELSE 0 END) as total_tunai,
        SUM(CASE WHEN status = \'Lunas\' AND metode_pembayaran = \'QRIS\' THEN total_bayar ELSE 0 END) as total_qris,
        SUM(CASE WHEN status = \'Lunas\' AND metode_pembayaran = \'Transfer\' THEN total_bayar ELSE 0 END) as total_transfer,
        SUM(CASE WHEN status = \'Lunas\' AND metode_pembayaran = \'EDC\' THEN total_bayar ELSE 0 END) as total_edc,
        COUNT(CASE WHEN status = \'Batal\' THEN 1 END) as jumlah_batal
FROM `transaksi`
WHERE `id_user` = :id_user:
AND DATE(created_at) = :DATE(created_at):', [...], false)
 4 APPPATH\Controllers\Kasir.php(37): CodeIgniter\Database\BaseBuilder->get()
 5 SYSTEMPATH\CodeIgniter.php(933): App\Controllers\Kasir->index()
 6 SYSTEMPATH\CodeIgniter.php(507): CodeIgniter\CodeIgniter->runController(Object(App\Controllers\Kasir))
 7 SYSTEMPATH\CodeIgniter.php(354): CodeIgniter\CodeIgniter->handleRequest(null, Object(Config\Cache), false)
 8 SYSTEMPATH\Boot.php(363): CodeIgniter\CodeIgniter->run()
 9 SYSTEMPATH\Boot.php(68): CodeIgniter\Boot::runCodeIgniter(Object(CodeIgniter\CodeIgniter))
10 FCPATH\index.php(59): CodeIgniter\Boot::bootWeb(Object(Config\Paths))
11 SYSTEMPATH\rewrite.php(44): require_once('C:\\xampp\\htdocs\\kasirpos\\public\\index.php')
CRITICAL - 2026-05-09 13:56:57 --> [Caused by] mysqli_sql_exception: Unknown column 'id_user' in 'where clause'
in SYSTEMPATH\Database\MySQLi\Connection.php on line 327.
 1 SYSTEMPATH\Database\MySQLi\Connection.php(327): mysqli->query('SELECT SUM(CASE WHEN status = \'Lunas\' THEN total_bayar ELSE 0 END) as total_pendapatan,
        SUM(CASE WHEN status = \'Lunas\' AND metode_pembayaran = \'Tunai\' THEN total_bayar ELSE 0 END) as total_tunai,
        SUM(CASE WHEN status = \'Lunas\' AND metode_pembayaran = \'QRIS\' THEN total_bayar ELSE 0 END) as total_qris,
        SUM(CASE WHEN status = \'Lunas\' AND metode_pembayaran = \'Transfer\' THEN total_bayar ELSE 0 END) as total_transfer,
        SUM(CASE WHEN status = \'Lunas\' AND metode_pembayaran = \'EDC\' THEN total_bayar ELSE 0 END) as total_edc,
        COUNT(CASE WHEN status = \'Batal\' THEN 1 END) as jumlah_batal
FROM `transaksi`
WHERE `id_user` = \'2\'
AND DATE(created_at) = \'2026-05-09\'', 0)
 2 SYSTEMPATH\Database\BaseConnection.php(729): CodeIgniter\Database\MySQLi\Connection->execute('SELECT SUM(CASE WHEN status = \'Lunas\' THEN total_bayar ELSE 0 END) as total_pendapatan,
        SUM(CASE WHEN status = \'Lunas\' AND metode_pembayaran = \'Tunai\' THEN total_bayar ELSE 0 END) as total_tunai,
        SUM(CASE WHEN status = \'Lunas\' AND metode_pembayaran = \'QRIS\' THEN total_bayar ELSE 0 END) as total_qris,
        SUM(CASE WHEN status = \'Lunas\' AND metode_pembayaran = \'Transfer\' THEN total_bayar ELSE 0 END) as total_transfer,
        SUM(CASE WHEN status = \'Lunas\' AND metode_pembayaran = \'EDC\' THEN total_bayar ELSE 0 END) as total_edc,
        COUNT(CASE WHEN status = \'Batal\' THEN 1 END) as jumlah_batal
FROM `transaksi`
WHERE `id_user` = \'2\'
AND DATE(created_at) = \'2026-05-09\'')
 3 SYSTEMPATH\Database\BaseConnection.php(646): CodeIgniter\Database\BaseConnection->simpleQuery('SELECT SUM(CASE WHEN status = \'Lunas\' THEN total_bayar ELSE 0 END) as total_pendapatan,
        SUM(CASE WHEN status = \'Lunas\' AND metode_pembayaran = \'Tunai\' THEN total_bayar ELSE 0 END) as total_tunai,
        SUM(CASE WHEN status = \'Lunas\' AND metode_pembayaran = \'QRIS\' THEN total_bayar ELSE 0 END) as total_qris,
        SUM(CASE WHEN status = \'Lunas\' AND metode_pembayaran = \'Transfer\' THEN total_bayar ELSE 0 END) as total_transfer,
        SUM(CASE WHEN status = \'Lunas\' AND metode_pembayaran = \'EDC\' THEN total_bayar ELSE 0 END) as total_edc,
        COUNT(CASE WHEN status = \'Batal\' THEN 1 END) as jumlah_batal
FROM `transaksi`
WHERE `id_user` = \'2\'
AND DATE(created_at) = \'2026-05-09\'')
 4 SYSTEMPATH\Database\BaseBuilder.php(1649): CodeIgniter\Database\BaseConnection->query('SELECT SUM(CASE WHEN status = \'Lunas\' THEN total_bayar ELSE 0 END) as total_pendapatan,
        SUM(CASE WHEN status = \'Lunas\' AND metode_pembayaran = \'Tunai\' THEN total_bayar ELSE 0 END) as total_tunai,
        SUM(CASE WHEN status = \'Lunas\' AND metode_pembayaran = \'QRIS\' THEN total_bayar ELSE 0 END) as total_qris,
        SUM(CASE WHEN status = \'Lunas\' AND metode_pembayaran = \'Transfer\' THEN total_bayar ELSE 0 END) as total_transfer,
        SUM(CASE WHEN status = \'Lunas\' AND metode_pembayaran = \'EDC\' THEN total_bayar ELSE 0 END) as total_edc,
        COUNT(CASE WHEN status = \'Batal\' THEN 1 END) as jumlah_batal
FROM `transaksi`
WHERE `id_user` = :id_user:
AND DATE(created_at) = :DATE(created_at):', [...], false)
 5 APPPATH\Controllers\Kasir.php(37): CodeIgniter\Database\BaseBuilder->get()
 6 SYSTEMPATH\CodeIgniter.php(933): App\Controllers\Kasir->index()
 7 SYSTEMPATH\CodeIgniter.php(507): CodeIgniter\CodeIgniter->runController(Object(App\Controllers\Kasir))
 8 SYSTEMPATH\CodeIgniter.php(354): CodeIgniter\CodeIgniter->handleRequest(null, Object(Config\Cache), false)
 9 SYSTEMPATH\Boot.php(363): CodeIgniter\CodeIgniter->run()
10 SYSTEMPATH\Boot.php(68): CodeIgniter\Boot::runCodeIgniter(Object(CodeIgniter\CodeIgniter))
11 FCPATH\index.php(59): CodeIgniter\Boot::bootWeb(Object(Config\Paths))
12 SYSTEMPATH\rewrite.php(44): require_once('C:\\xampp\\htdocs\\kasirpos\\public\\index.php')
DEBUG - 2026-05-09 06:58:25 --> Session: Class initialized using 'CodeIgniter\Session\Handlers\FileHandler' driver.
ERROR - 2026-05-09 13:58:25 --> mysqli_sql_exception: Unknown column 'transaksi.id_user' in 'where clause' in C:\xampp\htdocs\kasirpos\system\Database\MySQLi\Connection.php:327
Stack trace:
#0 C:\xampp\htdocs\kasirpos\system\Database\MySQLi\Connection.php(327): mysqli->query('SELECT SUM(CASE...', 0)
#1 C:\xampp\htdocs\kasirpos\system\Database\BaseConnection.php(729): CodeIgniter\Database\MySQLi\Connection->execute('SELECT SUM(CASE...')
#2 C:\xampp\htdocs\kasirpos\system\Database\BaseConnection.php(646): CodeIgniter\Database\BaseConnection->simpleQuery('SELECT SUM(CASE...')
#3 C:\xampp\htdocs\kasirpos\system\Database\BaseBuilder.php(1649): CodeIgniter\Database\BaseConnection->query('SELECT SUM(CASE...', Array, false)
#4 C:\xampp\htdocs\kasirpos\app\Controllers\Kasir.php(36): CodeIgniter\Database\BaseBuilder->get()
#5 C:\xampp\htdocs\kasirpos\system\CodeIgniter.php(933): App\Controllers\Kasir->index()
#6 C:\xampp\htdocs\kasirpos\system\CodeIgniter.php(507): CodeIgniter\CodeIgniter->runController(Object(App\Controllers\Kasir))
#7 C:\xampp\htdocs\kasirpos\system\CodeIgniter.php(354): CodeIgniter\CodeIgniter->handleRequest(NULL, Object(Config\Cache), false)
#8 C:\xampp\htdocs\kasirpos\system\Boot.php(363): CodeIgniter\CodeIgniter->run()
#9 C:\xampp\htdocs\kasirpos\system\Boot.php(68): CodeIgniter\Boot::runCodeIgniter(Object(CodeIgniter\CodeIgniter))
#10 C:\xampp\htdocs\kasirpos\public\index.php(59): CodeIgniter\Boot::bootWeb(Object(Config\Paths))
#11 C:\xampp\htdocs\kasirpos\system\rewrite.php(44): require_once('C:\\xampp\\htdocs...')
#12 {main}
CRITICAL - 2026-05-09 13:58:25 --> CodeIgniter\Database\Exceptions\DatabaseException: Unknown column 'transaksi.id_user' in 'where clause'
[Method: GET, Route: kasir/transaksi]
in SYSTEMPATH\Database\BaseConnection.php on line 684.
 1 SYSTEMPATH\Database\BaseBuilder.php(1649): CodeIgniter\Database\BaseConnection->query('SELECT SUM(CASE WHEN status = \'Lunas\' THEN total_bayar ELSE 0 END) as total_pendapatan,
        SUM(CASE WHEN status = \'Lunas\' AND metode_pembayaran = \'Tunai\' THEN total_bayar ELSE 0 END) as total_tunai,
        SUM(CASE WHEN status = \'Lunas\' AND metode_pembayaran = \'QRIS\' THEN total_bayar ELSE 0 END) as total_qris,
        SUM(CASE WHEN status = \'Lunas\' AND metode_pembayaran = \'Transfer\' THEN total_bayar ELSE 0 END) as total_transfer,
        SUM(CASE WHEN status = \'Lunas\' AND metode_pembayaran = \'EDC\' THEN total_bayar ELSE 0 END) as total_edc,
        COUNT(CASE WHEN status = \'Batal\' THEN 1 END) as jumlah_batal
FROM `transaksi`
WHERE `transaksi`.`id_user` = :transaksi.id_user:
AND DATE(transaksi.created_at) = :DATE(transaksi.created_at):
GROUP BY `user`.`id_user`', [...], false)
 2 APPPATH\Controllers\Kasir.php(36): CodeIgniter\Database\BaseBuilder->get()
 3 SYSTEMPATH\CodeIgniter.php(933): App\Controllers\Kasir->index()
 4 SYSTEMPATH\CodeIgniter.php(507): CodeIgniter\CodeIgniter->runController(Object(App\Controllers\Kasir))
 5 SYSTEMPATH\CodeIgniter.php(354): CodeIgniter\CodeIgniter->handleRequest(null, Object(Config\Cache), false)
 6 SYSTEMPATH\Boot.php(363): CodeIgniter\CodeIgniter->run()
 7 SYSTEMPATH\Boot.php(68): CodeIgniter\Boot::runCodeIgniter(Object(CodeIgniter\CodeIgniter))
 8 FCPATH\index.php(59): CodeIgniter\Boot::bootWeb(Object(Config\Paths))
 9 SYSTEMPATH\rewrite.php(44): require_once('C:\\xampp\\htdocs\\kasirpos\\public\\index.php')
CRITICAL - 2026-05-09 13:58:25 --> [Caused by] CodeIgniter\Database\Exceptions\DatabaseException: Unknown column 'transaksi.id_user' in 'where clause'
in SYSTEMPATH\Database\MySQLi\Connection.php on line 332.
 1 SYSTEMPATH\Database\BaseConnection.php(729): CodeIgniter\Database\MySQLi\Connection->execute('SELECT SUM(CASE WHEN status = \'Lunas\' THEN total_bayar ELSE 0 END) as total_pendapatan,
        SUM(CASE WHEN status = \'Lunas\' AND metode_pembayaran = \'Tunai\' THEN total_bayar ELSE 0 END) as total_tunai,
        SUM(CASE WHEN status = \'Lunas\' AND metode_pembayaran = \'QRIS\' THEN total_bayar ELSE 0 END) as total_qris,
        SUM(CASE WHEN status = \'Lunas\' AND metode_pembayaran = \'Transfer\' THEN total_bayar ELSE 0 END) as total_transfer,
        SUM(CASE WHEN status = \'Lunas\' AND metode_pembayaran = \'EDC\' THEN total_bayar ELSE 0 END) as total_edc,
        COUNT(CASE WHEN status = \'Batal\' THEN 1 END) as jumlah_batal
FROM `transaksi`
WHERE `transaksi`.`id_user` = \'2\'
AND DATE(transaksi.created_at) = \'2026-05-09\'
GROUP BY `user`.`id_user`')
 2 SYSTEMPATH\Database\BaseConnection.php(646): CodeIgniter\Database\BaseConnection->simpleQuery('SELECT SUM(CASE WHEN status = \'Lunas\' THEN total_bayar ELSE 0 END) as total_pendapatan,
        SUM(CASE WHEN status = \'Lunas\' AND metode_pembayaran = \'Tunai\' THEN total_bayar ELSE 0 END) as total_tunai,
        SUM(CASE WHEN status = \'Lunas\' AND metode_pembayaran = \'QRIS\' THEN total_bayar ELSE 0 END) as total_qris,
        SUM(CASE WHEN status = \'Lunas\' AND metode_pembayaran = \'Transfer\' THEN total_bayar ELSE 0 END) as total_transfer,
        SUM(CASE WHEN status = \'Lunas\' AND metode_pembayaran = \'EDC\' THEN total_bayar ELSE 0 END) as total_edc,
        COUNT(CASE WHEN status = \'Batal\' THEN 1 END) as jumlah_batal
FROM `transaksi`
WHERE `transaksi`.`id_user` = \'2\'
AND DATE(transaksi.created_at) = \'2026-05-09\'
GROUP BY `user`.`id_user`')
 3 SYSTEMPATH\Database\BaseBuilder.php(1649): CodeIgniter\Database\BaseConnection->query('SELECT SUM(CASE WHEN status = \'Lunas\' THEN total_bayar ELSE 0 END) as total_pendapatan,
        SUM(CASE WHEN status = \'Lunas\' AND metode_pembayaran = \'Tunai\' THEN total_bayar ELSE 0 END) as total_tunai,
        SUM(CASE WHEN status = \'Lunas\' AND metode_pembayaran = \'QRIS\' THEN total_bayar ELSE 0 END) as total_qris,
        SUM(CASE WHEN status = \'Lunas\' AND metode_pembayaran = \'Transfer\' THEN total_bayar ELSE 0 END) as total_transfer,
        SUM(CASE WHEN status = \'Lunas\' AND metode_pembayaran = \'EDC\' THEN total_bayar ELSE 0 END) as total_edc,
        COUNT(CASE WHEN status = \'Batal\' THEN 1 END) as jumlah_batal
FROM `transaksi`
WHERE `transaksi`.`id_user` = :transaksi.id_user:
AND DATE(transaksi.created_at) = :DATE(transaksi.created_at):
GROUP BY `user`.`id_user`', [...], false)
 4 APPPATH\Controllers\Kasir.php(36): CodeIgniter\Database\BaseBuilder->get()
 5 SYSTEMPATH\CodeIgniter.php(933): App\Controllers\Kasir->index()
 6 SYSTEMPATH\CodeIgniter.php(507): CodeIgniter\CodeIgniter->runController(Object(App\Controllers\Kasir))
 7 SYSTEMPATH\CodeIgniter.php(354): CodeIgniter\CodeIgniter->handleRequest(null, Object(Config\Cache), false)
 8 SYSTEMPATH\Boot.php(363): CodeIgniter\CodeIgniter->run()
 9 SYSTEMPATH\Boot.php(68): CodeIgniter\Boot::runCodeIgniter(Object(CodeIgniter\CodeIgniter))
10 FCPATH\index.php(59): CodeIgniter\Boot::bootWeb(Object(Config\Paths))
11 SYSTEMPATH\rewrite.php(44): require_once('C:\\xampp\\htdocs\\kasirpos\\public\\index.php')
CRITICAL - 2026-05-09 13:58:25 --> [Caused by] mysqli_sql_exception: Unknown column 'transaksi.id_user' in 'where clause'
in SYSTEMPATH\Database\MySQLi\Connection.php on line 327.
 1 SYSTEMPATH\Database\MySQLi\Connection.php(327): mysqli->query('SELECT SUM(CASE WHEN status = \'Lunas\' THEN total_bayar ELSE 0 END) as total_pendapatan,
        SUM(CASE WHEN status = \'Lunas\' AND metode_pembayaran = \'Tunai\' THEN total_bayar ELSE 0 END) as total_tunai,
        SUM(CASE WHEN status = \'Lunas\' AND metode_pembayaran = \'QRIS\' THEN total_bayar ELSE 0 END) as total_qris,
        SUM(CASE WHEN status = \'Lunas\' AND metode_pembayaran = \'Transfer\' THEN total_bayar ELSE 0 END) as total_transfer,
        SUM(CASE WHEN status = \'Lunas\' AND metode_pembayaran = \'EDC\' THEN total_bayar ELSE 0 END) as total_edc,
        COUNT(CASE WHEN status = \'Batal\' THEN 1 END) as jumlah_batal
FROM `transaksi`
WHERE `transaksi`.`id_user` = \'2\'
AND DATE(transaksi.created_at) = \'2026-05-09\'
GROUP BY `user`.`id_user`', 0)
 2 SYSTEMPATH\Database\BaseConnection.php(729): CodeIgniter\Database\MySQLi\Connection->execute('SELECT SUM(CASE WHEN status = \'Lunas\' THEN total_bayar ELSE 0 END) as total_pendapatan,
        SUM(CASE WHEN status = \'Lunas\' AND metode_pembayaran = \'Tunai\' THEN total_bayar ELSE 0 END) as total_tunai,
        SUM(CASE WHEN status = \'Lunas\' AND metode_pembayaran = \'QRIS\' THEN total_bayar ELSE 0 END) as total_qris,
        SUM(CASE WHEN status = \'Lunas\' AND metode_pembayaran = \'Transfer\' THEN total_bayar ELSE 0 END) as total_transfer,
        SUM(CASE WHEN status = \'Lunas\' AND metode_pembayaran = \'EDC\' THEN total_bayar ELSE 0 END) as total_edc,
        COUNT(CASE WHEN status = \'Batal\' THEN 1 END) as jumlah_batal
FROM `transaksi`
WHERE `transaksi`.`id_user` = \'2\'
AND DATE(transaksi.created_at) = \'2026-05-09\'
GROUP BY `user`.`id_user`')
 3 SYSTEMPATH\Database\BaseConnection.php(646): CodeIgniter\Database\BaseConnection->simpleQuery('SELECT SUM(CASE WHEN status = \'Lunas\' THEN total_bayar ELSE 0 END) as total_pendapatan,
        SUM(CASE WHEN status = \'Lunas\' AND metode_pembayaran = \'Tunai\' THEN total_bayar ELSE 0 END) as total_tunai,
        SUM(CASE WHEN status = \'Lunas\' AND metode_pembayaran = \'QRIS\' THEN total_bayar ELSE 0 END) as total_qris,
        SUM(CASE WHEN status = \'Lunas\' AND metode_pembayaran = \'Transfer\' THEN total_bayar ELSE 0 END) as total_transfer,
        SUM(CASE WHEN status = \'Lunas\' AND metode_pembayaran = \'EDC\' THEN total_bayar ELSE 0 END) as total_edc,
        COUNT(CASE WHEN status = \'Batal\' THEN 1 END) as jumlah_batal
FROM `transaksi`
WHERE `transaksi`.`id_user` = \'2\'
AND DATE(transaksi.created_at) = \'2026-05-09\'
GROUP BY `user`.`id_user`')
 4 SYSTEMPATH\Database\BaseBuilder.php(1649): CodeIgniter\Database\BaseConnection->query('SELECT SUM(CASE WHEN status = \'Lunas\' THEN total_bayar ELSE 0 END) as total_pendapatan,
        SUM(CASE WHEN status = \'Lunas\' AND metode_pembayaran = \'Tunai\' THEN total_bayar ELSE 0 END) as total_tunai,
        SUM(CASE WHEN status = \'Lunas\' AND metode_pembayaran = \'QRIS\' THEN total_bayar ELSE 0 END) as total_qris,
        SUM(CASE WHEN status = \'Lunas\' AND metode_pembayaran = \'Transfer\' THEN total_bayar ELSE 0 END) as total_transfer,
        SUM(CASE WHEN status = \'Lunas\' AND metode_pembayaran = \'EDC\' THEN total_bayar ELSE 0 END) as total_edc,
        COUNT(CASE WHEN status = \'Batal\' THEN 1 END) as jumlah_batal
FROM `transaksi`
WHERE `transaksi`.`id_user` = :transaksi.id_user:
AND DATE(transaksi.created_at) = :DATE(transaksi.created_at):
GROUP BY `user`.`id_user`', [...], false)
 5 APPPATH\Controllers\Kasir.php(36): CodeIgniter\Database\BaseBuilder->get()
 6 SYSTEMPATH\CodeIgniter.php(933): App\Controllers\Kasir->index()
 7 SYSTEMPATH\CodeIgniter.php(507): CodeIgniter\CodeIgniter->runController(Object(App\Controllers\Kasir))
 8 SYSTEMPATH\CodeIgniter.php(354): CodeIgniter\CodeIgniter->handleRequest(null, Object(Config\Cache), false)
 9 SYSTEMPATH\Boot.php(363): CodeIgniter\CodeIgniter->run()
10 SYSTEMPATH\Boot.php(68): CodeIgniter\Boot::runCodeIgniter(Object(CodeIgniter\CodeIgniter))
11 FCPATH\index.php(59): CodeIgniter\Boot::bootWeb(Object(Config\Paths))
12 SYSTEMPATH\rewrite.php(44): require_once('C:\\xampp\\htdocs\\kasirpos\\public\\index.php')
DEBUG - 2026-05-09 06:58:37 --> Session: Class initialized using 'CodeIgniter\Session\Handlers\FileHandler' driver.
ERROR - 2026-05-09 13:58:37 --> mysqli_sql_exception: Unknown column 'id_user' in 'where clause' in C:\xampp\htdocs\kasirpos\system\Database\MySQLi\Connection.php:327
Stack trace:
#0 C:\xampp\htdocs\kasirpos\system\Database\MySQLi\Connection.php(327): mysqli->query('SELECT SUM(CASE...', 0)
#1 C:\xampp\htdocs\kasirpos\system\Database\BaseConnection.php(729): CodeIgniter\Database\MySQLi\Connection->execute('SELECT SUM(CASE...')
#2 C:\xampp\htdocs\kasirpos\system\Database\BaseConnection.php(646): CodeIgniter\Database\BaseConnection->simpleQuery('SELECT SUM(CASE...')
#3 C:\xampp\htdocs\kasirpos\system\Database\BaseBuilder.php(1649): CodeIgniter\Database\BaseConnection->query('SELECT SUM(CASE...', Array, false)
#4 C:\xampp\htdocs\kasirpos\app\Controllers\Kasir.php(35): CodeIgniter\Database\BaseBuilder->get()
#5 C:\xampp\htdocs\kasirpos\system\CodeIgniter.php(933): App\Controllers\Kasir->index()
#6 C:\xampp\htdocs\kasirpos\system\CodeIgniter.php(507): CodeIgniter\CodeIgniter->runController(Object(App\Controllers\Kasir))
#7 C:\xampp\htdocs\kasirpos\system\CodeIgniter.php(354): CodeIgniter\CodeIgniter->handleRequest(NULL, Object(Config\Cache), false)
#8 C:\xampp\htdocs\kasirpos\system\Boot.php(363): CodeIgniter\CodeIgniter->run()
#9 C:\xampp\htdocs\kasirpos\system\Boot.php(68): CodeIgniter\Boot::runCodeIgniter(Object(CodeIgniter\CodeIgniter))
#10 C:\xampp\htdocs\kasirpos\public\index.php(59): CodeIgniter\Boot::bootWeb(Object(Config\Paths))
#11 C:\xampp\htdocs\kasirpos\system\rewrite.php(44): require_once('C:\\xampp\\htdocs...')
#12 {main}
CRITICAL - 2026-05-09 13:58:37 --> CodeIgniter\Database\Exceptions\DatabaseException: Unknown column 'id_user' in 'where clause'
[Method: GET, Route: kasir/transaksi]
in SYSTEMPATH\Database\BaseConnection.php on line 684.
 1 SYSTEMPATH\Database\BaseBuilder.php(1649): CodeIgniter\Database\BaseConnection->query('SELECT SUM(CASE WHEN status = \'Lunas\' THEN total_bayar ELSE 0 END) as total_pendapatan,
        SUM(CASE WHEN status = \'Lunas\' AND metode_pembayaran = \'Tunai\' THEN total_bayar ELSE 0 END) as total_tunai,
        SUM(CASE WHEN status = \'Lunas\' AND metode_pembayaran = \'QRIS\' THEN total_bayar ELSE 0 END) as total_qris,
        SUM(CASE WHEN status = \'Lunas\' AND metode_pembayaran = \'Transfer\' THEN total_bayar ELSE 0 END) as total_transfer,
        SUM(CASE WHEN status = \'Lunas\' AND metode_pembayaran = \'EDC\' THEN total_bayar ELSE 0 END) as total_edc,
        COUNT(CASE WHEN status = \'Batal\' THEN 1 END) as jumlah_batal
FROM `transaksi`
WHERE `id_user` = :id_user:
AND DATE(created_at) = :DATE(created_at):', [...], false)
 2 APPPATH\Controllers\Kasir.php(35): CodeIgniter\Database\BaseBuilder->get()
 3 SYSTEMPATH\CodeIgniter.php(933): App\Controllers\Kasir->index()
 4 SYSTEMPATH\CodeIgniter.php(507): CodeIgniter\CodeIgniter->runController(Object(App\Controllers\Kasir))
 5 SYSTEMPATH\CodeIgniter.php(354): CodeIgniter\CodeIgniter->handleRequest(null, Object(Config\Cache), false)
 6 SYSTEMPATH\Boot.php(363): CodeIgniter\CodeIgniter->run()
 7 SYSTEMPATH\Boot.php(68): CodeIgniter\Boot::runCodeIgniter(Object(CodeIgniter\CodeIgniter))
 8 FCPATH\index.php(59): CodeIgniter\Boot::bootWeb(Object(Config\Paths))
 9 SYSTEMPATH\rewrite.php(44): require_once('C:\\xampp\\htdocs\\kasirpos\\public\\index.php')
CRITICAL - 2026-05-09 13:58:37 --> [Caused by] CodeIgniter\Database\Exceptions\DatabaseException: Unknown column 'id_user' in 'where clause'
in SYSTEMPATH\Database\MySQLi\Connection.php on line 332.
 1 SYSTEMPATH\Database\BaseConnection.php(729): CodeIgniter\Database\MySQLi\Connection->execute('SELECT SUM(CASE WHEN status = \'Lunas\' THEN total_bayar ELSE 0 END) as total_pendapatan,
        SUM(CASE WHEN status = \'Lunas\' AND metode_pembayaran = \'Tunai\' THEN total_bayar ELSE 0 END) as total_tunai,
        SUM(CASE WHEN status = \'Lunas\' AND metode_pembayaran = \'QRIS\' THEN total_bayar ELSE 0 END) as total_qris,
        SUM(CASE WHEN status = \'Lunas\' AND metode_pembayaran = \'Transfer\' THEN total_bayar ELSE 0 END) as total_transfer,
        SUM(CASE WHEN status = \'Lunas\' AND metode_pembayaran = \'EDC\' THEN total_bayar ELSE 0 END) as total_edc,
        COUNT(CASE WHEN status = \'Batal\' THEN 1 END) as jumlah_batal
FROM `transaksi`
WHERE `id_user` = \'2\'
AND DATE(created_at) = \'2026-05-09\'')
 2 SYSTEMPATH\Database\BaseConnection.php(646): CodeIgniter\Database\BaseConnection->simpleQuery('SELECT SUM(CASE WHEN status = \'Lunas\' THEN total_bayar ELSE 0 END) as total_pendapatan,
        SUM(CASE WHEN status = \'Lunas\' AND metode_pembayaran = \'Tunai\' THEN total_bayar ELSE 0 END) as total_tunai,
        SUM(CASE WHEN status = \'Lunas\' AND metode_pembayaran = \'QRIS\' THEN total_bayar ELSE 0 END) as total_qris,
        SUM(CASE WHEN status = \'Lunas\' AND metode_pembayaran = \'Transfer\' THEN total_bayar ELSE 0 END) as total_transfer,
        SUM(CASE WHEN status = \'Lunas\' AND metode_pembayaran = \'EDC\' THEN total_bayar ELSE 0 END) as total_edc,
        COUNT(CASE WHEN status = \'Batal\' THEN 1 END) as jumlah_batal
FROM `transaksi`
WHERE `id_user` = \'2\'
AND DATE(created_at) = \'2026-05-09\'')
 3 SYSTEMPATH\Database\BaseBuilder.php(1649): CodeIgniter\Database\BaseConnection->query('SELECT SUM(CASE WHEN status = \'Lunas\' THEN total_bayar ELSE 0 END) as total_pendapatan,
        SUM(CASE WHEN status = \'Lunas\' AND metode_pembayaran = \'Tunai\' THEN total_bayar ELSE 0 END) as total_tunai,
        SUM(CASE WHEN status = \'Lunas\' AND metode_pembayaran = \'QRIS\' THEN total_bayar ELSE 0 END) as total_qris,
        SUM(CASE WHEN status = \'Lunas\' AND metode_pembayaran = \'Transfer\' THEN total_bayar ELSE 0 END) as total_transfer,
        SUM(CASE WHEN status = \'Lunas\' AND metode_pembayaran = \'EDC\' THEN total_bayar ELSE 0 END) as total_edc,
        COUNT(CASE WHEN status = \'Batal\' THEN 1 END) as jumlah_batal
FROM `transaksi`
WHERE `id_user` = :id_user:
AND DATE(created_at) = :DATE(created_at):', [...], false)
 4 APPPATH\Controllers\Kasir.php(35): CodeIgniter\Database\BaseBuilder->get()
 5 SYSTEMPATH\CodeIgniter.php(933): App\Controllers\Kasir->index()
 6 SYSTEMPATH\CodeIgniter.php(507): CodeIgniter\CodeIgniter->runController(Object(App\Controllers\Kasir))
 7 SYSTEMPATH\CodeIgniter.php(354): CodeIgniter\CodeIgniter->handleRequest(null, Object(Config\Cache), false)
 8 SYSTEMPATH\Boot.php(363): CodeIgniter\CodeIgniter->run()
 9 SYSTEMPATH\Boot.php(68): CodeIgniter\Boot::runCodeIgniter(Object(CodeIgniter\CodeIgniter))
10 FCPATH\index.php(59): CodeIgniter\Boot::bootWeb(Object(Config\Paths))
11 SYSTEMPATH\rewrite.php(44): require_once('C:\\xampp\\htdocs\\kasirpos\\public\\index.php')
CRITICAL - 2026-05-09 13:58:37 --> [Caused by] mysqli_sql_exception: Unknown column 'id_user' in 'where clause'
in SYSTEMPATH\Database\MySQLi\Connection.php on line 327.
 1 SYSTEMPATH\Database\MySQLi\Connection.php(327): mysqli->query('SELECT SUM(CASE WHEN status = \'Lunas\' THEN total_bayar ELSE 0 END) as total_pendapatan,
        SUM(CASE WHEN status = \'Lunas\' AND metode_pembayaran = \'Tunai\' THEN total_bayar ELSE 0 END) as total_tunai,
        SUM(CASE WHEN status = \'Lunas\' AND metode_pembayaran = \'QRIS\' THEN total_bayar ELSE 0 END) as total_qris,
        SUM(CASE WHEN status = \'Lunas\' AND metode_pembayaran = \'Transfer\' THEN total_bayar ELSE 0 END) as total_transfer,
        SUM(CASE WHEN status = \'Lunas\' AND metode_pembayaran = \'EDC\' THEN total_bayar ELSE 0 END) as total_edc,
        COUNT(CASE WHEN status = \'Batal\' THEN 1 END) as jumlah_batal
FROM `transaksi`
WHERE `id_user` = \'2\'
AND DATE(created_at) = \'2026-05-09\'', 0)
 2 SYSTEMPATH\Database\BaseConnection.php(729): CodeIgniter\Database\MySQLi\Connection->execute('SELECT SUM(CASE WHEN status = \'Lunas\' THEN total_bayar ELSE 0 END) as total_pendapatan,
        SUM(CASE WHEN status = \'Lunas\' AND metode_pembayaran = \'Tunai\' THEN total_bayar ELSE 0 END) as total_tunai,
        SUM(CASE WHEN status = \'Lunas\' AND metode_pembayaran = \'QRIS\' THEN total_bayar ELSE 0 END) as total_qris,
        SUM(CASE WHEN status = \'Lunas\' AND metode_pembayaran = \'Transfer\' THEN total_bayar ELSE 0 END) as total_transfer,
        SUM(CASE WHEN status = \'Lunas\' AND metode_pembayaran = \'EDC\' THEN total_bayar ELSE 0 END) as total_edc,
        COUNT(CASE WHEN status = \'Batal\' THEN 1 END) as jumlah_batal
FROM `transaksi`
WHERE `id_user` = \'2\'
AND DATE(created_at) = \'2026-05-09\'')
 3 SYSTEMPATH\Database\BaseConnection.php(646): CodeIgniter\Database\BaseConnection->simpleQuery('SELECT SUM(CASE WHEN status = \'Lunas\' THEN total_bayar ELSE 0 END) as total_pendapatan,
        SUM(CASE WHEN status = \'Lunas\' AND metode_pembayaran = \'Tunai\' THEN total_bayar ELSE 0 END) as total_tunai,
        SUM(CASE WHEN status = \'Lunas\' AND metode_pembayaran = \'QRIS\' THEN total_bayar ELSE 0 END) as total_qris,
        SUM(CASE WHEN status = \'Lunas\' AND metode_pembayaran = \'Transfer\' THEN total_bayar ELSE 0 END) as total_transfer,
        SUM(CASE WHEN status = \'Lunas\' AND metode_pembayaran = \'EDC\' THEN total_bayar ELSE 0 END) as total_edc,
        COUNT(CASE WHEN status = \'Batal\' THEN 1 END) as jumlah_batal
FROM `transaksi`
WHERE `id_user` = \'2\'
AND DATE(created_at) = \'2026-05-09\'')
 4 SYSTEMPATH\Database\BaseBuilder.php(1649): CodeIgniter\Database\BaseConnection->query('SELECT SUM(CASE WHEN status = \'Lunas\' THEN total_bayar ELSE 0 END) as total_pendapatan,
        SUM(CASE WHEN status = \'Lunas\' AND metode_pembayaran = \'Tunai\' THEN total_bayar ELSE 0 END) as total_tunai,
        SUM(CASE WHEN status = \'Lunas\' AND metode_pembayaran = \'QRIS\' THEN total_bayar ELSE 0 END) as total_qris,
        SUM(CASE WHEN status = \'Lunas\' AND metode_pembayaran = \'Transfer\' THEN total_bayar ELSE 0 END) as total_transfer,
        SUM(CASE WHEN status = \'Lunas\' AND metode_pembayaran = \'EDC\' THEN total_bayar ELSE 0 END) as total_edc,
        COUNT(CASE WHEN status = \'Batal\' THEN 1 END) as jumlah_batal
FROM `transaksi`
WHERE `id_user` = :id_user:
AND DATE(created_at) = :DATE(created_at):', [...], false)
 5 APPPATH\Controllers\Kasir.php(35): CodeIgniter\Database\BaseBuilder->get()
 6 SYSTEMPATH\CodeIgniter.php(933): App\Controllers\Kasir->index()
 7 SYSTEMPATH\CodeIgniter.php(507): CodeIgniter\CodeIgniter->runController(Object(App\Controllers\Kasir))
 8 SYSTEMPATH\CodeIgniter.php(354): CodeIgniter\CodeIgniter->handleRequest(null, Object(Config\Cache), false)
 9 SYSTEMPATH\Boot.php(363): CodeIgniter\CodeIgniter->run()
10 SYSTEMPATH\Boot.php(68): CodeIgniter\Boot::runCodeIgniter(Object(CodeIgniter\CodeIgniter))
11 FCPATH\index.php(59): CodeIgniter\Boot::bootWeb(Object(Config\Paths))
12 SYSTEMPATH\rewrite.php(44): require_once('C:\\xampp\\htdocs\\kasirpos\\public\\index.php')
DEBUG - 2026-05-09 06:58:44 --> Session: Class initialized using 'CodeIgniter\Session\Handlers\FileHandler' driver.
ERROR - 2026-05-09 13:58:44 --> mysqli_sql_exception: Unknown column 'id_user' in 'where clause' in C:\xampp\htdocs\kasirpos\system\Database\MySQLi\Connection.php:327
Stack trace:
#0 C:\xampp\htdocs\kasirpos\system\Database\MySQLi\Connection.php(327): mysqli->query('SELECT SUM(CASE...', 0)
#1 C:\xampp\htdocs\kasirpos\system\Database\BaseConnection.php(729): CodeIgniter\Database\MySQLi\Connection->execute('SELECT SUM(CASE...')
#2 C:\xampp\htdocs\kasirpos\system\Database\BaseConnection.php(646): CodeIgniter\Database\BaseConnection->simpleQuery('SELECT SUM(CASE...')
#3 C:\xampp\htdocs\kasirpos\system\Database\BaseBuilder.php(1649): CodeIgniter\Database\BaseConnection->query('SELECT SUM(CASE...', Array, false)
#4 C:\xampp\htdocs\kasirpos\app\Controllers\Kasir.php(35): CodeIgniter\Database\BaseBuilder->get()
#5 C:\xampp\htdocs\kasirpos\system\CodeIgniter.php(933): App\Controllers\Kasir->index()
#6 C:\xampp\htdocs\kasirpos\system\CodeIgniter.php(507): CodeIgniter\CodeIgniter->runController(Object(App\Controllers\Kasir))
#7 C:\xampp\htdocs\kasirpos\system\CodeIgniter.php(354): CodeIgniter\CodeIgniter->handleRequest(NULL, Object(Config\Cache), false)
#8 C:\xampp\htdocs\kasirpos\system\Boot.php(363): CodeIgniter\CodeIgniter->run()
#9 C:\xampp\htdocs\kasirpos\system\Boot.php(68): CodeIgniter\Boot::runCodeIgniter(Object(CodeIgniter\CodeIgniter))
#10 C:\xampp\htdocs\kasirpos\public\index.php(59): CodeIgniter\Boot::bootWeb(Object(Config\Paths))
#11 C:\xampp\htdocs\kasirpos\system\rewrite.php(44): require_once('C:\\xampp\\htdocs...')
#12 {main}
CRITICAL - 2026-05-09 13:58:44 --> CodeIgniter\Database\Exceptions\DatabaseException: Unknown column 'id_user' in 'where clause'
[Method: GET, Route: kasir/transaksi]
in SYSTEMPATH\Database\BaseConnection.php on line 684.
 1 SYSTEMPATH\Database\BaseBuilder.php(1649): CodeIgniter\Database\BaseConnection->query('SELECT SUM(CASE WHEN status = \'Lunas\' THEN total_bayar ELSE 0 END) as total_pendapatan,
        SUM(CASE WHEN status = \'Lunas\' AND metode_pembayaran = \'Tunai\' THEN total_bayar ELSE 0 END) as total_tunai,
        SUM(CASE WHEN status = \'Lunas\' AND metode_pembayaran = \'QRIS\' THEN total_bayar ELSE 0 END) as total_qris,
        SUM(CASE WHEN status = \'Lunas\' AND metode_pembayaran = \'Transfer\' THEN total_bayar ELSE 0 END) as total_transfer,
        SUM(CASE WHEN status = \'Lunas\' AND metode_pembayaran = \'EDC\' THEN total_bayar ELSE 0 END) as total_edc,
        COUNT(CASE WHEN status = \'Batal\' THEN 1 END) as jumlah_batal
FROM `transaksi`
WHERE `id_user` = :id_user:
AND DATE(created_at) = :DATE(created_at):', [...], false)
 2 APPPATH\Controllers\Kasir.php(35): CodeIgniter\Database\BaseBuilder->get()
 3 SYSTEMPATH\CodeIgniter.php(933): App\Controllers\Kasir->index()
 4 SYSTEMPATH\CodeIgniter.php(507): CodeIgniter\CodeIgniter->runController(Object(App\Controllers\Kasir))
 5 SYSTEMPATH\CodeIgniter.php(354): CodeIgniter\CodeIgniter->handleRequest(null, Object(Config\Cache), false)
 6 SYSTEMPATH\Boot.php(363): CodeIgniter\CodeIgniter->run()
 7 SYSTEMPATH\Boot.php(68): CodeIgniter\Boot::runCodeIgniter(Object(CodeIgniter\CodeIgniter))
 8 FCPATH\index.php(59): CodeIgniter\Boot::bootWeb(Object(Config\Paths))
 9 SYSTEMPATH\rewrite.php(44): require_once('C:\\xampp\\htdocs\\kasirpos\\public\\index.php')
CRITICAL - 2026-05-09 13:58:44 --> [Caused by] CodeIgniter\Database\Exceptions\DatabaseException: Unknown column 'id_user' in 'where clause'
in SYSTEMPATH\Database\MySQLi\Connection.php on line 332.
 1 SYSTEMPATH\Database\BaseConnection.php(729): CodeIgniter\Database\MySQLi\Connection->execute('SELECT SUM(CASE WHEN status = \'Lunas\' THEN total_bayar ELSE 0 END) as total_pendapatan,
        SUM(CASE WHEN status = \'Lunas\' AND metode_pembayaran = \'Tunai\' THEN total_bayar ELSE 0 END) as total_tunai,
        SUM(CASE WHEN status = \'Lunas\' AND metode_pembayaran = \'QRIS\' THEN total_bayar ELSE 0 END) as total_qris,
        SUM(CASE WHEN status = \'Lunas\' AND metode_pembayaran = \'Transfer\' THEN total_bayar ELSE 0 END) as total_transfer,
        SUM(CASE WHEN status = \'Lunas\' AND metode_pembayaran = \'EDC\' THEN total_bayar ELSE 0 END) as total_edc,
        COUNT(CASE WHEN status = \'Batal\' THEN 1 END) as jumlah_batal
FROM `transaksi`
WHERE `id_user` = \'2\'
AND DATE(created_at) = \'2026-05-09\'')
 2 SYSTEMPATH\Database\BaseConnection.php(646): CodeIgniter\Database\BaseConnection->simpleQuery('SELECT SUM(CASE WHEN status = \'Lunas\' THEN total_bayar ELSE 0 END) as total_pendapatan,
        SUM(CASE WHEN status = \'Lunas\' AND metode_pembayaran = \'Tunai\' THEN total_bayar ELSE 0 END) as total_tunai,
        SUM(CASE WHEN status = \'Lunas\' AND metode_pembayaran = \'QRIS\' THEN total_bayar ELSE 0 END) as total_qris,
        SUM(CASE WHEN status = \'Lunas\' AND metode_pembayaran = \'Transfer\' THEN total_bayar ELSE 0 END) as total_transfer,
        SUM(CASE WHEN status = \'Lunas\' AND metode_pembayaran = \'EDC\' THEN total_bayar ELSE 0 END) as total_edc,
        COUNT(CASE WHEN status = \'Batal\' THEN 1 END) as jumlah_batal
FROM `transaksi`
WHERE `id_user` = \'2\'
AND DATE(created_at) = \'2026-05-09\'')
 3 SYSTEMPATH\Database\BaseBuilder.php(1649): CodeIgniter\Database\BaseConnection->query('SELECT SUM(CASE WHEN status = \'Lunas\' THEN total_bayar ELSE 0 END) as total_pendapatan,
        SUM(CASE WHEN status = \'Lunas\' AND metode_pembayaran = \'Tunai\' THEN total_bayar ELSE 0 END) as total_tunai,
        SUM(CASE WHEN status = \'Lunas\' AND metode_pembayaran = \'QRIS\' THEN total_bayar ELSE 0 END) as total_qris,
        SUM(CASE WHEN status = \'Lunas\' AND metode_pembayaran = \'Transfer\' THEN total_bayar ELSE 0 END) as total_transfer,
        SUM(CASE WHEN status = \'Lunas\' AND metode_pembayaran = \'EDC\' THEN total_bayar ELSE 0 END) as total_edc,
        COUNT(CASE WHEN status = \'Batal\' THEN 1 END) as jumlah_batal
FROM `transaksi`
WHERE `id_user` = :id_user:
AND DATE(created_at) = :DATE(created_at):', [...], false)
 4 APPPATH\Controllers\Kasir.php(35): CodeIgniter\Database\BaseBuilder->get()
 5 SYSTEMPATH\CodeIgniter.php(933): App\Controllers\Kasir->index()
 6 SYSTEMPATH\CodeIgniter.php(507): CodeIgniter\CodeIgniter->runController(Object(App\Controllers\Kasir))
 7 SYSTEMPATH\CodeIgniter.php(354): CodeIgniter\CodeIgniter->handleRequest(null, Object(Config\Cache), false)
 8 SYSTEMPATH\Boot.php(363): CodeIgniter\CodeIgniter->run()
 9 SYSTEMPATH\Boot.php(68): CodeIgniter\Boot::runCodeIgniter(Object(CodeIgniter\CodeIgniter))
10 FCPATH\index.php(59): CodeIgniter\Boot::bootWeb(Object(Config\Paths))
11 SYSTEMPATH\rewrite.php(44): require_once('C:\\xampp\\htdocs\\kasirpos\\public\\index.php')
CRITICAL - 2026-05-09 13:58:44 --> [Caused by] mysqli_sql_exception: Unknown column 'id_user' in 'where clause'
in SYSTEMPATH\Database\MySQLi\Connection.php on line 327.
 1 SYSTEMPATH\Database\MySQLi\Connection.php(327): mysqli->query('SELECT SUM(CASE WHEN status = \'Lunas\' THEN total_bayar ELSE 0 END) as total_pendapatan,
        SUM(CASE WHEN status = \'Lunas\' AND metode_pembayaran = \'Tunai\' THEN total_bayar ELSE 0 END) as total_tunai,
        SUM(CASE WHEN status = \'Lunas\' AND metode_pembayaran = \'QRIS\' THEN total_bayar ELSE 0 END) as total_qris,
        SUM(CASE WHEN status = \'Lunas\' AND metode_pembayaran = \'Transfer\' THEN total_bayar ELSE 0 END) as total_transfer,
        SUM(CASE WHEN status = \'Lunas\' AND metode_pembayaran = \'EDC\' THEN total_bayar ELSE 0 END) as total_edc,
        COUNT(CASE WHEN status = \'Batal\' THEN 1 END) as jumlah_batal
FROM `transaksi`
WHERE `id_user` = \'2\'
AND DATE(created_at) = \'2026-05-09\'', 0)
 2 SYSTEMPATH\Database\BaseConnection.php(729): CodeIgniter\Database\MySQLi\Connection->execute('SELECT SUM(CASE WHEN status = \'Lunas\' THEN total_bayar ELSE 0 END) as total_pendapatan,
        SUM(CASE WHEN status = \'Lunas\' AND metode_pembayaran = \'Tunai\' THEN total_bayar ELSE 0 END) as total_tunai,
        SUM(CASE WHEN status = \'Lunas\' AND metode_pembayaran = \'QRIS\' THEN total_bayar ELSE 0 END) as total_qris,
        SUM(CASE WHEN status = \'Lunas\' AND metode_pembayaran = \'Transfer\' THEN total_bayar ELSE 0 END) as total_transfer,
        SUM(CASE WHEN status = \'Lunas\' AND metode_pembayaran = \'EDC\' THEN total_bayar ELSE 0 END) as total_edc,
        COUNT(CASE WHEN status = \'Batal\' THEN 1 END) as jumlah_batal
FROM `transaksi`
WHERE `id_user` = \'2\'
AND DATE(created_at) = \'2026-05-09\'')
 3 SYSTEMPATH\Database\BaseConnection.php(646): CodeIgniter\Database\BaseConnection->simpleQuery('SELECT SUM(CASE WHEN status = \'Lunas\' THEN total_bayar ELSE 0 END) as total_pendapatan,
        SUM(CASE WHEN status = \'Lunas\' AND metode_pembayaran = \'Tunai\' THEN total_bayar ELSE 0 END) as total_tunai,
        SUM(CASE WHEN status = \'Lunas\' AND metode_pembayaran = \'QRIS\' THEN total_bayar ELSE 0 END) as total_qris,
        SUM(CASE WHEN status = \'Lunas\' AND metode_pembayaran = \'Transfer\' THEN total_bayar ELSE 0 END) as total_transfer,
        SUM(CASE WHEN status = \'Lunas\' AND metode_pembayaran = \'EDC\' THEN total_bayar ELSE 0 END) as total_edc,
        COUNT(CASE WHEN status = \'Batal\' THEN 1 END) as jumlah_batal
FROM `transaksi`
WHERE `id_user` = \'2\'
AND DATE(created_at) = \'2026-05-09\'')
 4 SYSTEMPATH\Database\BaseBuilder.php(1649): CodeIgniter\Database\BaseConnection->query('SELECT SUM(CASE WHEN status = \'Lunas\' THEN total_bayar ELSE 0 END) as total_pendapatan,
        SUM(CASE WHEN status = \'Lunas\' AND metode_pembayaran = \'Tunai\' THEN total_bayar ELSE 0 END) as total_tunai,
        SUM(CASE WHEN status = \'Lunas\' AND metode_pembayaran = \'QRIS\' THEN total_bayar ELSE 0 END) as total_qris,
        SUM(CASE WHEN status = \'Lunas\' AND metode_pembayaran = \'Transfer\' THEN total_bayar ELSE 0 END) as total_transfer,
        SUM(CASE WHEN status = \'Lunas\' AND metode_pembayaran = \'EDC\' THEN total_bayar ELSE 0 END) as total_edc,
        COUNT(CASE WHEN status = \'Batal\' THEN 1 END) as jumlah_batal
FROM `transaksi`
WHERE `id_user` = :id_user:
AND DATE(created_at) = :DATE(created_at):', [...], false)
 5 APPPATH\Controllers\Kasir.php(35): CodeIgniter\Database\BaseBuilder->get()
 6 SYSTEMPATH\CodeIgniter.php(933): App\Controllers\Kasir->index()
 7 SYSTEMPATH\CodeIgniter.php(507): CodeIgniter\CodeIgniter->runController(Object(App\Controllers\Kasir))
 8 SYSTEMPATH\CodeIgniter.php(354): CodeIgniter\CodeIgniter->handleRequest(null, Object(Config\Cache), false)
 9 SYSTEMPATH\Boot.php(363): CodeIgniter\CodeIgniter->run()
10 SYSTEMPATH\Boot.php(68): CodeIgniter\Boot::runCodeIgniter(Object(CodeIgniter\CodeIgniter))
11 FCPATH\index.php(59): CodeIgniter\Boot::bootWeb(Object(Config\Paths))
12 SYSTEMPATH\rewrite.php(44): require_once('C:\\xampp\\htdocs\\kasirpos\\public\\index.php')
DEBUG - 2026-05-09 06:58:56 --> Session: Class initialized using 'CodeIgniter\Session\Handlers\FileHandler' driver.
ERROR - 2026-05-09 13:58:56 --> mysqli_sql_exception: Unknown column 'user_id' in 'where clause' in C:\xampp\htdocs\kasirpos\system\Database\MySQLi\Connection.php:327
Stack trace:
#0 C:\xampp\htdocs\kasirpos\system\Database\MySQLi\Connection.php(327): mysqli->query('SELECT SUM(CASE...', 0)
#1 C:\xampp\htdocs\kasirpos\system\Database\BaseConnection.php(729): CodeIgniter\Database\MySQLi\Connection->execute('SELECT SUM(CASE...')
#2 C:\xampp\htdocs\kasirpos\system\Database\BaseConnection.php(646): CodeIgniter\Database\BaseConnection->simpleQuery('SELECT SUM(CASE...')
#3 C:\xampp\htdocs\kasirpos\system\Database\BaseBuilder.php(1649): CodeIgniter\Database\BaseConnection->query('SELECT SUM(CASE...', Array, false)
#4 C:\xampp\htdocs\kasirpos\app\Controllers\Kasir.php(32): CodeIgniter\Database\BaseBuilder->get()
#5 C:\xampp\htdocs\kasirpos\system\CodeIgniter.php(933): App\Controllers\Kasir->index()
#6 C:\xampp\htdocs\kasirpos\system\CodeIgniter.php(507): CodeIgniter\CodeIgniter->runController(Object(App\Controllers\Kasir))
#7 C:\xampp\htdocs\kasirpos\system\CodeIgniter.php(354): CodeIgniter\CodeIgniter->handleRequest(NULL, Object(Config\Cache), false)
#8 C:\xampp\htdocs\kasirpos\system\Boot.php(363): CodeIgniter\CodeIgniter->run()
#9 C:\xampp\htdocs\kasirpos\system\Boot.php(68): CodeIgniter\Boot::runCodeIgniter(Object(CodeIgniter\CodeIgniter))
#10 C:\xampp\htdocs\kasirpos\public\index.php(59): CodeIgniter\Boot::bootWeb(Object(Config\Paths))
#11 C:\xampp\htdocs\kasirpos\system\rewrite.php(44): require_once('C:\\xampp\\htdocs...')
#12 {main}
CRITICAL - 2026-05-09 13:58:56 --> CodeIgniter\Database\Exceptions\DatabaseException: Unknown column 'user_id' in 'where clause'
[Method: GET, Route: kasir/transaksi]
in SYSTEMPATH\Database\BaseConnection.php on line 684.
 1 SYSTEMPATH\Database\BaseBuilder.php(1649): CodeIgniter\Database\BaseConnection->query('SELECT SUM(CASE WHEN status = \'Lunas\' THEN total_bayar ELSE 0 END) as total_pendapatan,
            SUM(CASE WHEN status = \'Lunas\' AND metode_pembayaran = \'Tunai\' THEN total_bayar ELSE 0 END) as total_tunai,
            SUM(CASE WHEN status = \'Lunas\' AND metode_pembayaran = \'QRIS\' THEN total_bayar ELSE 0 END) as total_qris,
            SUM(CASE WHEN status = \'Lunas\' AND metode_pembayaran = \'Transfer\' THEN total_bayar ELSE 0 END) as total_transfer,
            SUM(CASE WHEN status = \'Lunas\' AND metode_pembayaran = \'EDC\' THEN total_bayar ELSE 0 END) as total_edc,
            COUNT(CASE WHEN status = \'Batal\' THEN 1 END) as jumlah_batal
FROM `transaksi`
WHERE `user_id` IS NULL', [], false)
 2 APPPATH\Controllers\Kasir.php(32): CodeIgniter\Database\BaseBuilder->get()
 3 SYSTEMPATH\CodeIgniter.php(933): App\Controllers\Kasir->index()
 4 SYSTEMPATH\CodeIgniter.php(507): CodeIgniter\CodeIgniter->runController(Object(App\Controllers\Kasir))
 5 SYSTEMPATH\CodeIgniter.php(354): CodeIgniter\CodeIgniter->handleRequest(null, Object(Config\Cache), false)
 6 SYSTEMPATH\Boot.php(363): CodeIgniter\CodeIgniter->run()
 7 SYSTEMPATH\Boot.php(68): CodeIgniter\Boot::runCodeIgniter(Object(CodeIgniter\CodeIgniter))
 8 FCPATH\index.php(59): CodeIgniter\Boot::bootWeb(Object(Config\Paths))
 9 SYSTEMPATH\rewrite.php(44): require_once('C:\\xampp\\htdocs\\kasirpos\\public\\index.php')
CRITICAL - 2026-05-09 13:58:56 --> [Caused by] CodeIgniter\Database\Exceptions\DatabaseException: Unknown column 'user_id' in 'where clause'
in SYSTEMPATH\Database\MySQLi\Connection.php on line 332.
 1 SYSTEMPATH\Database\BaseConnection.php(729): CodeIgniter\Database\MySQLi\Connection->execute('SELECT SUM(CASE WHEN status = \'Lunas\' THEN total_bayar ELSE 0 END) as total_pendapatan,
            SUM(CASE WHEN status = \'Lunas\' AND metode_pembayaran = \'Tunai\' THEN total_bayar ELSE 0 END) as total_tunai,
            SUM(CASE WHEN status = \'Lunas\' AND metode_pembayaran = \'QRIS\' THEN total_bayar ELSE 0 END) as total_qris,
            SUM(CASE WHEN status = \'Lunas\' AND metode_pembayaran = \'Transfer\' THEN total_bayar ELSE 0 END) as total_transfer,
            SUM(CASE WHEN status = \'Lunas\' AND metode_pembayaran = \'EDC\' THEN total_bayar ELSE 0 END) as total_edc,
            COUNT(CASE WHEN status = \'Batal\' THEN 1 END) as jumlah_batal
FROM `transaksi`
WHERE `user_id` IS NULL')
 2 SYSTEMPATH\Database\BaseConnection.php(646): CodeIgniter\Database\BaseConnection->simpleQuery('SELECT SUM(CASE WHEN status = \'Lunas\' THEN total_bayar ELSE 0 END) as total_pendapatan,
            SUM(CASE WHEN status = \'Lunas\' AND metode_pembayaran = \'Tunai\' THEN total_bayar ELSE 0 END) as total_tunai,
            SUM(CASE WHEN status = \'Lunas\' AND metode_pembayaran = \'QRIS\' THEN total_bayar ELSE 0 END) as total_qris,
            SUM(CASE WHEN status = \'Lunas\' AND metode_pembayaran = \'Transfer\' THEN total_bayar ELSE 0 END) as total_transfer,
            SUM(CASE WHEN status = \'Lunas\' AND metode_pembayaran = \'EDC\' THEN total_bayar ELSE 0 END) as total_edc,
            COUNT(CASE WHEN status = \'Batal\' THEN 1 END) as jumlah_batal
FROM `transaksi`
WHERE `user_id` IS NULL')
 3 SYSTEMPATH\Database\BaseBuilder.php(1649): CodeIgniter\Database\BaseConnection->query('SELECT SUM(CASE WHEN status = \'Lunas\' THEN total_bayar ELSE 0 END) as total_pendapatan,
            SUM(CASE WHEN status = \'Lunas\' AND metode_pembayaran = \'Tunai\' THEN total_bayar ELSE 0 END) as total_tunai,
            SUM(CASE WHEN status = \'Lunas\' AND metode_pembayaran = \'QRIS\' THEN total_bayar ELSE 0 END) as total_qris,
            SUM(CASE WHEN status = \'Lunas\' AND metode_pembayaran = \'Transfer\' THEN total_bayar ELSE 0 END) as total_transfer,
            SUM(CASE WHEN status = \'Lunas\' AND metode_pembayaran = \'EDC\' THEN total_bayar ELSE 0 END) as total_edc,
            COUNT(CASE WHEN status = \'Batal\' THEN 1 END) as jumlah_batal
FROM `transaksi`
WHERE `user_id` IS NULL', [], false)
 4 APPPATH\Controllers\Kasir.php(32): CodeIgniter\Database\BaseBuilder->get()
 5 SYSTEMPATH\CodeIgniter.php(933): App\Controllers\Kasir->index()
 6 SYSTEMPATH\CodeIgniter.php(507): CodeIgniter\CodeIgniter->runController(Object(App\Controllers\Kasir))
 7 SYSTEMPATH\CodeIgniter.php(354): CodeIgniter\CodeIgniter->handleRequest(null, Object(Config\Cache), false)
 8 SYSTEMPATH\Boot.php(363): CodeIgniter\CodeIgniter->run()
 9 SYSTEMPATH\Boot.php(68): CodeIgniter\Boot::runCodeIgniter(Object(CodeIgniter\CodeIgniter))
10 FCPATH\index.php(59): CodeIgniter\Boot::bootWeb(Object(Config\Paths))
11 SYSTEMPATH\rewrite.php(44): require_once('C:\\xampp\\htdocs\\kasirpos\\public\\index.php')
CRITICAL - 2026-05-09 13:58:56 --> [Caused by] mysqli_sql_exception: Unknown column 'user_id' in 'where clause'
in SYSTEMPATH\Database\MySQLi\Connection.php on line 327.
 1 SYSTEMPATH\Database\MySQLi\Connection.php(327): mysqli->query('SELECT SUM(CASE WHEN status = \'Lunas\' THEN total_bayar ELSE 0 END) as total_pendapatan,
            SUM(CASE WHEN status = \'Lunas\' AND metode_pembayaran = \'Tunai\' THEN total_bayar ELSE 0 END) as total_tunai,
            SUM(CASE WHEN status = \'Lunas\' AND metode_pembayaran = \'QRIS\' THEN total_bayar ELSE 0 END) as total_qris,
            SUM(CASE WHEN status = \'Lunas\' AND metode_pembayaran = \'Transfer\' THEN total_bayar ELSE 0 END) as total_transfer,
            SUM(CASE WHEN status = \'Lunas\' AND metode_pembayaran = \'EDC\' THEN total_bayar ELSE 0 END) as total_edc,
            COUNT(CASE WHEN status = \'Batal\' THEN 1 END) as jumlah_batal
FROM `transaksi`
WHERE `user_id` IS NULL', 0)
 2 SYSTEMPATH\Database\BaseConnection.php(729): CodeIgniter\Database\MySQLi\Connection->execute('SELECT SUM(CASE WHEN status = \'Lunas\' THEN total_bayar ELSE 0 END) as total_pendapatan,
            SUM(CASE WHEN status = \'Lunas\' AND metode_pembayaran = \'Tunai\' THEN total_bayar ELSE 0 END) as total_tunai,
            SUM(CASE WHEN status = \'Lunas\' AND metode_pembayaran = \'QRIS\' THEN total_bayar ELSE 0 END) as total_qris,
            SUM(CASE WHEN status = \'Lunas\' AND metode_pembayaran = \'Transfer\' THEN total_bayar ELSE 0 END) as total_transfer,
            SUM(CASE WHEN status = \'Lunas\' AND metode_pembayaran = \'EDC\' THEN total_bayar ELSE 0 END) as total_edc,
            COUNT(CASE WHEN status = \'Batal\' THEN 1 END) as jumlah_batal
FROM `transaksi`
WHERE `user_id` IS NULL')
 3 SYSTEMPATH\Database\BaseConnection.php(646): CodeIgniter\Database\BaseConnection->simpleQuery('SELECT SUM(CASE WHEN status = \'Lunas\' THEN total_bayar ELSE 0 END) as total_pendapatan,
            SUM(CASE WHEN status = \'Lunas\' AND metode_pembayaran = \'Tunai\' THEN total_bayar ELSE 0 END) as total_tunai,
            SUM(CASE WHEN status = \'Lunas\' AND metode_pembayaran = \'QRIS\' THEN total_bayar ELSE 0 END) as total_qris,
            SUM(CASE WHEN status = \'Lunas\' AND metode_pembayaran = \'Transfer\' THEN total_bayar ELSE 0 END) as total_transfer,
            SUM(CASE WHEN status = \'Lunas\' AND metode_pembayaran = \'EDC\' THEN total_bayar ELSE 0 END) as total_edc,
            COUNT(CASE WHEN status = \'Batal\' THEN 1 END) as jumlah_batal
FROM `transaksi`
WHERE `user_id` IS NULL')
 4 SYSTEMPATH\Database\BaseBuilder.php(1649): CodeIgniter\Database\BaseConnection->query('SELECT SUM(CASE WHEN status = \'Lunas\' THEN total_bayar ELSE 0 END) as total_pendapatan,
            SUM(CASE WHEN status = \'Lunas\' AND metode_pembayaran = \'Tunai\' THEN total_bayar ELSE 0 END) as total_tunai,
            SUM(CASE WHEN status = \'Lunas\' AND metode_pembayaran = \'QRIS\' THEN total_bayar ELSE 0 END) as total_qris,
            SUM(CASE WHEN status = \'Lunas\' AND metode_pembayaran = \'Transfer\' THEN total_bayar ELSE 0 END) as total_transfer,
            SUM(CASE WHEN status = \'Lunas\' AND metode_pembayaran = \'EDC\' THEN total_bayar ELSE 0 END) as total_edc,
            COUNT(CASE WHEN status = \'Batal\' THEN 1 END) as jumlah_batal
FROM `transaksi`
WHERE `user_id` IS NULL', [], false)
 5 APPPATH\Controllers\Kasir.php(32): CodeIgniter\Database\BaseBuilder->get()
 6 SYSTEMPATH\CodeIgniter.php(933): App\Controllers\Kasir->index()
 7 SYSTEMPATH\CodeIgniter.php(507): CodeIgniter\CodeIgniter->runController(Object(App\Controllers\Kasir))
 8 SYSTEMPATH\CodeIgniter.php(354): CodeIgniter\CodeIgniter->handleRequest(null, Object(Config\Cache), false)
 9 SYSTEMPATH\Boot.php(363): CodeIgniter\CodeIgniter->run()
10 SYSTEMPATH\Boot.php(68): CodeIgniter\Boot::runCodeIgniter(Object(CodeIgniter\CodeIgniter))
11 FCPATH\index.php(59): CodeIgniter\Boot::bootWeb(Object(Config\Paths))
12 SYSTEMPATH\rewrite.php(44): require_once('C:\\xampp\\htdocs\\kasirpos\\public\\index.php')
DEBUG - 2026-05-09 06:58:59 --> Session: Class initialized using 'CodeIgniter\Session\Handlers\FileHandler' driver.
ERROR - 2026-05-09 13:58:59 --> mysqli_sql_exception: Unknown column 'user_id' in 'where clause' in C:\xampp\htdocs\kasirpos\system\Database\MySQLi\Connection.php:327
Stack trace:
#0 C:\xampp\htdocs\kasirpos\system\Database\MySQLi\Connection.php(327): mysqli->query('SELECT SUM(CASE...', 0)
#1 C:\xampp\htdocs\kasirpos\system\Database\BaseConnection.php(729): CodeIgniter\Database\MySQLi\Connection->execute('SELECT SUM(CASE...')
#2 C:\xampp\htdocs\kasirpos\system\Database\BaseConnection.php(646): CodeIgniter\Database\BaseConnection->simpleQuery('SELECT SUM(CASE...')
#3 C:\xampp\htdocs\kasirpos\system\Database\BaseBuilder.php(1649): CodeIgniter\Database\BaseConnection->query('SELECT SUM(CASE...', Array, false)
#4 C:\xampp\htdocs\kasirpos\app\Controllers\Kasir.php(32): CodeIgniter\Database\BaseBuilder->get()
#5 C:\xampp\htdocs\kasirpos\system\CodeIgniter.php(933): App\Controllers\Kasir->index()
#6 C:\xampp\htdocs\kasirpos\system\CodeIgniter.php(507): CodeIgniter\CodeIgniter->runController(Object(App\Controllers\Kasir))
#7 C:\xampp\htdocs\kasirpos\system\CodeIgniter.php(354): CodeIgniter\CodeIgniter->handleRequest(NULL, Object(Config\Cache), false)
#8 C:\xampp\htdocs\kasirpos\system\Boot.php(363): CodeIgniter\CodeIgniter->run()
#9 C:\xampp\htdocs\kasirpos\system\Boot.php(68): CodeIgniter\Boot::runCodeIgniter(Object(CodeIgniter\CodeIgniter))
#10 C:\xampp\htdocs\kasirpos\public\index.php(59): CodeIgniter\Boot::bootWeb(Object(Config\Paths))
#11 C:\xampp\htdocs\kasirpos\system\rewrite.php(44): require_once('C:\\xampp\\htdocs...')
#12 {main}
CRITICAL - 2026-05-09 13:58:59 --> CodeIgniter\Database\Exceptions\DatabaseException: Unknown column 'user_id' in 'where clause'
[Method: GET, Route: kasir/transaksi]
in SYSTEMPATH\Database\BaseConnection.php on line 684.
 1 SYSTEMPATH\Database\BaseBuilder.php(1649): CodeIgniter\Database\BaseConnection->query('SELECT SUM(CASE WHEN status = \'Lunas\' THEN total_bayar ELSE 0 END) as total_pendapatan,
            SUM(CASE WHEN status = \'Lunas\' AND metode_pembayaran = \'Tunai\' THEN total_bayar ELSE 0 END) as total_tunai,
            SUM(CASE WHEN status = \'Lunas\' AND metode_pembayaran = \'QRIS\' THEN total_bayar ELSE 0 END) as total_qris,
            SUM(CASE WHEN status = \'Lunas\' AND metode_pembayaran = \'Transfer\' THEN total_bayar ELSE 0 END) as total_transfer,
            SUM(CASE WHEN status = \'Lunas\' AND metode_pembayaran = \'EDC\' THEN total_bayar ELSE 0 END) as total_edc,
            COUNT(CASE WHEN status = \'Batal\' THEN 1 END) as jumlah_batal
FROM `transaksi`
WHERE `user_id` IS NULL', [], false)
 2 APPPATH\Controllers\Kasir.php(32): CodeIgniter\Database\BaseBuilder->get()
 3 SYSTEMPATH\CodeIgniter.php(933): App\Controllers\Kasir->index()
 4 SYSTEMPATH\CodeIgniter.php(507): CodeIgniter\CodeIgniter->runController(Object(App\Controllers\Kasir))
 5 SYSTEMPATH\CodeIgniter.php(354): CodeIgniter\CodeIgniter->handleRequest(null, Object(Config\Cache), false)
 6 SYSTEMPATH\Boot.php(363): CodeIgniter\CodeIgniter->run()
 7 SYSTEMPATH\Boot.php(68): CodeIgniter\Boot::runCodeIgniter(Object(CodeIgniter\CodeIgniter))
 8 FCPATH\index.php(59): CodeIgniter\Boot::bootWeb(Object(Config\Paths))
 9 SYSTEMPATH\rewrite.php(44): require_once('C:\\xampp\\htdocs\\kasirpos\\public\\index.php')
CRITICAL - 2026-05-09 13:58:59 --> [Caused by] CodeIgniter\Database\Exceptions\DatabaseException: Unknown column 'user_id' in 'where clause'
in SYSTEMPATH\Database\MySQLi\Connection.php on line 332.
 1 SYSTEMPATH\Database\BaseConnection.php(729): CodeIgniter\Database\MySQLi\Connection->execute('SELECT SUM(CASE WHEN status = \'Lunas\' THEN total_bayar ELSE 0 END) as total_pendapatan,
            SUM(CASE WHEN status = \'Lunas\' AND metode_pembayaran = \'Tunai\' THEN total_bayar ELSE 0 END) as total_tunai,
            SUM(CASE WHEN status = \'Lunas\' AND metode_pembayaran = \'QRIS\' THEN total_bayar ELSE 0 END) as total_qris,
            SUM(CASE WHEN status = \'Lunas\' AND metode_pembayaran = \'Transfer\' THEN total_bayar ELSE 0 END) as total_transfer,
            SUM(CASE WHEN status = \'Lunas\' AND metode_pembayaran = \'EDC\' THEN total_bayar ELSE 0 END) as total_edc,
            COUNT(CASE WHEN status = \'Batal\' THEN 1 END) as jumlah_batal
FROM `transaksi`
WHERE `user_id` IS NULL')
 2 SYSTEMPATH\Database\BaseConnection.php(646): CodeIgniter\Database\BaseConnection->simpleQuery('SELECT SUM(CASE WHEN status = \'Lunas\' THEN total_bayar ELSE 0 END) as total_pendapatan,
            SUM(CASE WHEN status = \'Lunas\' AND metode_pembayaran = \'Tunai\' THEN total_bayar ELSE 0 END) as total_tunai,
            SUM(CASE WHEN status = \'Lunas\' AND metode_pembayaran = \'QRIS\' THEN total_bayar ELSE 0 END) as total_qris,
            SUM(CASE WHEN status = \'Lunas\' AND metode_pembayaran = \'Transfer\' THEN total_bayar ELSE 0 END) as total_transfer,
            SUM(CASE WHEN status = \'Lunas\' AND metode_pembayaran = \'EDC\' THEN total_bayar ELSE 0 END) as total_edc,
            COUNT(CASE WHEN status = \'Batal\' THEN 1 END) as jumlah_batal
FROM `transaksi`
WHERE `user_id` IS NULL')
 3 SYSTEMPATH\Database\BaseBuilder.php(1649): CodeIgniter\Database\BaseConnection->query('SELECT SUM(CASE WHEN status = \'Lunas\' THEN total_bayar ELSE 0 END) as total_pendapatan,
            SUM(CASE WHEN status = \'Lunas\' AND metode_pembayaran = \'Tunai\' THEN total_bayar ELSE 0 END) as total_tunai,
            SUM(CASE WHEN status = \'Lunas\' AND metode_pembayaran = \'QRIS\' THEN total_bayar ELSE 0 END) as total_qris,
            SUM(CASE WHEN status = \'Lunas\' AND metode_pembayaran = \'Transfer\' THEN total_bayar ELSE 0 END) as total_transfer,
            SUM(CASE WHEN status = \'Lunas\' AND metode_pembayaran = \'EDC\' THEN total_bayar ELSE 0 END) as total_edc,
            COUNT(CASE WHEN status = \'Batal\' THEN 1 END) as jumlah_batal
FROM `transaksi`
WHERE `user_id` IS NULL', [], false)
 4 APPPATH\Controllers\Kasir.php(32): CodeIgniter\Database\BaseBuilder->get()
 5 SYSTEMPATH\CodeIgniter.php(933): App\Controllers\Kasir->index()
 6 SYSTEMPATH\CodeIgniter.php(507): CodeIgniter\CodeIgniter->runController(Object(App\Controllers\Kasir))
 7 SYSTEMPATH\CodeIgniter.php(354): CodeIgniter\CodeIgniter->handleRequest(null, Object(Config\Cache), false)
 8 SYSTEMPATH\Boot.php(363): CodeIgniter\CodeIgniter->run()
 9 SYSTEMPATH\Boot.php(68): CodeIgniter\Boot::runCodeIgniter(Object(CodeIgniter\CodeIgniter))
10 FCPATH\index.php(59): CodeIgniter\Boot::bootWeb(Object(Config\Paths))
11 SYSTEMPATH\rewrite.php(44): require_once('C:\\xampp\\htdocs\\kasirpos\\public\\index.php')
CRITICAL - 2026-05-09 13:58:59 --> [Caused by] mysqli_sql_exception: Unknown column 'user_id' in 'where clause'
in SYSTEMPATH\Database\MySQLi\Connection.php on line 327.
 1 SYSTEMPATH\Database\MySQLi\Connection.php(327): mysqli->query('SELECT SUM(CASE WHEN status = \'Lunas\' THEN total_bayar ELSE 0 END) as total_pendapatan,
            SUM(CASE WHEN status = \'Lunas\' AND metode_pembayaran = \'Tunai\' THEN total_bayar ELSE 0 END) as total_tunai,
            SUM(CASE WHEN status = \'Lunas\' AND metode_pembayaran = \'QRIS\' THEN total_bayar ELSE 0 END) as total_qris,
            SUM(CASE WHEN status = \'Lunas\' AND metode_pembayaran = \'Transfer\' THEN total_bayar ELSE 0 END) as total_transfer,
            SUM(CASE WHEN status = \'Lunas\' AND metode_pembayaran = \'EDC\' THEN total_bayar ELSE 0 END) as total_edc,
            COUNT(CASE WHEN status = \'Batal\' THEN 1 END) as jumlah_batal
FROM `transaksi`
WHERE `user_id` IS NULL', 0)
 2 SYSTEMPATH\Database\BaseConnection.php(729): CodeIgniter\Database\MySQLi\Connection->execute('SELECT SUM(CASE WHEN status = \'Lunas\' THEN total_bayar ELSE 0 END) as total_pendapatan,
            SUM(CASE WHEN status = \'Lunas\' AND metode_pembayaran = \'Tunai\' THEN total_bayar ELSE 0 END) as total_tunai,
            SUM(CASE WHEN status = \'Lunas\' AND metode_pembayaran = \'QRIS\' THEN total_bayar ELSE 0 END) as total_qris,
            SUM(CASE WHEN status = \'Lunas\' AND metode_pembayaran = \'Transfer\' THEN total_bayar ELSE 0 END) as total_transfer,
            SUM(CASE WHEN status = \'Lunas\' AND metode_pembayaran = \'EDC\' THEN total_bayar ELSE 0 END) as total_edc,
            COUNT(CASE WHEN status = \'Batal\' THEN 1 END) as jumlah_batal
FROM `transaksi`
WHERE `user_id` IS NULL')
 3 SYSTEMPATH\Database\BaseConnection.php(646): CodeIgniter\Database\BaseConnection->simpleQuery('SELECT SUM(CASE WHEN status = \'Lunas\' THEN total_bayar ELSE 0 END) as total_pendapatan,
            SUM(CASE WHEN status = \'Lunas\' AND metode_pembayaran = \'Tunai\' THEN total_bayar ELSE 0 END) as total_tunai,
            SUM(CASE WHEN status = \'Lunas\' AND metode_pembayaran = \'QRIS\' THEN total_bayar ELSE 0 END) as total_qris,
            SUM(CASE WHEN status = \'Lunas\' AND metode_pembayaran = \'Transfer\' THEN total_bayar ELSE 0 END) as total_transfer,
            SUM(CASE WHEN status = \'Lunas\' AND metode_pembayaran = \'EDC\' THEN total_bayar ELSE 0 END) as total_edc,
            COUNT(CASE WHEN status = \'Batal\' THEN 1 END) as jumlah_batal
FROM `transaksi`
WHERE `user_id` IS NULL')
 4 SYSTEMPATH\Database\BaseBuilder.php(1649): CodeIgniter\Database\BaseConnection->query('SELECT SUM(CASE WHEN status = \'Lunas\' THEN total_bayar ELSE 0 END) as total_pendapatan,
            SUM(CASE WHEN status = \'Lunas\' AND metode_pembayaran = \'Tunai\' THEN total_bayar ELSE 0 END) as total_tunai,
            SUM(CASE WHEN status = \'Lunas\' AND metode_pembayaran = \'QRIS\' THEN total_bayar ELSE 0 END) as total_qris,
            SUM(CASE WHEN status = \'Lunas\' AND metode_pembayaran = \'Transfer\' THEN total_bayar ELSE 0 END) as total_transfer,
            SUM(CASE WHEN status = \'Lunas\' AND metode_pembayaran = \'EDC\' THEN total_bayar ELSE 0 END) as total_edc,
            COUNT(CASE WHEN status = \'Batal\' THEN 1 END) as jumlah_batal
FROM `transaksi`
WHERE `user_id` IS NULL', [], false)
 5 APPPATH\Controllers\Kasir.php(32): CodeIgniter\Database\BaseBuilder->get()
 6 SYSTEMPATH\CodeIgniter.php(933): App\Controllers\Kasir->index()
 7 SYSTEMPATH\CodeIgniter.php(507): CodeIgniter\CodeIgniter->runController(Object(App\Controllers\Kasir))
 8 SYSTEMPATH\CodeIgniter.php(354): CodeIgniter\CodeIgniter->handleRequest(null, Object(Config\Cache), false)
 9 SYSTEMPATH\Boot.php(363): CodeIgniter\CodeIgniter->run()
10 SYSTEMPATH\Boot.php(68): CodeIgniter\Boot::runCodeIgniter(Object(CodeIgniter\CodeIgniter))
11 FCPATH\index.php(59): CodeIgniter\Boot::bootWeb(Object(Config\Paths))
12 SYSTEMPATH\rewrite.php(44): require_once('C:\\xampp\\htdocs\\kasirpos\\public\\index.php')
DEBUG - 2026-05-09 06:59:02 --> Session: Class initialized using 'CodeIgniter\Session\Handlers\FileHandler' driver.
ERROR - 2026-05-09 13:59:02 --> mysqli_sql_exception: Unknown column 'user_id' in 'where clause' in C:\xampp\htdocs\kasirpos\system\Database\MySQLi\Connection.php:327
Stack trace:
#0 C:\xampp\htdocs\kasirpos\system\Database\MySQLi\Connection.php(327): mysqli->query('SELECT SUM(CASE...', 0)
#1 C:\xampp\htdocs\kasirpos\system\Database\BaseConnection.php(729): CodeIgniter\Database\MySQLi\Connection->execute('SELECT SUM(CASE...')
#2 C:\xampp\htdocs\kasirpos\system\Database\BaseConnection.php(646): CodeIgniter\Database\BaseConnection->simpleQuery('SELECT SUM(CASE...')
#3 C:\xampp\htdocs\kasirpos\system\Database\BaseBuilder.php(1649): CodeIgniter\Database\BaseConnection->query('SELECT SUM(CASE...', Array, false)
#4 C:\xampp\htdocs\kasirpos\app\Controllers\Kasir.php(32): CodeIgniter\Database\BaseBuilder->get()
#5 C:\xampp\htdocs\kasirpos\system\CodeIgniter.php(933): App\Controllers\Kasir->index()
#6 C:\xampp\htdocs\kasirpos\system\CodeIgniter.php(507): CodeIgniter\CodeIgniter->runController(Object(App\Controllers\Kasir))
#7 C:\xampp\htdocs\kasirpos\system\CodeIgniter.php(354): CodeIgniter\CodeIgniter->handleRequest(NULL, Object(Config\Cache), false)
#8 C:\xampp\htdocs\kasirpos\system\Boot.php(363): CodeIgniter\CodeIgniter->run()
#9 C:\xampp\htdocs\kasirpos\system\Boot.php(68): CodeIgniter\Boot::runCodeIgniter(Object(CodeIgniter\CodeIgniter))
#10 C:\xampp\htdocs\kasirpos\public\index.php(59): CodeIgniter\Boot::bootWeb(Object(Config\Paths))
#11 C:\xampp\htdocs\kasirpos\system\rewrite.php(44): require_once('C:\\xampp\\htdocs...')
#12 {main}
CRITICAL - 2026-05-09 13:59:02 --> CodeIgniter\Database\Exceptions\DatabaseException: Unknown column 'user_id' in 'where clause'
[Method: GET, Route: kasir/transaksi]
in SYSTEMPATH\Database\BaseConnection.php on line 684.
 1 SYSTEMPATH\Database\BaseBuilder.php(1649): CodeIgniter\Database\BaseConnection->query('SELECT SUM(CASE WHEN status = \'Lunas\' THEN total_bayar ELSE 0 END) as total_pendapatan,
            SUM(CASE WHEN status = \'Lunas\' AND metode_pembayaran = \'Tunai\' THEN total_bayar ELSE 0 END) as total_tunai,
            SUM(CASE WHEN status = \'Lunas\' AND metode_pembayaran = \'QRIS\' THEN total_bayar ELSE 0 END) as total_qris,
            SUM(CASE WHEN status = \'Lunas\' AND metode_pembayaran = \'Transfer\' THEN total_bayar ELSE 0 END) as total_transfer,
            SUM(CASE WHEN status = \'Lunas\' AND metode_pembayaran = \'EDC\' THEN total_bayar ELSE 0 END) as total_edc,
            COUNT(CASE WHEN status = \'Batal\' THEN 1 END) as jumlah_batal
FROM `transaksi`
WHERE `user_id` IS NULL', [], false)
 2 APPPATH\Controllers\Kasir.php(32): CodeIgniter\Database\BaseBuilder->get()
 3 SYSTEMPATH\CodeIgniter.php(933): App\Controllers\Kasir->index()
 4 SYSTEMPATH\CodeIgniter.php(507): CodeIgniter\CodeIgniter->runController(Object(App\Controllers\Kasir))
 5 SYSTEMPATH\CodeIgniter.php(354): CodeIgniter\CodeIgniter->handleRequest(null, Object(Config\Cache), false)
 6 SYSTEMPATH\Boot.php(363): CodeIgniter\CodeIgniter->run()
 7 SYSTEMPATH\Boot.php(68): CodeIgniter\Boot::runCodeIgniter(Object(CodeIgniter\CodeIgniter))
 8 FCPATH\index.php(59): CodeIgniter\Boot::bootWeb(Object(Config\Paths))
 9 SYSTEMPATH\rewrite.php(44): require_once('C:\\xampp\\htdocs\\kasirpos\\public\\index.php')
CRITICAL - 2026-05-09 13:59:02 --> [Caused by] CodeIgniter\Database\Exceptions\DatabaseException: Unknown column 'user_id' in 'where clause'
in SYSTEMPATH\Database\MySQLi\Connection.php on line 332.
 1 SYSTEMPATH\Database\BaseConnection.php(729): CodeIgniter\Database\MySQLi\Connection->execute('SELECT SUM(CASE WHEN status = \'Lunas\' THEN total_bayar ELSE 0 END) as total_pendapatan,
            SUM(CASE WHEN status = \'Lunas\' AND metode_pembayaran = \'Tunai\' THEN total_bayar ELSE 0 END) as total_tunai,
            SUM(CASE WHEN status = \'Lunas\' AND metode_pembayaran = \'QRIS\' THEN total_bayar ELSE 0 END) as total_qris,
            SUM(CASE WHEN status = \'Lunas\' AND metode_pembayaran = \'Transfer\' THEN total_bayar ELSE 0 END) as total_transfer,
            SUM(CASE WHEN status = \'Lunas\' AND metode_pembayaran = \'EDC\' THEN total_bayar ELSE 0 END) as total_edc,
            COUNT(CASE WHEN status = \'Batal\' THEN 1 END) as jumlah_batal
FROM `transaksi`
WHERE `user_id` IS NULL')
 2 SYSTEMPATH\Database\BaseConnection.php(646): CodeIgniter\Database\BaseConnection->simpleQuery('SELECT SUM(CASE WHEN status = \'Lunas\' THEN total_bayar ELSE 0 END) as total_pendapatan,
            SUM(CASE WHEN status = \'Lunas\' AND metode_pembayaran = \'Tunai\' THEN total_bayar ELSE 0 END) as total_tunai,
            SUM(CASE WHEN status = \'Lunas\' AND metode_pembayaran = \'QRIS\' THEN total_bayar ELSE 0 END) as total_qris,
            SUM(CASE WHEN status = \'Lunas\' AND metode_pembayaran = \'Transfer\' THEN total_bayar ELSE 0 END) as total_transfer,
            SUM(CASE WHEN status = \'Lunas\' AND metode_pembayaran = \'EDC\' THEN total_bayar ELSE 0 END) as total_edc,
            COUNT(CASE WHEN status = \'Batal\' THEN 1 END) as jumlah_batal
FROM `transaksi`
WHERE `user_id` IS NULL')
 3 SYSTEMPATH\Database\BaseBuilder.php(1649): CodeIgniter\Database\BaseConnection->query('SELECT SUM(CASE WHEN status = \'Lunas\' THEN total_bayar ELSE 0 END) as total_pendapatan,
            SUM(CASE WHEN status = \'Lunas\' AND metode_pembayaran = \'Tunai\' THEN total_bayar ELSE 0 END) as total_tunai,
            SUM(CASE WHEN status = \'Lunas\' AND metode_pembayaran = \'QRIS\' THEN total_bayar ELSE 0 END) as total_qris,
            SUM(CASE WHEN status = \'Lunas\' AND metode_pembayaran = \'Transfer\' THEN total_bayar ELSE 0 END) as total_transfer,
            SUM(CASE WHEN status = \'Lunas\' AND metode_pembayaran = \'EDC\' THEN total_bayar ELSE 0 END) as total_edc,
            COUNT(CASE WHEN status = \'Batal\' THEN 1 END) as jumlah_batal
FROM `transaksi`
WHERE `user_id` IS NULL', [], false)
 4 APPPATH\Controllers\Kasir.php(32): CodeIgniter\Database\BaseBuilder->get()
 5 SYSTEMPATH\CodeIgniter.php(933): App\Controllers\Kasir->index()
 6 SYSTEMPATH\CodeIgniter.php(507): CodeIgniter\CodeIgniter->runController(Object(App\Controllers\Kasir))
 7 SYSTEMPATH\CodeIgniter.php(354): CodeIgniter\CodeIgniter->handleRequest(null, Object(Config\Cache), false)
 8 SYSTEMPATH\Boot.php(363): CodeIgniter\CodeIgniter->run()
 9 SYSTEMPATH\Boot.php(68): CodeIgniter\Boot::runCodeIgniter(Object(CodeIgniter\CodeIgniter))
10 FCPATH\index.php(59): CodeIgniter\Boot::bootWeb(Object(Config\Paths))
11 SYSTEMPATH\rewrite.php(44): require_once('C:\\xampp\\htdocs\\kasirpos\\public\\index.php')
CRITICAL - 2026-05-09 13:59:02 --> [Caused by] mysqli_sql_exception: Unknown column 'user_id' in 'where clause'
in SYSTEMPATH\Database\MySQLi\Connection.php on line 327.
 1 SYSTEMPATH\Database\MySQLi\Connection.php(327): mysqli->query('SELECT SUM(CASE WHEN status = \'Lunas\' THEN total_bayar ELSE 0 END) as total_pendapatan,
            SUM(CASE WHEN status = \'Lunas\' AND metode_pembayaran = \'Tunai\' THEN total_bayar ELSE 0 END) as total_tunai,
            SUM(CASE WHEN status = \'Lunas\' AND metode_pembayaran = \'QRIS\' THEN total_bayar ELSE 0 END) as total_qris,
            SUM(CASE WHEN status = \'Lunas\' AND metode_pembayaran = \'Transfer\' THEN total_bayar ELSE 0 END) as total_transfer,
            SUM(CASE WHEN status = \'Lunas\' AND metode_pembayaran = \'EDC\' THEN total_bayar ELSE 0 END) as total_edc,
            COUNT(CASE WHEN status = \'Batal\' THEN 1 END) as jumlah_batal
FROM `transaksi`
WHERE `user_id` IS NULL', 0)
 2 SYSTEMPATH\Database\BaseConnection.php(729): CodeIgniter\Database\MySQLi\Connection->execute('SELECT SUM(CASE WHEN status = \'Lunas\' THEN total_bayar ELSE 0 END) as total_pendapatan,
            SUM(CASE WHEN status = \'Lunas\' AND metode_pembayaran = \'Tunai\' THEN total_bayar ELSE 0 END) as total_tunai,
            SUM(CASE WHEN status = \'Lunas\' AND metode_pembayaran = \'QRIS\' THEN total_bayar ELSE 0 END) as total_qris,
            SUM(CASE WHEN status = \'Lunas\' AND metode_pembayaran = \'Transfer\' THEN total_bayar ELSE 0 END) as total_transfer,
            SUM(CASE WHEN status = \'Lunas\' AND metode_pembayaran = \'EDC\' THEN total_bayar ELSE 0 END) as total_edc,
            COUNT(CASE WHEN status = \'Batal\' THEN 1 END) as jumlah_batal
FROM `transaksi`
WHERE `user_id` IS NULL')
 3 SYSTEMPATH\Database\BaseConnection.php(646): CodeIgniter\Database\BaseConnection->simpleQuery('SELECT SUM(CASE WHEN status = \'Lunas\' THEN total_bayar ELSE 0 END) as total_pendapatan,
            SUM(CASE WHEN status = \'Lunas\' AND metode_pembayaran = \'Tunai\' THEN total_bayar ELSE 0 END) as total_tunai,
            SUM(CASE WHEN status = \'Lunas\' AND metode_pembayaran = \'QRIS\' THEN total_bayar ELSE 0 END) as total_qris,
            SUM(CASE WHEN status = \'Lunas\' AND metode_pembayaran = \'Transfer\' THEN total_bayar ELSE 0 END) as total_transfer,
            SUM(CASE WHEN status = \'Lunas\' AND metode_pembayaran = \'EDC\' THEN total_bayar ELSE 0 END) as total_edc,
            COUNT(CASE WHEN status = \'Batal\' THEN 1 END) as jumlah_batal
FROM `transaksi`
WHERE `user_id` IS NULL')
 4 SYSTEMPATH\Database\BaseBuilder.php(1649): CodeIgniter\Database\BaseConnection->query('SELECT SUM(CASE WHEN status = \'Lunas\' THEN total_bayar ELSE 0 END) as total_pendapatan,
            SUM(CASE WHEN status = \'Lunas\' AND metode_pembayaran = \'Tunai\' THEN total_bayar ELSE 0 END) as total_tunai,
            SUM(CASE WHEN status = \'Lunas\' AND metode_pembayaran = \'QRIS\' THEN total_bayar ELSE 0 END) as total_qris,
            SUM(CASE WHEN status = \'Lunas\' AND metode_pembayaran = \'Transfer\' THEN total_bayar ELSE 0 END) as total_transfer,
            SUM(CASE WHEN status = \'Lunas\' AND metode_pembayaran = \'EDC\' THEN total_bayar ELSE 0 END) as total_edc,
            COUNT(CASE WHEN status = \'Batal\' THEN 1 END) as jumlah_batal
FROM `transaksi`
WHERE `user_id` IS NULL', [], false)
 5 APPPATH\Controllers\Kasir.php(32): CodeIgniter\Database\BaseBuilder->get()
 6 SYSTEMPATH\CodeIgniter.php(933): App\Controllers\Kasir->index()
 7 SYSTEMPATH\CodeIgniter.php(507): CodeIgniter\CodeIgniter->runController(Object(App\Controllers\Kasir))
 8 SYSTEMPATH\CodeIgniter.php(354): CodeIgniter\CodeIgniter->handleRequest(null, Object(Config\Cache), false)
 9 SYSTEMPATH\Boot.php(363): CodeIgniter\CodeIgniter->run()
10 SYSTEMPATH\Boot.php(68): CodeIgniter\Boot::runCodeIgniter(Object(CodeIgniter\CodeIgniter))
11 FCPATH\index.php(59): CodeIgniter\Boot::bootWeb(Object(Config\Paths))
12 SYSTEMPATH\rewrite.php(44): require_once('C:\\xampp\\htdocs\\kasirpos\\public\\index.php')
DEBUG - 2026-05-09 06:59:07 --> Session: Class initialized using 'CodeIgniter\Session\Handlers\FileHandler' driver.
DEBUG - 2026-05-09 07:15:27 --> Session: Class initialized using 'CodeIgniter\Session\Handlers\FileHandler' driver.
DEBUG - 2026-05-09 07:16:47 --> Session: Class initialized using 'CodeIgniter\Session\Handlers\FileHandler' driver.
DEBUG - 2026-05-09 07:18:02 --> Session: Class initialized using 'CodeIgniter\Session\Handlers\FileHandler' driver.
CRITICAL - 2026-05-09 14:18:02 --> ErrorException: Undefined variable $userId
[Method: GET, Route: kasir/transaksi]
in APPPATH\Controllers\Kasir.php on line 31.
 1 APPPATH\Controllers\Kasir.php(31): CodeIgniter\Debug\Exceptions->errorHandler(2, 'Undefined variable $userId', 'C:\\xampp\\htdocs\\kasirpos\\app\\Controllers\\Kasir.php', 31)
 2 SYSTEMPATH\CodeIgniter.php(933): App\Controllers\Kasir->index()
 3 SYSTEMPATH\CodeIgniter.php(507): CodeIgniter\CodeIgniter->runController(Object(App\Controllers\Kasir))
 4 SYSTEMPATH\CodeIgniter.php(354): CodeIgniter\CodeIgniter->handleRequest(null, Object(Config\Cache), false)
 5 SYSTEMPATH\Boot.php(363): CodeIgniter\CodeIgniter->run()
 6 SYSTEMPATH\Boot.php(68): CodeIgniter\Boot::runCodeIgniter(Object(CodeIgniter\CodeIgniter))
 7 FCPATH\index.php(59): CodeIgniter\Boot::bootWeb(Object(Config\Paths))
 8 SYSTEMPATH\rewrite.php(44): require_once('C:\\xampp\\htdocs\\kasirpos\\public\\index.php')
DEBUG - 2026-05-09 07:19:03 --> Session: Class initialized using 'CodeIgniter\Session\Handlers\FileHandler' driver.
ERROR - 2026-05-09 14:19:03 --> mysqli_sql_exception: Unknown column 'id_user' in 'where clause' in C:\xampp\htdocs\kasirpos\system\Database\MySQLi\Connection.php:327
Stack trace:
#0 C:\xampp\htdocs\kasirpos\system\Database\MySQLi\Connection.php(327): mysqli->query('SELECT SUM(CASE...', 0)
#1 C:\xampp\htdocs\kasirpos\system\Database\BaseConnection.php(729): CodeIgniter\Database\MySQLi\Connection->execute('SELECT SUM(CASE...')
#2 C:\xampp\htdocs\kasirpos\system\Database\BaseConnection.php(646): CodeIgniter\Database\BaseConnection->simpleQuery('SELECT SUM(CASE...')
#3 C:\xampp\htdocs\kasirpos\system\Database\BaseBuilder.php(1649): CodeIgniter\Database\BaseConnection->query('SELECT SUM(CASE...', Array, false)
#4 C:\xampp\htdocs\kasirpos\app\Controllers\Kasir.php(40): CodeIgniter\Database\BaseBuilder->get()
#5 C:\xampp\htdocs\kasirpos\system\CodeIgniter.php(933): App\Controllers\Kasir->index()
#6 C:\xampp\htdocs\kasirpos\system\CodeIgniter.php(507): CodeIgniter\CodeIgniter->runController(Object(App\Controllers\Kasir))
#7 C:\xampp\htdocs\kasirpos\system\CodeIgniter.php(354): CodeIgniter\CodeIgniter->handleRequest(NULL, Object(Config\Cache), false)
#8 C:\xampp\htdocs\kasirpos\system\Boot.php(363): CodeIgniter\CodeIgniter->run()
#9 C:\xampp\htdocs\kasirpos\system\Boot.php(68): CodeIgniter\Boot::runCodeIgniter(Object(CodeIgniter\CodeIgniter))
#10 C:\xampp\htdocs\kasirpos\public\index.php(59): CodeIgniter\Boot::bootWeb(Object(Config\Paths))
#11 C:\xampp\htdocs\kasirpos\system\rewrite.php(44): require_once('C:\\xampp\\htdocs...')
#12 {main}
CRITICAL - 2026-05-09 14:19:03 --> CodeIgniter\Database\Exceptions\DatabaseException: Unknown column 'id_user' in 'where clause'
[Method: GET, Route: kasir/transaksi]
in SYSTEMPATH\Database\BaseConnection.php on line 684.
 1 SYSTEMPATH\Database\BaseBuilder.php(1649): CodeIgniter\Database\BaseConnection->query('SELECT SUM(CASE WHEN status = \'Lunas\' THEN total_bayar ELSE 0 END) as total_pendapatan,
        SUM(CASE WHEN status = \'Lunas\' AND metode_pembayaran = \'Tunai\' THEN total_bayar ELSE 0 END) as total_tunai,
        SUM(CASE WHEN status = \'Lunas\' AND metode_pembayaran = \'QRIS\' THEN total_bayar ELSE 0 END) as total_qris,
        SUM(CASE WHEN status = \'Lunas\' AND metode_pembayaran = \'Transfer\' THEN total_bayar ELSE 0 END) as total_transfer,
        SUM(CASE WHEN status = \'Lunas\' AND metode_pembayaran = \'EDC\' THEN total_bayar ELSE 0 END) as total_edc,
        COUNT(CASE WHEN status = \'Batal\' THEN 1 END) as jumlah_batal
FROM `transaksi`
WHERE `id_user` = :id_user:
AND DATE(created_at) = :DATE(created_at):', [...], false)
 2 APPPATH\Controllers\Kasir.php(40): CodeIgniter\Database\BaseBuilder->get()
 3 SYSTEMPATH\CodeIgniter.php(933): App\Controllers\Kasir->index()
 4 SYSTEMPATH\CodeIgniter.php(507): CodeIgniter\CodeIgniter->runController(Object(App\Controllers\Kasir))
 5 SYSTEMPATH\CodeIgniter.php(354): CodeIgniter\CodeIgniter->handleRequest(null, Object(Config\Cache), false)
 6 SYSTEMPATH\Boot.php(363): CodeIgniter\CodeIgniter->run()
 7 SYSTEMPATH\Boot.php(68): CodeIgniter\Boot::runCodeIgniter(Object(CodeIgniter\CodeIgniter))
 8 FCPATH\index.php(59): CodeIgniter\Boot::bootWeb(Object(Config\Paths))
 9 SYSTEMPATH\rewrite.php(44): require_once('C:\\xampp\\htdocs\\kasirpos\\public\\index.php')
CRITICAL - 2026-05-09 14:19:03 --> [Caused by] CodeIgniter\Database\Exceptions\DatabaseException: Unknown column 'id_user' in 'where clause'
in SYSTEMPATH\Database\MySQLi\Connection.php on line 332.
 1 SYSTEMPATH\Database\BaseConnection.php(729): CodeIgniter\Database\MySQLi\Connection->execute('SELECT SUM(CASE WHEN status = \'Lunas\' THEN total_bayar ELSE 0 END) as total_pendapatan,
        SUM(CASE WHEN status = \'Lunas\' AND metode_pembayaran = \'Tunai\' THEN total_bayar ELSE 0 END) as total_tunai,
        SUM(CASE WHEN status = \'Lunas\' AND metode_pembayaran = \'QRIS\' THEN total_bayar ELSE 0 END) as total_qris,
        SUM(CASE WHEN status = \'Lunas\' AND metode_pembayaran = \'Transfer\' THEN total_bayar ELSE 0 END) as total_transfer,
        SUM(CASE WHEN status = \'Lunas\' AND metode_pembayaran = \'EDC\' THEN total_bayar ELSE 0 END) as total_edc,
        COUNT(CASE WHEN status = \'Batal\' THEN 1 END) as jumlah_batal
FROM `transaksi`
WHERE `id_user` = \'2\'
AND DATE(created_at) = \'2026-05-09\'')
 2 SYSTEMPATH\Database\BaseConnection.php(646): CodeIgniter\Database\BaseConnection->simpleQuery('SELECT SUM(CASE WHEN status = \'Lunas\' THEN total_bayar ELSE 0 END) as total_pendapatan,
        SUM(CASE WHEN status = \'Lunas\' AND metode_pembayaran = \'Tunai\' THEN total_bayar ELSE 0 END) as total_tunai,
        SUM(CASE WHEN status = \'Lunas\' AND metode_pembayaran = \'QRIS\' THEN total_bayar ELSE 0 END) as total_qris,
        SUM(CASE WHEN status = \'Lunas\' AND metode_pembayaran = \'Transfer\' THEN total_bayar ELSE 0 END) as total_transfer,
        SUM(CASE WHEN status = \'Lunas\' AND metode_pembayaran = \'EDC\' THEN total_bayar ELSE 0 END) as total_edc,
        COUNT(CASE WHEN status = \'Batal\' THEN 1 END) as jumlah_batal
FROM `transaksi`
WHERE `id_user` = \'2\'
AND DATE(created_at) = \'2026-05-09\'')
 3 SYSTEMPATH\Database\BaseBuilder.php(1649): CodeIgniter\Database\BaseConnection->query('SELECT SUM(CASE WHEN status = \'Lunas\' THEN total_bayar ELSE 0 END) as total_pendapatan,
        SUM(CASE WHEN status = \'Lunas\' AND metode_pembayaran = \'Tunai\' THEN total_bayar ELSE 0 END) as total_tunai,
        SUM(CASE WHEN status = \'Lunas\' AND metode_pembayaran = \'QRIS\' THEN total_bayar ELSE 0 END) as total_qris,
        SUM(CASE WHEN status = \'Lunas\' AND metode_pembayaran = \'Transfer\' THEN total_bayar ELSE 0 END) as total_transfer,
        SUM(CASE WHEN status = \'Lunas\' AND metode_pembayaran = \'EDC\' THEN total_bayar ELSE 0 END) as total_edc,
        COUNT(CASE WHEN status = \'Batal\' THEN 1 END) as jumlah_batal
FROM `transaksi`
WHERE `id_user` = :id_user:
AND DATE(created_at) = :DATE(created_at):', [...], false)
 4 APPPATH\Controllers\Kasir.php(40): CodeIgniter\Database\BaseBuilder->get()
 5 SYSTEMPATH\CodeIgniter.php(933): App\Controllers\Kasir->index()
 6 SYSTEMPATH\CodeIgniter.php(507): CodeIgniter\CodeIgniter->runController(Object(App\Controllers\Kasir))
 7 SYSTEMPATH\CodeIgniter.php(354): CodeIgniter\CodeIgniter->handleRequest(null, Object(Config\Cache), false)
 8 SYSTEMPATH\Boot.php(363): CodeIgniter\CodeIgniter->run()
 9 SYSTEMPATH\Boot.php(68): CodeIgniter\Boot::runCodeIgniter(Object(CodeIgniter\CodeIgniter))
10 FCPATH\index.php(59): CodeIgniter\Boot::bootWeb(Object(Config\Paths))
11 SYSTEMPATH\rewrite.php(44): require_once('C:\\xampp\\htdocs\\kasirpos\\public\\index.php')
CRITICAL - 2026-05-09 14:19:03 --> [Caused by] mysqli_sql_exception: Unknown column 'id_user' in 'where clause'
in SYSTEMPATH\Database\MySQLi\Connection.php on line 327.
 1 SYSTEMPATH\Database\MySQLi\Connection.php(327): mysqli->query('SELECT SUM(CASE WHEN status = \'Lunas\' THEN total_bayar ELSE 0 END) as total_pendapatan,
        SUM(CASE WHEN status = \'Lunas\' AND metode_pembayaran = \'Tunai\' THEN total_bayar ELSE 0 END) as total_tunai,
        SUM(CASE WHEN status = \'Lunas\' AND metode_pembayaran = \'QRIS\' THEN total_bayar ELSE 0 END) as total_qris,
        SUM(CASE WHEN status = \'Lunas\' AND metode_pembayaran = \'Transfer\' THEN total_bayar ELSE 0 END) as total_transfer,
        SUM(CASE WHEN status = \'Lunas\' AND metode_pembayaran = \'EDC\' THEN total_bayar ELSE 0 END) as total_edc,
        COUNT(CASE WHEN status = \'Batal\' THEN 1 END) as jumlah_batal
FROM `transaksi`
WHERE `id_user` = \'2\'
AND DATE(created_at) = \'2026-05-09\'', 0)
 2 SYSTEMPATH\Database\BaseConnection.php(729): CodeIgniter\Database\MySQLi\Connection->execute('SELECT SUM(CASE WHEN status = \'Lunas\' THEN total_bayar ELSE 0 END) as total_pendapatan,
        SUM(CASE WHEN status = \'Lunas\' AND metode_pembayaran = \'Tunai\' THEN total_bayar ELSE 0 END) as total_tunai,
        SUM(CASE WHEN status = \'Lunas\' AND metode_pembayaran = \'QRIS\' THEN total_bayar ELSE 0 END) as total_qris,
        SUM(CASE WHEN status = \'Lunas\' AND metode_pembayaran = \'Transfer\' THEN total_bayar ELSE 0 END) as total_transfer,
        SUM(CASE WHEN status = \'Lunas\' AND metode_pembayaran = \'EDC\' THEN total_bayar ELSE 0 END) as total_edc,
        COUNT(CASE WHEN status = \'Batal\' THEN 1 END) as jumlah_batal
FROM `transaksi`
WHERE `id_user` = \'2\'
AND DATE(created_at) = \'2026-05-09\'')
 3 SYSTEMPATH\Database\BaseConnection.php(646): CodeIgniter\Database\BaseConnection->simpleQuery('SELECT SUM(CASE WHEN status = \'Lunas\' THEN total_bayar ELSE 0 END) as total_pendapatan,
        SUM(CASE WHEN status = \'Lunas\' AND metode_pembayaran = \'Tunai\' THEN total_bayar ELSE 0 END) as total_tunai,
        SUM(CASE WHEN status = \'Lunas\' AND metode_pembayaran = \'QRIS\' THEN total_bayar ELSE 0 END) as total_qris,
        SUM(CASE WHEN status = \'Lunas\' AND metode_pembayaran = \'Transfer\' THEN total_bayar ELSE 0 END) as total_transfer,
        SUM(CASE WHEN status = \'Lunas\' AND metode_pembayaran = \'EDC\' THEN total_bayar ELSE 0 END) as total_edc,
        COUNT(CASE WHEN status = \'Batal\' THEN 1 END) as jumlah_batal
FROM `transaksi`
WHERE `id_user` = \'2\'
AND DATE(created_at) = \'2026-05-09\'')
 4 SYSTEMPATH\Database\BaseBuilder.php(1649): CodeIgniter\Database\BaseConnection->query('SELECT SUM(CASE WHEN status = \'Lunas\' THEN total_bayar ELSE 0 END) as total_pendapatan,
        SUM(CASE WHEN status = \'Lunas\' AND metode_pembayaran = \'Tunai\' THEN total_bayar ELSE 0 END) as total_tunai,
        SUM(CASE WHEN status = \'Lunas\' AND metode_pembayaran = \'QRIS\' THEN total_bayar ELSE 0 END) as total_qris,
        SUM(CASE WHEN status = \'Lunas\' AND metode_pembayaran = \'Transfer\' THEN total_bayar ELSE 0 END) as total_transfer,
        SUM(CASE WHEN status = \'Lunas\' AND metode_pembayaran = \'EDC\' THEN total_bayar ELSE 0 END) as total_edc,
        COUNT(CASE WHEN status = \'Batal\' THEN 1 END) as jumlah_batal
FROM `transaksi`
WHERE `id_user` = :id_user:
AND DATE(created_at) = :DATE(created_at):', [...], false)
 5 APPPATH\Controllers\Kasir.php(40): CodeIgniter\Database\BaseBuilder->get()
 6 SYSTEMPATH\CodeIgniter.php(933): App\Controllers\Kasir->index()
 7 SYSTEMPATH\CodeIgniter.php(507): CodeIgniter\CodeIgniter->runController(Object(App\Controllers\Kasir))
 8 SYSTEMPATH\CodeIgniter.php(354): CodeIgniter\CodeIgniter->handleRequest(null, Object(Config\Cache), false)
 9 SYSTEMPATH\Boot.php(363): CodeIgniter\CodeIgniter->run()
10 SYSTEMPATH\Boot.php(68): CodeIgniter\Boot::runCodeIgniter(Object(CodeIgniter\CodeIgniter))
11 FCPATH\index.php(59): CodeIgniter\Boot::bootWeb(Object(Config\Paths))
12 SYSTEMPATH\rewrite.php(44): require_once('C:\\xampp\\htdocs\\kasirpos\\public\\index.php')
DEBUG - 2026-05-09 07:20:32 --> Session: Class initialized using 'CodeIgniter\Session\Handlers\FileHandler' driver.
ERROR - 2026-05-09 14:20:32 --> mysqli_sql_exception: Unknown column 'transaksi.id_user' in 'where clause' in C:\xampp\htdocs\kasirpos\system\Database\MySQLi\Connection.php:327
Stack trace:
#0 C:\xampp\htdocs\kasirpos\system\Database\MySQLi\Connection.php(327): mysqli->query('SELECT SUM(CASE...', 0)
#1 C:\xampp\htdocs\kasirpos\system\Database\BaseConnection.php(729): CodeIgniter\Database\MySQLi\Connection->execute('SELECT SUM(CASE...')
#2 C:\xampp\htdocs\kasirpos\system\Database\BaseConnection.php(646): CodeIgniter\Database\BaseConnection->simpleQuery('SELECT SUM(CASE...')
#3 C:\xampp\htdocs\kasirpos\system\Database\BaseBuilder.php(1649): CodeIgniter\Database\BaseConnection->query('SELECT SUM(CASE...', Array, false)
#4 C:\xampp\htdocs\kasirpos\app\Controllers\Kasir.php(40): CodeIgniter\Database\BaseBuilder->get()
#5 C:\xampp\htdocs\kasirpos\system\CodeIgniter.php(933): App\Controllers\Kasir->index()
#6 C:\xampp\htdocs\kasirpos\system\CodeIgniter.php(507): CodeIgniter\CodeIgniter->runController(Object(App\Controllers\Kasir))
#7 C:\xampp\htdocs\kasirpos\system\CodeIgniter.php(354): CodeIgniter\CodeIgniter->handleRequest(NULL, Object(Config\Cache), false)
#8 C:\xampp\htdocs\kasirpos\system\Boot.php(363): CodeIgniter\CodeIgniter->run()
#9 C:\xampp\htdocs\kasirpos\system\Boot.php(68): CodeIgniter\Boot::runCodeIgniter(Object(CodeIgniter\CodeIgniter))
#10 C:\xampp\htdocs\kasirpos\public\index.php(59): CodeIgniter\Boot::bootWeb(Object(Config\Paths))
#11 C:\xampp\htdocs\kasirpos\system\rewrite.php(44): require_once('C:\\xampp\\htdocs...')
#12 {main}
CRITICAL - 2026-05-09 14:20:32 --> CodeIgniter\Database\Exceptions\DatabaseException: Unknown column 'transaksi.id_user' in 'where clause'
[Method: GET, Route: kasir/transaksi]
in SYSTEMPATH\Database\BaseConnection.php on line 684.
 1 SYSTEMPATH\Database\BaseBuilder.php(1649): CodeIgniter\Database\BaseConnection->query('SELECT SUM(CASE WHEN status = \'Lunas\' THEN total_bayar ELSE 0 END) as total_pendapatan,
        SUM(CASE WHEN status = \'Lunas\' AND metode_pembayaran = \'Tunai\' THEN total_bayar ELSE 0 END) as total_tunai,
        SUM(CASE WHEN status = \'Lunas\' AND metode_pembayaran = \'QRIS\' THEN total_bayar ELSE 0 END) as total_qris,
        SUM(CASE WHEN status = \'Lunas\' AND metode_pembayaran = \'Transfer\' THEN total_bayar ELSE 0 END) as total_transfer,
        SUM(CASE WHEN status = \'Lunas\' AND metode_pembayaran = \'EDC\' THEN total_bayar ELSE 0 END) as total_edc,
        COUNT(CASE WHEN status = \'Batal\' THEN 1 END) as jumlah_batal
FROM `transaksi`
WHERE `transaksi`.`id_user` = :transaksi.id_user:
AND DATE(created_at) = :DATE(created_at):', [...], false)
 2 APPPATH\Controllers\Kasir.php(40): CodeIgniter\Database\BaseBuilder->get()
 3 SYSTEMPATH\CodeIgniter.php(933): App\Controllers\Kasir->index()
 4 SYSTEMPATH\CodeIgniter.php(507): CodeIgniter\CodeIgniter->runController(Object(App\Controllers\Kasir))
 5 SYSTEMPATH\CodeIgniter.php(354): CodeIgniter\CodeIgniter->handleRequest(null, Object(Config\Cache), false)
 6 SYSTEMPATH\Boot.php(363): CodeIgniter\CodeIgniter->run()
 7 SYSTEMPATH\Boot.php(68): CodeIgniter\Boot::runCodeIgniter(Object(CodeIgniter\CodeIgniter))
 8 FCPATH\index.php(59): CodeIgniter\Boot::bootWeb(Object(Config\Paths))
 9 SYSTEMPATH\rewrite.php(44): require_once('C:\\xampp\\htdocs\\kasirpos\\public\\index.php')
CRITICAL - 2026-05-09 14:20:32 --> [Caused by] CodeIgniter\Database\Exceptions\DatabaseException: Unknown column 'transaksi.id_user' in 'where clause'
in SYSTEMPATH\Database\MySQLi\Connection.php on line 332.
 1 SYSTEMPATH\Database\BaseConnection.php(729): CodeIgniter\Database\MySQLi\Connection->execute('SELECT SUM(CASE WHEN status = \'Lunas\' THEN total_bayar ELSE 0 END) as total_pendapatan,
        SUM(CASE WHEN status = \'Lunas\' AND metode_pembayaran = \'Tunai\' THEN total_bayar ELSE 0 END) as total_tunai,
        SUM(CASE WHEN status = \'Lunas\' AND metode_pembayaran = \'QRIS\' THEN total_bayar ELSE 0 END) as total_qris,
        SUM(CASE WHEN status = \'Lunas\' AND metode_pembayaran = \'Transfer\' THEN total_bayar ELSE 0 END) as total_transfer,
        SUM(CASE WHEN status = \'Lunas\' AND metode_pembayaran = \'EDC\' THEN total_bayar ELSE 0 END) as total_edc,
        COUNT(CASE WHEN status = \'Batal\' THEN 1 END) as jumlah_batal
FROM `transaksi`
WHERE `transaksi`.`id_user` = \'2\'
AND DATE(created_at) = \'2026-05-09\'')
 2 SYSTEMPATH\Database\BaseConnection.php(646): CodeIgniter\Database\BaseConnection->simpleQuery('SELECT SUM(CASE WHEN status = \'Lunas\' THEN total_bayar ELSE 0 END) as total_pendapatan,
        SUM(CASE WHEN status = \'Lunas\' AND metode_pembayaran = \'Tunai\' THEN total_bayar ELSE 0 END) as total_tunai,
        SUM(CASE WHEN status = \'Lunas\' AND metode_pembayaran = \'QRIS\' THEN total_bayar ELSE 0 END) as total_qris,
        SUM(CASE WHEN status = \'Lunas\' AND metode_pembayaran = \'Transfer\' THEN total_bayar ELSE 0 END) as total_transfer,
        SUM(CASE WHEN status = \'Lunas\' AND metode_pembayaran = \'EDC\' THEN total_bayar ELSE 0 END) as total_edc,
        COUNT(CASE WHEN status = \'Batal\' THEN 1 END) as jumlah_batal
FROM `transaksi`
WHERE `transaksi`.`id_user` = \'2\'
AND DATE(created_at) = \'2026-05-09\'')
 3 SYSTEMPATH\Database\BaseBuilder.php(1649): CodeIgniter\Database\BaseConnection->query('SELECT SUM(CASE WHEN status = \'Lunas\' THEN total_bayar ELSE 0 END) as total_pendapatan,
        SUM(CASE WHEN status = \'Lunas\' AND metode_pembayaran = \'Tunai\' THEN total_bayar ELSE 0 END) as total_tunai,
        SUM(CASE WHEN status = \'Lunas\' AND metode_pembayaran = \'QRIS\' THEN total_bayar ELSE 0 END) as total_qris,
        SUM(CASE WHEN status = \'Lunas\' AND metode_pembayaran = \'Transfer\' THEN total_bayar ELSE 0 END) as total_transfer,
        SUM(CASE WHEN status = \'Lunas\' AND metode_pembayaran = \'EDC\' THEN total_bayar ELSE 0 END) as total_edc,
        COUNT(CASE WHEN status = \'Batal\' THEN 1 END) as jumlah_batal
FROM `transaksi`
WHERE `transaksi`.`id_user` = :transaksi.id_user:
AND DATE(created_at) = :DATE(created_at):', [...], false)
 4 APPPATH\Controllers\Kasir.php(40): CodeIgniter\Database\BaseBuilder->get()
 5 SYSTEMPATH\CodeIgniter.php(933): App\Controllers\Kasir->index()
 6 SYSTEMPATH\CodeIgniter.php(507): CodeIgniter\CodeIgniter->runController(Object(App\Controllers\Kasir))
 7 SYSTEMPATH\CodeIgniter.php(354): CodeIgniter\CodeIgniter->handleRequest(null, Object(Config\Cache), false)
 8 SYSTEMPATH\Boot.php(363): CodeIgniter\CodeIgniter->run()
 9 SYSTEMPATH\Boot.php(68): CodeIgniter\Boot::runCodeIgniter(Object(CodeIgniter\CodeIgniter))
10 FCPATH\index.php(59): CodeIgniter\Boot::bootWeb(Object(Config\Paths))
11 SYSTEMPATH\rewrite.php(44): require_once('C:\\xampp\\htdocs\\kasirpos\\public\\index.php')
CRITICAL - 2026-05-09 14:20:32 --> [Caused by] mysqli_sql_exception: Unknown column 'transaksi.id_user' in 'where clause'
in SYSTEMPATH\Database\MySQLi\Connection.php on line 327.
 1 SYSTEMPATH\Database\MySQLi\Connection.php(327): mysqli->query('SELECT SUM(CASE WHEN status = \'Lunas\' THEN total_bayar ELSE 0 END) as total_pendapatan,
        SUM(CASE WHEN status = \'Lunas\' AND metode_pembayaran = \'Tunai\' THEN total_bayar ELSE 0 END) as total_tunai,
        SUM(CASE WHEN status = \'Lunas\' AND metode_pembayaran = \'QRIS\' THEN total_bayar ELSE 0 END) as total_qris,
        SUM(CASE WHEN status = \'Lunas\' AND metode_pembayaran = \'Transfer\' THEN total_bayar ELSE 0 END) as total_transfer,
        SUM(CASE WHEN status = \'Lunas\' AND metode_pembayaran = \'EDC\' THEN total_bayar ELSE 0 END) as total_edc,
        COUNT(CASE WHEN status = \'Batal\' THEN 1 END) as jumlah_batal
FROM `transaksi`
WHERE `transaksi`.`id_user` = \'2\'
AND DATE(created_at) = \'2026-05-09\'', 0)
 2 SYSTEMPATH\Database\BaseConnection.php(729): CodeIgniter\Database\MySQLi\Connection->execute('SELECT SUM(CASE WHEN status = \'Lunas\' THEN total_bayar ELSE 0 END) as total_pendapatan,
        SUM(CASE WHEN status = \'Lunas\' AND metode_pembayaran = \'Tunai\' THEN total_bayar ELSE 0 END) as total_tunai,
        SUM(CASE WHEN status = \'Lunas\' AND metode_pembayaran = \'QRIS\' THEN total_bayar ELSE 0 END) as total_qris,
        SUM(CASE WHEN status = \'Lunas\' AND metode_pembayaran = \'Transfer\' THEN total_bayar ELSE 0 END) as total_transfer,
        SUM(CASE WHEN status = \'Lunas\' AND metode_pembayaran = \'EDC\' THEN total_bayar ELSE 0 END) as total_edc,
        COUNT(CASE WHEN status = \'Batal\' THEN 1 END) as jumlah_batal
FROM `transaksi`
WHERE `transaksi`.`id_user` = \'2\'
AND DATE(created_at) = \'2026-05-09\'')
 3 SYSTEMPATH\Database\BaseConnection.php(646): CodeIgniter\Database\BaseConnection->simpleQuery('SELECT SUM(CASE WHEN status = \'Lunas\' THEN total_bayar ELSE 0 END) as total_pendapatan,
        SUM(CASE WHEN status = \'Lunas\' AND metode_pembayaran = \'Tunai\' THEN total_bayar ELSE 0 END) as total_tunai,
        SUM(CASE WHEN status = \'Lunas\' AND metode_pembayaran = \'QRIS\' THEN total_bayar ELSE 0 END) as total_qris,
        SUM(CASE WHEN status = \'Lunas\' AND metode_pembayaran = \'Transfer\' THEN total_bayar ELSE 0 END) as total_transfer,
        SUM(CASE WHEN status = \'Lunas\' AND metode_pembayaran = \'EDC\' THEN total_bayar ELSE 0 END) as total_edc,
        COUNT(CASE WHEN status = \'Batal\' THEN 1 END) as jumlah_batal
FROM `transaksi`
WHERE `transaksi`.`id_user` = \'2\'
AND DATE(created_at) = \'2026-05-09\'')
 4 SYSTEMPATH\Database\BaseBuilder.php(1649): CodeIgniter\Database\BaseConnection->query('SELECT SUM(CASE WHEN status = \'Lunas\' THEN total_bayar ELSE 0 END) as total_pendapatan,
        SUM(CASE WHEN status = \'Lunas\' AND metode_pembayaran = \'Tunai\' THEN total_bayar ELSE 0 END) as total_tunai,
        SUM(CASE WHEN status = \'Lunas\' AND metode_pembayaran = \'QRIS\' THEN total_bayar ELSE 0 END) as total_qris,
        SUM(CASE WHEN status = \'Lunas\' AND metode_pembayaran = \'Transfer\' THEN total_bayar ELSE 0 END) as total_transfer,
        SUM(CASE WHEN status = \'Lunas\' AND metode_pembayaran = \'EDC\' THEN total_bayar ELSE 0 END) as total_edc,
        COUNT(CASE WHEN status = \'Batal\' THEN 1 END) as jumlah_batal
FROM `transaksi`
WHERE `transaksi`.`id_user` = :transaksi.id_user:
AND DATE(created_at) = :DATE(created_at):', [...], false)
 5 APPPATH\Controllers\Kasir.php(40): CodeIgniter\Database\BaseBuilder->get()
 6 SYSTEMPATH\CodeIgniter.php(933): App\Controllers\Kasir->index()
 7 SYSTEMPATH\CodeIgniter.php(507): CodeIgniter\CodeIgniter->runController(Object(App\Controllers\Kasir))
 8 SYSTEMPATH\CodeIgniter.php(354): CodeIgniter\CodeIgniter->handleRequest(null, Object(Config\Cache), false)
 9 SYSTEMPATH\Boot.php(363): CodeIgniter\CodeIgniter->run()
10 SYSTEMPATH\Boot.php(68): CodeIgniter\Boot::runCodeIgniter(Object(CodeIgniter\CodeIgniter))
11 FCPATH\index.php(59): CodeIgniter\Boot::bootWeb(Object(Config\Paths))
12 SYSTEMPATH\rewrite.php(44): require_once('C:\\xampp\\htdocs\\kasirpos\\public\\index.php')
DEBUG - 2026-05-09 07:21:51 --> Session: Class initialized using 'CodeIgniter\Session\Handlers\FileHandler' driver.
DEBUG - 2026-05-09 07:21:58 --> Session: Class initialized using 'CodeIgniter\Session\Handlers\FileHandler' driver.
DEBUG - 2026-05-09 07:22:04 --> Session: Class initialized using 'CodeIgniter\Session\Handlers\FileHandler' driver.
DEBUG - 2026-05-09 07:24:23 --> Session: Class initialized using 'CodeIgniter\Session\Handlers\FileHandler' driver.
DEBUG - 2026-05-09 07:24:46 --> Session: Class initialized using 'CodeIgniter\Session\Handlers\FileHandler' driver.
DEBUG - 2026-05-09 07:24:46 --> Session: Class initialized using 'CodeIgniter\Session\Handlers\FileHandler' driver.
DEBUG - 2026-05-09 14:25:14 --> Session: Class initialized using 'CodeIgniter\Session\Handlers\FileHandler' driver.
DEBUG - 2026-05-09 14:25:14 --> Session: Class initialized using 'CodeIgniter\Session\Handlers\FileHandler' driver.
DEBUG - 2026-05-09 07:28:02 --> Session: Class initialized using 'CodeIgniter\Session\Handlers\FileHandler' driver.
ERROR - 2026-05-09 14:28:02 --> mysqli_sql_exception: You have an error in your SQL syntax; check the manual that corresponds to your MariaDB server version for the right syntax to use near 'COUNT(CASE WHEN status = 'Lunas' THEN 1 END) as total_transaksi
FROM `transak...' at line 7 in C:\xampp\htdocs\kasirpos\system\Database\MySQLi\Connection.php:327
Stack trace:
#0 C:\xampp\htdocs\kasirpos\system\Database\MySQLi\Connection.php(327): mysqli->query('SELECT SUM(CASE...', 0)
#1 C:\xampp\htdocs\kasirpos\system\Database\BaseConnection.php(729): CodeIgniter\Database\MySQLi\Connection->execute('SELECT SUM(CASE...')
#2 C:\xampp\htdocs\kasirpos\system\Database\BaseConnection.php(646): CodeIgniter\Database\BaseConnection->simpleQuery('SELECT SUM(CASE...')
#3 C:\xampp\htdocs\kasirpos\system\Database\BaseBuilder.php(1649): CodeIgniter\Database\BaseConnection->query('SELECT SUM(CASE...', Array, false)
#4 C:\xampp\htdocs\kasirpos\app\Controllers\Kasir.php(41): CodeIgniter\Database\BaseBuilder->get()
#5 C:\xampp\htdocs\kasirpos\system\CodeIgniter.php(933): App\Controllers\Kasir->index()
#6 C:\xampp\htdocs\kasirpos\system\CodeIgniter.php(507): CodeIgniter\CodeIgniter->runController(Object(App\Controllers\Kasir))
#7 C:\xampp\htdocs\kasirpos\system\CodeIgniter.php(354): CodeIgniter\CodeIgniter->handleRequest(NULL, Object(Config\Cache), false)
#8 C:\xampp\htdocs\kasirpos\system\Boot.php(363): CodeIgniter\CodeIgniter->run()
#9 C:\xampp\htdocs\kasirpos\system\Boot.php(68): CodeIgniter\Boot::runCodeIgniter(Object(CodeIgniter\CodeIgniter))
#10 C:\xampp\htdocs\kasirpos\public\index.php(59): CodeIgniter\Boot::bootWeb(Object(Config\Paths))
#11 C:\xampp\htdocs\kasirpos\system\rewrite.php(44): require_once('C:\\xampp\\htdocs...')
#12 {main}
CRITICAL - 2026-05-09 14:28:02 --> CodeIgniter\Database\Exceptions\DatabaseException: You have an error in your SQL syntax; check the manual that corresponds to your MariaDB server version for the right syntax to use near 'COUNT(CASE WHEN status = 'Lunas' THEN 1 END) as total_transaksi
FROM `transak...' at line 7
[Method: GET, Route: kasir/transaksi]
in SYSTEMPATH\Database\BaseConnection.php on line 684.
 1 SYSTEMPATH\Database\BaseBuilder.php(1649): CodeIgniter\Database\BaseConnection->query('SELECT SUM(CASE WHEN status = \'Lunas\' THEN total_bayar ELSE 0 END) as total_pendapatan,
        SUM(CASE WHEN status = \'Lunas\' AND metode_pembayaran = \'Tunai\' THEN total_bayar ELSE 0 END) as total_tunai,
        SUM(CASE WHEN status = \'Lunas\' AND metode_pembayaran = \'QRIS\' THEN total_bayar ELSE 0 END) as total_qris,
        SUM(CASE WHEN status = \'Lunas\' AND metode_pembayaran = \'Transfer\' THEN total_bayar ELSE 0 END) as total_transfer,
        SUM(CASE WHEN status = \'Lunas\' AND metode_pembayaran = \'EDC\' THEN total_bayar ELSE 0 END) as total_edc,
        COUNT(CASE WHEN status = \'Batal\' THEN 1 END) as jumlah_batal
        COUNT(CASE WHEN status = \'Lunas\' THEN 1 END) as total_transaksi
FROM `transaksi`
WHERE `transaksi`.`id_user` = :transaksi.id_user:
AND DATE(created_at) = :DATE(created_at):', [...], false)
 2 APPPATH\Controllers\Kasir.php(41): CodeIgniter\Database\BaseBuilder->get()
 3 SYSTEMPATH\CodeIgniter.php(933): App\Controllers\Kasir->index()
 4 SYSTEMPATH\CodeIgniter.php(507): CodeIgniter\CodeIgniter->runController(Object(App\Controllers\Kasir))
 5 SYSTEMPATH\CodeIgniter.php(354): CodeIgniter\CodeIgniter->handleRequest(null, Object(Config\Cache), false)
 6 SYSTEMPATH\Boot.php(363): CodeIgniter\CodeIgniter->run()
 7 SYSTEMPATH\Boot.php(68): CodeIgniter\Boot::runCodeIgniter(Object(CodeIgniter\CodeIgniter))
 8 FCPATH\index.php(59): CodeIgniter\Boot::bootWeb(Object(Config\Paths))
 9 SYSTEMPATH\rewrite.php(44): require_once('C:\\xampp\\htdocs\\kasirpos\\public\\index.php')
CRITICAL - 2026-05-09 14:28:02 --> [Caused by] CodeIgniter\Database\Exceptions\DatabaseException: You have an error in your SQL syntax; check the manual that corresponds to your MariaDB server version for the right syntax to use near 'COUNT(CASE WHEN status = 'Lunas' THEN 1 END) as total_transaksi
FROM `transak...' at line 7
in SYSTEMPATH\Database\MySQLi\Connection.php on line 332.
 1 SYSTEMPATH\Database\BaseConnection.php(729): CodeIgniter\Database\MySQLi\Connection->execute('SELECT SUM(CASE WHEN status = \'Lunas\' THEN total_bayar ELSE 0 END) as total_pendapatan,
        SUM(CASE WHEN status = \'Lunas\' AND metode_pembayaran = \'Tunai\' THEN total_bayar ELSE 0 END) as total_tunai,
        SUM(CASE WHEN status = \'Lunas\' AND metode_pembayaran = \'QRIS\' THEN total_bayar ELSE 0 END) as total_qris,
        SUM(CASE WHEN status = \'Lunas\' AND metode_pembayaran = \'Transfer\' THEN total_bayar ELSE 0 END) as total_transfer,
        SUM(CASE WHEN status = \'Lunas\' AND metode_pembayaran = \'EDC\' THEN total_bayar ELSE 0 END) as total_edc,
        COUNT(CASE WHEN status = \'Batal\' THEN 1 END) as jumlah_batal
        COUNT(CASE WHEN status = \'Lunas\' THEN 1 END) as total_transaksi
FROM `transaksi`
WHERE `transaksi`.`id_user` = \'2\'
AND DATE(created_at) = \'2026-05-09\'')
 2 SYSTEMPATH\Database\BaseConnection.php(646): CodeIgniter\Database\BaseConnection->simpleQuery('SELECT SUM(CASE WHEN status = \'Lunas\' THEN total_bayar ELSE 0 END) as total_pendapatan,
        SUM(CASE WHEN status = \'Lunas\' AND metode_pembayaran = \'Tunai\' THEN total_bayar ELSE 0 END) as total_tunai,
        SUM(CASE WHEN status = \'Lunas\' AND metode_pembayaran = \'QRIS\' THEN total_bayar ELSE 0 END) as total_qris,
        SUM(CASE WHEN status = \'Lunas\' AND metode_pembayaran = \'Transfer\' THEN total_bayar ELSE 0 END) as total_transfer,
        SUM(CASE WHEN status = \'Lunas\' AND metode_pembayaran = \'EDC\' THEN total_bayar ELSE 0 END) as total_edc,
        COUNT(CASE WHEN status = \'Batal\' THEN 1 END) as jumlah_batal
        COUNT(CASE WHEN status = \'Lunas\' THEN 1 END) as total_transaksi
FROM `transaksi`
WHERE `transaksi`.`id_user` = \'2\'
AND DATE(created_at) = \'2026-05-09\'')
 3 SYSTEMPATH\Database\BaseBuilder.php(1649): CodeIgniter\Database\BaseConnection->query('SELECT SUM(CASE WHEN status = \'Lunas\' THEN total_bayar ELSE 0 END) as total_pendapatan,
        SUM(CASE WHEN status = \'Lunas\' AND metode_pembayaran = \'Tunai\' THEN total_bayar ELSE 0 END) as total_tunai,
        SUM(CASE WHEN status = \'Lunas\' AND metode_pembayaran = \'QRIS\' THEN total_bayar ELSE 0 END) as total_qris,
        SUM(CASE WHEN status = \'Lunas\' AND metode_pembayaran = \'Transfer\' THEN total_bayar ELSE 0 END) as total_transfer,
        SUM(CASE WHEN status = \'Lunas\' AND metode_pembayaran = \'EDC\' THEN total_bayar ELSE 0 END) as total_edc,
        COUNT(CASE WHEN status = \'Batal\' THEN 1 END) as jumlah_batal
        COUNT(CASE WHEN status = \'Lunas\' THEN 1 END) as total_transaksi
FROM `transaksi`
WHERE `transaksi`.`id_user` = :transaksi.id_user:
AND DATE(created_at) = :DATE(created_at):', [...], false)
 4 APPPATH\Controllers\Kasir.php(41): CodeIgniter\Database\BaseBuilder->get()
 5 SYSTEMPATH\CodeIgniter.php(933): App\Controllers\Kasir->index()
 6 SYSTEMPATH\CodeIgniter.php(507): CodeIgniter\CodeIgniter->runController(Object(App\Controllers\Kasir))
 7 SYSTEMPATH\CodeIgniter.php(354): CodeIgniter\CodeIgniter->handleRequest(null, Object(Config\Cache), false)
 8 SYSTEMPATH\Boot.php(363): CodeIgniter\CodeIgniter->run()
 9 SYSTEMPATH\Boot.php(68): CodeIgniter\Boot::runCodeIgniter(Object(CodeIgniter\CodeIgniter))
10 FCPATH\index.php(59): CodeIgniter\Boot::bootWeb(Object(Config\Paths))
11 SYSTEMPATH\rewrite.php(44): require_once('C:\\xampp\\htdocs\\kasirpos\\public\\index.php')
CRITICAL - 2026-05-09 14:28:02 --> [Caused by] mysqli_sql_exception: You have an error in your SQL syntax; check the manual that corresponds to your MariaDB server version for the right syntax to use near 'COUNT(CASE WHEN status = 'Lunas' THEN 1 END) as total_transaksi
FROM `transak...' at line 7
in SYSTEMPATH\Database\MySQLi\Connection.php on line 327.
 1 SYSTEMPATH\Database\MySQLi\Connection.php(327): mysqli->query('SELECT SUM(CASE WHEN status = \'Lunas\' THEN total_bayar ELSE 0 END) as total_pendapatan,
        SUM(CASE WHEN status = \'Lunas\' AND metode_pembayaran = \'Tunai\' THEN total_bayar ELSE 0 END) as total_tunai,
        SUM(CASE WHEN status = \'Lunas\' AND metode_pembayaran = \'QRIS\' THEN total_bayar ELSE 0 END) as total_qris,
        SUM(CASE WHEN status = \'Lunas\' AND metode_pembayaran = \'Transfer\' THEN total_bayar ELSE 0 END) as total_transfer,
        SUM(CASE WHEN status = \'Lunas\' AND metode_pembayaran = \'EDC\' THEN total_bayar ELSE 0 END) as total_edc,
        COUNT(CASE WHEN status = \'Batal\' THEN 1 END) as jumlah_batal
        COUNT(CASE WHEN status = \'Lunas\' THEN 1 END) as total_transaksi
FROM `transaksi`
WHERE `transaksi`.`id_user` = \'2\'
AND DATE(created_at) = \'2026-05-09\'', 0)
 2 SYSTEMPATH\Database\BaseConnection.php(729): CodeIgniter\Database\MySQLi\Connection->execute('SELECT SUM(CASE WHEN status = \'Lunas\' THEN total_bayar ELSE 0 END) as total_pendapatan,
        SUM(CASE WHEN status = \'Lunas\' AND metode_pembayaran = \'Tunai\' THEN total_bayar ELSE 0 END) as total_tunai,
        SUM(CASE WHEN status = \'Lunas\' AND metode_pembayaran = \'QRIS\' THEN total_bayar ELSE 0 END) as total_qris,
        SUM(CASE WHEN status = \'Lunas\' AND metode_pembayaran = \'Transfer\' THEN total_bayar ELSE 0 END) as total_transfer,
        SUM(CASE WHEN status = \'Lunas\' AND metode_pembayaran = \'EDC\' THEN total_bayar ELSE 0 END) as total_edc,
        COUNT(CASE WHEN status = \'Batal\' THEN 1 END) as jumlah_batal
        COUNT(CASE WHEN status = \'Lunas\' THEN 1 END) as total_transaksi
FROM `transaksi`
WHERE `transaksi`.`id_user` = \'2\'
AND DATE(created_at) = \'2026-05-09\'')
 3 SYSTEMPATH\Database\BaseConnection.php(646): CodeIgniter\Database\BaseConnection->simpleQuery('SELECT SUM(CASE WHEN status = \'Lunas\' THEN total_bayar ELSE 0 END) as total_pendapatan,
        SUM(CASE WHEN status = \'Lunas\' AND metode_pembayaran = \'Tunai\' THEN total_bayar ELSE 0 END) as total_tunai,
        SUM(CASE WHEN status = \'Lunas\' AND metode_pembayaran = \'QRIS\' THEN total_bayar ELSE 0 END) as total_qris,
        SUM(CASE WHEN status = \'Lunas\' AND metode_pembayaran = \'Transfer\' THEN total_bayar ELSE 0 END) as total_transfer,
        SUM(CASE WHEN status = \'Lunas\' AND metode_pembayaran = \'EDC\' THEN total_bayar ELSE 0 END) as total_edc,
        COUNT(CASE WHEN status = \'Batal\' THEN 1 END) as jumlah_batal
        COUNT(CASE WHEN status = \'Lunas\' THEN 1 END) as total_transaksi
FROM `transaksi`
WHERE `transaksi`.`id_user` = \'2\'
AND DATE(created_at) = \'2026-05-09\'')
 4 SYSTEMPATH\Database\BaseBuilder.php(1649): CodeIgniter\Database\BaseConnection->query('SELECT SUM(CASE WHEN status = \'Lunas\' THEN total_bayar ELSE 0 END) as total_pendapatan,
        SUM(CASE WHEN status = \'Lunas\' AND metode_pembayaran = \'Tunai\' THEN total_bayar ELSE 0 END) as total_tunai,
        SUM(CASE WHEN status = \'Lunas\' AND metode_pembayaran = \'QRIS\' THEN total_bayar ELSE 0 END) as total_qris,
        SUM(CASE WHEN status = \'Lunas\' AND metode_pembayaran = \'Transfer\' THEN total_bayar ELSE 0 END) as total_transfer,
        SUM(CASE WHEN status = \'Lunas\' AND metode_pembayaran = \'EDC\' THEN total_bayar ELSE 0 END) as total_edc,
        COUNT(CASE WHEN status = \'Batal\' THEN 1 END) as jumlah_batal
        COUNT(CASE WHEN status = \'Lunas\' THEN 1 END) as total_transaksi
FROM `transaksi`
WHERE `transaksi`.`id_user` = :transaksi.id_user:
AND DATE(created_at) = :DATE(created_at):', [...], false)
 5 APPPATH\Controllers\Kasir.php(41): CodeIgniter\Database\BaseBuilder->get()
 6 SYSTEMPATH\CodeIgniter.php(933): App\Controllers\Kasir->index()
 7 SYSTEMPATH\CodeIgniter.php(507): CodeIgniter\CodeIgniter->runController(Object(App\Controllers\Kasir))
 8 SYSTEMPATH\CodeIgniter.php(354): CodeIgniter\CodeIgniter->handleRequest(null, Object(Config\Cache), false)
 9 SYSTEMPATH\Boot.php(363): CodeIgniter\CodeIgniter->run()
10 SYSTEMPATH\Boot.php(68): CodeIgniter\Boot::runCodeIgniter(Object(CodeIgniter\CodeIgniter))
11 FCPATH\index.php(59): CodeIgniter\Boot::bootWeb(Object(Config\Paths))
12 SYSTEMPATH\rewrite.php(44): require_once('C:\\xampp\\htdocs\\kasirpos\\public\\index.php')
DEBUG - 2026-05-09 07:30:08 --> Session: Class initialized using 'CodeIgniter\Session\Handlers\FileHandler' driver.
ERROR - 2026-05-09 14:30:08 --> mysqli_sql_exception: You have an error in your SQL syntax; check the manual that corresponds to your MariaDB server version for the right syntax to use near 'COUNT(CASE WHEN status = 'Lunas' THEN 1 END) as total_transaksi
FROM `transak...' at line 7 in C:\xampp\htdocs\kasirpos\system\Database\MySQLi\Connection.php:327
Stack trace:
#0 C:\xampp\htdocs\kasirpos\system\Database\MySQLi\Connection.php(327): mysqli->query('SELECT SUM(CASE...', 0)
#1 C:\xampp\htdocs\kasirpos\system\Database\BaseConnection.php(729): CodeIgniter\Database\MySQLi\Connection->execute('SELECT SUM(CASE...')
#2 C:\xampp\htdocs\kasirpos\system\Database\BaseConnection.php(646): CodeIgniter\Database\BaseConnection->simpleQuery('SELECT SUM(CASE...')
#3 C:\xampp\htdocs\kasirpos\system\Database\BaseBuilder.php(1649): CodeIgniter\Database\BaseConnection->query('SELECT SUM(CASE...', Array, false)
#4 C:\xampp\htdocs\kasirpos\app\Controllers\Kasir.php(41): CodeIgniter\Database\BaseBuilder->get()
#5 C:\xampp\htdocs\kasirpos\system\CodeIgniter.php(933): App\Controllers\Kasir->index()
#6 C:\xampp\htdocs\kasirpos\system\CodeIgniter.php(507): CodeIgniter\CodeIgniter->runController(Object(App\Controllers\Kasir))
#7 C:\xampp\htdocs\kasirpos\system\CodeIgniter.php(354): CodeIgniter\CodeIgniter->handleRequest(NULL, Object(Config\Cache), false)
#8 C:\xampp\htdocs\kasirpos\system\Boot.php(363): CodeIgniter\CodeIgniter->run()
#9 C:\xampp\htdocs\kasirpos\system\Boot.php(68): CodeIgniter\Boot::runCodeIgniter(Object(CodeIgniter\CodeIgniter))
#10 C:\xampp\htdocs\kasirpos\public\index.php(59): CodeIgniter\Boot::bootWeb(Object(Config\Paths))
#11 C:\xampp\htdocs\kasirpos\system\rewrite.php(44): require_once('C:\\xampp\\htdocs...')
#12 {main}
CRITICAL - 2026-05-09 14:30:08 --> CodeIgniter\Database\Exceptions\DatabaseException: You have an error in your SQL syntax; check the manual that corresponds to your MariaDB server version for the right syntax to use near 'COUNT(CASE WHEN status = 'Lunas' THEN 1 END) as total_transaksi
FROM `transak...' at line 7
[Method: GET, Route: kasir/transaksi]
in SYSTEMPATH\Database\BaseConnection.php on line 684.
 1 SYSTEMPATH\Database\BaseBuilder.php(1649): CodeIgniter\Database\BaseConnection->query('SELECT SUM(CASE WHEN status = \'Lunas\' THEN total_bayar ELSE 0 END) as total_pendapatan,
        SUM(CASE WHEN status = \'Lunas\' AND metode_pembayaran = \'Tunai\' THEN total_bayar ELSE 0 END) as total_tunai,
        SUM(CASE WHEN status = \'Lunas\' AND metode_pembayaran = \'QRIS\' THEN total_bayar ELSE 0 END) as total_qris,
        SUM(CASE WHEN status = \'Lunas\' AND metode_pembayaran = \'Transfer\' THEN total_bayar ELSE 0 END) as total_transfer,
        SUM(CASE WHEN status = \'Lunas\' AND metode_pembayaran = \'EDC\' THEN total_bayar ELSE 0 END) as total_edc,
        COUNT(CASE WHEN status = \'Batal\' THEN 1 END) as jumlah_batal
        COUNT(CASE WHEN status = \'Lunas\' THEN 1 END) as total_transaksi
FROM `transaksi`
WHERE `transaksi`.`id_user` = :transaksi.id_user:
AND DATE(created_at) = :DATE(created_at):', [...], false)
 2 APPPATH\Controllers\Kasir.php(41): CodeIgniter\Database\BaseBuilder->get()
 3 SYSTEMPATH\CodeIgniter.php(933): App\Controllers\Kasir->index()
 4 SYSTEMPATH\CodeIgniter.php(507): CodeIgniter\CodeIgniter->runController(Object(App\Controllers\Kasir))
 5 SYSTEMPATH\CodeIgniter.php(354): CodeIgniter\CodeIgniter->handleRequest(null, Object(Config\Cache), false)
 6 SYSTEMPATH\Boot.php(363): CodeIgniter\CodeIgniter->run()
 7 SYSTEMPATH\Boot.php(68): CodeIgniter\Boot::runCodeIgniter(Object(CodeIgniter\CodeIgniter))
 8 FCPATH\index.php(59): CodeIgniter\Boot::bootWeb(Object(Config\Paths))
 9 SYSTEMPATH\rewrite.php(44): require_once('C:\\xampp\\htdocs\\kasirpos\\public\\index.php')
CRITICAL - 2026-05-09 14:30:08 --> [Caused by] CodeIgniter\Database\Exceptions\DatabaseException: You have an error in your SQL syntax; check the manual that corresponds to your MariaDB server version for the right syntax to use near 'COUNT(CASE WHEN status = 'Lunas' THEN 1 END) as total_transaksi
FROM `transak...' at line 7
in SYSTEMPATH\Database\MySQLi\Connection.php on line 332.
 1 SYSTEMPATH\Database\BaseConnection.php(729): CodeIgniter\Database\MySQLi\Connection->execute('SELECT SUM(CASE WHEN status = \'Lunas\' THEN total_bayar ELSE 0 END) as total_pendapatan,
        SUM(CASE WHEN status = \'Lunas\' AND metode_pembayaran = \'Tunai\' THEN total_bayar ELSE 0 END) as total_tunai,
        SUM(CASE WHEN status = \'Lunas\' AND metode_pembayaran = \'QRIS\' THEN total_bayar ELSE 0 END) as total_qris,
        SUM(CASE WHEN status = \'Lunas\' AND metode_pembayaran = \'Transfer\' THEN total_bayar ELSE 0 END) as total_transfer,
        SUM(CASE WHEN status = \'Lunas\' AND metode_pembayaran = \'EDC\' THEN total_bayar ELSE 0 END) as total_edc,
        COUNT(CASE WHEN status = \'Batal\' THEN 1 END) as jumlah_batal
        COUNT(CASE WHEN status = \'Lunas\' THEN 1 END) as total_transaksi
FROM `transaksi`
WHERE `transaksi`.`id_user` = \'2\'
AND DATE(created_at) = \'2026-05-09\'')
 2 SYSTEMPATH\Database\BaseConnection.php(646): CodeIgniter\Database\BaseConnection->simpleQuery('SELECT SUM(CASE WHEN status = \'Lunas\' THEN total_bayar ELSE 0 END) as total_pendapatan,
        SUM(CASE WHEN status = \'Lunas\' AND metode_pembayaran = \'Tunai\' THEN total_bayar ELSE 0 END) as total_tunai,
        SUM(CASE WHEN status = \'Lunas\' AND metode_pembayaran = \'QRIS\' THEN total_bayar ELSE 0 END) as total_qris,
        SUM(CASE WHEN status = \'Lunas\' AND metode_pembayaran = \'Transfer\' THEN total_bayar ELSE 0 END) as total_transfer,
        SUM(CASE WHEN status = \'Lunas\' AND metode_pembayaran = \'EDC\' THEN total_bayar ELSE 0 END) as total_edc,
        COUNT(CASE WHEN status = \'Batal\' THEN 1 END) as jumlah_batal
        COUNT(CASE WHEN status = \'Lunas\' THEN 1 END) as total_transaksi
FROM `transaksi`
WHERE `transaksi`.`id_user` = \'2\'
AND DATE(created_at) = \'2026-05-09\'')
 3 SYSTEMPATH\Database\BaseBuilder.php(1649): CodeIgniter\Database\BaseConnection->query('SELECT SUM(CASE WHEN status = \'Lunas\' THEN total_bayar ELSE 0 END) as total_pendapatan,
        SUM(CASE WHEN status = \'Lunas\' AND metode_pembayaran = \'Tunai\' THEN total_bayar ELSE 0 END) as total_tunai,
        SUM(CASE WHEN status = \'Lunas\' AND metode_pembayaran = \'QRIS\' THEN total_bayar ELSE 0 END) as total_qris,
        SUM(CASE WHEN status = \'Lunas\' AND metode_pembayaran = \'Transfer\' THEN total_bayar ELSE 0 END) as total_transfer,
        SUM(CASE WHEN status = \'Lunas\' AND metode_pembayaran = \'EDC\' THEN total_bayar ELSE 0 END) as total_edc,
        COUNT(CASE WHEN status = \'Batal\' THEN 1 END) as jumlah_batal
        COUNT(CASE WHEN status = \'Lunas\' THEN 1 END) as total_transaksi
FROM `transaksi`
WHERE `transaksi`.`id_user` = :transaksi.id_user:
AND DATE(created_at) = :DATE(created_at):', [...], false)
 4 APPPATH\Controllers\Kasir.php(41): CodeIgniter\Database\BaseBuilder->get()
 5 SYSTEMPATH\CodeIgniter.php(933): App\Controllers\Kasir->index()
 6 SYSTEMPATH\CodeIgniter.php(507): CodeIgniter\CodeIgniter->runController(Object(App\Controllers\Kasir))
 7 SYSTEMPATH\CodeIgniter.php(354): CodeIgniter\CodeIgniter->handleRequest(null, Object(Config\Cache), false)
 8 SYSTEMPATH\Boot.php(363): CodeIgniter\CodeIgniter->run()
 9 SYSTEMPATH\Boot.php(68): CodeIgniter\Boot::runCodeIgniter(Object(CodeIgniter\CodeIgniter))
10 FCPATH\index.php(59): CodeIgniter\Boot::bootWeb(Object(Config\Paths))
11 SYSTEMPATH\rewrite.php(44): require_once('C:\\xampp\\htdocs\\kasirpos\\public\\index.php')
CRITICAL - 2026-05-09 14:30:08 --> [Caused by] mysqli_sql_exception: You have an error in your SQL syntax; check the manual that corresponds to your MariaDB server version for the right syntax to use near 'COUNT(CASE WHEN status = 'Lunas' THEN 1 END) as total_transaksi
FROM `transak...' at line 7
in SYSTEMPATH\Database\MySQLi\Connection.php on line 327.
 1 SYSTEMPATH\Database\MySQLi\Connection.php(327): mysqli->query('SELECT SUM(CASE WHEN status = \'Lunas\' THEN total_bayar ELSE 0 END) as total_pendapatan,
        SUM(CASE WHEN status = \'Lunas\' AND metode_pembayaran = \'Tunai\' THEN total_bayar ELSE 0 END) as total_tunai,
        SUM(CASE WHEN status = \'Lunas\' AND metode_pembayaran = \'QRIS\' THEN total_bayar ELSE 0 END) as total_qris,
        SUM(CASE WHEN status = \'Lunas\' AND metode_pembayaran = \'Transfer\' THEN total_bayar ELSE 0 END) as total_transfer,
        SUM(CASE WHEN status = \'Lunas\' AND metode_pembayaran = \'EDC\' THEN total_bayar ELSE 0 END) as total_edc,
        COUNT(CASE WHEN status = \'Batal\' THEN 1 END) as jumlah_batal
        COUNT(CASE WHEN status = \'Lunas\' THEN 1 END) as total_transaksi
FROM `transaksi`
WHERE `transaksi`.`id_user` = \'2\'
AND DATE(created_at) = \'2026-05-09\'', 0)
 2 SYSTEMPATH\Database\BaseConnection.php(729): CodeIgniter\Database\MySQLi\Connection->execute('SELECT SUM(CASE WHEN status = \'Lunas\' THEN total_bayar ELSE 0 END) as total_pendapatan,
        SUM(CASE WHEN status = \'Lunas\' AND metode_pembayaran = \'Tunai\' THEN total_bayar ELSE 0 END) as total_tunai,
        SUM(CASE WHEN status = \'Lunas\' AND metode_pembayaran = \'QRIS\' THEN total_bayar ELSE 0 END) as total_qris,
        SUM(CASE WHEN status = \'Lunas\' AND metode_pembayaran = \'Transfer\' THEN total_bayar ELSE 0 END) as total_transfer,
        SUM(CASE WHEN status = \'Lunas\' AND metode_pembayaran = \'EDC\' THEN total_bayar ELSE 0 END) as total_edc,
        COUNT(CASE WHEN status = \'Batal\' THEN 1 END) as jumlah_batal
        COUNT(CASE WHEN status = \'Lunas\' THEN 1 END) as total_transaksi
FROM `transaksi`
WHERE `transaksi`.`id_user` = \'2\'
AND DATE(created_at) = \'2026-05-09\'')
 3 SYSTEMPATH\Database\BaseConnection.php(646): CodeIgniter\Database\BaseConnection->simpleQuery('SELECT SUM(CASE WHEN status = \'Lunas\' THEN total_bayar ELSE 0 END) as total_pendapatan,
        SUM(CASE WHEN status = \'Lunas\' AND metode_pembayaran = \'Tunai\' THEN total_bayar ELSE 0 END) as total_tunai,
        SUM(CASE WHEN status = \'Lunas\' AND metode_pembayaran = \'QRIS\' THEN total_bayar ELSE 0 END) as total_qris,
        SUM(CASE WHEN status = \'Lunas\' AND metode_pembayaran = \'Transfer\' THEN total_bayar ELSE 0 END) as total_transfer,
        SUM(CASE WHEN status = \'Lunas\' AND metode_pembayaran = \'EDC\' THEN total_bayar ELSE 0 END) as total_edc,
        COUNT(CASE WHEN status = \'Batal\' THEN 1 END) as jumlah_batal
        COUNT(CASE WHEN status = \'Lunas\' THEN 1 END) as total_transaksi
FROM `transaksi`
WHERE `transaksi`.`id_user` = \'2\'
AND DATE(created_at) = \'2026-05-09\'')
 4 SYSTEMPATH\Database\BaseBuilder.php(1649): CodeIgniter\Database\BaseConnection->query('SELECT SUM(CASE WHEN status = \'Lunas\' THEN total_bayar ELSE 0 END) as total_pendapatan,
        SUM(CASE WHEN status = \'Lunas\' AND metode_pembayaran = \'Tunai\' THEN total_bayar ELSE 0 END) as total_tunai,
        SUM(CASE WHEN status = \'Lunas\' AND metode_pembayaran = \'QRIS\' THEN total_bayar ELSE 0 END) as total_qris,
        SUM(CASE WHEN status = \'Lunas\' AND metode_pembayaran = \'Transfer\' THEN total_bayar ELSE 0 END) as total_transfer,
        SUM(CASE WHEN status = \'Lunas\' AND metode_pembayaran = \'EDC\' THEN total_bayar ELSE 0 END) as total_edc,
        COUNT(CASE WHEN status = \'Batal\' THEN 1 END) as jumlah_batal
        COUNT(CASE WHEN status = \'Lunas\' THEN 1 END) as total_transaksi
FROM `transaksi`
WHERE `transaksi`.`id_user` = :transaksi.id_user:
AND DATE(created_at) = :DATE(created_at):', [...], false)
 5 APPPATH\Controllers\Kasir.php(41): CodeIgniter\Database\BaseBuilder->get()
 6 SYSTEMPATH\CodeIgniter.php(933): App\Controllers\Kasir->index()
 7 SYSTEMPATH\CodeIgniter.php(507): CodeIgniter\CodeIgniter->runController(Object(App\Controllers\Kasir))
 8 SYSTEMPATH\CodeIgniter.php(354): CodeIgniter\CodeIgniter->handleRequest(null, Object(Config\Cache), false)
 9 SYSTEMPATH\Boot.php(363): CodeIgniter\CodeIgniter->run()
10 SYSTEMPATH\Boot.php(68): CodeIgniter\Boot::runCodeIgniter(Object(CodeIgniter\CodeIgniter))
11 FCPATH\index.php(59): CodeIgniter\Boot::bootWeb(Object(Config\Paths))
12 SYSTEMPATH\rewrite.php(44): require_once('C:\\xampp\\htdocs\\kasirpos\\public\\index.php')
DEBUG - 2026-05-09 07:30:10 --> Session: Class initialized using 'CodeIgniter\Session\Handlers\FileHandler' driver.
ERROR - 2026-05-09 14:30:10 --> mysqli_sql_exception: You have an error in your SQL syntax; check the manual that corresponds to your MariaDB server version for the right syntax to use near 'COUNT(CASE WHEN status = 'Lunas' THEN 1 END) as total_transaksi
FROM `transak...' at line 7 in C:\xampp\htdocs\kasirpos\system\Database\MySQLi\Connection.php:327
Stack trace:
#0 C:\xampp\htdocs\kasirpos\system\Database\MySQLi\Connection.php(327): mysqli->query('SELECT SUM(CASE...', 0)
#1 C:\xampp\htdocs\kasirpos\system\Database\BaseConnection.php(729): CodeIgniter\Database\MySQLi\Connection->execute('SELECT SUM(CASE...')
#2 C:\xampp\htdocs\kasirpos\system\Database\BaseConnection.php(646): CodeIgniter\Database\BaseConnection->simpleQuery('SELECT SUM(CASE...')
#3 C:\xampp\htdocs\kasirpos\system\Database\BaseBuilder.php(1649): CodeIgniter\Database\BaseConnection->query('SELECT SUM(CASE...', Array, false)
#4 C:\xampp\htdocs\kasirpos\app\Controllers\Kasir.php(41): CodeIgniter\Database\BaseBuilder->get()
#5 C:\xampp\htdocs\kasirpos\system\CodeIgniter.php(933): App\Controllers\Kasir->index()
#6 C:\xampp\htdocs\kasirpos\system\CodeIgniter.php(507): CodeIgniter\CodeIgniter->runController(Object(App\Controllers\Kasir))
#7 C:\xampp\htdocs\kasirpos\system\CodeIgniter.php(354): CodeIgniter\CodeIgniter->handleRequest(NULL, Object(Config\Cache), false)
#8 C:\xampp\htdocs\kasirpos\system\Boot.php(363): CodeIgniter\CodeIgniter->run()
#9 C:\xampp\htdocs\kasirpos\system\Boot.php(68): CodeIgniter\Boot::runCodeIgniter(Object(CodeIgniter\CodeIgniter))
#10 C:\xampp\htdocs\kasirpos\public\index.php(59): CodeIgniter\Boot::bootWeb(Object(Config\Paths))
#11 C:\xampp\htdocs\kasirpos\system\rewrite.php(44): require_once('C:\\xampp\\htdocs...')
#12 {main}
CRITICAL - 2026-05-09 14:30:10 --> CodeIgniter\Database\Exceptions\DatabaseException: You have an error in your SQL syntax; check the manual that corresponds to your MariaDB server version for the right syntax to use near 'COUNT(CASE WHEN status = 'Lunas' THEN 1 END) as total_transaksi
FROM `transak...' at line 7
[Method: GET, Route: kasir/transaksi]
in SYSTEMPATH\Database\BaseConnection.php on line 684.
 1 SYSTEMPATH\Database\BaseBuilder.php(1649): CodeIgniter\Database\BaseConnection->query('SELECT SUM(CASE WHEN status = \'Lunas\' THEN total_bayar ELSE 0 END) as total_pendapatan,
        SUM(CASE WHEN status = \'Lunas\' AND metode_pembayaran = \'Tunai\' THEN total_bayar ELSE 0 END) as total_tunai,
        SUM(CASE WHEN status = \'Lunas\' AND metode_pembayaran = \'QRIS\' THEN total_bayar ELSE 0 END) as total_qris,
        SUM(CASE WHEN status = \'Lunas\' AND metode_pembayaran = \'Transfer\' THEN total_bayar ELSE 0 END) as total_transfer,
        SUM(CASE WHEN status = \'Lunas\' AND metode_pembayaran = \'EDC\' THEN total_bayar ELSE 0 END) as total_edc,
        COUNT(CASE WHEN status = \'Batal\' THEN 1 END) as jumlah_batal
        COUNT(CASE WHEN status = \'Lunas\' THEN 1 END) as total_transaksi
FROM `transaksi`
WHERE `transaksi`.`id_user` = :transaksi.id_user:
AND DATE(created_at) = :DATE(created_at):', [...], false)
 2 APPPATH\Controllers\Kasir.php(41): CodeIgniter\Database\BaseBuilder->get()
 3 SYSTEMPATH\CodeIgniter.php(933): App\Controllers\Kasir->index()
 4 SYSTEMPATH\CodeIgniter.php(507): CodeIgniter\CodeIgniter->runController(Object(App\Controllers\Kasir))
 5 SYSTEMPATH\CodeIgniter.php(354): CodeIgniter\CodeIgniter->handleRequest(null, Object(Config\Cache), false)
 6 SYSTEMPATH\Boot.php(363): CodeIgniter\CodeIgniter->run()
 7 SYSTEMPATH\Boot.php(68): CodeIgniter\Boot::runCodeIgniter(Object(CodeIgniter\CodeIgniter))
 8 FCPATH\index.php(59): CodeIgniter\Boot::bootWeb(Object(Config\Paths))
 9 SYSTEMPATH\rewrite.php(44): require_once('C:\\xampp\\htdocs\\kasirpos\\public\\index.php')
CRITICAL - 2026-05-09 14:30:10 --> [Caused by] CodeIgniter\Database\Exceptions\DatabaseException: You have an error in your SQL syntax; check the manual that corresponds to your MariaDB server version for the right syntax to use near 'COUNT(CASE WHEN status = 'Lunas' THEN 1 END) as total_transaksi
FROM `transak...' at line 7
in SYSTEMPATH\Database\MySQLi\Connection.php on line 332.
 1 SYSTEMPATH\Database\BaseConnection.php(729): CodeIgniter\Database\MySQLi\Connection->execute('SELECT SUM(CASE WHEN status = \'Lunas\' THEN total_bayar ELSE 0 END) as total_pendapatan,
        SUM(CASE WHEN status = \'Lunas\' AND metode_pembayaran = \'Tunai\' THEN total_bayar ELSE 0 END) as total_tunai,
        SUM(CASE WHEN status = \'Lunas\' AND metode_pembayaran = \'QRIS\' THEN total_bayar ELSE 0 END) as total_qris,
        SUM(CASE WHEN status = \'Lunas\' AND metode_pembayaran = \'Transfer\' THEN total_bayar ELSE 0 END) as total_transfer,
        SUM(CASE WHEN status = \'Lunas\' AND metode_pembayaran = \'EDC\' THEN total_bayar ELSE 0 END) as total_edc,
        COUNT(CASE WHEN status = \'Batal\' THEN 1 END) as jumlah_batal
        COUNT(CASE WHEN status = \'Lunas\' THEN 1 END) as total_transaksi
FROM `transaksi`
WHERE `transaksi`.`id_user` = \'2\'
AND DATE(created_at) = \'2026-05-09\'')
 2 SYSTEMPATH\Database\BaseConnection.php(646): CodeIgniter\Database\BaseConnection->simpleQuery('SELECT SUM(CASE WHEN status = \'Lunas\' THEN total_bayar ELSE 0 END) as total_pendapatan,
        SUM(CASE WHEN status = \'Lunas\' AND metode_pembayaran = \'Tunai\' THEN total_bayar ELSE 0 END) as total_tunai,
        SUM(CASE WHEN status = \'Lunas\' AND metode_pembayaran = \'QRIS\' THEN total_bayar ELSE 0 END) as total_qris,
        SUM(CASE WHEN status = \'Lunas\' AND metode_pembayaran = \'Transfer\' THEN total_bayar ELSE 0 END) as total_transfer,
        SUM(CASE WHEN status = \'Lunas\' AND metode_pembayaran = \'EDC\' THEN total_bayar ELSE 0 END) as total_edc,
        COUNT(CASE WHEN status = \'Batal\' THEN 1 END) as jumlah_batal
        COUNT(CASE WHEN status = \'Lunas\' THEN 1 END) as total_transaksi
FROM `transaksi`
WHERE `transaksi`.`id_user` = \'2\'
AND DATE(created_at) = \'2026-05-09\'')
 3 SYSTEMPATH\Database\BaseBuilder.php(1649): CodeIgniter\Database\BaseConnection->query('SELECT SUM(CASE WHEN status = \'Lunas\' THEN total_bayar ELSE 0 END) as total_pendapatan,
        SUM(CASE WHEN status = \'Lunas\' AND metode_pembayaran = \'Tunai\' THEN total_bayar ELSE 0 END) as total_tunai,
        SUM(CASE WHEN status = \'Lunas\' AND metode_pembayaran = \'QRIS\' THEN total_bayar ELSE 0 END) as total_qris,
        SUM(CASE WHEN status = \'Lunas\' AND metode_pembayaran = \'Transfer\' THEN total_bayar ELSE 0 END) as total_transfer,
        SUM(CASE WHEN status = \'Lunas\' AND metode_pembayaran = \'EDC\' THEN total_bayar ELSE 0 END) as total_edc,
        COUNT(CASE WHEN status = \'Batal\' THEN 1 END) as jumlah_batal
        COUNT(CASE WHEN status = \'Lunas\' THEN 1 END) as total_transaksi
FROM `transaksi`
WHERE `transaksi`.`id_user` = :transaksi.id_user:
AND DATE(created_at) = :DATE(created_at):', [...], false)
 4 APPPATH\Controllers\Kasir.php(41): CodeIgniter\Database\BaseBuilder->get()
 5 SYSTEMPATH\CodeIgniter.php(933): App\Controllers\Kasir->index()
 6 SYSTEMPATH\CodeIgniter.php(507): CodeIgniter\CodeIgniter->runController(Object(App\Controllers\Kasir))
 7 SYSTEMPATH\CodeIgniter.php(354): CodeIgniter\CodeIgniter->handleRequest(null, Object(Config\Cache), false)
 8 SYSTEMPATH\Boot.php(363): CodeIgniter\CodeIgniter->run()
 9 SYSTEMPATH\Boot.php(68): CodeIgniter\Boot::runCodeIgniter(Object(CodeIgniter\CodeIgniter))
10 FCPATH\index.php(59): CodeIgniter\Boot::bootWeb(Object(Config\Paths))
11 SYSTEMPATH\rewrite.php(44): require_once('C:\\xampp\\htdocs\\kasirpos\\public\\index.php')
CRITICAL - 2026-05-09 14:30:10 --> [Caused by] mysqli_sql_exception: You have an error in your SQL syntax; check the manual that corresponds to your MariaDB server version for the right syntax to use near 'COUNT(CASE WHEN status = 'Lunas' THEN 1 END) as total_transaksi
FROM `transak...' at line 7
in SYSTEMPATH\Database\MySQLi\Connection.php on line 327.
 1 SYSTEMPATH\Database\MySQLi\Connection.php(327): mysqli->query('SELECT SUM(CASE WHEN status = \'Lunas\' THEN total_bayar ELSE 0 END) as total_pendapatan,
        SUM(CASE WHEN status = \'Lunas\' AND metode_pembayaran = \'Tunai\' THEN total_bayar ELSE 0 END) as total_tunai,
        SUM(CASE WHEN status = \'Lunas\' AND metode_pembayaran = \'QRIS\' THEN total_bayar ELSE 0 END) as total_qris,
        SUM(CASE WHEN status = \'Lunas\' AND metode_pembayaran = \'Transfer\' THEN total_bayar ELSE 0 END) as total_transfer,
        SUM(CASE WHEN status = \'Lunas\' AND metode_pembayaran = \'EDC\' THEN total_bayar ELSE 0 END) as total_edc,
        COUNT(CASE WHEN status = \'Batal\' THEN 1 END) as jumlah_batal
        COUNT(CASE WHEN status = \'Lunas\' THEN 1 END) as total_transaksi
FROM `transaksi`
WHERE `transaksi`.`id_user` = \'2\'
AND DATE(created_at) = \'2026-05-09\'', 0)
 2 SYSTEMPATH\Database\BaseConnection.php(729): CodeIgniter\Database\MySQLi\Connection->execute('SELECT SUM(CASE WHEN status = \'Lunas\' THEN total_bayar ELSE 0 END) as total_pendapatan,
        SUM(CASE WHEN status = \'Lunas\' AND metode_pembayaran = \'Tunai\' THEN total_bayar ELSE 0 END) as total_tunai,
        SUM(CASE WHEN status = \'Lunas\' AND metode_pembayaran = \'QRIS\' THEN total_bayar ELSE 0 END) as total_qris,
        SUM(CASE WHEN status = \'Lunas\' AND metode_pembayaran = \'Transfer\' THEN total_bayar ELSE 0 END) as total_transfer,
        SUM(CASE WHEN status = \'Lunas\' AND metode_pembayaran = \'EDC\' THEN total_bayar ELSE 0 END) as total_edc,
        COUNT(CASE WHEN status = \'Batal\' THEN 1 END) as jumlah_batal
        COUNT(CASE WHEN status = \'Lunas\' THEN 1 END) as total_transaksi
FROM `transaksi`
WHERE `transaksi`.`id_user` = \'2\'
AND DATE(created_at) = \'2026-05-09\'')
 3 SYSTEMPATH\Database\BaseConnection.php(646): CodeIgniter\Database\BaseConnection->simpleQuery('SELECT SUM(CASE WHEN status = \'Lunas\' THEN total_bayar ELSE 0 END) as total_pendapatan,
        SUM(CASE WHEN status = \'Lunas\' AND metode_pembayaran = \'Tunai\' THEN total_bayar ELSE 0 END) as total_tunai,
        SUM(CASE WHEN status = \'Lunas\' AND metode_pembayaran = \'QRIS\' THEN total_bayar ELSE 0 END) as total_qris,
        SUM(CASE WHEN status = \'Lunas\' AND metode_pembayaran = \'Transfer\' THEN total_bayar ELSE 0 END) as total_transfer,
        SUM(CASE WHEN status = \'Lunas\' AND metode_pembayaran = \'EDC\' THEN total_bayar ELSE 0 END) as total_edc,
        COUNT(CASE WHEN status = \'Batal\' THEN 1 END) as jumlah_batal
        COUNT(CASE WHEN status = \'Lunas\' THEN 1 END) as total_transaksi
FROM `transaksi`
WHERE `transaksi`.`id_user` = \'2\'
AND DATE(created_at) = \'2026-05-09\'')
 4 SYSTEMPATH\Database\BaseBuilder.php(1649): CodeIgniter\Database\BaseConnection->query('SELECT SUM(CASE WHEN status = \'Lunas\' THEN total_bayar ELSE 0 END) as total_pendapatan,
        SUM(CASE WHEN status = \'Lunas\' AND metode_pembayaran = \'Tunai\' THEN total_bayar ELSE 0 END) as total_tunai,
        SUM(CASE WHEN status = \'Lunas\' AND metode_pembayaran = \'QRIS\' THEN total_bayar ELSE 0 END) as total_qris,
        SUM(CASE WHEN status = \'Lunas\' AND metode_pembayaran = \'Transfer\' THEN total_bayar ELSE 0 END) as total_transfer,
        SUM(CASE WHEN status = \'Lunas\' AND metode_pembayaran = \'EDC\' THEN total_bayar ELSE 0 END) as total_edc,
        COUNT(CASE WHEN status = \'Batal\' THEN 1 END) as jumlah_batal
        COUNT(CASE WHEN status = \'Lunas\' THEN 1 END) as total_transaksi
FROM `transaksi`
WHERE `transaksi`.`id_user` = :transaksi.id_user:
AND DATE(created_at) = :DATE(created_at):', [...], false)
 5 APPPATH\Controllers\Kasir.php(41): CodeIgniter\Database\BaseBuilder->get()
 6 SYSTEMPATH\CodeIgniter.php(933): App\Controllers\Kasir->index()
 7 SYSTEMPATH\CodeIgniter.php(507): CodeIgniter\CodeIgniter->runController(Object(App\Controllers\Kasir))
 8 SYSTEMPATH\CodeIgniter.php(354): CodeIgniter\CodeIgniter->handleRequest(null, Object(Config\Cache), false)
 9 SYSTEMPATH\Boot.php(363): CodeIgniter\CodeIgniter->run()
10 SYSTEMPATH\Boot.php(68): CodeIgniter\Boot::runCodeIgniter(Object(CodeIgniter\CodeIgniter))
11 FCPATH\index.php(59): CodeIgniter\Boot::bootWeb(Object(Config\Paths))
12 SYSTEMPATH\rewrite.php(44): require_once('C:\\xampp\\htdocs\\kasirpos\\public\\index.php')
DEBUG - 2026-05-09 07:30:11 --> Session: Class initialized using 'CodeIgniter\Session\Handlers\FileHandler' driver.
ERROR - 2026-05-09 14:30:11 --> mysqli_sql_exception: You have an error in your SQL syntax; check the manual that corresponds to your MariaDB server version for the right syntax to use near 'COUNT(CASE WHEN status = 'Lunas' THEN 1 END) as total_transaksi
FROM `transak...' at line 7 in C:\xampp\htdocs\kasirpos\system\Database\MySQLi\Connection.php:327
Stack trace:
#0 C:\xampp\htdocs\kasirpos\system\Database\MySQLi\Connection.php(327): mysqli->query('SELECT SUM(CASE...', 0)
#1 C:\xampp\htdocs\kasirpos\system\Database\BaseConnection.php(729): CodeIgniter\Database\MySQLi\Connection->execute('SELECT SUM(CASE...')
#2 C:\xampp\htdocs\kasirpos\system\Database\BaseConnection.php(646): CodeIgniter\Database\BaseConnection->simpleQuery('SELECT SUM(CASE...')
#3 C:\xampp\htdocs\kasirpos\system\Database\BaseBuilder.php(1649): CodeIgniter\Database\BaseConnection->query('SELECT SUM(CASE...', Array, false)
#4 C:\xampp\htdocs\kasirpos\app\Controllers\Kasir.php(41): CodeIgniter\Database\BaseBuilder->get()
#5 C:\xampp\htdocs\kasirpos\system\CodeIgniter.php(933): App\Controllers\Kasir->index()
#6 C:\xampp\htdocs\kasirpos\system\CodeIgniter.php(507): CodeIgniter\CodeIgniter->runController(Object(App\Controllers\Kasir))
#7 C:\xampp\htdocs\kasirpos\system\CodeIgniter.php(354): CodeIgniter\CodeIgniter->handleRequest(NULL, Object(Config\Cache), false)
#8 C:\xampp\htdocs\kasirpos\system\Boot.php(363): CodeIgniter\CodeIgniter->run()
#9 C:\xampp\htdocs\kasirpos\system\Boot.php(68): CodeIgniter\Boot::runCodeIgniter(Object(CodeIgniter\CodeIgniter))
#10 C:\xampp\htdocs\kasirpos\public\index.php(59): CodeIgniter\Boot::bootWeb(Object(Config\Paths))
#11 C:\xampp\htdocs\kasirpos\system\rewrite.php(44): require_once('C:\\xampp\\htdocs...')
#12 {main}
CRITICAL - 2026-05-09 14:30:11 --> CodeIgniter\Database\Exceptions\DatabaseException: You have an error in your SQL syntax; check the manual that corresponds to your MariaDB server version for the right syntax to use near 'COUNT(CASE WHEN status = 'Lunas' THEN 1 END) as total_transaksi
FROM `transak...' at line 7
[Method: GET, Route: kasir/transaksi]
in SYSTEMPATH\Database\BaseConnection.php on line 684.
 1 SYSTEMPATH\Database\BaseBuilder.php(1649): CodeIgniter\Database\BaseConnection->query('SELECT SUM(CASE WHEN status = \'Lunas\' THEN total_bayar ELSE 0 END) as total_pendapatan,
        SUM(CASE WHEN status = \'Lunas\' AND metode_pembayaran = \'Tunai\' THEN total_bayar ELSE 0 END) as total_tunai,
        SUM(CASE WHEN status = \'Lunas\' AND metode_pembayaran = \'QRIS\' THEN total_bayar ELSE 0 END) as total_qris,
        SUM(CASE WHEN status = \'Lunas\' AND metode_pembayaran = \'Transfer\' THEN total_bayar ELSE 0 END) as total_transfer,
        SUM(CASE WHEN status = \'Lunas\' AND metode_pembayaran = \'EDC\' THEN total_bayar ELSE 0 END) as total_edc,
        COUNT(CASE WHEN status = \'Batal\' THEN 1 END) as jumlah_batal
        COUNT(CASE WHEN status = \'Lunas\' THEN 1 END) as total_transaksi
FROM `transaksi`
WHERE `transaksi`.`id_user` = :transaksi.id_user:
AND DATE(created_at) = :DATE(created_at):', [...], false)
 2 APPPATH\Controllers\Kasir.php(41): CodeIgniter\Database\BaseBuilder->get()
 3 SYSTEMPATH\CodeIgniter.php(933): App\Controllers\Kasir->index()
 4 SYSTEMPATH\CodeIgniter.php(507): CodeIgniter\CodeIgniter->runController(Object(App\Controllers\Kasir))
 5 SYSTEMPATH\CodeIgniter.php(354): CodeIgniter\CodeIgniter->handleRequest(null, Object(Config\Cache), false)
 6 SYSTEMPATH\Boot.php(363): CodeIgniter\CodeIgniter->run()
 7 SYSTEMPATH\Boot.php(68): CodeIgniter\Boot::runCodeIgniter(Object(CodeIgniter\CodeIgniter))
 8 FCPATH\index.php(59): CodeIgniter\Boot::bootWeb(Object(Config\Paths))
 9 SYSTEMPATH\rewrite.php(44): require_once('C:\\xampp\\htdocs\\kasirpos\\public\\index.php')
CRITICAL - 2026-05-09 14:30:11 --> [Caused by] CodeIgniter\Database\Exceptions\DatabaseException: You have an error in your SQL syntax; check the manual that corresponds to your MariaDB server version for the right syntax to use near 'COUNT(CASE WHEN status = 'Lunas' THEN 1 END) as total_transaksi
FROM `transak...' at line 7
in SYSTEMPATH\Database\MySQLi\Connection.php on line 332.
 1 SYSTEMPATH\Database\BaseConnection.php(729): CodeIgniter\Database\MySQLi\Connection->execute('SELECT SUM(CASE WHEN status = \'Lunas\' THEN total_bayar ELSE 0 END) as total_pendapatan,
        SUM(CASE WHEN status = \'Lunas\' AND metode_pembayaran = \'Tunai\' THEN total_bayar ELSE 0 END) as total_tunai,
        SUM(CASE WHEN status = \'Lunas\' AND metode_pembayaran = \'QRIS\' THEN total_bayar ELSE 0 END) as total_qris,
        SUM(CASE WHEN status = \'Lunas\' AND metode_pembayaran = \'Transfer\' THEN total_bayar ELSE 0 END) as total_transfer,
        SUM(CASE WHEN status = \'Lunas\' AND metode_pembayaran = \'EDC\' THEN total_bayar ELSE 0 END) as total_edc,
        COUNT(CASE WHEN status = \'Batal\' THEN 1 END) as jumlah_batal
        COUNT(CASE WHEN status = \'Lunas\' THEN 1 END) as total_transaksi
FROM `transaksi`
WHERE `transaksi`.`id_user` = \'2\'
AND DATE(created_at) = \'2026-05-09\'')
 2 SYSTEMPATH\Database\BaseConnection.php(646): CodeIgniter\Database\BaseConnection->simpleQuery('SELECT SUM(CASE WHEN status = \'Lunas\' THEN total_bayar ELSE 0 END) as total_pendapatan,
        SUM(CASE WHEN status = \'Lunas\' AND metode_pembayaran = \'Tunai\' THEN total_bayar ELSE 0 END) as total_tunai,
        SUM(CASE WHEN status = \'Lunas\' AND metode_pembayaran = \'QRIS\' THEN total_bayar ELSE 0 END) as total_qris,
        SUM(CASE WHEN status = \'Lunas\' AND metode_pembayaran = \'Transfer\' THEN total_bayar ELSE 0 END) as total_transfer,
        SUM(CASE WHEN status = \'Lunas\' AND metode_pembayaran = \'EDC\' THEN total_bayar ELSE 0 END) as total_edc,
        COUNT(CASE WHEN status = \'Batal\' THEN 1 END) as jumlah_batal
        COUNT(CASE WHEN status = \'Lunas\' THEN 1 END) as total_transaksi
FROM `transaksi`
WHERE `transaksi`.`id_user` = \'2\'
AND DATE(created_at) = \'2026-05-09\'')
 3 SYSTEMPATH\Database\BaseBuilder.php(1649): CodeIgniter\Database\BaseConnection->query('SELECT SUM(CASE WHEN status = \'Lunas\' THEN total_bayar ELSE 0 END) as total_pendapatan,
        SUM(CASE WHEN status = \'Lunas\' AND metode_pembayaran = \'Tunai\' THEN total_bayar ELSE 0 END) as total_tunai,
        SUM(CASE WHEN status = \'Lunas\' AND metode_pembayaran = \'QRIS\' THEN total_bayar ELSE 0 END) as total_qris,
        SUM(CASE WHEN status = \'Lunas\' AND metode_pembayaran = \'Transfer\' THEN total_bayar ELSE 0 END) as total_transfer,
        SUM(CASE WHEN status = \'Lunas\' AND metode_pembayaran = \'EDC\' THEN total_bayar ELSE 0 END) as total_edc,
        COUNT(CASE WHEN status = \'Batal\' THEN 1 END) as jumlah_batal
        COUNT(CASE WHEN status = \'Lunas\' THEN 1 END) as total_transaksi
FROM `transaksi`
WHERE `transaksi`.`id_user` = :transaksi.id_user:
AND DATE(created_at) = :DATE(created_at):', [...], false)
 4 APPPATH\Controllers\Kasir.php(41): CodeIgniter\Database\BaseBuilder->get()
 5 SYSTEMPATH\CodeIgniter.php(933): App\Controllers\Kasir->index()
 6 SYSTEMPATH\CodeIgniter.php(507): CodeIgniter\CodeIgniter->runController(Object(App\Controllers\Kasir))
 7 SYSTEMPATH\CodeIgniter.php(354): CodeIgniter\CodeIgniter->handleRequest(null, Object(Config\Cache), false)
 8 SYSTEMPATH\Boot.php(363): CodeIgniter\CodeIgniter->run()
 9 SYSTEMPATH\Boot.php(68): CodeIgniter\Boot::runCodeIgniter(Object(CodeIgniter\CodeIgniter))
10 FCPATH\index.php(59): CodeIgniter\Boot::bootWeb(Object(Config\Paths))
11 SYSTEMPATH\rewrite.php(44): require_once('C:\\xampp\\htdocs\\kasirpos\\public\\index.php')
CRITICAL - 2026-05-09 14:30:11 --> [Caused by] mysqli_sql_exception: You have an error in your SQL syntax; check the manual that corresponds to your MariaDB server version for the right syntax to use near 'COUNT(CASE WHEN status = 'Lunas' THEN 1 END) as total_transaksi
FROM `transak...' at line 7
in SYSTEMPATH\Database\MySQLi\Connection.php on line 327.
 1 SYSTEMPATH\Database\MySQLi\Connection.php(327): mysqli->query('SELECT SUM(CASE WHEN status = \'Lunas\' THEN total_bayar ELSE 0 END) as total_pendapatan,
        SUM(CASE WHEN status = \'Lunas\' AND metode_pembayaran = \'Tunai\' THEN total_bayar ELSE 0 END) as total_tunai,
        SUM(CASE WHEN status = \'Lunas\' AND metode_pembayaran = \'QRIS\' THEN total_bayar ELSE 0 END) as total_qris,
        SUM(CASE WHEN status = \'Lunas\' AND metode_pembayaran = \'Transfer\' THEN total_bayar ELSE 0 END) as total_transfer,
        SUM(CASE WHEN status = \'Lunas\' AND metode_pembayaran = \'EDC\' THEN total_bayar ELSE 0 END) as total_edc,
        COUNT(CASE WHEN status = \'Batal\' THEN 1 END) as jumlah_batal
        COUNT(CASE WHEN status = \'Lunas\' THEN 1 END) as total_transaksi
FROM `transaksi`
WHERE `transaksi`.`id_user` = \'2\'
AND DATE(created_at) = \'2026-05-09\'', 0)
 2 SYSTEMPATH\Database\BaseConnection.php(729): CodeIgniter\Database\MySQLi\Connection->execute('SELECT SUM(CASE WHEN status = \'Lunas\' THEN total_bayar ELSE 0 END) as total_pendapatan,
        SUM(CASE WHEN status = \'Lunas\' AND metode_pembayaran = \'Tunai\' THEN total_bayar ELSE 0 END) as total_tunai,
        SUM(CASE WHEN status = \'Lunas\' AND metode_pembayaran = \'QRIS\' THEN total_bayar ELSE 0 END) as total_qris,
        SUM(CASE WHEN status = \'Lunas\' AND metode_pembayaran = \'Transfer\' THEN total_bayar ELSE 0 END) as total_transfer,
        SUM(CASE WHEN status = \'Lunas\' AND metode_pembayaran = \'EDC\' THEN total_bayar ELSE 0 END) as total_edc,
        COUNT(CASE WHEN status = \'Batal\' THEN 1 END) as jumlah_batal
        COUNT(CASE WHEN status = \'Lunas\' THEN 1 END) as total_transaksi
FROM `transaksi`
WHERE `transaksi`.`id_user` = \'2\'
AND DATE(created_at) = \'2026-05-09\'')
 3 SYSTEMPATH\Database\BaseConnection.php(646): CodeIgniter\Database\BaseConnection->simpleQuery('SELECT SUM(CASE WHEN status = \'Lunas\' THEN total_bayar ELSE 0 END) as total_pendapatan,
        SUM(CASE WHEN status = \'Lunas\' AND metode_pembayaran = \'Tunai\' THEN total_bayar ELSE 0 END) as total_tunai,
        SUM(CASE WHEN status = \'Lunas\' AND metode_pembayaran = \'QRIS\' THEN total_bayar ELSE 0 END) as total_qris,
        SUM(CASE WHEN status = \'Lunas\' AND metode_pembayaran = \'Transfer\' THEN total_bayar ELSE 0 END) as total_transfer,
        SUM(CASE WHEN status = \'Lunas\' AND metode_pembayaran = \'EDC\' THEN total_bayar ELSE 0 END) as total_edc,
        COUNT(CASE WHEN status = \'Batal\' THEN 1 END) as jumlah_batal
        COUNT(CASE WHEN status = \'Lunas\' THEN 1 END) as total_transaksi
FROM `transaksi`
WHERE `transaksi`.`id_user` = \'2\'
AND DATE(created_at) = \'2026-05-09\'')
 4 SYSTEMPATH\Database\BaseBuilder.php(1649): CodeIgniter\Database\BaseConnection->query('SELECT SUM(CASE WHEN status = \'Lunas\' THEN total_bayar ELSE 0 END) as total_pendapatan,
        SUM(CASE WHEN status = \'Lunas\' AND metode_pembayaran = \'Tunai\' THEN total_bayar ELSE 0 END) as total_tunai,
        SUM(CASE WHEN status = \'Lunas\' AND metode_pembayaran = \'QRIS\' THEN total_bayar ELSE 0 END) as total_qris,
        SUM(CASE WHEN status = \'Lunas\' AND metode_pembayaran = \'Transfer\' THEN total_bayar ELSE 0 END) as total_transfer,
        SUM(CASE WHEN status = \'Lunas\' AND metode_pembayaran = \'EDC\' THEN total_bayar ELSE 0 END) as total_edc,
        COUNT(CASE WHEN status = \'Batal\' THEN 1 END) as jumlah_batal
        COUNT(CASE WHEN status = \'Lunas\' THEN 1 END) as total_transaksi
FROM `transaksi`
WHERE `transaksi`.`id_user` = :transaksi.id_user:
AND DATE(created_at) = :DATE(created_at):', [...], false)
 5 APPPATH\Controllers\Kasir.php(41): CodeIgniter\Database\BaseBuilder->get()
 6 SYSTEMPATH\CodeIgniter.php(933): App\Controllers\Kasir->index()
 7 SYSTEMPATH\CodeIgniter.php(507): CodeIgniter\CodeIgniter->runController(Object(App\Controllers\Kasir))
 8 SYSTEMPATH\CodeIgniter.php(354): CodeIgniter\CodeIgniter->handleRequest(null, Object(Config\Cache), false)
 9 SYSTEMPATH\Boot.php(363): CodeIgniter\CodeIgniter->run()
10 SYSTEMPATH\Boot.php(68): CodeIgniter\Boot::runCodeIgniter(Object(CodeIgniter\CodeIgniter))
11 FCPATH\index.php(59): CodeIgniter\Boot::bootWeb(Object(Config\Paths))
12 SYSTEMPATH\rewrite.php(44): require_once('C:\\xampp\\htdocs\\kasirpos\\public\\index.php')
DEBUG - 2026-05-09 07:30:11 --> Session: Class initialized using 'CodeIgniter\Session\Handlers\FileHandler' driver.
ERROR - 2026-05-09 14:30:11 --> mysqli_sql_exception: You have an error in your SQL syntax; check the manual that corresponds to your MariaDB server version for the right syntax to use near 'COUNT(CASE WHEN status = 'Lunas' THEN 1 END) as total_transaksi
FROM `transak...' at line 7 in C:\xampp\htdocs\kasirpos\system\Database\MySQLi\Connection.php:327
Stack trace:
#0 C:\xampp\htdocs\kasirpos\system\Database\MySQLi\Connection.php(327): mysqli->query('SELECT SUM(CASE...', 0)
#1 C:\xampp\htdocs\kasirpos\system\Database\BaseConnection.php(729): CodeIgniter\Database\MySQLi\Connection->execute('SELECT SUM(CASE...')
#2 C:\xampp\htdocs\kasirpos\system\Database\BaseConnection.php(646): CodeIgniter\Database\BaseConnection->simpleQuery('SELECT SUM(CASE...')
#3 C:\xampp\htdocs\kasirpos\system\Database\BaseBuilder.php(1649): CodeIgniter\Database\BaseConnection->query('SELECT SUM(CASE...', Array, false)
#4 C:\xampp\htdocs\kasirpos\app\Controllers\Kasir.php(41): CodeIgniter\Database\BaseBuilder->get()
#5 C:\xampp\htdocs\kasirpos\system\CodeIgniter.php(933): App\Controllers\Kasir->index()
#6 C:\xampp\htdocs\kasirpos\system\CodeIgniter.php(507): CodeIgniter\CodeIgniter->runController(Object(App\Controllers\Kasir))
#7 C:\xampp\htdocs\kasirpos\system\CodeIgniter.php(354): CodeIgniter\CodeIgniter->handleRequest(NULL, Object(Config\Cache), false)
#8 C:\xampp\htdocs\kasirpos\system\Boot.php(363): CodeIgniter\CodeIgniter->run()
#9 C:\xampp\htdocs\kasirpos\system\Boot.php(68): CodeIgniter\Boot::runCodeIgniter(Object(CodeIgniter\CodeIgniter))
#10 C:\xampp\htdocs\kasirpos\public\index.php(59): CodeIgniter\Boot::bootWeb(Object(Config\Paths))
#11 C:\xampp\htdocs\kasirpos\system\rewrite.php(44): require_once('C:\\xampp\\htdocs...')
#12 {main}
CRITICAL - 2026-05-09 14:30:11 --> CodeIgniter\Database\Exceptions\DatabaseException: You have an error in your SQL syntax; check the manual that corresponds to your MariaDB server version for the right syntax to use near 'COUNT(CASE WHEN status = 'Lunas' THEN 1 END) as total_transaksi
FROM `transak...' at line 7
[Method: GET, Route: kasir/transaksi]
in SYSTEMPATH\Database\BaseConnection.php on line 684.
 1 SYSTEMPATH\Database\BaseBuilder.php(1649): CodeIgniter\Database\BaseConnection->query('SELECT SUM(CASE WHEN status = \'Lunas\' THEN total_bayar ELSE 0 END) as total_pendapatan,
        SUM(CASE WHEN status = \'Lunas\' AND metode_pembayaran = \'Tunai\' THEN total_bayar ELSE 0 END) as total_tunai,
        SUM(CASE WHEN status = \'Lunas\' AND metode_pembayaran = \'QRIS\' THEN total_bayar ELSE 0 END) as total_qris,
        SUM(CASE WHEN status = \'Lunas\' AND metode_pembayaran = \'Transfer\' THEN total_bayar ELSE 0 END) as total_transfer,
        SUM(CASE WHEN status = \'Lunas\' AND metode_pembayaran = \'EDC\' THEN total_bayar ELSE 0 END) as total_edc,
        COUNT(CASE WHEN status = \'Batal\' THEN 1 END) as jumlah_batal
        COUNT(CASE WHEN status = \'Lunas\' THEN 1 END) as total_transaksi
FROM `transaksi`
WHERE `transaksi`.`id_user` = :transaksi.id_user:
AND DATE(created_at) = :DATE(created_at):', [...], false)
 2 APPPATH\Controllers\Kasir.php(41): CodeIgniter\Database\BaseBuilder->get()
 3 SYSTEMPATH\CodeIgniter.php(933): App\Controllers\Kasir->index()
 4 SYSTEMPATH\CodeIgniter.php(507): CodeIgniter\CodeIgniter->runController(Object(App\Controllers\Kasir))
 5 SYSTEMPATH\CodeIgniter.php(354): CodeIgniter\CodeIgniter->handleRequest(null, Object(Config\Cache), false)
 6 SYSTEMPATH\Boot.php(363): CodeIgniter\CodeIgniter->run()
 7 SYSTEMPATH\Boot.php(68): CodeIgniter\Boot::runCodeIgniter(Object(CodeIgniter\CodeIgniter))
 8 FCPATH\index.php(59): CodeIgniter\Boot::bootWeb(Object(Config\Paths))
 9 SYSTEMPATH\rewrite.php(44): require_once('C:\\xampp\\htdocs\\kasirpos\\public\\index.php')
CRITICAL - 2026-05-09 14:30:11 --> [Caused by] CodeIgniter\Database\Exceptions\DatabaseException: You have an error in your SQL syntax; check the manual that corresponds to your MariaDB server version for the right syntax to use near 'COUNT(CASE WHEN status = 'Lunas' THEN 1 END) as total_transaksi
FROM `transak...' at line 7
in SYSTEMPATH\Database\MySQLi\Connection.php on line 332.
 1 SYSTEMPATH\Database\BaseConnection.php(729): CodeIgniter\Database\MySQLi\Connection->execute('SELECT SUM(CASE WHEN status = \'Lunas\' THEN total_bayar ELSE 0 END) as total_pendapatan,
        SUM(CASE WHEN status = \'Lunas\' AND metode_pembayaran = \'Tunai\' THEN total_bayar ELSE 0 END) as total_tunai,
        SUM(CASE WHEN status = \'Lunas\' AND metode_pembayaran = \'QRIS\' THEN total_bayar ELSE 0 END) as total_qris,
        SUM(CASE WHEN status = \'Lunas\' AND metode_pembayaran = \'Transfer\' THEN total_bayar ELSE 0 END) as total_transfer,
        SUM(CASE WHEN status = \'Lunas\' AND metode_pembayaran = \'EDC\' THEN total_bayar ELSE 0 END) as total_edc,
        COUNT(CASE WHEN status = \'Batal\' THEN 1 END) as jumlah_batal
        COUNT(CASE WHEN status = \'Lunas\' THEN 1 END) as total_transaksi
FROM `transaksi`
WHERE `transaksi`.`id_user` = \'2\'
AND DATE(created_at) = \'2026-05-09\'')
 2 SYSTEMPATH\Database\BaseConnection.php(646): CodeIgniter\Database\BaseConnection->simpleQuery('SELECT SUM(CASE WHEN status = \'Lunas\' THEN total_bayar ELSE 0 END) as total_pendapatan,
        SUM(CASE WHEN status = \'Lunas\' AND metode_pembayaran = \'Tunai\' THEN total_bayar ELSE 0 END) as total_tunai,
        SUM(CASE WHEN status = \'Lunas\' AND metode_pembayaran = \'QRIS\' THEN total_bayar ELSE 0 END) as total_qris,
        SUM(CASE WHEN status = \'Lunas\' AND metode_pembayaran = \'Transfer\' THEN total_bayar ELSE 0 END) as total_transfer,
        SUM(CASE WHEN status = \'Lunas\' AND metode_pembayaran = \'EDC\' THEN total_bayar ELSE 0 END) as total_edc,
        COUNT(CASE WHEN status = \'Batal\' THEN 1 END) as jumlah_batal
        COUNT(CASE WHEN status = \'Lunas\' THEN 1 END) as total_transaksi
FROM `transaksi`
WHERE `transaksi`.`id_user` = \'2\'
AND DATE(created_at) = \'2026-05-09\'')
 3 SYSTEMPATH\Database\BaseBuilder.php(1649): CodeIgniter\Database\BaseConnection->query('SELECT SUM(CASE WHEN status = \'Lunas\' THEN total_bayar ELSE 0 END) as total_pendapatan,
        SUM(CASE WHEN status = \'Lunas\' AND metode_pembayaran = \'Tunai\' THEN total_bayar ELSE 0 END) as total_tunai,
        SUM(CASE WHEN status = \'Lunas\' AND metode_pembayaran = \'QRIS\' THEN total_bayar ELSE 0 END) as total_qris,
        SUM(CASE WHEN status = \'Lunas\' AND metode_pembayaran = \'Transfer\' THEN total_bayar ELSE 0 END) as total_transfer,
        SUM(CASE WHEN status = \'Lunas\' AND metode_pembayaran = \'EDC\' THEN total_bayar ELSE 0 END) as total_edc,
        COUNT(CASE WHEN status = \'Batal\' THEN 1 END) as jumlah_batal
        COUNT(CASE WHEN status = \'Lunas\' THEN 1 END) as total_transaksi
FROM `transaksi`
WHERE `transaksi`.`id_user` = :transaksi.id_user:
AND DATE(created_at) = :DATE(created_at):', [...], false)
 4 APPPATH\Controllers\Kasir.php(41): CodeIgniter\Database\BaseBuilder->get()
 5 SYSTEMPATH\CodeIgniter.php(933): App\Controllers\Kasir->index()
 6 SYSTEMPATH\CodeIgniter.php(507): CodeIgniter\CodeIgniter->runController(Object(App\Controllers\Kasir))
 7 SYSTEMPATH\CodeIgniter.php(354): CodeIgniter\CodeIgniter->handleRequest(null, Object(Config\Cache), false)
 8 SYSTEMPATH\Boot.php(363): CodeIgniter\CodeIgniter->run()
 9 SYSTEMPATH\Boot.php(68): CodeIgniter\Boot::runCodeIgniter(Object(CodeIgniter\CodeIgniter))
10 FCPATH\index.php(59): CodeIgniter\Boot::bootWeb(Object(Config\Paths))
11 SYSTEMPATH\rewrite.php(44): require_once('C:\\xampp\\htdocs\\kasirpos\\public\\index.php')
CRITICAL - 2026-05-09 14:30:11 --> [Caused by] mysqli_sql_exception: You have an error in your SQL syntax; check the manual that corresponds to your MariaDB server version for the right syntax to use near 'COUNT(CASE WHEN status = 'Lunas' THEN 1 END) as total_transaksi
FROM `transak...' at line 7
in SYSTEMPATH\Database\MySQLi\Connection.php on line 327.
 1 SYSTEMPATH\Database\MySQLi\Connection.php(327): mysqli->query('SELECT SUM(CASE WHEN status = \'Lunas\' THEN total_bayar ELSE 0 END) as total_pendapatan,
        SUM(CASE WHEN status = \'Lunas\' AND metode_pembayaran = \'Tunai\' THEN total_bayar ELSE 0 END) as total_tunai,
        SUM(CASE WHEN status = \'Lunas\' AND metode_pembayaran = \'QRIS\' THEN total_bayar ELSE 0 END) as total_qris,
        SUM(CASE WHEN status = \'Lunas\' AND metode_pembayaran = \'Transfer\' THEN total_bayar ELSE 0 END) as total_transfer,
        SUM(CASE WHEN status = \'Lunas\' AND metode_pembayaran = \'EDC\' THEN total_bayar ELSE 0 END) as total_edc,
        COUNT(CASE WHEN status = \'Batal\' THEN 1 END) as jumlah_batal
        COUNT(CASE WHEN status = \'Lunas\' THEN 1 END) as total_transaksi
FROM `transaksi`
WHERE `transaksi`.`id_user` = \'2\'
AND DATE(created_at) = \'2026-05-09\'', 0)
 2 SYSTEMPATH\Database\BaseConnection.php(729): CodeIgniter\Database\MySQLi\Connection->execute('SELECT SUM(CASE WHEN status = \'Lunas\' THEN total_bayar ELSE 0 END) as total_pendapatan,
        SUM(CASE WHEN status = \'Lunas\' AND metode_pembayaran = \'Tunai\' THEN total_bayar ELSE 0 END) as total_tunai,
        SUM(CASE WHEN status = \'Lunas\' AND metode_pembayaran = \'QRIS\' THEN total_bayar ELSE 0 END) as total_qris,
        SUM(CASE WHEN status = \'Lunas\' AND metode_pembayaran = \'Transfer\' THEN total_bayar ELSE 0 END) as total_transfer,
        SUM(CASE WHEN status = \'Lunas\' AND metode_pembayaran = \'EDC\' THEN total_bayar ELSE 0 END) as total_edc,
        COUNT(CASE WHEN status = \'Batal\' THEN 1 END) as jumlah_batal
        COUNT(CASE WHEN status = \'Lunas\' THEN 1 END) as total_transaksi
FROM `transaksi`
WHERE `transaksi`.`id_user` = \'2\'
AND DATE(created_at) = \'2026-05-09\'')
 3 SYSTEMPATH\Database\BaseConnection.php(646): CodeIgniter\Database\BaseConnection->simpleQuery('SELECT SUM(CASE WHEN status = \'Lunas\' THEN total_bayar ELSE 0 END) as total_pendapatan,
        SUM(CASE WHEN status = \'Lunas\' AND metode_pembayaran = \'Tunai\' THEN total_bayar ELSE 0 END) as total_tunai,
        SUM(CASE WHEN status = \'Lunas\' AND metode_pembayaran = \'QRIS\' THEN total_bayar ELSE 0 END) as total_qris,
        SUM(CASE WHEN status = \'Lunas\' AND metode_pembayaran = \'Transfer\' THEN total_bayar ELSE 0 END) as total_transfer,
        SUM(CASE WHEN status = \'Lunas\' AND metode_pembayaran = \'EDC\' THEN total_bayar ELSE 0 END) as total_edc,
        COUNT(CASE WHEN status = \'Batal\' THEN 1 END) as jumlah_batal
        COUNT(CASE WHEN status = \'Lunas\' THEN 1 END) as total_transaksi
FROM `transaksi`
WHERE `transaksi`.`id_user` = \'2\'
AND DATE(created_at) = \'2026-05-09\'')
 4 SYSTEMPATH\Database\BaseBuilder.php(1649): CodeIgniter\Database\BaseConnection->query('SELECT SUM(CASE WHEN status = \'Lunas\' THEN total_bayar ELSE 0 END) as total_pendapatan,
        SUM(CASE WHEN status = \'Lunas\' AND metode_pembayaran = \'Tunai\' THEN total_bayar ELSE 0 END) as total_tunai,
        SUM(CASE WHEN status = \'Lunas\' AND metode_pembayaran = \'QRIS\' THEN total_bayar ELSE 0 END) as total_qris,
        SUM(CASE WHEN status = \'Lunas\' AND metode_pembayaran = \'Transfer\' THEN total_bayar ELSE 0 END) as total_transfer,
        SUM(CASE WHEN status = \'Lunas\' AND metode_pembayaran = \'EDC\' THEN total_bayar ELSE 0 END) as total_edc,
        COUNT(CASE WHEN status = \'Batal\' THEN 1 END) as jumlah_batal
        COUNT(CASE WHEN status = \'Lunas\' THEN 1 END) as total_transaksi
FROM `transaksi`
WHERE `transaksi`.`id_user` = :transaksi.id_user:
AND DATE(created_at) = :DATE(created_at):', [...], false)
 5 APPPATH\Controllers\Kasir.php(41): CodeIgniter\Database\BaseBuilder->get()
 6 SYSTEMPATH\CodeIgniter.php(933): App\Controllers\Kasir->index()
 7 SYSTEMPATH\CodeIgniter.php(507): CodeIgniter\CodeIgniter->runController(Object(App\Controllers\Kasir))
 8 SYSTEMPATH\CodeIgniter.php(354): CodeIgniter\CodeIgniter->handleRequest(null, Object(Config\Cache), false)
 9 SYSTEMPATH\Boot.php(363): CodeIgniter\CodeIgniter->run()
10 SYSTEMPATH\Boot.php(68): CodeIgniter\Boot::runCodeIgniter(Object(CodeIgniter\CodeIgniter))
11 FCPATH\index.php(59): CodeIgniter\Boot::bootWeb(Object(Config\Paths))
12 SYSTEMPATH\rewrite.php(44): require_once('C:\\xampp\\htdocs\\kasirpos\\public\\index.php')
DEBUG - 2026-05-09 07:30:11 --> Session: Class initialized using 'CodeIgniter\Session\Handlers\FileHandler' driver.
ERROR - 2026-05-09 14:30:11 --> mysqli_sql_exception: You have an error in your SQL syntax; check the manual that corresponds to your MariaDB server version for the right syntax to use near 'COUNT(CASE WHEN status = 'Lunas' THEN 1 END) as total_transaksi
FROM `transak...' at line 7 in C:\xampp\htdocs\kasirpos\system\Database\MySQLi\Connection.php:327
Stack trace:
#0 C:\xampp\htdocs\kasirpos\system\Database\MySQLi\Connection.php(327): mysqli->query('SELECT SUM(CASE...', 0)
#1 C:\xampp\htdocs\kasirpos\system\Database\BaseConnection.php(729): CodeIgniter\Database\MySQLi\Connection->execute('SELECT SUM(CASE...')
#2 C:\xampp\htdocs\kasirpos\system\Database\BaseConnection.php(646): CodeIgniter\Database\BaseConnection->simpleQuery('SELECT SUM(CASE...')
#3 C:\xampp\htdocs\kasirpos\system\Database\BaseBuilder.php(1649): CodeIgniter\Database\BaseConnection->query('SELECT SUM(CASE...', Array, false)
#4 C:\xampp\htdocs\kasirpos\app\Controllers\Kasir.php(41): CodeIgniter\Database\BaseBuilder->get()
#5 C:\xampp\htdocs\kasirpos\system\CodeIgniter.php(933): App\Controllers\Kasir->index()
#6 C:\xampp\htdocs\kasirpos\system\CodeIgniter.php(507): CodeIgniter\CodeIgniter->runController(Object(App\Controllers\Kasir))
#7 C:\xampp\htdocs\kasirpos\system\CodeIgniter.php(354): CodeIgniter\CodeIgniter->handleRequest(NULL, Object(Config\Cache), false)
#8 C:\xampp\htdocs\kasirpos\system\Boot.php(363): CodeIgniter\CodeIgniter->run()
#9 C:\xampp\htdocs\kasirpos\system\Boot.php(68): CodeIgniter\Boot::runCodeIgniter(Object(CodeIgniter\CodeIgniter))
#10 C:\xampp\htdocs\kasirpos\public\index.php(59): CodeIgniter\Boot::bootWeb(Object(Config\Paths))
#11 C:\xampp\htdocs\kasirpos\system\rewrite.php(44): require_once('C:\\xampp\\htdocs...')
#12 {main}
CRITICAL - 2026-05-09 14:30:11 --> CodeIgniter\Database\Exceptions\DatabaseException: You have an error in your SQL syntax; check the manual that corresponds to your MariaDB server version for the right syntax to use near 'COUNT(CASE WHEN status = 'Lunas' THEN 1 END) as total_transaksi
FROM `transak...' at line 7
[Method: GET, Route: kasir/transaksi]
in SYSTEMPATH\Database\BaseConnection.php on line 684.
 1 SYSTEMPATH\Database\BaseBuilder.php(1649): CodeIgniter\Database\BaseConnection->query('SELECT SUM(CASE WHEN status = \'Lunas\' THEN total_bayar ELSE 0 END) as total_pendapatan,
        SUM(CASE WHEN status = \'Lunas\' AND metode_pembayaran = \'Tunai\' THEN total_bayar ELSE 0 END) as total_tunai,
        SUM(CASE WHEN status = \'Lunas\' AND metode_pembayaran = \'QRIS\' THEN total_bayar ELSE 0 END) as total_qris,
        SUM(CASE WHEN status = \'Lunas\' AND metode_pembayaran = \'Transfer\' THEN total_bayar ELSE 0 END) as total_transfer,
        SUM(CASE WHEN status = \'Lunas\' AND metode_pembayaran = \'EDC\' THEN total_bayar ELSE 0 END) as total_edc,
        COUNT(CASE WHEN status = \'Batal\' THEN 1 END) as jumlah_batal
        COUNT(CASE WHEN status = \'Lunas\' THEN 1 END) as total_transaksi
FROM `transaksi`
WHERE `transaksi`.`id_user` = :transaksi.id_user:
AND DATE(created_at) = :DATE(created_at):', [...], false)
 2 APPPATH\Controllers\Kasir.php(41): CodeIgniter\Database\BaseBuilder->get()
 3 SYSTEMPATH\CodeIgniter.php(933): App\Controllers\Kasir->index()
 4 SYSTEMPATH\CodeIgniter.php(507): CodeIgniter\CodeIgniter->runController(Object(App\Controllers\Kasir))
 5 SYSTEMPATH\CodeIgniter.php(354): CodeIgniter\CodeIgniter->handleRequest(null, Object(Config\Cache), false)
 6 SYSTEMPATH\Boot.php(363): CodeIgniter\CodeIgniter->run()
 7 SYSTEMPATH\Boot.php(68): CodeIgniter\Boot::runCodeIgniter(Object(CodeIgniter\CodeIgniter))
 8 FCPATH\index.php(59): CodeIgniter\Boot::bootWeb(Object(Config\Paths))
 9 SYSTEMPATH\rewrite.php(44): require_once('C:\\xampp\\htdocs\\kasirpos\\public\\index.php')
CRITICAL - 2026-05-09 14:30:11 --> [Caused by] CodeIgniter\Database\Exceptions\DatabaseException: You have an error in your SQL syntax; check the manual that corresponds to your MariaDB server version for the right syntax to use near 'COUNT(CASE WHEN status = 'Lunas' THEN 1 END) as total_transaksi
FROM `transak...' at line 7
in SYSTEMPATH\Database\MySQLi\Connection.php on line 332.
 1 SYSTEMPATH\Database\BaseConnection.php(729): CodeIgniter\Database\MySQLi\Connection->execute('SELECT SUM(CASE WHEN status = \'Lunas\' THEN total_bayar ELSE 0 END) as total_pendapatan,
        SUM(CASE WHEN status = \'Lunas\' AND metode_pembayaran = \'Tunai\' THEN total_bayar ELSE 0 END) as total_tunai,
        SUM(CASE WHEN status = \'Lunas\' AND metode_pembayaran = \'QRIS\' THEN total_bayar ELSE 0 END) as total_qris,
        SUM(CASE WHEN status = \'Lunas\' AND metode_pembayaran = \'Transfer\' THEN total_bayar ELSE 0 END) as total_transfer,
        SUM(CASE WHEN status = \'Lunas\' AND metode_pembayaran = \'EDC\' THEN total_bayar ELSE 0 END) as total_edc,
        COUNT(CASE WHEN status = \'Batal\' THEN 1 END) as jumlah_batal
        COUNT(CASE WHEN status = \'Lunas\' THEN 1 END) as total_transaksi
FROM `transaksi`
WHERE `transaksi`.`id_user` = \'2\'
AND DATE(created_at) = \'2026-05-09\'')
 2 SYSTEMPATH\Database\BaseConnection.php(646): CodeIgniter\Database\BaseConnection->simpleQuery('SELECT SUM(CASE WHEN status = \'Lunas\' THEN total_bayar ELSE 0 END) as total_pendapatan,
        SUM(CASE WHEN status = \'Lunas\' AND metode_pembayaran = \'Tunai\' THEN total_bayar ELSE 0 END) as total_tunai,
        SUM(CASE WHEN status = \'Lunas\' AND metode_pembayaran = \'QRIS\' THEN total_bayar ELSE 0 END) as total_qris,
        SUM(CASE WHEN status = \'Lunas\' AND metode_pembayaran = \'Transfer\' THEN total_bayar ELSE 0 END) as total_transfer,
        SUM(CASE WHEN status = \'Lunas\' AND metode_pembayaran = \'EDC\' THEN total_bayar ELSE 0 END) as total_edc,
        COUNT(CASE WHEN status = \'Batal\' THEN 1 END) as jumlah_batal
        COUNT(CASE WHEN status = \'Lunas\' THEN 1 END) as total_transaksi
FROM `transaksi`
WHERE `transaksi`.`id_user` = \'2\'
AND DATE(created_at) = \'2026-05-09\'')
 3 SYSTEMPATH\Database\BaseBuilder.php(1649): CodeIgniter\Database\BaseConnection->query('SELECT SUM(CASE WHEN status = \'Lunas\' THEN total_bayar ELSE 0 END) as total_pendapatan,
        SUM(CASE WHEN status = \'Lunas\' AND metode_pembayaran = \'Tunai\' THEN total_bayar ELSE 0 END) as total_tunai,
        SUM(CASE WHEN status = \'Lunas\' AND metode_pembayaran = \'QRIS\' THEN total_bayar ELSE 0 END) as total_qris,
        SUM(CASE WHEN status = \'Lunas\' AND metode_pembayaran = \'Transfer\' THEN total_bayar ELSE 0 END) as total_transfer,
        SUM(CASE WHEN status = \'Lunas\' AND metode_pembayaran = \'EDC\' THEN total_bayar ELSE 0 END) as total_edc,
        COUNT(CASE WHEN status = \'Batal\' THEN 1 END) as jumlah_batal
        COUNT(CASE WHEN status = \'Lunas\' THEN 1 END) as total_transaksi
FROM `transaksi`
WHERE `transaksi`.`id_user` = :transaksi.id_user:
AND DATE(created_at) = :DATE(created_at):', [...], false)
 4 APPPATH\Controllers\Kasir.php(41): CodeIgniter\Database\BaseBuilder->get()
 5 SYSTEMPATH\CodeIgniter.php(933): App\Controllers\Kasir->index()
 6 SYSTEMPATH\CodeIgniter.php(507): CodeIgniter\CodeIgniter->runController(Object(App\Controllers\Kasir))
 7 SYSTEMPATH\CodeIgniter.php(354): CodeIgniter\CodeIgniter->handleRequest(null, Object(Config\Cache), false)
 8 SYSTEMPATH\Boot.php(363): CodeIgniter\CodeIgniter->run()
 9 SYSTEMPATH\Boot.php(68): CodeIgniter\Boot::runCodeIgniter(Object(CodeIgniter\CodeIgniter))
10 FCPATH\index.php(59): CodeIgniter\Boot::bootWeb(Object(Config\Paths))
11 SYSTEMPATH\rewrite.php(44): require_once('C:\\xampp\\htdocs\\kasirpos\\public\\index.php')
CRITICAL - 2026-05-09 14:30:11 --> [Caused by] mysqli_sql_exception: You have an error in your SQL syntax; check the manual that corresponds to your MariaDB server version for the right syntax to use near 'COUNT(CASE WHEN status = 'Lunas' THEN 1 END) as total_transaksi
FROM `transak...' at line 7
in SYSTEMPATH\Database\MySQLi\Connection.php on line 327.
 1 SYSTEMPATH\Database\MySQLi\Connection.php(327): mysqli->query('SELECT SUM(CASE WHEN status = \'Lunas\' THEN total_bayar ELSE 0 END) as total_pendapatan,
        SUM(CASE WHEN status = \'Lunas\' AND metode_pembayaran = \'Tunai\' THEN total_bayar ELSE 0 END) as total_tunai,
        SUM(CASE WHEN status = \'Lunas\' AND metode_pembayaran = \'QRIS\' THEN total_bayar ELSE 0 END) as total_qris,
        SUM(CASE WHEN status = \'Lunas\' AND metode_pembayaran = \'Transfer\' THEN total_bayar ELSE 0 END) as total_transfer,
        SUM(CASE WHEN status = \'Lunas\' AND metode_pembayaran = \'EDC\' THEN total_bayar ELSE 0 END) as total_edc,
        COUNT(CASE WHEN status = \'Batal\' THEN 1 END) as jumlah_batal
        COUNT(CASE WHEN status = \'Lunas\' THEN 1 END) as total_transaksi
FROM `transaksi`
WHERE `transaksi`.`id_user` = \'2\'
AND DATE(created_at) = \'2026-05-09\'', 0)
 2 SYSTEMPATH\Database\BaseConnection.php(729): CodeIgniter\Database\MySQLi\Connection->execute('SELECT SUM(CASE WHEN status = \'Lunas\' THEN total_bayar ELSE 0 END) as total_pendapatan,
        SUM(CASE WHEN status = \'Lunas\' AND metode_pembayaran = \'Tunai\' THEN total_bayar ELSE 0 END) as total_tunai,
        SUM(CASE WHEN status = \'Lunas\' AND metode_pembayaran = \'QRIS\' THEN total_bayar ELSE 0 END) as total_qris,
        SUM(CASE WHEN status = \'Lunas\' AND metode_pembayaran = \'Transfer\' THEN total_bayar ELSE 0 END) as total_transfer,
        SUM(CASE WHEN status = \'Lunas\' AND metode_pembayaran = \'EDC\' THEN total_bayar ELSE 0 END) as total_edc,
        COUNT(CASE WHEN status = \'Batal\' THEN 1 END) as jumlah_batal
        COUNT(CASE WHEN status = \'Lunas\' THEN 1 END) as total_transaksi
FROM `transaksi`
WHERE `transaksi`.`id_user` = \'2\'
AND DATE(created_at) = \'2026-05-09\'')
 3 SYSTEMPATH\Database\BaseConnection.php(646): CodeIgniter\Database\BaseConnection->simpleQuery('SELECT SUM(CASE WHEN status = \'Lunas\' THEN total_bayar ELSE 0 END) as total_pendapatan,
        SUM(CASE WHEN status = \'Lunas\' AND metode_pembayaran = \'Tunai\' THEN total_bayar ELSE 0 END) as total_tunai,
        SUM(CASE WHEN status = \'Lunas\' AND metode_pembayaran = \'QRIS\' THEN total_bayar ELSE 0 END) as total_qris,
        SUM(CASE WHEN status = \'Lunas\' AND metode_pembayaran = \'Transfer\' THEN total_bayar ELSE 0 END) as total_transfer,
        SUM(CASE WHEN status = \'Lunas\' AND metode_pembayaran = \'EDC\' THEN total_bayar ELSE 0 END) as total_edc,
        COUNT(CASE WHEN status = \'Batal\' THEN 1 END) as jumlah_batal
        COUNT(CASE WHEN status = \'Lunas\' THEN 1 END) as total_transaksi
FROM `transaksi`
WHERE `transaksi`.`id_user` = \'2\'
AND DATE(created_at) = \'2026-05-09\'')
 4 SYSTEMPATH\Database\BaseBuilder.php(1649): CodeIgniter\Database\BaseConnection->query('SELECT SUM(CASE WHEN status = \'Lunas\' THEN total_bayar ELSE 0 END) as total_pendapatan,
        SUM(CASE WHEN status = \'Lunas\' AND metode_pembayaran = \'Tunai\' THEN total_bayar ELSE 0 END) as total_tunai,
        SUM(CASE WHEN status = \'Lunas\' AND metode_pembayaran = \'QRIS\' THEN total_bayar ELSE 0 END) as total_qris,
        SUM(CASE WHEN status = \'Lunas\' AND metode_pembayaran = \'Transfer\' THEN total_bayar ELSE 0 END) as total_transfer,
        SUM(CASE WHEN status = \'Lunas\' AND metode_pembayaran = \'EDC\' THEN total_bayar ELSE 0 END) as total_edc,
        COUNT(CASE WHEN status = \'Batal\' THEN 1 END) as jumlah_batal
        COUNT(CASE WHEN status = \'Lunas\' THEN 1 END) as total_transaksi
FROM `transaksi`
WHERE `transaksi`.`id_user` = :transaksi.id_user:
AND DATE(created_at) = :DATE(created_at):', [...], false)
 5 APPPATH\Controllers\Kasir.php(41): CodeIgniter\Database\BaseBuilder->get()
 6 SYSTEMPATH\CodeIgniter.php(933): App\Controllers\Kasir->index()
 7 SYSTEMPATH\CodeIgniter.php(507): CodeIgniter\CodeIgniter->runController(Object(App\Controllers\Kasir))
 8 SYSTEMPATH\CodeIgniter.php(354): CodeIgniter\CodeIgniter->handleRequest(null, Object(Config\Cache), false)
 9 SYSTEMPATH\Boot.php(363): CodeIgniter\CodeIgniter->run()
10 SYSTEMPATH\Boot.php(68): CodeIgniter\Boot::runCodeIgniter(Object(CodeIgniter\CodeIgniter))
11 FCPATH\index.php(59): CodeIgniter\Boot::bootWeb(Object(Config\Paths))
12 SYSTEMPATH\rewrite.php(44): require_once('C:\\xampp\\htdocs\\kasirpos\\public\\index.php')
DEBUG - 2026-05-09 07:30:35 --> Session: Class initialized using 'CodeIgniter\Session\Handlers\FileHandler' driver.
DEBUG - 2026-05-09 07:31:04 --> Session: Class initialized using 'CodeIgniter\Session\Handlers\FileHandler' driver.
DEBUG - 2026-05-09 07:31:12 --> Session: Class initialized using 'CodeIgniter\Session\Handlers\FileHandler' driver.
DEBUG - 2026-05-09 07:31:25 --> Session: Class initialized using 'CodeIgniter\Session\Handlers\FileHandler' driver.
DEBUG - 2026-05-09 07:31:30 --> Session: Class initialized using 'CodeIgniter\Session\Handlers\FileHandler' driver.
DEBUG - 2026-05-09 07:31:30 --> Session: Class initialized using 'CodeIgniter\Session\Handlers\FileHandler' driver.
DEBUG - 2026-05-09 07:31:48 --> Session: Class initialized using 'CodeIgniter\Session\Handlers\FileHandler' driver.
DEBUG - 2026-05-09 07:31:57 --> Session: Class initialized using 'CodeIgniter\Session\Handlers\FileHandler' driver.
DEBUG - 2026-05-09 07:32:03 --> Session: Class initialized using 'CodeIgniter\Session\Handlers\FileHandler' driver.
DEBUG - 2026-05-09 07:32:45 --> Session: Class initialized using 'CodeIgniter\Session\Handlers\FileHandler' driver.
DEBUG - 2026-05-09 07:32:59 --> Session: Class initialized using 'CodeIgniter\Session\Handlers\FileHandler' driver.
DEBUG - 2026-05-09 07:45:08 --> Session: Class initialized using 'CodeIgniter\Session\Handlers\FileHandler' driver.
CRITICAL - 2026-05-09 14:45:08 --> CodeIgniter\View\Exceptions\ViewException: Invalid file: "kasir/absen_masuk_view.php"
[Method: GET, Route: kasir/transaksi]
in SYSTEMPATH\Exceptions\FrameworkException.php on line 39.
 1 SYSTEMPATH\View\View.php(214): CodeIgniter\Exceptions\FrameworkException::forInvalidFile('kasir/absen_masuk_view.php')
 2 SYSTEMPATH\Common.php(1167): CodeIgniter\View\View->render('kasir/absen_masuk_view', [], true)
 3 APPPATH\Controllers\Kasir.php(30): view('kasir/absen_masuk_view')
 4 SYSTEMPATH\CodeIgniter.php(933): App\Controllers\Kasir->index()
 5 SYSTEMPATH\CodeIgniter.php(507): CodeIgniter\CodeIgniter->runController(Object(App\Controllers\Kasir))
 6 SYSTEMPATH\CodeIgniter.php(354): CodeIgniter\CodeIgniter->handleRequest(null, Object(Config\Cache), false)
 7 SYSTEMPATH\Boot.php(363): CodeIgniter\CodeIgniter->run()
 8 SYSTEMPATH\Boot.php(68): CodeIgniter\Boot::runCodeIgniter(Object(CodeIgniter\CodeIgniter))
 9 FCPATH\index.php(59): CodeIgniter\Boot::bootWeb(Object(Config\Paths))
10 SYSTEMPATH\rewrite.php(44): require_once('C:\\xampp\\htdocs\\kasirpos\\public\\index.php')
DEBUG - 2026-05-09 07:45:50 --> Session: Class initialized using 'CodeIgniter\Session\Handlers\FileHandler' driver.
DEBUG - 2026-05-09 07:46:31 --> Session: Class initialized using 'CodeIgniter\Session\Handlers\FileHandler' driver.
DEBUG - 2026-05-09 14:46:33 --> Session: Class initialized using 'CodeIgniter\Session\Handlers\FileHandler' driver.
DEBUG - 2026-05-09 14:46:33 --> Session: Class initialized using 'CodeIgniter\Session\Handlers\FileHandler' driver.
DEBUG - 2026-05-09 07:47:46 --> Session: Class initialized using 'CodeIgniter\Session\Handlers\FileHandler' driver.
DEBUG - 2026-05-09 07:47:57 --> Session: Class initialized using 'CodeIgniter\Session\Handlers\FileHandler' driver.
DEBUG - 2026-05-09 07:48:01 --> Session: Class initialized using 'CodeIgniter\Session\Handlers\FileHandler' driver.
DEBUG - 2026-05-09 07:48:20 --> Session: Class initialized using 'CodeIgniter\Session\Handlers\FileHandler' driver.
DEBUG - 2026-05-09 07:48:28 --> Session: Class initialized using 'CodeIgniter\Session\Handlers\FileHandler' driver.
DEBUG - 2026-05-09 07:48:41 --> Session: Class initialized using 'CodeIgniter\Session\Handlers\FileHandler' driver.
DEBUG - 2026-05-09 07:48:47 --> Session: Class initialized using 'CodeIgniter\Session\Handlers\FileHandler' driver.
DEBUG - 2026-05-09 07:48:53 --> Session: Class initialized using 'CodeIgniter\Session\Handlers\FileHandler' driver.
DEBUG - 2026-05-09 07:48:59 --> Session: Class initialized using 'CodeIgniter\Session\Handlers\FileHandler' driver.
DEBUG - 2026-05-09 07:49:06 --> Session: Class initialized using 'CodeIgniter\Session\Handlers\FileHandler' driver.
DEBUG - 2026-05-09 07:49:15 --> Session: Class initialized using 'CodeIgniter\Session\Handlers\FileHandler' driver.
DEBUG - 2026-05-09 07:49:20 --> Session: Class initialized using 'CodeIgniter\Session\Handlers\FileHandler' driver.
DEBUG - 2026-05-09 07:49:29 --> Session: Class initialized using 'CodeIgniter\Session\Handlers\FileHandler' driver.
DEBUG - 2026-05-09 07:49:38 --> Session: Class initialized using 'CodeIgniter\Session\Handlers\FileHandler' driver.
DEBUG - 2026-05-09 07:49:46 --> Session: Class initialized using 'CodeIgniter\Session\Handlers\FileHandler' driver.
DEBUG - 2026-05-09 14:50:15 --> Session: Class initialized using 'CodeIgniter\Session\Handlers\FileHandler' driver.
DEBUG - 2026-05-09 14:50:15 --> Session: Class initialized using 'CodeIgniter\Session\Handlers\FileHandler' driver.
DEBUG - 2026-05-09 07:50:15 --> Session: Class initialized using 'CodeIgniter\Session\Handlers\FileHandler' driver.
DEBUG - 2026-05-09 14:50:28 --> Session: Class initialized using 'CodeIgniter\Session\Handlers\FileHandler' driver.
DEBUG - 2026-05-09 14:50:28 --> Session: Class initialized using 'CodeIgniter\Session\Handlers\FileHandler' driver.
DEBUG - 2026-05-09 14:50:33 --> Session: Class initialized using 'CodeIgniter\Session\Handlers\FileHandler' driver.
DEBUG - 2026-05-09 14:50:33 --> Session: Class initialized using 'CodeIgniter\Session\Handlers\FileHandler' driver.
DEBUG - 2026-05-09 14:51:02 --> Session: Class initialized using 'CodeIgniter\Session\Handlers\FileHandler' driver.
DEBUG - 2026-05-09 14:51:02 --> Session: Class initialized using 'CodeIgniter\Session\Handlers\FileHandler' driver.
DEBUG - 2026-05-09 14:51:09 --> Session: Class initialized using 'CodeIgniter\Session\Handlers\FileHandler' driver.
DEBUG - 2026-05-09 07:51:09 --> Session: Class initialized using 'CodeIgniter\Session\Handlers\FileHandler' driver.
DEBUG - 2026-05-09 14:51:11 --> Session: Class initialized using 'CodeIgniter\Session\Handlers\FileHandler' driver.
DEBUG - 2026-05-09 14:51:11 --> Session: Class initialized using 'CodeIgniter\Session\Handlers\FileHandler' driver.
DEBUG - 2026-05-09 14:51:15 --> Session: Class initialized using 'CodeIgniter\Session\Handlers\FileHandler' driver.
DEBUG - 2026-05-09 14:51:15 --> Session: Class initialized using 'CodeIgniter\Session\Handlers\FileHandler' driver.
DEBUG - 2026-05-09 14:54:51 --> Session: Class initialized using 'CodeIgniter\Session\Handlers\FileHandler' driver.
DEBUG - 2026-05-09 14:54:51 --> Session: Class initialized using 'CodeIgniter\Session\Handlers\FileHandler' driver.
DEBUG - 2026-05-09 14:56:46 --> Session: Class initialized using 'CodeIgniter\Session\Handlers\FileHandler' driver.
DEBUG - 2026-05-09 14:56:48 --> Session: Class initialized using 'CodeIgniter\Session\Handlers\FileHandler' driver.
DEBUG - 2026-05-09 14:56:48 --> Session: Class initialized using 'CodeIgniter\Session\Handlers\FileHandler' driver.
DEBUG - 2026-05-09 14:56:51 --> Session: Class initialized using 'CodeIgniter\Session\Handlers\FileHandler' driver.
DEBUG - 2026-05-09 14:56:51 --> Session: Class initialized using 'CodeIgniter\Session\Handlers\FileHandler' driver.
DEBUG - 2026-05-09 14:56:55 --> Session: Class initialized using 'CodeIgniter\Session\Handlers\FileHandler' driver.
DEBUG - 2026-05-09 07:56:55 --> Session: Class initialized using 'CodeIgniter\Session\Handlers\FileHandler' driver.
DEBUG - 2026-05-09 14:56:59 --> Session: Class initialized using 'CodeIgniter\Session\Handlers\FileHandler' driver.
DEBUG - 2026-05-09 14:56:59 --> Session: Class initialized using 'CodeIgniter\Session\Handlers\FileHandler' driver.
DEBUG - 2026-05-09 07:56:59 --> Session: Class initialized using 'CodeIgniter\Session\Handlers\FileHandler' driver.
DEBUG - 2026-05-09 08:27:33 --> Session: Class initialized using 'CodeIgniter\Session\Handlers\FileHandler' driver.
DEBUG - 2026-05-09 15:27:35 --> Session: Class initialized using 'CodeIgniter\Session\Handlers\FileHandler' driver.
DEBUG - 2026-05-09 15:27:35 --> Session: Class initialized using 'CodeIgniter\Session\Handlers\FileHandler' driver.
DEBUG - 2026-05-09 15:27:38 --> Session: Class initialized using 'CodeIgniter\Session\Handlers\FileHandler' driver.
DEBUG - 2026-05-09 15:27:38 --> Session: Class initialized using 'CodeIgniter\Session\Handlers\FileHandler' driver.
DEBUG - 2026-05-09 15:27:42 --> Session: Class initialized using 'CodeIgniter\Session\Handlers\FileHandler' driver.
DEBUG - 2026-05-09 15:27:42 --> Session: Class initialized using 'CodeIgniter\Session\Handlers\FileHandler' driver.
DEBUG - 2026-05-09 15:27:45 --> Session: Class initialized using 'CodeIgniter\Session\Handlers\FileHandler' driver.
DEBUG - 2026-05-09 08:27:45 --> Session: Class initialized using 'CodeIgniter\Session\Handlers\FileHandler' driver.
DEBUG - 2026-05-09 15:27:48 --> Session: Class initialized using 'CodeIgniter\Session\Handlers\FileHandler' driver.
DEBUG - 2026-05-09 15:27:48 --> Session: Class initialized using 'CodeIgniter\Session\Handlers\FileHandler' driver.
DEBUG - 2026-05-09 15:27:51 --> Session: Class initialized using 'CodeIgniter\Session\Handlers\FileHandler' driver.
DEBUG - 2026-05-09 08:27:52 --> Session: Class initialized using 'CodeIgniter\Session\Handlers\FileHandler' driver.
DEBUG - 2026-05-09 08:27:52 --> Session: Class initialized using 'CodeIgniter\Session\Handlers\FileHandler' driver.
DEBUG - 2026-05-09 15:27:52 --> Session: Class initialized using 'CodeIgniter\Session\Handlers\FileHandler' driver.
DEBUG - 2026-05-09 08:27:52 --> Session: Class initialized using 'CodeIgniter\Session\Handlers\FileHandler' driver.
DEBUG - 2026-05-09 15:27:52 --> Session: Class initialized using 'CodeIgniter\Session\Handlers\FileHandler' driver.
DEBUG - 2026-05-09 15:27:52 --> Session: Class initialized using 'CodeIgniter\Session\Handlers\FileHandler' driver.
DEBUG - 2026-05-09 08:27:53 --> Session: Class initialized using 'CodeIgniter\Session\Handlers\FileHandler' driver.
DEBUG - 2026-05-09 15:27:53 --> Session: Class initialized using 'CodeIgniter\Session\Handlers\FileHandler' driver.
DEBUG - 2026-05-09 08:27:53 --> Session: Class initialized using 'CodeIgniter\Session\Handlers\FileHandler' driver.
DEBUG - 2026-05-09 15:27:53 --> Session: Class initialized using 'CodeIgniter\Session\Handlers\FileHandler' driver.
DEBUG - 2026-05-09 15:27:54 --> Session: Class initialized using 'CodeIgniter\Session\Handlers\FileHandler' driver.
DEBUG - 2026-05-09 08:27:54 --> Session: Class initialized using 'CodeIgniter\Session\Handlers\FileHandler' driver.
DEBUG - 2026-05-09 08:27:54 --> Session: Class initialized using 'CodeIgniter\Session\Handlers\FileHandler' driver.
DEBUG - 2026-05-09 15:27:55 --> Session: Class initialized using 'CodeIgniter\Session\Handlers\FileHandler' driver.
DEBUG - 2026-05-09 15:27:55 --> Session: Class initialized using 'CodeIgniter\Session\Handlers\FileHandler' driver.
DEBUG - 2026-05-09 15:27:56 --> Session: Class initialized using 'CodeIgniter\Session\Handlers\FileHandler' driver.
DEBUG - 2026-05-09 15:27:58 --> Session: Class initialized using 'CodeIgniter\Session\Handlers\FileHandler' driver.
DEBUG - 2026-05-09 15:28:02 --> Session: Class initialized using 'CodeIgniter\Session\Handlers\FileHandler' driver.
DEBUG - 2026-05-09 15:28:05 --> Session: Class initialized using 'CodeIgniter\Session\Handlers\FileHandler' driver.
DEBUG - 2026-05-09 15:28:05 --> Session: Class initialized using 'CodeIgniter\Session\Handlers\FileHandler' driver.
DEBUG - 2026-05-09 08:28:05 --> Session: Class initialized using 'CodeIgniter\Session\Handlers\FileHandler' driver.
DEBUG - 2026-05-09 15:28:08 --> Session: Class initialized using 'CodeIgniter\Session\Handlers\FileHandler' driver.
DEBUG - 2026-05-09 15:28:08 --> Session: Class initialized using 'CodeIgniter\Session\Handlers\FileHandler' driver.
DEBUG - 2026-05-09 15:28:11 --> Session: Class initialized using 'CodeIgniter\Session\Handlers\FileHandler' driver.
DEBUG - 2026-05-09 15:28:11 --> Session: Class initialized using 'CodeIgniter\Session\Handlers\FileHandler' driver.
DEBUG - 2026-05-09 15:28:16 --> Session: Class initialized using 'CodeIgniter\Session\Handlers\FileHandler' driver.
DEBUG - 2026-05-09 15:28:16 --> Session: Class initialized using 'CodeIgniter\Session\Handlers\FileHandler' driver.
DEBUG - 2026-05-09 15:28:20 --> Session: Class initialized using 'CodeIgniter\Session\Handlers\FileHandler' driver.
DEBUG - 2026-05-09 15:28:22 --> Session: Class initialized using 'CodeIgniter\Session\Handlers\FileHandler' driver.
DEBUG - 2026-05-09 15:28:26 --> Session: Class initialized using 'CodeIgniter\Session\Handlers\FileHandler' driver.
DEBUG - 2026-05-09 15:28:26 --> Session: Class initialized using 'CodeIgniter\Session\Handlers\FileHandler' driver.
DEBUG - 2026-05-09 15:28:29 --> Session: Class initialized using 'CodeIgniter\Session\Handlers\FileHandler' driver.
DEBUG - 2026-05-09 08:28:29 --> Session: Class initialized using 'CodeIgniter\Session\Handlers\FileHandler' driver.
DEBUG - 2026-05-09 15:28:45 --> Session: Class initialized using 'CodeIgniter\Session\Handlers\FileHandler' driver.
DEBUG - 2026-05-09 15:28:55 --> Session: Class initialized using 'CodeIgniter\Session\Handlers\FileHandler' driver.
DEBUG - 2026-05-09 15:28:55 --> Session: Class initialized using 'CodeIgniter\Session\Handlers\FileHandler' driver.
DEBUG - 2026-05-09 15:29:06 --> Session: Class initialized using 'CodeIgniter\Session\Handlers\FileHandler' driver.
DEBUG - 2026-05-09 15:29:06 --> Session: Class initialized using 'CodeIgniter\Session\Handlers\FileHandler' driver.
DEBUG - 2026-05-09 15:29:09 --> Session: Class initialized using 'CodeIgniter\Session\Handlers\FileHandler' driver.
DEBUG - 2026-05-09 15:29:09 --> Session: Class initialized using 'CodeIgniter\Session\Handlers\FileHandler' driver.
DEBUG - 2026-05-09 15:29:14 --> Session: Class initialized using 'CodeIgniter\Session\Handlers\FileHandler' driver.
DEBUG - 2026-05-09 15:29:16 --> Session: Class initialized using 'CodeIgniter\Session\Handlers\FileHandler' driver.
DEBUG - 2026-05-09 15:29:16 --> Session: Class initialized using 'CodeIgniter\Session\Handlers\FileHandler' driver.
DEBUG - 2026-05-09 15:29:21 --> Session: Class initialized using 'CodeIgniter\Session\Handlers\FileHandler' driver.
DEBUG - 2026-05-09 15:29:26 --> Session: Class initialized using 'CodeIgniter\Session\Handlers\FileHandler' driver.
DEBUG - 2026-05-09 15:29:26 --> Session: Class initialized using 'CodeIgniter\Session\Handlers\FileHandler' driver.
DEBUG - 2026-05-09 15:29:33 --> Session: Class initialized using 'CodeIgniter\Session\Handlers\FileHandler' driver.
DEBUG - 2026-05-09 15:29:33 --> Session: Class initialized using 'CodeIgniter\Session\Handlers\FileHandler' driver.
DEBUG - 2026-05-09 08:29:33 --> Session: Class initialized using 'CodeIgniter\Session\Handlers\FileHandler' driver.
DEBUG - 2026-05-09 15:29:35 --> Session: Class initialized using 'CodeIgniter\Session\Handlers\FileHandler' driver.
DEBUG - 2026-05-09 15:29:35 --> Session: Class initialized using 'CodeIgniter\Session\Handlers\FileHandler' driver.
DEBUG - 2026-05-09 15:29:38 --> Session: Class initialized using 'CodeIgniter\Session\Handlers\FileHandler' driver.
DEBUG - 2026-05-09 15:29:38 --> Session: Class initialized using 'CodeIgniter\Session\Handlers\FileHandler' driver.
DEBUG - 2026-05-09 15:29:43 --> Session: Class initialized using 'CodeIgniter\Session\Handlers\FileHandler' driver.
DEBUG - 2026-05-09 15:29:43 --> Session: Class initialized using 'CodeIgniter\Session\Handlers\FileHandler' driver.
DEBUG - 2026-05-09 15:29:45 --> Session: Class initialized using 'CodeIgniter\Session\Handlers\FileHandler' driver.
DEBUG - 2026-05-09 08:29:46 --> Session: Class initialized using 'CodeIgniter\Session\Handlers\FileHandler' driver.
DEBUG - 2026-05-09 15:29:55 --> Session: Class initialized using 'CodeIgniter\Session\Handlers\FileHandler' driver.
DEBUG - 2026-05-09 15:29:55 --> Session: Class initialized using 'CodeIgniter\Session\Handlers\FileHandler' driver.
DEBUG - 2026-05-09 08:29:55 --> Session: Class initialized using 'CodeIgniter\Session\Handlers\FileHandler' driver.
DEBUG - 2026-05-09 15:33:21 --> Session: Class initialized using 'CodeIgniter\Session\Handlers\FileHandler' driver.
DEBUG - 2026-05-09 15:33:21 --> Session: Class initialized using 'CodeIgniter\Session\Handlers\FileHandler' driver.
DEBUG - 2026-05-09 15:33:24 --> Session: Class initialized using 'CodeIgniter\Session\Handlers\FileHandler' driver.
DEBUG - 2026-05-09 15:33:24 --> Session: Class initialized using 'CodeIgniter\Session\Handlers\FileHandler' driver.
DEBUG - 2026-05-09 15:33:40 --> Session: Class initialized using 'CodeIgniter\Session\Handlers\FileHandler' driver.
DEBUG - 2026-05-09 15:33:40 --> Session: Class initialized using 'CodeIgniter\Session\Handlers\FileHandler' driver.
DEBUG - 2026-05-09 15:33:43 --> Session: Class initialized using 'CodeIgniter\Session\Handlers\FileHandler' driver.
DEBUG - 2026-05-09 08:33:43 --> Session: Class initialized using 'CodeIgniter\Session\Handlers\FileHandler' driver.
DEBUG - 2026-05-09 15:34:00 --> Session: Class initialized using 'CodeIgniter\Session\Handlers\FileHandler' driver.
DEBUG - 2026-05-09 15:34:01 --> Session: Class initialized using 'CodeIgniter\Session\Handlers\FileHandler' driver.
DEBUG - 2026-05-09 15:34:03 --> Session: Class initialized using 'CodeIgniter\Session\Handlers\FileHandler' driver.
DEBUG - 2026-05-09 15:34:03 --> Session: Class initialized using 'CodeIgniter\Session\Handlers\FileHandler' driver.
DEBUG - 2026-05-09 15:34:08 --> Session: Class initialized using 'CodeIgniter\Session\Handlers\FileHandler' driver.
DEBUG - 2026-05-09 15:34:11 --> Session: Class initialized using 'CodeIgniter\Session\Handlers\FileHandler' driver.
DEBUG - 2026-05-09 15:34:12 --> Session: Class initialized using 'CodeIgniter\Session\Handlers\FileHandler' driver.
DEBUG - 2026-05-09 15:34:14 --> Session: Class initialized using 'CodeIgniter\Session\Handlers\FileHandler' driver.
DEBUG - 2026-05-09 08:34:14 --> Session: Class initialized using 'CodeIgniter\Session\Handlers\FileHandler' driver.
DEBUG - 2026-05-09 15:34:16 --> Session: Class initialized using 'CodeIgniter\Session\Handlers\FileHandler' driver.
DEBUG - 2026-05-09 15:34:16 --> Session: Class initialized using 'CodeIgniter\Session\Handlers\FileHandler' driver.
DEBUG - 2026-05-09 15:34:18 --> Session: Class initialized using 'CodeIgniter\Session\Handlers\FileHandler' driver.
DEBUG - 2026-05-09 15:34:18 --> Session: Class initialized using 'CodeIgniter\Session\Handlers\FileHandler' driver.
DEBUG - 2026-05-09 15:34:24 --> Session: Class initialized using 'CodeIgniter\Session\Handlers\FileHandler' driver.
DEBUG - 2026-05-09 15:34:24 --> Session: Class initialized using 'CodeIgniter\Session\Handlers\FileHandler' driver.
DEBUG - 2026-05-09 15:34:28 --> Session: Class initialized using 'CodeIgniter\Session\Handlers\FileHandler' driver.
DEBUG - 2026-05-09 08:34:28 --> Session: Class initialized using 'CodeIgniter\Session\Handlers\FileHandler' driver.
DEBUG - 2026-05-09 15:34:57 --> Session: Class initialized using 'CodeIgniter\Session\Handlers\FileHandler' driver.
DEBUG - 2026-05-09 15:34:57 --> Session: Class initialized using 'CodeIgniter\Session\Handlers\FileHandler' driver.
DEBUG - 2026-05-09 08:34:58 --> Session: Class initialized using 'CodeIgniter\Session\Handlers\FileHandler' driver.
DEBUG - 2026-05-09 08:37:35 --> Session: Class initialized using 'CodeIgniter\Session\Handlers\FileHandler' driver.
DEBUG - 2026-05-09 15:37:37 --> Session: Class initialized using 'CodeIgniter\Session\Handlers\FileHandler' driver.
DEBUG - 2026-05-09 15:37:37 --> Session: Class initialized using 'CodeIgniter\Session\Handlers\FileHandler' driver.
DEBUG - 2026-05-09 15:37:41 --> Session: Class initialized using 'CodeIgniter\Session\Handlers\FileHandler' driver.
DEBUG - 2026-05-09 15:37:41 --> Session: Class initialized using 'CodeIgniter\Session\Handlers\FileHandler' driver.
DEBUG - 2026-05-09 15:37:51 --> Session: Class initialized using 'CodeIgniter\Session\Handlers\FileHandler' driver.
DEBUG - 2026-05-09 15:38:24 --> Session: Class initialized using 'CodeIgniter\Session\Handlers\FileHandler' driver.
DEBUG - 2026-05-09 15:40:50 --> Session: Class initialized using 'CodeIgniter\Session\Handlers\FileHandler' driver.
DEBUG - 2026-05-09 15:40:54 --> Session: Class initialized using 'CodeIgniter\Session\Handlers\FileHandler' driver.
DEBUG - 2026-05-09 15:42:05 --> Session: Class initialized using 'CodeIgniter\Session\Handlers\FileHandler' driver.
DEBUG - 2026-05-09 15:42:08 --> Session: Class initialized using 'CodeIgniter\Session\Handlers\FileHandler' driver.
DEBUG - 2026-05-09 15:42:08 --> Session: Class initialized using 'CodeIgniter\Session\Handlers\FileHandler' driver.
DEBUG - 2026-05-09 15:43:23 --> Session: Class initialized using 'CodeIgniter\Session\Handlers\FileHandler' driver.
DEBUG - 2026-05-09 15:43:23 --> Session: Class initialized using 'CodeIgniter\Session\Handlers\FileHandler' driver.
DEBUG - 2026-05-09 15:45:25 --> Session: Class initialized using 'CodeIgniter\Session\Handlers\FileHandler' driver.
DEBUG - 2026-05-09 15:45:29 --> Session: Class initialized using 'CodeIgniter\Session\Handlers\FileHandler' driver.
DEBUG - 2026-05-09 15:45:30 --> Session: Class initialized using 'CodeIgniter\Session\Handlers\FileHandler' driver.
DEBUG - 2026-05-09 15:45:30 --> Session: Class initialized using 'CodeIgniter\Session\Handlers\FileHandler' driver.
DEBUG - 2026-05-09 15:45:33 --> Session: Class initialized using 'CodeIgniter\Session\Handlers\FileHandler' driver.
DEBUG - 2026-05-09 08:45:33 --> Session: Class initialized using 'CodeIgniter\Session\Handlers\FileHandler' driver.
DEBUG - 2026-05-09 15:45:35 --> Session: Class initialized using 'CodeIgniter\Session\Handlers\FileHandler' driver.
DEBUG - 2026-05-09 15:45:35 --> Session: Class initialized using 'CodeIgniter\Session\Handlers\FileHandler' driver.
DEBUG - 2026-05-09 15:45:45 --> Session: Class initialized using 'CodeIgniter\Session\Handlers\FileHandler' driver.
DEBUG - 2026-05-09 15:45:45 --> Session: Class initialized using 'CodeIgniter\Session\Handlers\FileHandler' driver.
DEBUG - 2026-05-09 15:45:48 --> Session: Class initialized using 'CodeIgniter\Session\Handlers\FileHandler' driver.
DEBUG - 2026-05-09 15:45:48 --> Session: Class initialized using 'CodeIgniter\Session\Handlers\FileHandler' driver.
DEBUG - 2026-05-09 15:45:48 --> Session: Class initialized using 'CodeIgniter\Session\Handlers\FileHandler' driver.
DEBUG - 2026-05-09 15:45:51 --> Session: Class initialized using 'CodeIgniter\Session\Handlers\FileHandler' driver.
DEBUG - 2026-05-09 08:45:51 --> Session: Class initialized using 'CodeIgniter\Session\Handlers\FileHandler' driver.
DEBUG - 2026-05-09 08:47:15 --> Session: Class initialized using 'CodeIgniter\Session\Handlers\FileHandler' driver.
DEBUG - 2026-05-09 15:47:17 --> Session: Class initialized using 'CodeIgniter\Session\Handlers\FileHandler' driver.
DEBUG - 2026-05-09 15:47:17 --> Session: Class initialized using 'CodeIgniter\Session\Handlers\FileHandler' driver.
DEBUG - 2026-05-09 15:47:27 --> Session: Class initialized using 'CodeIgniter\Session\Handlers\FileHandler' driver.
DEBUG - 2026-05-09 15:47:27 --> Session: Class initialized using 'CodeIgniter\Session\Handlers\FileHandler' driver.
DEBUG - 2026-05-09 15:47:34 --> Session: Class initialized using 'CodeIgniter\Session\Handlers\FileHandler' driver.
DEBUG - 2026-05-09 15:47:34 --> Session: Class initialized using 'CodeIgniter\Session\Handlers\FileHandler' driver.
DEBUG - 2026-05-09 15:54:15 --> Session: Class initialized using 'CodeIgniter\Session\Handlers\FileHandler' driver.
DEBUG - 2026-05-09 15:54:17 --> Session: Class initialized using 'CodeIgniter\Session\Handlers\FileHandler' driver.
DEBUG - 2026-05-09 15:54:17 --> Session: Class initialized using 'CodeIgniter\Session\Handlers\FileHandler' driver.
DEBUG - 2026-05-09 15:54:18 --> Session: Class initialized using 'CodeIgniter\Session\Handlers\FileHandler' driver.
DEBUG - 2026-05-09 15:54:18 --> Session: Class initialized using 'CodeIgniter\Session\Handlers\FileHandler' driver.
DEBUG - 2026-05-09 15:54:22 --> Session: Class initialized using 'CodeIgniter\Session\Handlers\FileHandler' driver.
DEBUG - 2026-05-09 15:54:26 --> Session: Class initialized using 'CodeIgniter\Session\Handlers\FileHandler' driver.
DEBUG - 2026-05-09 15:54:26 --> Session: Class initialized using 'CodeIgniter\Session\Handlers\FileHandler' driver.
DEBUG - 2026-05-09 15:56:23 --> Session: Class initialized using 'CodeIgniter\Session\Handlers\FileHandler' driver.
DEBUG - 2026-05-09 15:56:46 --> Session: Class initialized using 'CodeIgniter\Session\Handlers\FileHandler' driver.
DEBUG - 2026-05-09 15:56:48 --> Session: Class initialized using 'CodeIgniter\Session\Handlers\FileHandler' driver.
DEBUG - 2026-05-09 15:56:48 --> Session: Class initialized using 'CodeIgniter\Session\Handlers\FileHandler' driver.
DEBUG - 2026-05-09 15:56:49 --> Session: Class initialized using 'CodeIgniter\Session\Handlers\FileHandler' driver.
DEBUG - 2026-05-09 15:56:51 --> Session: Class initialized using 'CodeIgniter\Session\Handlers\FileHandler' driver.
DEBUG - 2026-05-09 08:56:51 --> Session: Class initialized using 'CodeIgniter\Session\Handlers\FileHandler' driver.
DEBUG - 2026-05-09 15:57:05 --> Session: Class initialized using 'CodeIgniter\Session\Handlers\FileHandler' driver.
DEBUG - 2026-05-09 15:57:05 --> Session: Class initialized using 'CodeIgniter\Session\Handlers\FileHandler' driver.
DEBUG - 2026-05-09 15:57:07 --> Session: Class initialized using 'CodeIgniter\Session\Handlers\FileHandler' driver.
DEBUG - 2026-05-09 15:57:07 --> Session: Class initialized using 'CodeIgniter\Session\Handlers\FileHandler' driver.
DEBUG - 2026-05-09 15:57:13 --> Session: Class initialized using 'CodeIgniter\Session\Handlers\FileHandler' driver.
DEBUG - 2026-05-09 15:57:13 --> Session: Class initialized using 'CodeIgniter\Session\Handlers\FileHandler' driver.
DEBUG - 2026-05-09 15:57:13 --> Session: Class initialized using 'CodeIgniter\Session\Handlers\FileHandler' driver.
DEBUG - 2026-05-09 15:57:16 --> Session: Class initialized using 'CodeIgniter\Session\Handlers\FileHandler' driver.
DEBUG - 2026-05-09 08:57:16 --> Session: Class initialized using 'CodeIgniter\Session\Handlers\FileHandler' driver.
DEBUG - 2026-05-09 15:57:18 --> Session: Class initialized using 'CodeIgniter\Session\Handlers\FileHandler' driver.
DEBUG - 2026-05-09 15:57:18 --> Session: Class initialized using 'CodeIgniter\Session\Handlers\FileHandler' driver.
DEBUG - 2026-05-09 15:57:22 --> Session: Class initialized using 'CodeIgniter\Session\Handlers\FileHandler' driver.
DEBUG - 2026-05-09 15:57:22 --> Session: Class initialized using 'CodeIgniter\Session\Handlers\FileHandler' driver.
DEBUG - 2026-05-09 15:59:02 --> Session: Class initialized using 'CodeIgniter\Session\Handlers\FileHandler' driver.
DEBUG - 2026-05-09 15:59:06 --> Session: Class initialized using 'CodeIgniter\Session\Handlers\FileHandler' driver.
DEBUG - 2026-05-09 15:59:40 --> Session: Class initialized using 'CodeIgniter\Session\Handlers\FileHandler' driver.
DEBUG - 2026-05-09 15:59:43 --> Session: Class initialized using 'CodeIgniter\Session\Handlers\FileHandler' driver.
DEBUG - 2026-05-09 16:00:32 --> Session: Class initialized using 'CodeIgniter\Session\Handlers\FileHandler' driver.
DEBUG - 2026-05-09 16:01:11 --> Session: Class initialized using 'CodeIgniter\Session\Handlers\FileHandler' driver.
DEBUG - 2026-05-09 16:01:11 --> Session: Class initialized using 'CodeIgniter\Session\Handlers\FileHandler' driver.
DEBUG - 2026-05-09 16:01:15 --> Session: Class initialized using 'CodeIgniter\Session\Handlers\FileHandler' driver.
DEBUG - 2026-05-09 09:01:15 --> Session: Class initialized using 'CodeIgniter\Session\Handlers\FileHandler' driver.
DEBUG - 2026-05-09 16:01:31 --> Session: Class initialized using 'CodeIgniter\Session\Handlers\FileHandler' driver.
DEBUG - 2026-05-09 16:01:31 --> Session: Class initialized using 'CodeIgniter\Session\Handlers\FileHandler' driver.
DEBUG - 2026-05-09 16:01:33 --> Session: Class initialized using 'CodeIgniter\Session\Handlers\FileHandler' driver.
DEBUG - 2026-05-09 16:01:33 --> Session: Class initialized using 'CodeIgniter\Session\Handlers\FileHandler' driver.
DEBUG - 2026-05-09 16:01:39 --> Session: Class initialized using 'CodeIgniter\Session\Handlers\FileHandler' driver.
DEBUG - 2026-05-09 16:01:39 --> Session: Class initialized using 'CodeIgniter\Session\Handlers\FileHandler' driver.
DEBUG - 2026-05-09 16:01:39 --> Session: Class initialized using 'CodeIgniter\Session\Handlers\FileHandler' driver.
DEBUG - 2026-05-09 16:01:42 --> Session: Class initialized using 'CodeIgniter\Session\Handlers\FileHandler' driver.
DEBUG - 2026-05-09 09:01:42 --> Session: Class initialized using 'CodeIgniter\Session\Handlers\FileHandler' driver.
DEBUG - 2026-05-09 09:02:04 --> Session: Class initialized using 'CodeIgniter\Session\Handlers\FileHandler' driver.
DEBUG - 2026-05-09 16:02:05 --> Session: Class initialized using 'CodeIgniter\Session\Handlers\FileHandler' driver.
DEBUG - 2026-05-09 16:02:05 --> Session: Class initialized using 'CodeIgniter\Session\Handlers\FileHandler' driver.
DEBUG - 2026-05-09 16:02:12 --> Session: Class initialized using 'CodeIgniter\Session\Handlers\FileHandler' driver.
DEBUG - 2026-05-09 16:02:13 --> Session: Class initialized using 'CodeIgniter\Session\Handlers\FileHandler' driver.
DEBUG - 2026-05-09 16:02:15 --> Session: Class initialized using 'CodeIgniter\Session\Handlers\FileHandler' driver.
DEBUG - 2026-05-09 16:02:15 --> Session: Class initialized using 'CodeIgniter\Session\Handlers\FileHandler' driver.
DEBUG - 2026-05-09 16:02:16 --> Session: Class initialized using 'CodeIgniter\Session\Handlers\FileHandler' driver.
DEBUG - 2026-05-09 16:02:18 --> Session: Class initialized using 'CodeIgniter\Session\Handlers\FileHandler' driver.
DEBUG - 2026-05-09 09:02:18 --> Session: Class initialized using 'CodeIgniter\Session\Handlers\FileHandler' driver.
DEBUG - 2026-05-09 16:02:20 --> Session: Class initialized using 'CodeIgniter\Session\Handlers\FileHandler' driver.
DEBUG - 2026-05-09 16:02:20 --> Session: Class initialized using 'CodeIgniter\Session\Handlers\FileHandler' driver.
DEBUG - 2026-05-09 16:03:53 --> Session: Class initialized using 'CodeIgniter\Session\Handlers\FileHandler' driver.
DEBUG - 2026-05-09 16:03:55 --> Session: Class initialized using 'CodeIgniter\Session\Handlers\FileHandler' driver.
DEBUG - 2026-05-09 16:03:55 --> Session: Class initialized using 'CodeIgniter\Session\Handlers\FileHandler' driver.
DEBUG - 2026-05-09 16:03:59 --> Session: Class initialized using 'CodeIgniter\Session\Handlers\FileHandler' driver.
DEBUG - 2026-05-09 16:03:59 --> Session: Class initialized using 'CodeIgniter\Session\Handlers\FileHandler' driver.
DEBUG - 2026-05-09 16:04:10 --> Session: Class initialized using 'CodeIgniter\Session\Handlers\FileHandler' driver.
DEBUG - 2026-05-09 16:04:10 --> Session: Class initialized using 'CodeIgniter\Session\Handlers\FileHandler' driver.
DEBUG - 2026-05-09 16:04:13 --> Session: Class initialized using 'CodeIgniter\Session\Handlers\FileHandler' driver.
DEBUG - 2026-05-09 16:04:13 --> Session: Class initialized using 'CodeIgniter\Session\Handlers\FileHandler' driver.
DEBUG - 2026-05-09 16:04:13 --> Session: Class initialized using 'CodeIgniter\Session\Handlers\FileHandler' driver.
DEBUG - 2026-05-09 16:04:19 --> Session: Class initialized using 'CodeIgniter\Session\Handlers\FileHandler' driver.
DEBUG - 2026-05-09 09:04:19 --> Session: Class initialized using 'CodeIgniter\Session\Handlers\FileHandler' driver.
DEBUG - 2026-05-09 16:04:22 --> Session: Class initialized using 'CodeIgniter\Session\Handlers\FileHandler' driver.
DEBUG - 2026-05-09 16:04:22 --> Session: Class initialized using 'CodeIgniter\Session\Handlers\FileHandler' driver.
DEBUG - 2026-05-09 16:04:25 --> Session: Class initialized using 'CodeIgniter\Session\Handlers\FileHandler' driver.
DEBUG - 2026-05-09 16:04:25 --> Session: Class initialized using 'CodeIgniter\Session\Handlers\FileHandler' driver.
DEBUG - 2026-05-09 16:04:37 --> Session: Class initialized using 'CodeIgniter\Session\Handlers\FileHandler' driver.
DEBUG - 2026-05-09 16:04:37 --> Session: Class initialized using 'CodeIgniter\Session\Handlers\FileHandler' driver.
DEBUG - 2026-05-09 16:05:36 --> Session: Class initialized using 'CodeIgniter\Session\Handlers\FileHandler' driver.
DEBUG - 2026-05-09 16:05:39 --> Session: Class initialized using 'CodeIgniter\Session\Handlers\FileHandler' driver.
DEBUG - 2026-05-09 16:05:52 --> Session: Class initialized using 'CodeIgniter\Session\Handlers\FileHandler' driver.
DEBUG - 2026-05-09 16:06:22 --> Session: Class initialized using 'CodeIgniter\Session\Handlers\FileHandler' driver.
DEBUG - 2026-05-09 16:06:22 --> Session: Class initialized using 'CodeIgniter\Session\Handlers\FileHandler' driver.
DEBUG - 2026-05-09 16:06:25 --> Session: Class initialized using 'CodeIgniter\Session\Handlers\FileHandler' driver.
DEBUG - 2026-05-09 09:06:25 --> Session: Class initialized using 'CodeIgniter\Session\Handlers\FileHandler' driver.
DEBUG - 2026-05-09 16:06:32 --> Session: Class initialized using 'CodeIgniter\Session\Handlers\FileHandler' driver.
DEBUG - 2026-05-09 16:06:33 --> Session: Class initialized using 'CodeIgniter\Session\Handlers\FileHandler' driver.
DEBUG - 2026-05-09 16:06:35 --> Session: Class initialized using 'CodeIgniter\Session\Handlers\FileHandler' driver.
DEBUG - 2026-05-09 16:06:35 --> Session: Class initialized using 'CodeIgniter\Session\Handlers\FileHandler' driver.
DEBUG - 2026-05-09 16:06:44 --> Session: Class initialized using 'CodeIgniter\Session\Handlers\FileHandler' driver.
DEBUG - 2026-05-09 16:06:44 --> Session: Class initialized using 'CodeIgniter\Session\Handlers\FileHandler' driver.
DEBUG - 2026-05-09 16:07:05 --> Session: Class initialized using 'CodeIgniter\Session\Handlers\FileHandler' driver.
DEBUG - 2026-05-09 16:07:11 --> Session: Class initialized using 'CodeIgniter\Session\Handlers\FileHandler' driver.
DEBUG - 2026-05-09 16:07:28 --> Session: Class initialized using 'CodeIgniter\Session\Handlers\FileHandler' driver.
DEBUG - 2026-05-09 16:07:30 --> Session: Class initialized using 'CodeIgniter\Session\Handlers\FileHandler' driver.
DEBUG - 2026-05-09 16:07:49 --> Session: Class initialized using 'CodeIgniter\Session\Handlers\FileHandler' driver.
DEBUG - 2026-05-09 16:08:10 --> Session: Class initialized using 'CodeIgniter\Session\Handlers\FileHandler' driver.
DEBUG - 2026-05-09 16:08:10 --> Session: Class initialized using 'CodeIgniter\Session\Handlers\FileHandler' driver.
DEBUG - 2026-05-09 16:08:20 --> Session: Class initialized using 'CodeIgniter\Session\Handlers\FileHandler' driver.
DEBUG - 2026-05-09 16:08:22 --> Session: Class initialized using 'CodeIgniter\Session\Handlers\FileHandler' driver.
DEBUG - 2026-05-09 16:08:22 --> Session: Class initialized using 'CodeIgniter\Session\Handlers\FileHandler' driver.
DEBUG - 2026-05-09 16:08:25 --> Session: Class initialized using 'CodeIgniter\Session\Handlers\FileHandler' driver.
DEBUG - 2026-05-09 16:08:36 --> Session: Class initialized using 'CodeIgniter\Session\Handlers\FileHandler' driver.
DEBUG - 2026-05-09 16:08:36 --> Session: Class initialized using 'CodeIgniter\Session\Handlers\FileHandler' driver.
DEBUG - 2026-05-09 16:08:38 --> Session: Class initialized using 'CodeIgniter\Session\Handlers\FileHandler' driver.
DEBUG - 2026-05-09 16:10:00 --> Session: Class initialized using 'CodeIgniter\Session\Handlers\FileHandler' driver.
DEBUG - 2026-05-09 16:10:00 --> Session: Class initialized using 'CodeIgniter\Session\Handlers\FileHandler' driver.
DEBUG - 2026-05-09 16:10:04 --> Session: Class initialized using 'CodeIgniter\Session\Handlers\FileHandler' driver.
DEBUG - 2026-05-09 16:10:04 --> Session: Class initialized using 'CodeIgniter\Session\Handlers\FileHandler' driver.
DEBUG - 2026-05-09 16:10:05 --> Session: Class initialized using 'CodeIgniter\Session\Handlers\FileHandler' driver.
DEBUG - 2026-05-09 16:10:05 --> Session: Class initialized using 'CodeIgniter\Session\Handlers\FileHandler' driver.
DEBUG - 2026-05-09 16:10:07 --> Session: Class initialized using 'CodeIgniter\Session\Handlers\FileHandler' driver.
DEBUG - 2026-05-09 09:10:07 --> Session: Class initialized using 'CodeIgniter\Session\Handlers\FileHandler' driver.
DEBUG - 2026-05-09 16:10:11 --> Session: Class initialized using 'CodeIgniter\Session\Handlers\FileHandler' driver.
DEBUG - 2026-05-09 16:10:11 --> Session: Class initialized using 'CodeIgniter\Session\Handlers\FileHandler' driver.
DEBUG - 2026-05-09 16:10:13 --> Session: Class initialized using 'CodeIgniter\Session\Handlers\FileHandler' driver.
DEBUG - 2026-05-09 16:10:13 --> Session: Class initialized using 'CodeIgniter\Session\Handlers\FileHandler' driver.
DEBUG - 2026-05-09 16:10:28 --> Session: Class initialized using 'CodeIgniter\Session\Handlers\FileHandler' driver.
DEBUG - 2026-05-09 16:10:28 --> Session: Class initialized using 'CodeIgniter\Session\Handlers\FileHandler' driver.
DEBUG - 2026-05-09 16:13:09 --> Session: Class initialized using 'CodeIgniter\Session\Handlers\FileHandler' driver.
DEBUG - 2026-05-09 16:13:09 --> Session: Class initialized using 'CodeIgniter\Session\Handlers\FileHandler' driver.
DEBUG - 2026-05-09 16:13:11 --> Session: Class initialized using 'CodeIgniter\Session\Handlers\FileHandler' driver.
DEBUG - 2026-05-09 09:13:12 --> Session: Class initialized using 'CodeIgniter\Session\Handlers\FileHandler' driver.
DEBUG - 2026-05-09 16:13:14 --> Session: Class initialized using 'CodeIgniter\Session\Handlers\FileHandler' driver.
DEBUG - 2026-05-09 16:13:14 --> Session: Class initialized using 'CodeIgniter\Session\Handlers\FileHandler' driver.
DEBUG - 2026-05-09 16:13:19 --> Session: Class initialized using 'CodeIgniter\Session\Handlers\FileHandler' driver.
DEBUG - 2026-05-09 16:13:19 --> Session: Class initialized using 'CodeIgniter\Session\Handlers\FileHandler' driver.
DEBUG - 2026-05-09 16:13:24 --> Session: Class initialized using 'CodeIgniter\Session\Handlers\FileHandler' driver.
DEBUG - 2026-05-09 16:13:28 --> Session: Class initialized using 'CodeIgniter\Session\Handlers\FileHandler' driver.
DEBUG - 2026-05-09 16:13:28 --> Session: Class initialized using 'CodeIgniter\Session\Handlers\FileHandler' driver.
DEBUG - 2026-05-09 16:13:29 --> Session: Class initialized using 'CodeIgniter\Session\Handlers\FileHandler' driver.
DEBUG - 2026-05-09 16:13:29 --> Session: Class initialized using 'CodeIgniter\Session\Handlers\FileHandler' driver.
DEBUG - 2026-05-09 16:13:31 --> Session: Class initialized using 'CodeIgniter\Session\Handlers\FileHandler' driver.
DEBUG - 2026-05-09 09:13:31 --> Session: Class initialized using 'CodeIgniter\Session\Handlers\FileHandler' driver.
DEBUG - 2026-05-09 16:13:39 --> Session: Class initialized using 'CodeIgniter\Session\Handlers\FileHandler' driver.
DEBUG - 2026-05-09 16:13:39 --> Session: Class initialized using 'CodeIgniter\Session\Handlers\FileHandler' driver.
DEBUG - 2026-05-09 16:16:42 --> Session: Class initialized using 'CodeIgniter\Session\Handlers\FileHandler' driver.
DEBUG - 2026-05-09 16:16:44 --> Session: Class initialized using 'CodeIgniter\Session\Handlers\FileHandler' driver.
DEBUG - 2026-05-09 16:16:44 --> Session: Class initialized using 'CodeIgniter\Session\Handlers\FileHandler' driver.
DEBUG - 2026-05-09 16:16:48 --> Session: Class initialized using 'CodeIgniter\Session\Handlers\FileHandler' driver.
DEBUG - 2026-05-09 16:16:49 --> Session: Class initialized using 'CodeIgniter\Session\Handlers\FileHandler' driver.
DEBUG - 2026-05-09 16:16:53 --> Session: Class initialized using 'CodeIgniter\Session\Handlers\FileHandler' driver.
DEBUG - 2026-05-09 16:16:54 --> Session: Class initialized using 'CodeIgniter\Session\Handlers\FileHandler' driver.
DEBUG - 2026-05-09 16:16:54 --> Session: Class initialized using 'CodeIgniter\Session\Handlers\FileHandler' driver.
DEBUG - 2026-05-09 16:16:57 --> Session: Class initialized using 'CodeIgniter\Session\Handlers\FileHandler' driver.
DEBUG - 2026-05-09 09:16:57 --> Session: Class initialized using 'CodeIgniter\Session\Handlers\FileHandler' driver.
DEBUG - 2026-05-09 16:16:59 --> Session: Class initialized using 'CodeIgniter\Session\Handlers\FileHandler' driver.
DEBUG - 2026-05-09 16:17:00 --> Session: Class initialized using 'CodeIgniter\Session\Handlers\FileHandler' driver.
DEBUG - 2026-05-09 16:17:39 --> Session: Class initialized using 'CodeIgniter\Session\Handlers\FileHandler' driver.
DEBUG - 2026-05-09 16:17:40 --> Session: Class initialized using 'CodeIgniter\Session\Handlers\FileHandler' driver.
DEBUG - 2026-05-09 16:17:54 --> Session: Class initialized using 'CodeIgniter\Session\Handlers\FileHandler' driver.
DEBUG - 2026-05-09 16:17:54 --> Session: Class initialized using 'CodeIgniter\Session\Handlers\FileHandler' driver.
DEBUG - 2026-05-09 16:17:55 --> Session: Class initialized using 'CodeIgniter\Session\Handlers\FileHandler' driver.
DEBUG - 2026-05-09 16:17:55 --> Session: Class initialized using 'CodeIgniter\Session\Handlers\FileHandler' driver.
DEBUG - 2026-05-09 16:17:58 --> Session: Class initialized using 'CodeIgniter\Session\Handlers\FileHandler' driver.
DEBUG - 2026-05-09 09:17:58 --> Session: Class initialized using 'CodeIgniter\Session\Handlers\FileHandler' driver.
DEBUG - 2026-05-09 16:18:00 --> Session: Class initialized using 'CodeIgniter\Session\Handlers\FileHandler' driver.
DEBUG - 2026-05-09 16:18:00 --> Session: Class initialized using 'CodeIgniter\Session\Handlers\FileHandler' driver.
DEBUG - 2026-05-09 16:18:03 --> Session: Class initialized using 'CodeIgniter\Session\Handlers\FileHandler' driver.
DEBUG - 2026-05-09 16:18:03 --> Session: Class initialized using 'CodeIgniter\Session\Handlers\FileHandler' driver.
DEBUG - 2026-05-09 16:18:34 --> Session: Class initialized using 'CodeIgniter\Session\Handlers\FileHandler' driver.
DEBUG - 2026-05-09 16:18:37 --> Session: Class initialized using 'CodeIgniter\Session\Handlers\FileHandler' driver.
DEBUG - 2026-05-09 16:18:37 --> Session: Class initialized using 'CodeIgniter\Session\Handlers\FileHandler' driver.
DEBUG - 2026-05-09 16:18:38 --> Session: Class initialized using 'CodeIgniter\Session\Handlers\FileHandler' driver.
DEBUG - 2026-05-09 16:18:38 --> Session: Class initialized using 'CodeIgniter\Session\Handlers\FileHandler' driver.
DEBUG - 2026-05-09 16:18:40 --> Session: Class initialized using 'CodeIgniter\Session\Handlers\FileHandler' driver.
DEBUG - 2026-05-09 09:18:41 --> Session: Class initialized using 'CodeIgniter\Session\Handlers\FileHandler' driver.
DEBUG - 2026-05-09 16:18:42 --> Session: Class initialized using 'CodeIgniter\Session\Handlers\FileHandler' driver.
DEBUG - 2026-05-09 16:18:42 --> Session: Class initialized using 'CodeIgniter\Session\Handlers\FileHandler' driver.
DEBUG - 2026-05-09 16:18:45 --> Session: Class initialized using 'CodeIgniter\Session\Handlers\FileHandler' driver.
DEBUG - 2026-05-09 16:18:45 --> Session: Class initialized using 'CodeIgniter\Session\Handlers\FileHandler' driver.
DEBUG - 2026-05-09 20:52:24 --> Session: Class initialized using 'CodeIgniter\Session\Handlers\FileHandler' driver.
DEBUG - 2026-05-09 20:52:26 --> Session: Class initialized using 'CodeIgniter\Session\Handlers\FileHandler' driver.
DEBUG - 2026-05-09 20:52:27 --> Session: Class initialized using 'CodeIgniter\Session\Handlers\FileHandler' driver.
DEBUG - 2026-05-09 20:52:31 --> Session: Class initialized using 'CodeIgniter\Session\Handlers\FileHandler' driver.
DEBUG - 2026-05-09 20:52:31 --> Session: Class initialized using 'CodeIgniter\Session\Handlers\FileHandler' driver.
DEBUG - 2026-05-09 20:52:34 --> Session: Class initialized using 'CodeIgniter\Session\Handlers\FileHandler' driver.
DEBUG - 2026-05-09 20:52:34 --> Session: Class initialized using 'CodeIgniter\Session\Handlers\FileHandler' driver.
DEBUG - 2026-05-09 20:52:37 --> Session: Class initialized using 'CodeIgniter\Session\Handlers\FileHandler' driver.
DEBUG - 2026-05-09 20:52:37 --> Session: Class initialized using 'CodeIgniter\Session\Handlers\FileHandler' driver.
DEBUG - 2026-05-09 20:52:40 --> Session: Class initialized using 'CodeIgniter\Session\Handlers\FileHandler' driver.
DEBUG - 2026-05-09 20:52:40 --> Session: Class initialized using 'CodeIgniter\Session\Handlers\FileHandler' driver.
DEBUG - 2026-05-09 20:52:43 --> Session: Class initialized using 'CodeIgniter\Session\Handlers\FileHandler' driver.
DEBUG - 2026-05-09 13:52:43 --> Session: Class initialized using 'CodeIgniter\Session\Handlers\FileHandler' driver.
DEBUG - 2026-05-09 20:52:45 --> Session: Class initialized using 'CodeIgniter\Session\Handlers\FileHandler' driver.
DEBUG - 2026-05-09 20:52:45 --> Session: Class initialized using 'CodeIgniter\Session\Handlers\FileHandler' driver.
DEBUG - 2026-05-09 20:52:48 --> Session: Class initialized using 'CodeIgniter\Session\Handlers\FileHandler' driver.
DEBUG - 2026-05-09 20:52:48 --> Session: Class initialized using 'CodeIgniter\Session\Handlers\FileHandler' driver.
DEBUG - 2026-05-09 20:53:10 --> Session: Class initialized using 'CodeIgniter\Session\Handlers\FileHandler' driver.
DEBUG - 2026-05-09 20:53:17 --> Session: Class initialized using 'CodeIgniter\Session\Handlers\FileHandler' driver.
DEBUG - 2026-05-09 20:54:02 --> Session: Class initialized using 'CodeIgniter\Session\Handlers\FileHandler' driver.
DEBUG - 2026-05-09 20:54:02 --> Session: Class initialized using 'CodeIgniter\Session\Handlers\FileHandler' driver.
DEBUG - 2026-05-09 20:54:03 --> Session: Class initialized using 'CodeIgniter\Session\Handlers\FileHandler' driver.
DEBUG - 2026-05-09 20:54:04 --> Session: Class initialized using 'CodeIgniter\Session\Handlers\FileHandler' driver.
DEBUG - 2026-05-09 20:54:06 --> Session: Class initialized using 'CodeIgniter\Session\Handlers\FileHandler' driver.
DEBUG - 2026-05-09 13:54:06 --> Session: Class initialized using 'CodeIgniter\Session\Handlers\FileHandler' driver.
DEBUG - 2026-05-09 20:54:10 --> Session: Class initialized using 'CodeIgniter\Session\Handlers\FileHandler' driver.
DEBUG - 2026-05-09 20:54:10 --> Session: Class initialized using 'CodeIgniter\Session\Handlers\FileHandler' driver.
DEBUG - 2026-05-09 20:54:12 --> Session: Class initialized using 'CodeIgniter\Session\Handlers\FileHandler' driver.
DEBUG - 2026-05-09 20:54:12 --> Session: Class initialized using 'CodeIgniter\Session\Handlers\FileHandler' driver.
DEBUG - 2026-05-09 20:55:09 --> Session: Class initialized using 'CodeIgniter\Session\Handlers\FileHandler' driver.
DEBUG - 2026-05-09 20:55:11 --> Session: Class initialized using 'CodeIgniter\Session\Handlers\FileHandler' driver.
DEBUG - 2026-05-09 20:55:12 --> Session: Class initialized using 'CodeIgniter\Session\Handlers\FileHandler' driver.
DEBUG - 2026-05-09 20:55:13 --> Session: Class initialized using 'CodeIgniter\Session\Handlers\FileHandler' driver.
DEBUG - 2026-05-09 20:55:13 --> Session: Class initialized using 'CodeIgniter\Session\Handlers\FileHandler' driver.
DEBUG - 2026-05-09 20:55:16 --> Session: Class initialized using 'CodeIgniter\Session\Handlers\FileHandler' driver.
DEBUG - 2026-05-09 13:55:16 --> Session: Class initialized using 'CodeIgniter\Session\Handlers\FileHandler' driver.
DEBUG - 2026-05-09 20:55:19 --> Session: Class initialized using 'CodeIgniter\Session\Handlers\FileHandler' driver.
DEBUG - 2026-05-09 20:55:19 --> Session: Class initialized using 'CodeIgniter\Session\Handlers\FileHandler' driver.
DEBUG - 2026-05-09 20:55:21 --> Session: Class initialized using 'CodeIgniter\Session\Handlers\FileHandler' driver.
DEBUG - 2026-05-09 20:55:22 --> Session: Class initialized using 'CodeIgniter\Session\Handlers\FileHandler' driver.
DEBUG - 2026-05-09 20:57:05 --> Session: Class initialized using 'CodeIgniter\Session\Handlers\FileHandler' driver.
DEBUG - 2026-05-09 13:57:08 --> Session: Class initialized using 'CodeIgniter\Session\Handlers\FileHandler' driver.
DEBUG - 2026-05-09 20:57:13 --> Session: Class initialized using 'CodeIgniter\Session\Handlers\FileHandler' driver.
DEBUG - 2026-05-09 20:57:13 --> Session: Class initialized using 'CodeIgniter\Session\Handlers\FileHandler' driver.
DEBUG - 2026-05-09 13:57:16 --> Session: Class initialized using 'CodeIgniter\Session\Handlers\FileHandler' driver.
DEBUG - 2026-05-09 13:57:16 --> Session: Class initialized using 'CodeIgniter\Session\Handlers\FileHandler' driver.
DEBUG - 2026-05-09 22:06:26 --> Session: Class initialized using 'CodeIgniter\Session\Handlers\FileHandler' driver.
DEBUG - 2026-05-09 22:07:47 --> Session: Class initialized using 'CodeIgniter\Session\Handlers\FileHandler' driver.
DEBUG - 2026-05-09 22:07:59 --> Session: Class initialized using 'CodeIgniter\Session\Handlers\FileHandler' driver.
DEBUG - 2026-05-09 22:07:59 --> Session: Class initialized using 'CodeIgniter\Session\Handlers\FileHandler' driver.
DEBUG - 2026-05-09 22:08:00 --> Session: Class initialized using 'CodeIgniter\Session\Handlers\FileHandler' driver.
DEBUG - 2026-05-09 22:08:00 --> Session: Class initialized using 'CodeIgniter\Session\Handlers\FileHandler' driver.
DEBUG - 2026-05-09 22:08:04 --> Session: Class initialized using 'CodeIgniter\Session\Handlers\FileHandler' driver.
DEBUG - 2026-05-09 15:08:04 --> Session: Class initialized using 'CodeIgniter\Session\Handlers\FileHandler' driver.
DEBUG - 2026-05-09 22:08:06 --> Session: Class initialized using 'CodeIgniter\Session\Handlers\FileHandler' driver.
DEBUG - 2026-05-09 22:08:06 --> Session: Class initialized using 'CodeIgniter\Session\Handlers\FileHandler' driver.
DEBUG - 2026-05-09 22:08:09 --> Session: Class initialized using 'CodeIgniter\Session\Handlers\FileHandler' driver.
DEBUG - 2026-05-09 22:08:09 --> Session: Class initialized using 'CodeIgniter\Session\Handlers\FileHandler' driver.
DEBUG - 2026-05-09 22:11:47 --> Session: Class initialized using 'CodeIgniter\Session\Handlers\FileHandler' driver.
DEBUG - 2026-05-09 22:11:57 --> Session: Class initialized using 'CodeIgniter\Session\Handlers\FileHandler' driver.
DEBUG - 2026-05-09 22:11:57 --> Session: Class initialized using 'CodeIgniter\Session\Handlers\FileHandler' driver.
DEBUG - 2026-05-09 22:11:58 --> Session: Class initialized using 'CodeIgniter\Session\Handlers\FileHandler' driver.
DEBUG - 2026-05-09 22:11:58 --> Session: Class initialized using 'CodeIgniter\Session\Handlers\FileHandler' driver.
DEBUG - 2026-05-09 22:12:01 --> Session: Class initialized using 'CodeIgniter\Session\Handlers\FileHandler' driver.
DEBUG - 2026-05-09 15:12:01 --> Session: Class initialized using 'CodeIgniter\Session\Handlers\FileHandler' driver.
DEBUG - 2026-05-09 22:12:03 --> Session: Class initialized using 'CodeIgniter\Session\Handlers\FileHandler' driver.
DEBUG - 2026-05-09 22:12:03 --> Session: Class initialized using 'CodeIgniter\Session\Handlers\FileHandler' driver.
DEBUG - 2026-05-09 22:12:07 --> Session: Class initialized using 'CodeIgniter\Session\Handlers\FileHandler' driver.
DEBUG - 2026-05-09 22:12:07 --> Session: Class initialized using 'CodeIgniter\Session\Handlers\FileHandler' driver.
DEBUG - 2026-05-09 22:12:09 --> Session: Class initialized using 'CodeIgniter\Session\Handlers\FileHandler' driver.
DEBUG - 2026-05-09 15:12:12 --> Session: Class initialized using 'CodeIgniter\Session\Handlers\FileHandler' driver.
DEBUG - 2026-05-09 22:15:31 --> Session: Class initialized using 'CodeIgniter\Session\Handlers\FileHandler' driver.
DEBUG - 2026-05-09 22:15:40 --> Session: Class initialized using 'CodeIgniter\Session\Handlers\FileHandler' driver.
DEBUG - 2026-05-09 22:15:40 --> Session: Class initialized using 'CodeIgniter\Session\Handlers\FileHandler' driver.
DEBUG - 2026-05-09 22:15:41 --> Session: Class initialized using 'CodeIgniter\Session\Handlers\FileHandler' driver.
DEBUG - 2026-05-09 22:15:41 --> Session: Class initialized using 'CodeIgniter\Session\Handlers\FileHandler' driver.
DEBUG - 2026-05-09 22:15:44 --> Session: Class initialized using 'CodeIgniter\Session\Handlers\FileHandler' driver.
DEBUG - 2026-05-09 15:15:44 --> Session: Class initialized using 'CodeIgniter\Session\Handlers\FileHandler' driver.
DEBUG - 2026-05-09 22:15:46 --> Session: Class initialized using 'CodeIgniter\Session\Handlers\FileHandler' driver.
DEBUG - 2026-05-09 22:15:46 --> Session: Class initialized using 'CodeIgniter\Session\Handlers\FileHandler' driver.
DEBUG - 2026-05-09 22:15:55 --> Session: Class initialized using 'CodeIgniter\Session\Handlers\FileHandler' driver.
ERROR - 2026-05-09 22:15:56 --> mysqli_sql_exception: Unknown column 'saldo_akhir' in 'field list' in C:\xampp\htdocs\kasirpos\system\Database\MySQLi\Connection.php:327
Stack trace:
#0 C:\xampp\htdocs\kasirpos\system\Database\MySQLi\Connection.php(327): mysqli->query('UPDATE `kasir_s...', 0)
#1 C:\xampp\htdocs\kasirpos\system\Database\BaseConnection.php(729): CodeIgniter\Database\MySQLi\Connection->execute('UPDATE `kasir_s...')
#2 C:\xampp\htdocs\kasirpos\system\Database\BaseConnection.php(646): CodeIgniter\Database\BaseConnection->simpleQuery('UPDATE `kasir_s...')
#3 C:\xampp\htdocs\kasirpos\system\Database\BaseBuilder.php(2521): CodeIgniter\Database\BaseConnection->query('UPDATE `kasir_s...', Array, false)
#4 C:\xampp\htdocs\kasirpos\app\Controllers\Kasir.php(98): CodeIgniter\Database\BaseBuilder->update(Array)
#5 C:\xampp\htdocs\kasirpos\system\CodeIgniter.php(933): App\Controllers\Kasir->proses_close_shift()
#6 C:\xampp\htdocs\kasirpos\system\CodeIgniter.php(507): CodeIgniter\CodeIgniter->runController(Object(App\Controllers\Kasir))
#7 C:\xampp\htdocs\kasirpos\system\CodeIgniter.php(354): CodeIgniter\CodeIgniter->handleRequest(NULL, Object(Config\Cache), false)
#8 C:\xampp\htdocs\kasirpos\system\Boot.php(363): CodeIgniter\CodeIgniter->run()
#9 C:\xampp\htdocs\kasirpos\system\Boot.php(68): CodeIgniter\Boot::runCodeIgniter(Object(CodeIgniter\CodeIgniter))
#10 C:\xampp\htdocs\kasirpos\public\index.php(59): CodeIgniter\Boot::bootWeb(Object(Config\Paths))
#11 C:\xampp\htdocs\kasirpos\system\rewrite.php(44): require_once('C:\\xampp\\htdocs...')
#12 {main}
CRITICAL - 2026-05-09 22:15:56 --> CodeIgniter\Database\Exceptions\DatabaseException: Unknown column 'saldo_akhir' in 'field list'
[Method: POST, Route: kasir/close-kasir/simpan]
in SYSTEMPATH\Database\BaseConnection.php on line 684.
 1 SYSTEMPATH\Database\BaseBuilder.php(2521): CodeIgniter\Database\BaseConnection->query('UPDATE `kasir_shift_transaksi` SET `saldo_akhir` = :saldo_akhir:, `status` = :status.1:, `closed_at` = :closed_at:
WHERE `id_user` = :id_user:
AND `status` = :status:', [...], false)
 2 APPPATH\Controllers\Kasir.php(98): CodeIgniter\Database\BaseBuilder->update([...])
 3 SYSTEMPATH\CodeIgniter.php(933): App\Controllers\Kasir->proses_close_shift()
 4 SYSTEMPATH\CodeIgniter.php(507): CodeIgniter\CodeIgniter->runController(Object(App\Controllers\Kasir))
 5 SYSTEMPATH\CodeIgniter.php(354): CodeIgniter\CodeIgniter->handleRequest(null, Object(Config\Cache), false)
 6 SYSTEMPATH\Boot.php(363): CodeIgniter\CodeIgniter->run()
 7 SYSTEMPATH\Boot.php(68): CodeIgniter\Boot::runCodeIgniter(Object(CodeIgniter\CodeIgniter))
 8 FCPATH\index.php(59): CodeIgniter\Boot::bootWeb(Object(Config\Paths))
 9 SYSTEMPATH\rewrite.php(44): require_once('C:\\xampp\\htdocs\\kasirpos\\public\\index.php')
CRITICAL - 2026-05-09 22:15:56 --> [Caused by] CodeIgniter\Database\Exceptions\DatabaseException: Unknown column 'saldo_akhir' in 'field list'
in SYSTEMPATH\Database\MySQLi\Connection.php on line 332.
 1 SYSTEMPATH\Database\BaseConnection.php(729): CodeIgniter\Database\MySQLi\Connection->execute('UPDATE `kasir_shift_transaksi` SET `saldo_akhir` = \'0\', `status` = \'Tutup\', `closed_at` = \'2026-05-09 22:15:55\'
WHERE `id_user` = \'2\'
AND `status` = \'Buka\'')
 2 SYSTEMPATH\Database\BaseConnection.php(646): CodeIgniter\Database\BaseConnection->simpleQuery('UPDATE `kasir_shift_transaksi` SET `saldo_akhir` = \'0\', `status` = \'Tutup\', `closed_at` = \'2026-05-09 22:15:55\'
WHERE `id_user` = \'2\'
AND `status` = \'Buka\'')
 3 SYSTEMPATH\Database\BaseBuilder.php(2521): CodeIgniter\Database\BaseConnection->query('UPDATE `kasir_shift_transaksi` SET `saldo_akhir` = :saldo_akhir:, `status` = :status.1:, `closed_at` = :closed_at:
WHERE `id_user` = :id_user:
AND `status` = :status:', [...], false)
 4 APPPATH\Controllers\Kasir.php(98): CodeIgniter\Database\BaseBuilder->update([...])
 5 SYSTEMPATH\CodeIgniter.php(933): App\Controllers\Kasir->proses_close_shift()
 6 SYSTEMPATH\CodeIgniter.php(507): CodeIgniter\CodeIgniter->runController(Object(App\Controllers\Kasir))
 7 SYSTEMPATH\CodeIgniter.php(354): CodeIgniter\CodeIgniter->handleRequest(null, Object(Config\Cache), false)
 8 SYSTEMPATH\Boot.php(363): CodeIgniter\CodeIgniter->run()
 9 SYSTEMPATH\Boot.php(68): CodeIgniter\Boot::runCodeIgniter(Object(CodeIgniter\CodeIgniter))
10 FCPATH\index.php(59): CodeIgniter\Boot::bootWeb(Object(Config\Paths))
11 SYSTEMPATH\rewrite.php(44): require_once('C:\\xampp\\htdocs\\kasirpos\\public\\index.php')
CRITICAL - 2026-05-09 22:15:56 --> [Caused by] mysqli_sql_exception: Unknown column 'saldo_akhir' in 'field list'
in SYSTEMPATH\Database\MySQLi\Connection.php on line 327.
 1 SYSTEMPATH\Database\MySQLi\Connection.php(327): mysqli->query('UPDATE `kasir_shift_transaksi` SET `saldo_akhir` = \'0\', `status` = \'Tutup\', `closed_at` = \'2026-05-09 22:15:55\'
WHERE `id_user` = \'2\'
AND `status` = \'Buka\'', 0)
 2 SYSTEMPATH\Database\BaseConnection.php(729): CodeIgniter\Database\MySQLi\Connection->execute('UPDATE `kasir_shift_transaksi` SET `saldo_akhir` = \'0\', `status` = \'Tutup\', `closed_at` = \'2026-05-09 22:15:55\'
WHERE `id_user` = \'2\'
AND `status` = \'Buka\'')
 3 SYSTEMPATH\Database\BaseConnection.php(646): CodeIgniter\Database\BaseConnection->simpleQuery('UPDATE `kasir_shift_transaksi` SET `saldo_akhir` = \'0\', `status` = \'Tutup\', `closed_at` = \'2026-05-09 22:15:55\'
WHERE `id_user` = \'2\'
AND `status` = \'Buka\'')
 4 SYSTEMPATH\Database\BaseBuilder.php(2521): CodeIgniter\Database\BaseConnection->query('UPDATE `kasir_shift_transaksi` SET `saldo_akhir` = :saldo_akhir:, `status` = :status.1:, `closed_at` = :closed_at:
WHERE `id_user` = :id_user:
AND `status` = :status:', [...], false)
 5 APPPATH\Controllers\Kasir.php(98): CodeIgniter\Database\BaseBuilder->update([...])
 6 SYSTEMPATH\CodeIgniter.php(933): App\Controllers\Kasir->proses_close_shift()
 7 SYSTEMPATH\CodeIgniter.php(507): CodeIgniter\CodeIgniter->runController(Object(App\Controllers\Kasir))
 8 SYSTEMPATH\CodeIgniter.php(354): CodeIgniter\CodeIgniter->handleRequest(null, Object(Config\Cache), false)
 9 SYSTEMPATH\Boot.php(363): CodeIgniter\CodeIgniter->run()
10 SYSTEMPATH\Boot.php(68): CodeIgniter\Boot::runCodeIgniter(Object(CodeIgniter\CodeIgniter))
11 FCPATH\index.php(59): CodeIgniter\Boot::bootWeb(Object(Config\Paths))
12 SYSTEMPATH\rewrite.php(44): require_once('C:\\xampp\\htdocs\\kasirpos\\public\\index.php')
DEBUG - 2026-05-09 22:16:20 --> Session: Class initialized using 'CodeIgniter\Session\Handlers\FileHandler' driver.
ERROR - 2026-05-09 22:16:20 --> mysqli_sql_exception: Unknown column 'saldo_akhir' in 'field list' in C:\xampp\htdocs\kasirpos\system\Database\MySQLi\Connection.php:327
Stack trace:
#0 C:\xampp\htdocs\kasirpos\system\Database\MySQLi\Connection.php(327): mysqli->query('UPDATE `kasir_s...', 0)
#1 C:\xampp\htdocs\kasirpos\system\Database\BaseConnection.php(729): CodeIgniter\Database\MySQLi\Connection->execute('UPDATE `kasir_s...')
#2 C:\xampp\htdocs\kasirpos\system\Database\BaseConnection.php(646): CodeIgniter\Database\BaseConnection->simpleQuery('UPDATE `kasir_s...')
#3 C:\xampp\htdocs\kasirpos\system\Database\BaseBuilder.php(2521): CodeIgniter\Database\BaseConnection->query('UPDATE `kasir_s...', Array, false)
#4 C:\xampp\htdocs\kasirpos\app\Controllers\Kasir.php(98): CodeIgniter\Database\BaseBuilder->update(Array)
#5 C:\xampp\htdocs\kasirpos\system\CodeIgniter.php(933): App\Controllers\Kasir->proses_close_shift()
#6 C:\xampp\htdocs\kasirpos\system\CodeIgniter.php(507): CodeIgniter\CodeIgniter->runController(Object(App\Controllers\Kasir))
#7 C:\xampp\htdocs\kasirpos\system\CodeIgniter.php(354): CodeIgniter\CodeIgniter->handleRequest(NULL, Object(Config\Cache), false)
#8 C:\xampp\htdocs\kasirpos\system\Boot.php(363): CodeIgniter\CodeIgniter->run()
#9 C:\xampp\htdocs\kasirpos\system\Boot.php(68): CodeIgniter\Boot::runCodeIgniter(Object(CodeIgniter\CodeIgniter))
#10 C:\xampp\htdocs\kasirpos\public\index.php(59): CodeIgniter\Boot::bootWeb(Object(Config\Paths))
#11 C:\xampp\htdocs\kasirpos\system\rewrite.php(44): require_once('C:\\xampp\\htdocs...')
#12 {main}
CRITICAL - 2026-05-09 22:16:20 --> CodeIgniter\Database\Exceptions\DatabaseException: Unknown column 'saldo_akhir' in 'field list'
[Method: POST, Route: kasir/close-kasir/simpan]
in SYSTEMPATH\Database\BaseConnection.php on line 684.
 1 SYSTEMPATH\Database\BaseBuilder.php(2521): CodeIgniter\Database\BaseConnection->query('UPDATE `kasir_shift_transaksi` SET `saldo_akhir` = :saldo_akhir:, `status` = :status.1:, `closed_at` = :closed_at:
WHERE `id_user` = :id_user:
AND `status` = :status:', [...], false)
 2 APPPATH\Controllers\Kasir.php(98): CodeIgniter\Database\BaseBuilder->update([...])
 3 SYSTEMPATH\CodeIgniter.php(933): App\Controllers\Kasir->proses_close_shift()
 4 SYSTEMPATH\CodeIgniter.php(507): CodeIgniter\CodeIgniter->runController(Object(App\Controllers\Kasir))
 5 SYSTEMPATH\CodeIgniter.php(354): CodeIgniter\CodeIgniter->handleRequest(null, Object(Config\Cache), false)
 6 SYSTEMPATH\Boot.php(363): CodeIgniter\CodeIgniter->run()
 7 SYSTEMPATH\Boot.php(68): CodeIgniter\Boot::runCodeIgniter(Object(CodeIgniter\CodeIgniter))
 8 FCPATH\index.php(59): CodeIgniter\Boot::bootWeb(Object(Config\Paths))
 9 SYSTEMPATH\rewrite.php(44): require_once('C:\\xampp\\htdocs\\kasirpos\\public\\index.php')
CRITICAL - 2026-05-09 22:16:20 --> [Caused by] CodeIgniter\Database\Exceptions\DatabaseException: Unknown column 'saldo_akhir' in 'field list'
in SYSTEMPATH\Database\MySQLi\Connection.php on line 332.
 1 SYSTEMPATH\Database\BaseConnection.php(729): CodeIgniter\Database\MySQLi\Connection->execute('UPDATE `kasir_shift_transaksi` SET `saldo_akhir` = \'0\', `status` = \'Tutup\', `closed_at` = \'2026-05-09 22:16:20\'
WHERE `id_user` = \'2\'
AND `status` = \'Buka\'')
 2 SYSTEMPATH\Database\BaseConnection.php(646): CodeIgniter\Database\BaseConnection->simpleQuery('UPDATE `kasir_shift_transaksi` SET `saldo_akhir` = \'0\', `status` = \'Tutup\', `closed_at` = \'2026-05-09 22:16:20\'
WHERE `id_user` = \'2\'
AND `status` = \'Buka\'')
 3 SYSTEMPATH\Database\BaseBuilder.php(2521): CodeIgniter\Database\BaseConnection->query('UPDATE `kasir_shift_transaksi` SET `saldo_akhir` = :saldo_akhir:, `status` = :status.1:, `closed_at` = :closed_at:
WHERE `id_user` = :id_user:
AND `status` = :status:', [...], false)
 4 APPPATH\Controllers\Kasir.php(98): CodeIgniter\Database\BaseBuilder->update([...])
 5 SYSTEMPATH\CodeIgniter.php(933): App\Controllers\Kasir->proses_close_shift()
 6 SYSTEMPATH\CodeIgniter.php(507): CodeIgniter\CodeIgniter->runController(Object(App\Controllers\Kasir))
 7 SYSTEMPATH\CodeIgniter.php(354): CodeIgniter\CodeIgniter->handleRequest(null, Object(Config\Cache), false)
 8 SYSTEMPATH\Boot.php(363): CodeIgniter\CodeIgniter->run()
 9 SYSTEMPATH\Boot.php(68): CodeIgniter\Boot::runCodeIgniter(Object(CodeIgniter\CodeIgniter))
10 FCPATH\index.php(59): CodeIgniter\Boot::bootWeb(Object(Config\Paths))
11 SYSTEMPATH\rewrite.php(44): require_once('C:\\xampp\\htdocs\\kasirpos\\public\\index.php')
CRITICAL - 2026-05-09 22:16:20 --> [Caused by] mysqli_sql_exception: Unknown column 'saldo_akhir' in 'field list'
in SYSTEMPATH\Database\MySQLi\Connection.php on line 327.
 1 SYSTEMPATH\Database\MySQLi\Connection.php(327): mysqli->query('UPDATE `kasir_shift_transaksi` SET `saldo_akhir` = \'0\', `status` = \'Tutup\', `closed_at` = \'2026-05-09 22:16:20\'
WHERE `id_user` = \'2\'
AND `status` = \'Buka\'', 0)
 2 SYSTEMPATH\Database\BaseConnection.php(729): CodeIgniter\Database\MySQLi\Connection->execute('UPDATE `kasir_shift_transaksi` SET `saldo_akhir` = \'0\', `status` = \'Tutup\', `closed_at` = \'2026-05-09 22:16:20\'
WHERE `id_user` = \'2\'
AND `status` = \'Buka\'')
 3 SYSTEMPATH\Database\BaseConnection.php(646): CodeIgniter\Database\BaseConnection->simpleQuery('UPDATE `kasir_shift_transaksi` SET `saldo_akhir` = \'0\', `status` = \'Tutup\', `closed_at` = \'2026-05-09 22:16:20\'
WHERE `id_user` = \'2\'
AND `status` = \'Buka\'')
 4 SYSTEMPATH\Database\BaseBuilder.php(2521): CodeIgniter\Database\BaseConnection->query('UPDATE `kasir_shift_transaksi` SET `saldo_akhir` = :saldo_akhir:, `status` = :status.1:, `closed_at` = :closed_at:
WHERE `id_user` = :id_user:
AND `status` = :status:', [...], false)
 5 APPPATH\Controllers\Kasir.php(98): CodeIgniter\Database\BaseBuilder->update([...])
 6 SYSTEMPATH\CodeIgniter.php(933): App\Controllers\Kasir->proses_close_shift()
 7 SYSTEMPATH\CodeIgniter.php(507): CodeIgniter\CodeIgniter->runController(Object(App\Controllers\Kasir))
 8 SYSTEMPATH\CodeIgniter.php(354): CodeIgniter\CodeIgniter->handleRequest(null, Object(Config\Cache), false)
 9 SYSTEMPATH\Boot.php(363): CodeIgniter\CodeIgniter->run()
10 SYSTEMPATH\Boot.php(68): CodeIgniter\Boot::runCodeIgniter(Object(CodeIgniter\CodeIgniter))
11 FCPATH\index.php(59): CodeIgniter\Boot::bootWeb(Object(Config\Paths))
12 SYSTEMPATH\rewrite.php(44): require_once('C:\\xampp\\htdocs\\kasirpos\\public\\index.php')
DEBUG - 2026-05-09 22:16:42 --> Session: Class initialized using 'CodeIgniter\Session\Handlers\FileHandler' driver.
ERROR - 2026-05-09 22:16:42 --> mysqli_sql_exception: Unknown column 'closed_at' in 'field list' in C:\xampp\htdocs\kasirpos\system\Database\MySQLi\Connection.php:327
Stack trace:
#0 C:\xampp\htdocs\kasirpos\system\Database\MySQLi\Connection.php(327): mysqli->query('UPDATE `kasir_s...', 0)
#1 C:\xampp\htdocs\kasirpos\system\Database\BaseConnection.php(729): CodeIgniter\Database\MySQLi\Connection->execute('UPDATE `kasir_s...')
#2 C:\xampp\htdocs\kasirpos\system\Database\BaseConnection.php(646): CodeIgniter\Database\BaseConnection->simpleQuery('UPDATE `kasir_s...')
#3 C:\xampp\htdocs\kasirpos\system\Database\BaseBuilder.php(2521): CodeIgniter\Database\BaseConnection->query('UPDATE `kasir_s...', Array, false)
#4 C:\xampp\htdocs\kasirpos\app\Controllers\Kasir.php(98): CodeIgniter\Database\BaseBuilder->update(Array)
#5 C:\xampp\htdocs\kasirpos\system\CodeIgniter.php(933): App\Controllers\Kasir->proses_close_shift()
#6 C:\xampp\htdocs\kasirpos\system\CodeIgniter.php(507): CodeIgniter\CodeIgniter->runController(Object(App\Controllers\Kasir))
#7 C:\xampp\htdocs\kasirpos\system\CodeIgniter.php(354): CodeIgniter\CodeIgniter->handleRequest(NULL, Object(Config\Cache), false)
#8 C:\xampp\htdocs\kasirpos\system\Boot.php(363): CodeIgniter\CodeIgniter->run()
#9 C:\xampp\htdocs\kasirpos\system\Boot.php(68): CodeIgniter\Boot::runCodeIgniter(Object(CodeIgniter\CodeIgniter))
#10 C:\xampp\htdocs\kasirpos\public\index.php(59): CodeIgniter\Boot::bootWeb(Object(Config\Paths))
#11 C:\xampp\htdocs\kasirpos\system\rewrite.php(44): require_once('C:\\xampp\\htdocs...')
#12 {main}
CRITICAL - 2026-05-09 22:16:42 --> CodeIgniter\Database\Exceptions\DatabaseException: Unknown column 'closed_at' in 'field list'
[Method: POST, Route: kasir/close-kasir/simpan]
in SYSTEMPATH\Database\BaseConnection.php on line 684.
 1 SYSTEMPATH\Database\BaseBuilder.php(2521): CodeIgniter\Database\BaseConnection->query('UPDATE `kasir_shift_transaksi` SET `uang_fisik_akhir` = :uang_fisik_akhir:, `status` = :status.1:, `closed_at` = :closed_at:
WHERE `id_user` = :id_user:
AND `status` = :status:', [...], false)
 2 APPPATH\Controllers\Kasir.php(98): CodeIgniter\Database\BaseBuilder->update([...])
 3 SYSTEMPATH\CodeIgniter.php(933): App\Controllers\Kasir->proses_close_shift()
 4 SYSTEMPATH\CodeIgniter.php(507): CodeIgniter\CodeIgniter->runController(Object(App\Controllers\Kasir))
 5 SYSTEMPATH\CodeIgniter.php(354): CodeIgniter\CodeIgniter->handleRequest(null, Object(Config\Cache), false)
 6 SYSTEMPATH\Boot.php(363): CodeIgniter\CodeIgniter->run()
 7 SYSTEMPATH\Boot.php(68): CodeIgniter\Boot::runCodeIgniter(Object(CodeIgniter\CodeIgniter))
 8 FCPATH\index.php(59): CodeIgniter\Boot::bootWeb(Object(Config\Paths))
 9 SYSTEMPATH\rewrite.php(44): require_once('C:\\xampp\\htdocs\\kasirpos\\public\\index.php')
CRITICAL - 2026-05-09 22:16:42 --> [Caused by] CodeIgniter\Database\Exceptions\DatabaseException: Unknown column 'closed_at' in 'field list'
in SYSTEMPATH\Database\MySQLi\Connection.php on line 332.
 1 SYSTEMPATH\Database\BaseConnection.php(729): CodeIgniter\Database\MySQLi\Connection->execute('UPDATE `kasir_shift_transaksi` SET `uang_fisik_akhir` = \'0\', `status` = \'Tutup\', `closed_at` = \'2026-05-09 22:16:42\'
WHERE `id_user` = \'2\'
AND `status` = \'Buka\'')
 2 SYSTEMPATH\Database\BaseConnection.php(646): CodeIgniter\Database\BaseConnection->simpleQuery('UPDATE `kasir_shift_transaksi` SET `uang_fisik_akhir` = \'0\', `status` = \'Tutup\', `closed_at` = \'2026-05-09 22:16:42\'
WHERE `id_user` = \'2\'
AND `status` = \'Buka\'')
 3 SYSTEMPATH\Database\BaseBuilder.php(2521): CodeIgniter\Database\BaseConnection->query('UPDATE `kasir_shift_transaksi` SET `uang_fisik_akhir` = :uang_fisik_akhir:, `status` = :status.1:, `closed_at` = :closed_at:
WHERE `id_user` = :id_user:
AND `status` = :status:', [...], false)
 4 APPPATH\Controllers\Kasir.php(98): CodeIgniter\Database\BaseBuilder->update([...])
 5 SYSTEMPATH\CodeIgniter.php(933): App\Controllers\Kasir->proses_close_shift()
 6 SYSTEMPATH\CodeIgniter.php(507): CodeIgniter\CodeIgniter->runController(Object(App\Controllers\Kasir))
 7 SYSTEMPATH\CodeIgniter.php(354): CodeIgniter\CodeIgniter->handleRequest(null, Object(Config\Cache), false)
 8 SYSTEMPATH\Boot.php(363): CodeIgniter\CodeIgniter->run()
 9 SYSTEMPATH\Boot.php(68): CodeIgniter\Boot::runCodeIgniter(Object(CodeIgniter\CodeIgniter))
10 FCPATH\index.php(59): CodeIgniter\Boot::bootWeb(Object(Config\Paths))
11 SYSTEMPATH\rewrite.php(44): require_once('C:\\xampp\\htdocs\\kasirpos\\public\\index.php')
CRITICAL - 2026-05-09 22:16:42 --> [Caused by] mysqli_sql_exception: Unknown column 'closed_at' in 'field list'
in SYSTEMPATH\Database\MySQLi\Connection.php on line 327.
 1 SYSTEMPATH\Database\MySQLi\Connection.php(327): mysqli->query('UPDATE `kasir_shift_transaksi` SET `uang_fisik_akhir` = \'0\', `status` = \'Tutup\', `closed_at` = \'2026-05-09 22:16:42\'
WHERE `id_user` = \'2\'
AND `status` = \'Buka\'', 0)
 2 SYSTEMPATH\Database\BaseConnection.php(729): CodeIgniter\Database\MySQLi\Connection->execute('UPDATE `kasir_shift_transaksi` SET `uang_fisik_akhir` = \'0\', `status` = \'Tutup\', `closed_at` = \'2026-05-09 22:16:42\'
WHERE `id_user` = \'2\'
AND `status` = \'Buka\'')
 3 SYSTEMPATH\Database\BaseConnection.php(646): CodeIgniter\Database\BaseConnection->simpleQuery('UPDATE `kasir_shift_transaksi` SET `uang_fisik_akhir` = \'0\', `status` = \'Tutup\', `closed_at` = \'2026-05-09 22:16:42\'
WHERE `id_user` = \'2\'
AND `status` = \'Buka\'')
 4 SYSTEMPATH\Database\BaseBuilder.php(2521): CodeIgniter\Database\BaseConnection->query('UPDATE `kasir_shift_transaksi` SET `uang_fisik_akhir` = :uang_fisik_akhir:, `status` = :status.1:, `closed_at` = :closed_at:
WHERE `id_user` = :id_user:
AND `status` = :status:', [...], false)
 5 APPPATH\Controllers\Kasir.php(98): CodeIgniter\Database\BaseBuilder->update([...])
 6 SYSTEMPATH\CodeIgniter.php(933): App\Controllers\Kasir->proses_close_shift()
 7 SYSTEMPATH\CodeIgniter.php(507): CodeIgniter\CodeIgniter->runController(Object(App\Controllers\Kasir))
 8 SYSTEMPATH\CodeIgniter.php(354): CodeIgniter\CodeIgniter->handleRequest(null, Object(Config\Cache), false)
 9 SYSTEMPATH\Boot.php(363): CodeIgniter\CodeIgniter->run()
10 SYSTEMPATH\Boot.php(68): CodeIgniter\Boot::runCodeIgniter(Object(CodeIgniter\CodeIgniter))
11 FCPATH\index.php(59): CodeIgniter\Boot::bootWeb(Object(Config\Paths))
12 SYSTEMPATH\rewrite.php(44): require_once('C:\\xampp\\htdocs\\kasirpos\\public\\index.php')
DEBUG - 2026-05-09 22:17:15 --> Session: Class initialized using 'CodeIgniter\Session\Handlers\FileHandler' driver.
ERROR - 2026-05-09 22:17:15 --> mysqli_sql_exception: Unknown column 'saldo_akhir' in 'field list' in C:\xampp\htdocs\kasirpos\system\Database\MySQLi\Connection.php:327
Stack trace:
#0 C:\xampp\htdocs\kasirpos\system\Database\MySQLi\Connection.php(327): mysqli->query('UPDATE `kasir_s...', 0)
#1 C:\xampp\htdocs\kasirpos\system\Database\BaseConnection.php(729): CodeIgniter\Database\MySQLi\Connection->execute('UPDATE `kasir_s...')
#2 C:\xampp\htdocs\kasirpos\system\Database\BaseConnection.php(646): CodeIgniter\Database\BaseConnection->simpleQuery('UPDATE `kasir_s...')
#3 C:\xampp\htdocs\kasirpos\system\Database\BaseBuilder.php(2521): CodeIgniter\Database\BaseConnection->query('UPDATE `kasir_s...', Array, false)
#4 C:\xampp\htdocs\kasirpos\app\Controllers\Kasir.php(97): CodeIgniter\Database\BaseBuilder->update(Array)
#5 C:\xampp\htdocs\kasirpos\system\CodeIgniter.php(933): App\Controllers\Kasir->proses_close_shift()
#6 C:\xampp\htdocs\kasirpos\system\CodeIgniter.php(507): CodeIgniter\CodeIgniter->runController(Object(App\Controllers\Kasir))
#7 C:\xampp\htdocs\kasirpos\system\CodeIgniter.php(354): CodeIgniter\CodeIgniter->handleRequest(NULL, Object(Config\Cache), false)
#8 C:\xampp\htdocs\kasirpos\system\Boot.php(363): CodeIgniter\CodeIgniter->run()
#9 C:\xampp\htdocs\kasirpos\system\Boot.php(68): CodeIgniter\Boot::runCodeIgniter(Object(CodeIgniter\CodeIgniter))
#10 C:\xampp\htdocs\kasirpos\public\index.php(59): CodeIgniter\Boot::bootWeb(Object(Config\Paths))
#11 C:\xampp\htdocs\kasirpos\system\rewrite.php(44): require_once('C:\\xampp\\htdocs...')
#12 {main}
CRITICAL - 2026-05-09 22:17:15 --> CodeIgniter\Database\Exceptions\DatabaseException: Unknown column 'saldo_akhir' in 'field list'
[Method: POST, Route: kasir/close-kasir/simpan]
in SYSTEMPATH\Database\BaseConnection.php on line 684.
 1 SYSTEMPATH\Database\BaseBuilder.php(2521): CodeIgniter\Database\BaseConnection->query('UPDATE `kasir_shift_transaksi` SET `saldo_akhir` = :saldo_akhir:, `status` = :status.1:, `closed_at` = :closed_at:
WHERE `id_user` = :id_user:
AND `status` = :status:', [...], false)
 2 APPPATH\Controllers\Kasir.php(97): CodeIgniter\Database\BaseBuilder->update([...])
 3 SYSTEMPATH\CodeIgniter.php(933): App\Controllers\Kasir->proses_close_shift()
 4 SYSTEMPATH\CodeIgniter.php(507): CodeIgniter\CodeIgniter->runController(Object(App\Controllers\Kasir))
 5 SYSTEMPATH\CodeIgniter.php(354): CodeIgniter\CodeIgniter->handleRequest(null, Object(Config\Cache), false)
 6 SYSTEMPATH\Boot.php(363): CodeIgniter\CodeIgniter->run()
 7 SYSTEMPATH\Boot.php(68): CodeIgniter\Boot::runCodeIgniter(Object(CodeIgniter\CodeIgniter))
 8 FCPATH\index.php(59): CodeIgniter\Boot::bootWeb(Object(Config\Paths))
 9 SYSTEMPATH\rewrite.php(44): require_once('C:\\xampp\\htdocs\\kasirpos\\public\\index.php')
CRITICAL - 2026-05-09 22:17:15 --> [Caused by] CodeIgniter\Database\Exceptions\DatabaseException: Unknown column 'saldo_akhir' in 'field list'
in SYSTEMPATH\Database\MySQLi\Connection.php on line 332.
 1 SYSTEMPATH\Database\BaseConnection.php(729): CodeIgniter\Database\MySQLi\Connection->execute('UPDATE `kasir_shift_transaksi` SET `saldo_akhir` = \'0\', `status` = \'Tutup\', `closed_at` = \'2026-05-09 22:17:15\'
WHERE `id_user` = \'2\'
AND `status` = \'Buka\'')
 2 SYSTEMPATH\Database\BaseConnection.php(646): CodeIgniter\Database\BaseConnection->simpleQuery('UPDATE `kasir_shift_transaksi` SET `saldo_akhir` = \'0\', `status` = \'Tutup\', `closed_at` = \'2026-05-09 22:17:15\'
WHERE `id_user` = \'2\'
AND `status` = \'Buka\'')
 3 SYSTEMPATH\Database\BaseBuilder.php(2521): CodeIgniter\Database\BaseConnection->query('UPDATE `kasir_shift_transaksi` SET `saldo_akhir` = :saldo_akhir:, `status` = :status.1:, `closed_at` = :closed_at:
WHERE `id_user` = :id_user:
AND `status` = :status:', [...], false)
 4 APPPATH\Controllers\Kasir.php(97): CodeIgniter\Database\BaseBuilder->update([...])
 5 SYSTEMPATH\CodeIgniter.php(933): App\Controllers\Kasir->proses_close_shift()
 6 SYSTEMPATH\CodeIgniter.php(507): CodeIgniter\CodeIgniter->runController(Object(App\Controllers\Kasir))
 7 SYSTEMPATH\CodeIgniter.php(354): CodeIgniter\CodeIgniter->handleRequest(null, Object(Config\Cache), false)
 8 SYSTEMPATH\Boot.php(363): CodeIgniter\CodeIgniter->run()
 9 SYSTEMPATH\Boot.php(68): CodeIgniter\Boot::runCodeIgniter(Object(CodeIgniter\CodeIgniter))
10 FCPATH\index.php(59): CodeIgniter\Boot::bootWeb(Object(Config\Paths))
11 SYSTEMPATH\rewrite.php(44): require_once('C:\\xampp\\htdocs\\kasirpos\\public\\index.php')
CRITICAL - 2026-05-09 22:17:15 --> [Caused by] mysqli_sql_exception: Unknown column 'saldo_akhir' in 'field list'
in SYSTEMPATH\Database\MySQLi\Connection.php on line 327.
 1 SYSTEMPATH\Database\MySQLi\Connection.php(327): mysqli->query('UPDATE `kasir_shift_transaksi` SET `saldo_akhir` = \'0\', `status` = \'Tutup\', `closed_at` = \'2026-05-09 22:17:15\'
WHERE `id_user` = \'2\'
AND `status` = \'Buka\'', 0)
 2 SYSTEMPATH\Database\BaseConnection.php(729): CodeIgniter\Database\MySQLi\Connection->execute('UPDATE `kasir_shift_transaksi` SET `saldo_akhir` = \'0\', `status` = \'Tutup\', `closed_at` = \'2026-05-09 22:17:15\'
WHERE `id_user` = \'2\'
AND `status` = \'Buka\'')
 3 SYSTEMPATH\Database\BaseConnection.php(646): CodeIgniter\Database\BaseConnection->simpleQuery('UPDATE `kasir_shift_transaksi` SET `saldo_akhir` = \'0\', `status` = \'Tutup\', `closed_at` = \'2026-05-09 22:17:15\'
WHERE `id_user` = \'2\'
AND `status` = \'Buka\'')
 4 SYSTEMPATH\Database\BaseBuilder.php(2521): CodeIgniter\Database\BaseConnection->query('UPDATE `kasir_shift_transaksi` SET `saldo_akhir` = :saldo_akhir:, `status` = :status.1:, `closed_at` = :closed_at:
WHERE `id_user` = :id_user:
AND `status` = :status:', [...], false)
 5 APPPATH\Controllers\Kasir.php(97): CodeIgniter\Database\BaseBuilder->update([...])
 6 SYSTEMPATH\CodeIgniter.php(933): App\Controllers\Kasir->proses_close_shift()
 7 SYSTEMPATH\CodeIgniter.php(507): CodeIgniter\CodeIgniter->runController(Object(App\Controllers\Kasir))
 8 SYSTEMPATH\CodeIgniter.php(354): CodeIgniter\CodeIgniter->handleRequest(null, Object(Config\Cache), false)
 9 SYSTEMPATH\Boot.php(363): CodeIgniter\CodeIgniter->run()
10 SYSTEMPATH\Boot.php(68): CodeIgniter\Boot::runCodeIgniter(Object(CodeIgniter\CodeIgniter))
11 FCPATH\index.php(59): CodeIgniter\Boot::bootWeb(Object(Config\Paths))
12 SYSTEMPATH\rewrite.php(44): require_once('C:\\xampp\\htdocs\\kasirpos\\public\\index.php')
DEBUG - 2026-05-09 22:17:31 --> Session: Class initialized using 'CodeIgniter\Session\Handlers\FileHandler' driver.
DEBUG - 2026-05-09 22:17:35 --> Session: Class initialized using 'CodeIgniter\Session\Handlers\FileHandler' driver.
ERROR - 2026-05-09 22:17:35 --> mysqli_sql_exception: Unknown column 'saldo_akhir' in 'field list' in C:\xampp\htdocs\kasirpos\system\Database\MySQLi\Connection.php:327
Stack trace:
#0 C:\xampp\htdocs\kasirpos\system\Database\MySQLi\Connection.php(327): mysqli->query('UPDATE `kasir_s...', 0)
#1 C:\xampp\htdocs\kasirpos\system\Database\BaseConnection.php(729): CodeIgniter\Database\MySQLi\Connection->execute('UPDATE `kasir_s...')
#2 C:\xampp\htdocs\kasirpos\system\Database\BaseConnection.php(646): CodeIgniter\Database\BaseConnection->simpleQuery('UPDATE `kasir_s...')
#3 C:\xampp\htdocs\kasirpos\system\Database\BaseBuilder.php(2521): CodeIgniter\Database\BaseConnection->query('UPDATE `kasir_s...', Array, false)
#4 C:\xampp\htdocs\kasirpos\app\Controllers\Kasir.php(97): CodeIgniter\Database\BaseBuilder->update(Array)
#5 C:\xampp\htdocs\kasirpos\system\CodeIgniter.php(933): App\Controllers\Kasir->proses_close_shift()
#6 C:\xampp\htdocs\kasirpos\system\CodeIgniter.php(507): CodeIgniter\CodeIgniter->runController(Object(App\Controllers\Kasir))
#7 C:\xampp\htdocs\kasirpos\system\CodeIgniter.php(354): CodeIgniter\CodeIgniter->handleRequest(NULL, Object(Config\Cache), false)
#8 C:\xampp\htdocs\kasirpos\system\Boot.php(363): CodeIgniter\CodeIgniter->run()
#9 C:\xampp\htdocs\kasirpos\system\Boot.php(68): CodeIgniter\Boot::runCodeIgniter(Object(CodeIgniter\CodeIgniter))
#10 C:\xampp\htdocs\kasirpos\public\index.php(59): CodeIgniter\Boot::bootWeb(Object(Config\Paths))
#11 C:\xampp\htdocs\kasirpos\system\rewrite.php(44): require_once('C:\\xampp\\htdocs...')
#12 {main}
CRITICAL - 2026-05-09 22:17:35 --> CodeIgniter\Database\Exceptions\DatabaseException: Unknown column 'saldo_akhir' in 'field list'
[Method: POST, Route: kasir/close-kasir/simpan]
in SYSTEMPATH\Database\BaseConnection.php on line 684.
 1 SYSTEMPATH\Database\BaseBuilder.php(2521): CodeIgniter\Database\BaseConnection->query('UPDATE `kasir_shift_transaksi` SET `saldo_akhir` = :saldo_akhir:, `status` = :status.1:, `closed_at` = :closed_at:
WHERE `id_user` = :id_user:
AND `status` = :status:', [...], false)
 2 APPPATH\Controllers\Kasir.php(97): CodeIgniter\Database\BaseBuilder->update([...])
 3 SYSTEMPATH\CodeIgniter.php(933): App\Controllers\Kasir->proses_close_shift()
 4 SYSTEMPATH\CodeIgniter.php(507): CodeIgniter\CodeIgniter->runController(Object(App\Controllers\Kasir))
 5 SYSTEMPATH\CodeIgniter.php(354): CodeIgniter\CodeIgniter->handleRequest(null, Object(Config\Cache), false)
 6 SYSTEMPATH\Boot.php(363): CodeIgniter\CodeIgniter->run()
 7 SYSTEMPATH\Boot.php(68): CodeIgniter\Boot::runCodeIgniter(Object(CodeIgniter\CodeIgniter))
 8 FCPATH\index.php(59): CodeIgniter\Boot::bootWeb(Object(Config\Paths))
 9 SYSTEMPATH\rewrite.php(44): require_once('C:\\xampp\\htdocs\\kasirpos\\public\\index.php')
CRITICAL - 2026-05-09 22:17:35 --> [Caused by] CodeIgniter\Database\Exceptions\DatabaseException: Unknown column 'saldo_akhir' in 'field list'
in SYSTEMPATH\Database\MySQLi\Connection.php on line 332.
 1 SYSTEMPATH\Database\BaseConnection.php(729): CodeIgniter\Database\MySQLi\Connection->execute('UPDATE `kasir_shift_transaksi` SET `saldo_akhir` = \'0\', `status` = \'Tutup\', `closed_at` = \'2026-05-09 22:17:35\'
WHERE `id_user` = \'2\'
AND `status` = \'Buka\'')
 2 SYSTEMPATH\Database\BaseConnection.php(646): CodeIgniter\Database\BaseConnection->simpleQuery('UPDATE `kasir_shift_transaksi` SET `saldo_akhir` = \'0\', `status` = \'Tutup\', `closed_at` = \'2026-05-09 22:17:35\'
WHERE `id_user` = \'2\'
AND `status` = \'Buka\'')
 3 SYSTEMPATH\Database\BaseBuilder.php(2521): CodeIgniter\Database\BaseConnection->query('UPDATE `kasir_shift_transaksi` SET `saldo_akhir` = :saldo_akhir:, `status` = :status.1:, `closed_at` = :closed_at:
WHERE `id_user` = :id_user:
AND `status` = :status:', [...], false)
 4 APPPATH\Controllers\Kasir.php(97): CodeIgniter\Database\BaseBuilder->update([...])
 5 SYSTEMPATH\CodeIgniter.php(933): App\Controllers\Kasir->proses_close_shift()
 6 SYSTEMPATH\CodeIgniter.php(507): CodeIgniter\CodeIgniter->runController(Object(App\Controllers\Kasir))
 7 SYSTEMPATH\CodeIgniter.php(354): CodeIgniter\CodeIgniter->handleRequest(null, Object(Config\Cache), false)
 8 SYSTEMPATH\Boot.php(363): CodeIgniter\CodeIgniter->run()
 9 SYSTEMPATH\Boot.php(68): CodeIgniter\Boot::runCodeIgniter(Object(CodeIgniter\CodeIgniter))
10 FCPATH\index.php(59): CodeIgniter\Boot::bootWeb(Object(Config\Paths))
11 SYSTEMPATH\rewrite.php(44): require_once('C:\\xampp\\htdocs\\kasirpos\\public\\index.php')
CRITICAL - 2026-05-09 22:17:35 --> [Caused by] mysqli_sql_exception: Unknown column 'saldo_akhir' in 'field list'
in SYSTEMPATH\Database\MySQLi\Connection.php on line 327.
 1 SYSTEMPATH\Database\MySQLi\Connection.php(327): mysqli->query('UPDATE `kasir_shift_transaksi` SET `saldo_akhir` = \'0\', `status` = \'Tutup\', `closed_at` = \'2026-05-09 22:17:35\'
WHERE `id_user` = \'2\'
AND `status` = \'Buka\'', 0)
 2 SYSTEMPATH\Database\BaseConnection.php(729): CodeIgniter\Database\MySQLi\Connection->execute('UPDATE `kasir_shift_transaksi` SET `saldo_akhir` = \'0\', `status` = \'Tutup\', `closed_at` = \'2026-05-09 22:17:35\'
WHERE `id_user` = \'2\'
AND `status` = \'Buka\'')
 3 SYSTEMPATH\Database\BaseConnection.php(646): CodeIgniter\Database\BaseConnection->simpleQuery('UPDATE `kasir_shift_transaksi` SET `saldo_akhir` = \'0\', `status` = \'Tutup\', `closed_at` = \'2026-05-09 22:17:35\'
WHERE `id_user` = \'2\'
AND `status` = \'Buka\'')
 4 SYSTEMPATH\Database\BaseBuilder.php(2521): CodeIgniter\Database\BaseConnection->query('UPDATE `kasir_shift_transaksi` SET `saldo_akhir` = :saldo_akhir:, `status` = :status.1:, `closed_at` = :closed_at:
WHERE `id_user` = :id_user:
AND `status` = :status:', [...], false)
 5 APPPATH\Controllers\Kasir.php(97): CodeIgniter\Database\BaseBuilder->update([...])
 6 SYSTEMPATH\CodeIgniter.php(933): App\Controllers\Kasir->proses_close_shift()
 7 SYSTEMPATH\CodeIgniter.php(507): CodeIgniter\CodeIgniter->runController(Object(App\Controllers\Kasir))
 8 SYSTEMPATH\CodeIgniter.php(354): CodeIgniter\CodeIgniter->handleRequest(null, Object(Config\Cache), false)
 9 SYSTEMPATH\Boot.php(363): CodeIgniter\CodeIgniter->run()
10 SYSTEMPATH\Boot.php(68): CodeIgniter\Boot::runCodeIgniter(Object(CodeIgniter\CodeIgniter))
11 FCPATH\index.php(59): CodeIgniter\Boot::bootWeb(Object(Config\Paths))
12 SYSTEMPATH\rewrite.php(44): require_once('C:\\xampp\\htdocs\\kasirpos\\public\\index.php')
DEBUG - 2026-05-09 22:17:58 --> Session: Class initialized using 'CodeIgniter\Session\Handlers\FileHandler' driver.
DEBUG - 2026-05-09 22:17:58 --> Session: Class initialized using 'CodeIgniter\Session\Handlers\FileHandler' driver.
DEBUG - 2026-05-09 22:18:00 --> Session: Class initialized using 'CodeIgniter\Session\Handlers\FileHandler' driver.
DEBUG - 2026-05-09 22:18:00 --> Session: Class initialized using 'CodeIgniter\Session\Handlers\FileHandler' driver.
DEBUG - 2026-05-09 22:18:22 --> Session: Class initialized using 'CodeIgniter\Session\Handlers\FileHandler' driver.
DEBUG - 2026-05-09 22:18:22 --> Session: Class initialized using 'CodeIgniter\Session\Handlers\FileHandler' driver.
DEBUG - 2026-05-09 22:18:23 --> Session: Class initialized using 'CodeIgniter\Session\Handlers\FileHandler' driver.
DEBUG - 2026-05-09 22:18:24 --> Session: Class initialized using 'CodeIgniter\Session\Handlers\FileHandler' driver.
DEBUG - 2026-05-09 15:18:24 --> Session: Class initialized using 'CodeIgniter\Session\Handlers\FileHandler' driver.
DEBUG - 2026-05-09 22:18:26 --> Session: Class initialized using 'CodeIgniter\Session\Handlers\FileHandler' driver.
DEBUG - 2026-05-09 22:18:26 --> Session: Class initialized using 'CodeIgniter\Session\Handlers\FileHandler' driver.
DEBUG - 2026-05-09 22:18:28 --> Session: Class initialized using 'CodeIgniter\Session\Handlers\FileHandler' driver.
DEBUG - 2026-05-09 22:18:28 --> Session: Class initialized using 'CodeIgniter\Session\Handlers\FileHandler' driver.
DEBUG - 2026-05-09 22:18:35 --> Session: Class initialized using 'CodeIgniter\Session\Handlers\FileHandler' driver.
DEBUG - 2026-05-09 22:18:35 --> Session: Class initialized using 'CodeIgniter\Session\Handlers\FileHandler' driver.
DEBUG - 2026-05-09 22:19:02 --> Session: Class initialized using 'CodeIgniter\Session\Handlers\FileHandler' driver.
DEBUG - 2026-05-09 22:19:02 --> Session: Class initialized using 'CodeIgniter\Session\Handlers\FileHandler' driver.
DEBUG - 2026-05-09 22:21:20 --> Session: Class initialized using 'CodeIgniter\Session\Handlers\FileHandler' driver.
DEBUG - 2026-05-09 22:21:21 --> Session: Class initialized using 'CodeIgniter\Session\Handlers\FileHandler' driver.
DEBUG - 2026-05-09 22:21:21 --> Session: Class initialized using 'CodeIgniter\Session\Handlers\FileHandler' driver.
DEBUG - 2026-05-09 22:21:24 --> Session: Class initialized using 'CodeIgniter\Session\Handlers\FileHandler' driver.
DEBUG - 2026-05-09 22:21:24 --> Session: Class initialized using 'CodeIgniter\Session\Handlers\FileHandler' driver.
DEBUG - 2026-05-09 22:21:28 --> Session: Class initialized using 'CodeIgniter\Session\Handlers\FileHandler' driver.
DEBUG - 2026-05-09 22:21:51 --> Session: Class initialized using 'CodeIgniter\Session\Handlers\FileHandler' driver.
DEBUG - 2026-05-09 22:21:52 --> Session: Class initialized using 'CodeIgniter\Session\Handlers\FileHandler' driver.
DEBUG - 2026-05-09 22:21:53 --> Session: Class initialized using 'CodeIgniter\Session\Handlers\FileHandler' driver.
DEBUG - 2026-05-09 22:21:53 --> Session: Class initialized using 'CodeIgniter\Session\Handlers\FileHandler' driver.
DEBUG - 2026-05-09 22:21:56 --> Session: Class initialized using 'CodeIgniter\Session\Handlers\FileHandler' driver.
DEBUG - 2026-05-09 22:21:56 --> Session: Class initialized using 'CodeIgniter\Session\Handlers\FileHandler' driver.
DEBUG - 2026-05-09 22:22:18 --> Session: Class initialized using 'CodeIgniter\Session\Handlers\FileHandler' driver.
DEBUG - 2026-05-09 22:22:22 --> Session: Class initialized using 'CodeIgniter\Session\Handlers\FileHandler' driver.
DEBUG - 2026-05-09 22:22:22 --> Session: Class initialized using 'CodeIgniter\Session\Handlers\FileHandler' driver.
DEBUG - 2026-05-09 22:22:23 --> Session: Class initialized using 'CodeIgniter\Session\Handlers\FileHandler' driver.
DEBUG - 2026-05-09 22:22:23 --> Session: Class initialized using 'CodeIgniter\Session\Handlers\FileHandler' driver.
DEBUG - 2026-05-09 15:22:23 --> Session: Class initialized using 'CodeIgniter\Session\Handlers\FileHandler' driver.
DEBUG - 2026-05-09 22:22:27 --> Session: Class initialized using 'CodeIgniter\Session\Handlers\FileHandler' driver.
DEBUG - 2026-05-09 22:22:27 --> Session: Class initialized using 'CodeIgniter\Session\Handlers\FileHandler' driver.
DEBUG - 2026-05-09 22:22:29 --> Session: Class initialized using 'CodeIgniter\Session\Handlers\FileHandler' driver.
DEBUG - 2026-05-09 22:22:29 --> Session: Class initialized using 'CodeIgniter\Session\Handlers\FileHandler' driver.
DEBUG - 2026-05-09 22:22:55 --> Session: Class initialized using 'CodeIgniter\Session\Handlers\FileHandler' driver.
DEBUG - 2026-05-09 22:23:06 --> Session: Class initialized using 'CodeIgniter\Session\Handlers\FileHandler' driver.
DEBUG - 2026-05-09 22:23:13 --> Session: Class initialized using 'CodeIgniter\Session\Handlers\FileHandler' driver.
DEBUG - 2026-05-09 22:23:29 --> Session: Class initialized using 'CodeIgniter\Session\Handlers\FileHandler' driver.
DEBUG - 2026-05-09 22:23:47 --> Session: Class initialized using 'CodeIgniter\Session\Handlers\FileHandler' driver.
DEBUG - 2026-05-09 22:23:57 --> Session: Class initialized using 'CodeIgniter\Session\Handlers\FileHandler' driver.
DEBUG - 2026-05-09 22:24:06 --> Session: Class initialized using 'CodeIgniter\Session\Handlers\FileHandler' driver.
DEBUG - 2026-05-09 22:24:08 --> Session: Class initialized using 'CodeIgniter\Session\Handlers\FileHandler' driver.
DEBUG - 2026-05-09 22:24:16 --> Session: Class initialized using 'CodeIgniter\Session\Handlers\FileHandler' driver.
DEBUG - 2026-05-09 22:24:18 --> Session: Class initialized using 'CodeIgniter\Session\Handlers\FileHandler' driver.
DEBUG - 2026-05-09 22:24:18 --> Session: Class initialized using 'CodeIgniter\Session\Handlers\FileHandler' driver.
DEBUG - 2026-05-09 22:24:23 --> Session: Class initialized using 'CodeIgniter\Session\Handlers\FileHandler' driver.
DEBUG - 2026-05-09 22:24:23 --> Session: Class initialized using 'CodeIgniter\Session\Handlers\FileHandler' driver.
DEBUG - 2026-05-09 22:29:03 --> Session: Class initialized using 'CodeIgniter\Session\Handlers\FileHandler' driver.
DEBUG - 2026-05-09 22:29:44 --> Session: Class initialized using 'CodeIgniter\Session\Handlers\FileHandler' driver.
DEBUG - 2026-05-09 22:30:35 --> Session: Class initialized using 'CodeIgniter\Session\Handlers\FileHandler' driver.
DEBUG - 2026-05-09 22:30:49 --> Session: Class initialized using 'CodeIgniter\Session\Handlers\FileHandler' driver.
DEBUG - 2026-05-09 22:30:51 --> Session: Class initialized using 'CodeIgniter\Session\Handlers\FileHandler' driver.
DEBUG - 2026-05-09 22:31:12 --> Session: Class initialized using 'CodeIgniter\Session\Handlers\FileHandler' driver.
DEBUG - 2026-05-09 22:31:26 --> Session: Class initialized using 'CodeIgniter\Session\Handlers\FileHandler' driver.
DEBUG - 2026-05-09 22:31:45 --> Session: Class initialized using 'CodeIgniter\Session\Handlers\FileHandler' driver.
DEBUG - 2026-05-09 22:31:53 --> Session: Class initialized using 'CodeIgniter\Session\Handlers\FileHandler' driver.
DEBUG - 2026-05-09 22:34:44 --> Session: Class initialized using 'CodeIgniter\Session\Handlers\FileHandler' driver.
DEBUG - 2026-05-09 22:34:45 --> Session: Class initialized using 'CodeIgniter\Session\Handlers\FileHandler' driver.
DEBUG - 2026-05-09 22:34:45 --> Session: Class initialized using 'CodeIgniter\Session\Handlers\FileHandler' driver.
DEBUG - 2026-05-09 22:39:47 --> Session: Class initialized using 'CodeIgniter\Session\Handlers\FileHandler' driver.
DEBUG - 2026-05-09 22:40:55 --> Session: Class initialized using 'CodeIgniter\Session\Handlers\FileHandler' driver.
DEBUG - 2026-05-09 22:41:18 --> Session: Class initialized using 'CodeIgniter\Session\Handlers\FileHandler' driver.
DEBUG - 2026-05-09 22:41:20 --> Session: Class initialized using 'CodeIgniter\Session\Handlers\FileHandler' driver.
DEBUG - 2026-05-09 22:42:19 --> Session: Class initialized using 'CodeIgniter\Session\Handlers\FileHandler' driver.
DEBUG - 2026-05-09 22:44:23 --> Session: Class initialized using 'CodeIgniter\Session\Handlers\FileHandler' driver.
DEBUG - 2026-05-09 22:45:07 --> Session: Class initialized using 'CodeIgniter\Session\Handlers\FileHandler' driver.
DEBUG - 2026-05-09 22:45:13 --> Session: Class initialized using 'CodeIgniter\Session\Handlers\FileHandler' driver.
DEBUG - 2026-05-09 22:45:39 --> Session: Class initialized using 'CodeIgniter\Session\Handlers\FileHandler' driver.
DEBUG - 2026-05-09 22:46:55 --> Session: Class initialized using 'CodeIgniter\Session\Handlers\FileHandler' driver.
DEBUG - 2026-05-09 22:47:22 --> Session: Class initialized using 'CodeIgniter\Session\Handlers\FileHandler' driver.
DEBUG - 2026-05-09 22:47:25 --> Session: Class initialized using 'CodeIgniter\Session\Handlers\FileHandler' driver.
DEBUG - 2026-05-09 22:47:58 --> Session: Class initialized using 'CodeIgniter\Session\Handlers\FileHandler' driver.
DEBUG - 2026-05-09 22:48:05 --> Session: Class initialized using 'CodeIgniter\Session\Handlers\FileHandler' driver.
DEBUG - 2026-05-09 22:48:09 --> Session: Class initialized using 'CodeIgniter\Session\Handlers\FileHandler' driver.
DEBUG - 2026-05-09 22:48:45 --> Session: Class initialized using 'CodeIgniter\Session\Handlers\FileHandler' driver.
DEBUG - 2026-05-09 22:48:56 --> Session: Class initialized using 'CodeIgniter\Session\Handlers\FileHandler' driver.
DEBUG - 2026-05-09 22:49:18 --> Session: Class initialized using 'CodeIgniter\Session\Handlers\FileHandler' driver.
DEBUG - 2026-05-09 22:49:23 --> Session: Class initialized using 'CodeIgniter\Session\Handlers\FileHandler' driver.
DEBUG - 2026-05-09 22:49:25 --> Session: Class initialized using 'CodeIgniter\Session\Handlers\FileHandler' driver.
DEBUG - 2026-05-09 22:49:27 --> Session: Class initialized using 'CodeIgniter\Session\Handlers\FileHandler' driver.
DEBUG - 2026-05-09 22:49:56 --> Session: Class initialized using 'CodeIgniter\Session\Handlers\FileHandler' driver.
DEBUG - 2026-05-09 22:49:59 --> Session: Class initialized using 'CodeIgniter\Session\Handlers\FileHandler' driver.
DEBUG - 2026-05-09 22:49:59 --> Session: Class initialized using 'CodeIgniter\Session\Handlers\FileHandler' driver.
DEBUG - 2026-05-09 22:50:02 --> Session: Class initialized using 'CodeIgniter\Session\Handlers\FileHandler' driver.
DEBUG - 2026-05-09 22:50:07 --> Session: Class initialized using 'CodeIgniter\Session\Handlers\FileHandler' driver.
DEBUG - 2026-05-09 22:50:09 --> Session: Class initialized using 'CodeIgniter\Session\Handlers\FileHandler' driver.
ERROR - 2026-05-09 22:50:09 --> mysqli_sql_exception: Column 'user' cannot be null in C:\xampp\htdocs\kasirpos\system\Database\MySQLi\Connection.php:327
Stack trace:
#0 C:\xampp\htdocs\kasirpos\system\Database\MySQLi\Connection.php(327): mysqli->query('INSERT INTO `lo...', 0)
#1 C:\xampp\htdocs\kasirpos\system\Database\BaseConnection.php(729): CodeIgniter\Database\MySQLi\Connection->execute('INSERT INTO `lo...')
#2 C:\xampp\htdocs\kasirpos\system\Database\BaseConnection.php(646): CodeIgniter\Database\BaseConnection->simpleQuery('INSERT INTO `lo...')
#3 C:\xampp\htdocs\kasirpos\system\Database\BaseBuilder.php(2345): CodeIgniter\Database\BaseConnection->query('INSERT INTO `lo...', Array, false)
#4 C:\xampp\htdocs\kasirpos\app\Controllers\Admin.php(488): CodeIgniter\Database\BaseBuilder->insert(Array)
#5 C:\xampp\htdocs\kasirpos\app\Controllers\Kasir.php(191): App\Controllers\Admin->tambah_log(NULL, NULL, 'Absen pulang & ...')
#6 C:\xampp\htdocs\kasirpos\system\CodeIgniter.php(933): App\Controllers\Kasir->simpan_absen_pulang()
#7 C:\xampp\htdocs\kasirpos\system\CodeIgniter.php(507): CodeIgniter\CodeIgniter->runController(Object(App\Controllers\Kasir))
#8 C:\xampp\htdocs\kasirpos\system\CodeIgniter.php(354): CodeIgniter\CodeIgniter->handleRequest(NULL, Object(Config\Cache), false)
#9 C:\xampp\htdocs\kasirpos\system\Boot.php(363): CodeIgniter\CodeIgniter->run()
#10 C:\xampp\htdocs\kasirpos\system\Boot.php(68): CodeIgniter\Boot::runCodeIgniter(Object(CodeIgniter\CodeIgniter))
#11 C:\xampp\htdocs\kasirpos\public\index.php(59): CodeIgniter\Boot::bootWeb(Object(Config\Paths))
#12 C:\xampp\htdocs\kasirpos\system\rewrite.php(44): require_once('C:\\xampp\\htdocs...')
#13 {main}
CRITICAL - 2026-05-09 22:50:09 --> CodeIgniter\Database\Exceptions\DatabaseException: Column 'user' cannot be null
[Method: GET, Route: kasir/simpan_absen_pulang]
in SYSTEMPATH\Database\BaseConnection.php on line 684.
 1 SYSTEMPATH\Database\BaseBuilder.php(2345): CodeIgniter\Database\BaseConnection->query('INSERT INTO `log_aktivitas` (`user`, `role`, `aktivitas`, `waktu`) VALUES (:user:, :role:, :aktivitas:, :waktu:)', [...], false)
 2 APPPATH\Controllers\Admin.php(488): CodeIgniter\Database\BaseBuilder->insert([...])
 3 APPPATH\Controllers\Kasir.php(191): App\Controllers\Admin->tambah_log(null, null, 'Absen pulang & Logout')
 4 SYSTEMPATH\CodeIgniter.php(933): App\Controllers\Kasir->simpan_absen_pulang()
 5 SYSTEMPATH\CodeIgniter.php(507): CodeIgniter\CodeIgniter->runController(Object(App\Controllers\Kasir))
 6 SYSTEMPATH\CodeIgniter.php(354): CodeIgniter\CodeIgniter->handleRequest(null, Object(Config\Cache), false)
 7 SYSTEMPATH\Boot.php(363): CodeIgniter\CodeIgniter->run()
 8 SYSTEMPATH\Boot.php(68): CodeIgniter\Boot::runCodeIgniter(Object(CodeIgniter\CodeIgniter))
 9 FCPATH\index.php(59): CodeIgniter\Boot::bootWeb(Object(Config\Paths))
10 SYSTEMPATH\rewrite.php(44): require_once('C:\\xampp\\htdocs\\kasirpos\\public\\index.php')
CRITICAL - 2026-05-09 22:50:09 --> [Caused by] CodeIgniter\Database\Exceptions\DatabaseException: Column 'user' cannot be null
in SYSTEMPATH\Database\MySQLi\Connection.php on line 332.
 1 SYSTEMPATH\Database\BaseConnection.php(729): CodeIgniter\Database\MySQLi\Connection->execute('INSERT INTO `log_aktivitas` (`user`, `role`, `aktivitas`, `waktu`) VALUES (NULL, NULL, \'Absen pulang & Logout\', \'2026-05-09 22:50:09\')')
 2 SYSTEMPATH\Database\BaseConnection.php(646): CodeIgniter\Database\BaseConnection->simpleQuery('INSERT INTO `log_aktivitas` (`user`, `role`, `aktivitas`, `waktu`) VALUES (NULL, NULL, \'Absen pulang & Logout\', \'2026-05-09 22:50:09\')')
 3 SYSTEMPATH\Database\BaseBuilder.php(2345): CodeIgniter\Database\BaseConnection->query('INSERT INTO `log_aktivitas` (`user`, `role`, `aktivitas`, `waktu`) VALUES (:user:, :role:, :aktivitas:, :waktu:)', [...], false)
 4 APPPATH\Controllers\Admin.php(488): CodeIgniter\Database\BaseBuilder->insert([...])
 5 APPPATH\Controllers\Kasir.php(191): App\Controllers\Admin->tambah_log(null, null, 'Absen pulang & Logout')
 6 SYSTEMPATH\CodeIgniter.php(933): App\Controllers\Kasir->simpan_absen_pulang()
 7 SYSTEMPATH\CodeIgniter.php(507): CodeIgniter\CodeIgniter->runController(Object(App\Controllers\Kasir))
 8 SYSTEMPATH\CodeIgniter.php(354): CodeIgniter\CodeIgniter->handleRequest(null, Object(Config\Cache), false)
 9 SYSTEMPATH\Boot.php(363): CodeIgniter\CodeIgniter->run()
10 SYSTEMPATH\Boot.php(68): CodeIgniter\Boot::runCodeIgniter(Object(CodeIgniter\CodeIgniter))
11 FCPATH\index.php(59): CodeIgniter\Boot::bootWeb(Object(Config\Paths))
12 SYSTEMPATH\rewrite.php(44): require_once('C:\\xampp\\htdocs\\kasirpos\\public\\index.php')
CRITICAL - 2026-05-09 22:50:09 --> [Caused by] mysqli_sql_exception: Column 'user' cannot be null
in SYSTEMPATH\Database\MySQLi\Connection.php on line 327.
 1 SYSTEMPATH\Database\MySQLi\Connection.php(327): mysqli->query('INSERT INTO `log_aktivitas` (`user`, `role`, `aktivitas`, `waktu`) VALUES (NULL, NULL, \'Absen pulang & Logout\', \'2026-05-09 22:50:09\')', 0)
 2 SYSTEMPATH\Database\BaseConnection.php(729): CodeIgniter\Database\MySQLi\Connection->execute('INSERT INTO `log_aktivitas` (`user`, `role`, `aktivitas`, `waktu`) VALUES (NULL, NULL, \'Absen pulang & Logout\', \'2026-05-09 22:50:09\')')
 3 SYSTEMPATH\Database\BaseConnection.php(646): CodeIgniter\Database\BaseConnection->simpleQuery('INSERT INTO `log_aktivitas` (`user`, `role`, `aktivitas`, `waktu`) VALUES (NULL, NULL, \'Absen pulang & Logout\', \'2026-05-09 22:50:09\')')
 4 SYSTEMPATH\Database\BaseBuilder.php(2345): CodeIgniter\Database\BaseConnection->query('INSERT INTO `log_aktivitas` (`user`, `role`, `aktivitas`, `waktu`) VALUES (:user:, :role:, :aktivitas:, :waktu:)', [...], false)
 5 APPPATH\Controllers\Admin.php(488): CodeIgniter\Database\BaseBuilder->insert([...])
 6 APPPATH\Controllers\Kasir.php(191): App\Controllers\Admin->tambah_log(null, null, 'Absen pulang & Logout')
 7 SYSTEMPATH\CodeIgniter.php(933): App\Controllers\Kasir->simpan_absen_pulang()
 8 SYSTEMPATH\CodeIgniter.php(507): CodeIgniter\CodeIgniter->runController(Object(App\Controllers\Kasir))
 9 SYSTEMPATH\CodeIgniter.php(354): CodeIgniter\CodeIgniter->handleRequest(null, Object(Config\Cache), false)
10 SYSTEMPATH\Boot.php(363): CodeIgniter\CodeIgniter->run()
11 SYSTEMPATH\Boot.php(68): CodeIgniter\Boot::runCodeIgniter(Object(CodeIgniter\CodeIgniter))
12 FCPATH\index.php(59): CodeIgniter\Boot::bootWeb(Object(Config\Paths))
13 SYSTEMPATH\rewrite.php(44): require_once('C:\\xampp\\htdocs\\kasirpos\\public\\index.php')
DEBUG - 2026-05-09 22:50:11 --> Session: Class initialized using 'CodeIgniter\Session\Handlers\FileHandler' driver.
DEBUG - 2026-05-09 22:50:14 --> Session: Class initialized using 'CodeIgniter\Session\Handlers\FileHandler' driver.
DEBUG - 2026-05-09 22:50:17 --> Session: Class initialized using 'CodeIgniter\Session\Handlers\FileHandler' driver.
DEBUG - 2026-05-09 22:50:17 --> Session: Class initialized using 'CodeIgniter\Session\Handlers\FileHandler' driver.
DEBUG - 2026-05-09 22:50:18 --> Session: Class initialized using 'CodeIgniter\Session\Handlers\FileHandler' driver.
DEBUG - 2026-05-09 22:50:18 --> Session: Class initialized using 'CodeIgniter\Session\Handlers\FileHandler' driver.
DEBUG - 2026-05-09 15:50:19 --> Session: Class initialized using 'CodeIgniter\Session\Handlers\FileHandler' driver.
DEBUG - 2026-05-09 22:50:21 --> Session: Class initialized using 'CodeIgniter\Session\Handlers\FileHandler' driver.
DEBUG - 2026-05-09 22:50:21 --> Session: Class initialized using 'CodeIgniter\Session\Handlers\FileHandler' driver.
DEBUG - 2026-05-09 22:50:23 --> Session: Class initialized using 'CodeIgniter\Session\Handlers\FileHandler' driver.
DEBUG - 2026-05-09 22:50:23 --> Session: Class initialized using 'CodeIgniter\Session\Handlers\FileHandler' driver.
DEBUG - 2026-05-09 22:50:57 --> Session: Class initialized using 'CodeIgniter\Session\Handlers\FileHandler' driver.
DEBUG - 2026-05-09 22:51:04 --> Session: Class initialized using 'CodeIgniter\Session\Handlers\FileHandler' driver.
DEBUG - 2026-05-09 22:51:37 --> Session: Class initialized using 'CodeIgniter\Session\Handlers\FileHandler' driver.
DEBUG - 2026-05-09 22:51:53 --> Session: Class initialized using 'CodeIgniter\Session\Handlers\FileHandler' driver.
DEBUG - 2026-05-09 22:52:12 --> Session: Class initialized using 'CodeIgniter\Session\Handlers\FileHandler' driver.
DEBUG - 2026-05-09 22:52:25 --> Session: Class initialized using 'CodeIgniter\Session\Handlers\FileHandler' driver.
DEBUG - 2026-05-09 22:52:31 --> Session: Class initialized using 'CodeIgniter\Session\Handlers\FileHandler' driver.
DEBUG - 2026-05-09 22:52:53 --> Session: Class initialized using 'CodeIgniter\Session\Handlers\FileHandler' driver.
DEBUG - 2026-05-09 22:52:53 --> Session: Class initialized using 'CodeIgniter\Session\Handlers\FileHandler' driver.
DEBUG - 2026-05-09 22:52:56 --> Session: Class initialized using 'CodeIgniter\Session\Handlers\FileHandler' driver.
DEBUG - 2026-05-09 22:53:01 --> Session: Class initialized using 'CodeIgniter\Session\Handlers\FileHandler' driver.
DEBUG - 2026-05-09 22:53:01 --> Session: Class initialized using 'CodeIgniter\Session\Handlers\FileHandler' driver.
DEBUG - 2026-05-09 22:53:02 --> Session: Class initialized using 'CodeIgniter\Session\Handlers\FileHandler' driver.
DEBUG - 2026-05-09 22:53:02 --> Session: Class initialized using 'CodeIgniter\Session\Handlers\FileHandler' driver.
DEBUG - 2026-05-09 22:53:05 --> Session: Class initialized using 'CodeIgniter\Session\Handlers\FileHandler' driver.
DEBUG - 2026-05-09 22:53:05 --> Session: Class initialized using 'CodeIgniter\Session\Handlers\FileHandler' driver.
DEBUG - 2026-05-09 22:53:19 --> Session: Class initialized using 'CodeIgniter\Session\Handlers\FileHandler' driver.
DEBUG - 2026-05-09 22:53:19 --> Session: Class initialized using 'CodeIgniter\Session\Handlers\FileHandler' driver.
DEBUG - 2026-05-09 22:54:43 --> Session: Class initialized using 'CodeIgniter\Session\Handlers\FileHandler' driver.
DEBUG - 2026-05-09 22:54:43 --> Session: Class initialized using 'CodeIgniter\Session\Handlers\FileHandler' driver.
DEBUG - 2026-05-09 22:56:53 --> Session: Class initialized using 'CodeIgniter\Session\Handlers\FileHandler' driver.
DEBUG - 2026-05-09 22:57:24 --> Session: Class initialized using 'CodeIgniter\Session\Handlers\FileHandler' driver.
