DEBUG - 2026-05-21 00:01:23 --> Session: Class initialized using 'CodeIgniter\Session\Handlers\FileHandler' driver.
DEBUG - 2026-05-21 00:19:36 --> Session: Class initialized using 'CodeIgniter\Session\Handlers\FileHandler' driver.
WARNING - 2026-05-21 00:21:23 --> [DEPRECATED] number_format(): Passing null to parameter #1 ($num) of type float is deprecated in APPPATH\Views\admin\closing_view.php on line 53.
 1 APPPATH\Views\admin\closing_view.php(53): number_format(null, 0, ',', '.')
 2 SYSTEMPATH\View\View.php(226): include('C:\\xampp\\htdocs\\kasirpos\\app\\Views\\admin\\closing_view.php')
 3 SYSTEMPATH\View\View.php(229): CodeIgniter\View\View->CodeIgniter\View\{closure}()
 4 SYSTEMPATH\Common.php(1167): CodeIgniter\View\View->render('admin/closing_view', [], true)
 5 APPPATH\Controllers\Admin.php(894): view('admin/closing_view', [...])
 6 SYSTEMPATH\CodeIgniter.php(933): App\Controllers\Admin->closing_kasir()
 7 SYSTEMPATH\CodeIgniter.php(507): CodeIgniter\CodeIgniter->runController(Object(App\Controllers\Admin))
 8 SYSTEMPATH\CodeIgniter.php(354): CodeIgniter\CodeIgniter->handleRequest(null, Object(Config\Cache), false)
 9 SYSTEMPATH\Boot.php(363): CodeIgniter\CodeIgniter->run()
10 SYSTEMPATH\Boot.php(68): CodeIgniter\Boot::runCodeIgniter(Object(CodeIgniter\CodeIgniter))
11 FCPATH\index.php(59): CodeIgniter\Boot::bootWeb(Object(Config\Paths))
12 SYSTEMPATH\rewrite.php(44): require_once('C:\\xampp\\htdocs\\kasirpos\\public\\index.php')
WARNING - 2026-05-21 00:21:24 --> [DEPRECATED] number_format(): Passing null to parameter #1 ($num) of type float is deprecated in APPPATH\Views\admin\closing_view.php on line 53.
 1 APPPATH\Views\admin\closing_view.php(53): number_format(null, 0, ',', '.')
 2 SYSTEMPATH\View\View.php(226): include('C:\\xampp\\htdocs\\kasirpos\\app\\Views\\admin\\closing_view.php')
 3 SYSTEMPATH\View\View.php(229): CodeIgniter\View\View->CodeIgniter\View\{closure}()
 4 SYSTEMPATH\Common.php(1167): CodeIgniter\View\View->render('admin/closing_view', [], true)
 5 APPPATH\Controllers\Admin.php(894): view('admin/closing_view', [...])
 6 SYSTEMPATH\CodeIgniter.php(933): App\Controllers\Admin->closing_kasir()
 7 SYSTEMPATH\CodeIgniter.php(507): CodeIgniter\CodeIgniter->runController(Object(App\Controllers\Admin))
 8 SYSTEMPATH\CodeIgniter.php(354): CodeIgniter\CodeIgniter->handleRequest(null, Object(Config\Cache), false)
 9 SYSTEMPATH\Boot.php(363): CodeIgniter\CodeIgniter->run()
10 SYSTEMPATH\Boot.php(68): CodeIgniter\Boot::runCodeIgniter(Object(CodeIgniter\CodeIgniter))
11 FCPATH\index.php(59): CodeIgniter\Boot::bootWeb(Object(Config\Paths))
12 SYSTEMPATH\rewrite.php(44): require_once('C:\\xampp\\htdocs\\kasirpos\\public\\index.php')
DEBUG - 2026-05-21 00:21:25 --> Session: Class initialized using 'CodeIgniter\Session\Handlers\FileHandler' driver.
DEBUG - 2026-05-21 00:21:25 --> Session: Class initialized using 'CodeIgniter\Session\Handlers\FileHandler' driver.
DEBUG - 2026-05-21 00:21:37 --> Session: Class initialized using 'CodeIgniter\Session\Handlers\FileHandler' driver.
DEBUG - 2026-05-21 00:21:41 --> Session: Class initialized using 'CodeIgniter\Session\Handlers\FileHandler' driver.
DEBUG - 2026-05-21 00:21:41 --> Session: Class initialized using 'CodeIgniter\Session\Handlers\FileHandler' driver.
DEBUG - 2026-05-21 00:21:44 --> Session: Class initialized using 'CodeIgniter\Session\Handlers\FileHandler' driver.
DEBUG - 2026-05-21 00:21:44 --> Session: Class initialized using 'CodeIgniter\Session\Handlers\FileHandler' driver.
DEBUG - 2026-05-21 07:19:45 --> Session: Class initialized using 'CodeIgniter\Session\Handlers\FileHandler' driver.
DEBUG - 2026-05-21 07:19:46 --> Session: Class initialized using 'CodeIgniter\Session\Handlers\FileHandler' driver.
DEBUG - 2026-05-21 07:19:53 --> Session: Class initialized using 'CodeIgniter\Session\Handlers\FileHandler' driver.
DEBUG - 2026-05-21 00:19:53 --> Session: Class initialized using 'CodeIgniter\Session\Handlers\FileHandler' driver.
DEBUG - 2026-05-21 00:19:56 --> Session: Class initialized using 'CodeIgniter\Session\Handlers\FileHandler' driver.
DEBUG - 2026-05-21 07:20:53 --> Session: Class initialized using 'CodeIgniter\Session\Handlers\FileHandler' driver.
DEBUG - 2026-05-21 00:21:16 --> Session: Class initialized using 'CodeIgniter\Session\Handlers\FileHandler' driver.
DEBUG - 2026-05-21 00:21:55 --> Session: Class initialized using 'CodeIgniter\Session\Handlers\FileHandler' driver.
DEBUG - 2026-05-21 00:22:36 --> Session: Class initialized using 'CodeIgniter\Session\Handlers\FileHandler' driver.
DEBUG - 2026-05-21 00:22:37 --> Session: Class initialized using 'CodeIgniter\Session\Handlers\FileHandler' driver.
DEBUG - 2026-05-21 00:23:36 --> Session: Class initialized using 'CodeIgniter\Session\Handlers\FileHandler' driver.
DEBUG - 2026-05-21 00:23:53 --> Session: Class initialized using 'CodeIgniter\Session\Handlers\FileHandler' driver.
DEBUG - 2026-05-21 00:23:59 --> Session: Class initialized using 'CodeIgniter\Session\Handlers\FileHandler' driver.
DEBUG - 2026-05-21 00:24:04 --> Session: Class initialized using 'CodeIgniter\Session\Handlers\FileHandler' driver.
DEBUG - 2026-05-21 00:24:09 --> Session: Class initialized using 'CodeIgniter\Session\Handlers\FileHandler' driver.
DEBUG - 2026-05-21 00:25:25 --> Session: Class initialized using 'CodeIgniter\Session\Handlers\FileHandler' driver.
CRITICAL - 2026-05-21 07:25:26 --> ParseError: syntax error, unexpected token ":"
[Method: GET, Route: admin/master_gaji]
in APPPATH\Views\layout\admin_layout.php on line 251.
 1 SYSTEMPATH\View\View.php(229): CodeIgniter\View\View->CodeIgniter\View\{closure}()
 2 SYSTEMPATH\View\View.php(242): CodeIgniter\View\View->render('layout/admin_layout', [], true)
 3 SYSTEMPATH\Common.php(1167): CodeIgniter\View\View->render('admin/master_gaji_view', [], true)
 4 APPPATH\Controllers\Admin.php(1317): view('admin/master_gaji_view', [...])
 5 SYSTEMPATH\CodeIgniter.php(933): App\Controllers\Admin->hitung_gaji_kru()
 6 SYSTEMPATH\CodeIgniter.php(507): CodeIgniter\CodeIgniter->runController(Object(App\Controllers\Admin))
 7 SYSTEMPATH\CodeIgniter.php(354): CodeIgniter\CodeIgniter->handleRequest(null, Object(Config\Cache), false)
 8 SYSTEMPATH\Boot.php(363): CodeIgniter\CodeIgniter->run()
 9 SYSTEMPATH\Boot.php(68): CodeIgniter\Boot::runCodeIgniter(Object(CodeIgniter\CodeIgniter))
10 FCPATH\index.php(59): CodeIgniter\Boot::bootWeb(Object(Config\Paths))
11 SYSTEMPATH\rewrite.php(44): require_once('C:\\xampp\\htdocs\\kasirpos\\public\\index.php')
DEBUG - 2026-05-21 00:25:53 --> Session: Class initialized using 'CodeIgniter\Session\Handlers\FileHandler' driver.
DEBUG - 2026-05-21 00:26:29 --> Session: Class initialized using 'CodeIgniter\Session\Handlers\FileHandler' driver.
DEBUG - 2026-05-21 00:26:42 --> Session: Class initialized using 'CodeIgniter\Session\Handlers\FileHandler' driver.
DEBUG - 2026-05-21 00:27:23 --> Session: Class initialized using 'CodeIgniter\Session\Handlers\FileHandler' driver.
DEBUG - 2026-05-21 00:27:25 --> Session: Class initialized using 'CodeIgniter\Session\Handlers\FileHandler' driver.
DEBUG - 2026-05-21 00:27:28 --> Session: Class initialized using 'CodeIgniter\Session\Handlers\FileHandler' driver.
DEBUG - 2026-05-21 00:27:29 --> Session: Class initialized using 'CodeIgniter\Session\Handlers\FileHandler' driver.
DEBUG - 2026-05-21 00:27:31 --> Session: Class initialized using 'CodeIgniter\Session\Handlers\FileHandler' driver.
DEBUG - 2026-05-21 00:27:55 --> Session: Class initialized using 'CodeIgniter\Session\Handlers\FileHandler' driver.
DEBUG - 2026-05-21 00:28:39 --> Session: Class initialized using 'CodeIgniter\Session\Handlers\FileHandler' driver.
DEBUG - 2026-05-21 00:28:41 --> Session: Class initialized using 'CodeIgniter\Session\Handlers\FileHandler' driver.
DEBUG - 2026-05-21 00:28:43 --> Session: Class initialized using 'CodeIgniter\Session\Handlers\FileHandler' driver.
DEBUG - 2026-05-21 00:29:15 --> Session: Class initialized using 'CodeIgniter\Session\Handlers\FileHandler' driver.
DEBUG - 2026-05-21 00:29:17 --> Session: Class initialized using 'CodeIgniter\Session\Handlers\FileHandler' driver.
DEBUG - 2026-05-21 00:29:21 --> Session: Class initialized using 'CodeIgniter\Session\Handlers\FileHandler' driver.
DEBUG - 2026-05-21 00:29:25 --> Session: Class initialized using 'CodeIgniter\Session\Handlers\FileHandler' driver.
DEBUG - 2026-05-21 00:29:27 --> Session: Class initialized using 'CodeIgniter\Session\Handlers\FileHandler' driver.
DEBUG - 2026-05-21 00:29:33 --> Session: Class initialized using 'CodeIgniter\Session\Handlers\FileHandler' driver.
DEBUG - 2026-05-21 00:29:49 --> Session: Class initialized using 'CodeIgniter\Session\Handlers\FileHandler' driver.
DEBUG - 2026-05-21 00:29:51 --> Session: Class initialized using 'CodeIgniter\Session\Handlers\FileHandler' driver.
DEBUG - 2026-05-21 00:30:08 --> Session: Class initialized using 'CodeIgniter\Session\Handlers\FileHandler' driver.
DEBUG - 2026-05-21 00:31:37 --> Session: Class initialized using 'CodeIgniter\Session\Handlers\FileHandler' driver.
DEBUG - 2026-05-21 00:31:39 --> Session: Class initialized using 'CodeIgniter\Session\Handlers\FileHandler' driver.
DEBUG - 2026-05-21 00:31:41 --> Session: Class initialized using 'CodeIgniter\Session\Handlers\FileHandler' driver.
DEBUG - 2026-05-21 00:31:47 --> Session: Class initialized using 'CodeIgniter\Session\Handlers\FileHandler' driver.
DEBUG - 2026-05-21 00:32:04 --> Session: Class initialized using 'CodeIgniter\Session\Handlers\FileHandler' driver.
DEBUG - 2026-05-21 00:32:14 --> Session: Class initialized using 'CodeIgniter\Session\Handlers\FileHandler' driver.
DEBUG - 2026-05-21 00:33:04 --> Session: Class initialized using 'CodeIgniter\Session\Handlers\FileHandler' driver.
DEBUG - 2026-05-21 00:33:07 --> Session: Class initialized using 'CodeIgniter\Session\Handlers\FileHandler' driver.
DEBUG - 2026-05-21 00:33:12 --> Session: Class initialized using 'CodeIgniter\Session\Handlers\FileHandler' driver.
DEBUG - 2026-05-21 00:33:51 --> Session: Class initialized using 'CodeIgniter\Session\Handlers\FileHandler' driver.
DEBUG - 2026-05-21 00:34:36 --> Session: Class initialized using 'CodeIgniter\Session\Handlers\FileHandler' driver.
DEBUG - 2026-05-21 00:34:39 --> Session: Class initialized using 'CodeIgniter\Session\Handlers\FileHandler' driver.
DEBUG - 2026-05-21 00:35:36 --> Session: Class initialized using 'CodeIgniter\Session\Handlers\FileHandler' driver.
DEBUG - 2026-05-21 00:35:37 --> Session: Class initialized using 'CodeIgniter\Session\Handlers\FileHandler' driver.
DEBUG - 2026-05-21 00:35:43 --> Session: Class initialized using 'CodeIgniter\Session\Handlers\FileHandler' driver.
DEBUG - 2026-05-21 00:35:51 --> Session: Class initialized using 'CodeIgniter\Session\Handlers\FileHandler' driver.
DEBUG - 2026-05-21 00:35:53 --> Session: Class initialized using 'CodeIgniter\Session\Handlers\FileHandler' driver.
DEBUG - 2026-05-21 00:36:43 --> Session: Class initialized using 'CodeIgniter\Session\Handlers\FileHandler' driver.
DEBUG - 2026-05-21 00:36:44 --> Session: Class initialized using 'CodeIgniter\Session\Handlers\FileHandler' driver.
DEBUG - 2026-05-21 00:36:48 --> Session: Class initialized using 'CodeIgniter\Session\Handlers\FileHandler' driver.
DEBUG - 2026-05-21 00:36:49 --> Session: Class initialized using 'CodeIgniter\Session\Handlers\FileHandler' driver.
DEBUG - 2026-05-21 00:36:49 --> Session: Class initialized using 'CodeIgniter\Session\Handlers\FileHandler' driver.
DEBUG - 2026-05-21 00:36:50 --> Session: Class initialized using 'CodeIgniter\Session\Handlers\FileHandler' driver.
DEBUG - 2026-05-21 00:36:50 --> Session: Class initialized using 'CodeIgniter\Session\Handlers\FileHandler' driver.
DEBUG - 2026-05-21 00:37:50 --> Session: Class initialized using 'CodeIgniter\Session\Handlers\FileHandler' driver.
DEBUG - 2026-05-21 00:38:29 --> Session: Class initialized using 'CodeIgniter\Session\Handlers\FileHandler' driver.
DEBUG - 2026-05-21 00:39:10 --> Session: Class initialized using 'CodeIgniter\Session\Handlers\FileHandler' driver.
DEBUG - 2026-05-21 00:39:11 --> Session: Class initialized using 'CodeIgniter\Session\Handlers\FileHandler' driver.
DEBUG - 2026-05-21 00:39:56 --> Session: Class initialized using 'CodeIgniter\Session\Handlers\FileHandler' driver.
DEBUG - 2026-05-21 00:39:57 --> Session: Class initialized using 'CodeIgniter\Session\Handlers\FileHandler' driver.
DEBUG - 2026-05-21 00:40:06 --> Session: Class initialized using 'CodeIgniter\Session\Handlers\FileHandler' driver.
DEBUG - 2026-05-21 00:40:19 --> Session: Class initialized using 'CodeIgniter\Session\Handlers\FileHandler' driver.
DEBUG - 2026-05-21 00:40:27 --> Session: Class initialized using 'CodeIgniter\Session\Handlers\FileHandler' driver.
DEBUG - 2026-05-21 00:40:36 --> Session: Class initialized using 'CodeIgniter\Session\Handlers\FileHandler' driver.
DEBUG - 2026-05-21 00:40:58 --> Session: Class initialized using 'CodeIgniter\Session\Handlers\FileHandler' driver.
DEBUG - 2026-05-21 00:41:20 --> Session: Class initialized using 'CodeIgniter\Session\Handlers\FileHandler' driver.
DEBUG - 2026-05-21 00:41:39 --> Session: Class initialized using 'CodeIgniter\Session\Handlers\FileHandler' driver.
DEBUG - 2026-05-21 00:42:36 --> Session: Class initialized using 'CodeIgniter\Session\Handlers\FileHandler' driver.
DEBUG - 2026-05-21 00:43:01 --> Session: Class initialized using 'CodeIgniter\Session\Handlers\FileHandler' driver.
DEBUG - 2026-05-21 00:43:19 --> Session: Class initialized using 'CodeIgniter\Session\Handlers\FileHandler' driver.
DEBUG - 2026-05-21 00:43:30 --> Session: Class initialized using 'CodeIgniter\Session\Handlers\FileHandler' driver.
DEBUG - 2026-05-21 00:43:36 --> Session: Class initialized using 'CodeIgniter\Session\Handlers\FileHandler' driver.
DEBUG - 2026-05-21 00:43:45 --> Session: Class initialized using 'CodeIgniter\Session\Handlers\FileHandler' driver.
DEBUG - 2026-05-21 00:44:03 --> Session: Class initialized using 'CodeIgniter\Session\Handlers\FileHandler' driver.
DEBUG - 2026-05-21 00:44:12 --> Session: Class initialized using 'CodeIgniter\Session\Handlers\FileHandler' driver.
DEBUG - 2026-05-21 00:46:04 --> Session: Class initialized using 'CodeIgniter\Session\Handlers\FileHandler' driver.
DEBUG - 2026-05-21 00:46:09 --> Session: Class initialized using 'CodeIgniter\Session\Handlers\FileHandler' driver.
DEBUG - 2026-05-21 00:46:34 --> Session: Class initialized using 'CodeIgniter\Session\Handlers\FileHandler' driver.
DEBUG - 2026-05-21 00:46:37 --> Session: Class initialized using 'CodeIgniter\Session\Handlers\FileHandler' driver.
DEBUG - 2026-05-21 00:46:37 --> Session: Class initialized using 'CodeIgniter\Session\Handlers\FileHandler' driver.
DEBUG - 2026-05-21 00:46:38 --> Session: Class initialized using 'CodeIgniter\Session\Handlers\FileHandler' driver.
DEBUG - 2026-05-21 00:46:39 --> Session: Class initialized using 'CodeIgniter\Session\Handlers\FileHandler' driver.
DEBUG - 2026-05-21 00:46:40 --> Session: Class initialized using 'CodeIgniter\Session\Handlers\FileHandler' driver.
DEBUG - 2026-05-21 00:46:41 --> Session: Class initialized using 'CodeIgniter\Session\Handlers\FileHandler' driver.
DEBUG - 2026-05-21 00:46:41 --> Session: Class initialized using 'CodeIgniter\Session\Handlers\FileHandler' driver.
DEBUG - 2026-05-21 00:46:42 --> Session: Class initialized using 'CodeIgniter\Session\Handlers\FileHandler' driver.
DEBUG - 2026-05-21 00:46:44 --> Session: Class initialized using 'CodeIgniter\Session\Handlers\FileHandler' driver.
DEBUG - 2026-05-21 07:46:54 --> Session: Class initialized using 'CodeIgniter\Session\Handlers\FileHandler' driver.
DEBUG - 2026-05-21 07:46:54 --> Session: Class initialized using 'CodeIgniter\Session\Handlers\FileHandler' driver.
DEBUG - 2026-05-21 08:20:04 --> Session: Class initialized using 'CodeIgniter\Session\Handlers\FileHandler' driver.
DEBUG - 2026-05-21 08:20:08 --> Session: Class initialized using 'CodeIgniter\Session\Handlers\FileHandler' driver.
DEBUG - 2026-05-21 01:20:09 --> Session: Class initialized using 'CodeIgniter\Session\Handlers\FileHandler' driver.
DEBUG - 2026-05-21 01:20:30 --> Session: Class initialized using 'CodeIgniter\Session\Handlers\FileHandler' driver.
WARNING - 2026-05-21 08:20:30 --> [DEPRECATED] number_format(): Passing null to parameter #1 ($num) of type float is deprecated in APPPATH\Views\admin\member_list.php on line 214.
 1 APPPATH\Views\admin\member_list.php(214): number_format(null, 0, ',', '.')
 2 SYSTEMPATH\View\View.php(226): include('C:\\xampp\\htdocs\\kasirpos\\app\\Views\\admin\\member_list.php')
 3 SYSTEMPATH\View\View.php(229): CodeIgniter\View\View->CodeIgniter\View\{closure}()
 4 SYSTEMPATH\Common.php(1167): CodeIgniter\View\View->render('admin/member_list', [], true)
 5 APPPATH\Controllers\Admin.php(1588): view('admin/member_list', [...])
 6 SYSTEMPATH\CodeIgniter.php(933): App\Controllers\Admin->member()
 7 SYSTEMPATH\CodeIgniter.php(507): CodeIgniter\CodeIgniter->runController(Object(App\Controllers\Admin))
 8 SYSTEMPATH\CodeIgniter.php(354): CodeIgniter\CodeIgniter->handleRequest(null, Object(Config\Cache), false)
 9 SYSTEMPATH\Boot.php(363): CodeIgniter\CodeIgniter->run()
10 SYSTEMPATH\Boot.php(68): CodeIgniter\Boot::runCodeIgniter(Object(CodeIgniter\CodeIgniter))
11 FCPATH\index.php(59): CodeIgniter\Boot::bootWeb(Object(Config\Paths))
12 SYSTEMPATH\rewrite.php(44): require_once('C:\\xampp\\htdocs\\kasirpos\\public\\index.php')
WARNING - 2026-05-21 08:20:30 --> [DEPRECATED] number_format(): Passing null to parameter #1 ($num) of type float is deprecated in APPPATH\Views\admin\member_list.php on line 214.
 1 APPPATH\Views\admin\member_list.php(214): number_format(null, 0, ',', '.')
 2 SYSTEMPATH\View\View.php(226): include('C:\\xampp\\htdocs\\kasirpos\\app\\Views\\admin\\member_list.php')
 3 SYSTEMPATH\View\View.php(229): CodeIgniter\View\View->CodeIgniter\View\{closure}()
 4 SYSTEMPATH\Common.php(1167): CodeIgniter\View\View->render('admin/member_list', [], true)
 5 APPPATH\Controllers\Admin.php(1588): view('admin/member_list', [...])
 6 SYSTEMPATH\CodeIgniter.php(933): App\Controllers\Admin->member()
 7 SYSTEMPATH\CodeIgniter.php(507): CodeIgniter\CodeIgniter->runController(Object(App\Controllers\Admin))
 8 SYSTEMPATH\CodeIgniter.php(354): CodeIgniter\CodeIgniter->handleRequest(null, Object(Config\Cache), false)
 9 SYSTEMPATH\Boot.php(363): CodeIgniter\CodeIgniter->run()
10 SYSTEMPATH\Boot.php(68): CodeIgniter\Boot::runCodeIgniter(Object(CodeIgniter\CodeIgniter))
11 FCPATH\index.php(59): CodeIgniter\Boot::bootWeb(Object(Config\Paths))
12 SYSTEMPATH\rewrite.php(44): require_once('C:\\xampp\\htdocs\\kasirpos\\public\\index.php')
WARNING - 2026-05-21 08:20:30 --> [DEPRECATED] number_format(): Passing null to parameter #1 ($num) of type float is deprecated in APPPATH\Views\admin\member_list.php on line 214.
 1 APPPATH\Views\admin\member_list.php(214): number_format(null, 0, ',', '.')
 2 SYSTEMPATH\View\View.php(226): include('C:\\xampp\\htdocs\\kasirpos\\app\\Views\\admin\\member_list.php')
 3 SYSTEMPATH\View\View.php(229): CodeIgniter\View\View->CodeIgniter\View\{closure}()
 4 SYSTEMPATH\Common.php(1167): CodeIgniter\View\View->render('admin/member_list', [], true)
 5 APPPATH\Controllers\Admin.php(1588): view('admin/member_list', [...])
 6 SYSTEMPATH\CodeIgniter.php(933): App\Controllers\Admin->member()
 7 SYSTEMPATH\CodeIgniter.php(507): CodeIgniter\CodeIgniter->runController(Object(App\Controllers\Admin))
 8 SYSTEMPATH\CodeIgniter.php(354): CodeIgniter\CodeIgniter->handleRequest(null, Object(Config\Cache), false)
 9 SYSTEMPATH\Boot.php(363): CodeIgniter\CodeIgniter->run()
10 SYSTEMPATH\Boot.php(68): CodeIgniter\Boot::runCodeIgniter(Object(CodeIgniter\CodeIgniter))
11 FCPATH\index.php(59): CodeIgniter\Boot::bootWeb(Object(Config\Paths))
12 SYSTEMPATH\rewrite.php(44): require_once('C:\\xampp\\htdocs\\kasirpos\\public\\index.php')
WARNING - 2026-05-21 08:20:30 --> [DEPRECATED] number_format(): Passing null to parameter #1 ($num) of type float is deprecated in APPPATH\Views\admin\member_list.php on line 214.
 1 APPPATH\Views\admin\member_list.php(214): number_format(null, 0, ',', '.')
 2 SYSTEMPATH\View\View.php(226): include('C:\\xampp\\htdocs\\kasirpos\\app\\Views\\admin\\member_list.php')
 3 SYSTEMPATH\View\View.php(229): CodeIgniter\View\View->CodeIgniter\View\{closure}()
 4 SYSTEMPATH\Common.php(1167): CodeIgniter\View\View->render('admin/member_list', [], true)
 5 APPPATH\Controllers\Admin.php(1588): view('admin/member_list', [...])
 6 SYSTEMPATH\CodeIgniter.php(933): App\Controllers\Admin->member()
 7 SYSTEMPATH\CodeIgniter.php(507): CodeIgniter\CodeIgniter->runController(Object(App\Controllers\Admin))
 8 SYSTEMPATH\CodeIgniter.php(354): CodeIgniter\CodeIgniter->handleRequest(null, Object(Config\Cache), false)
 9 SYSTEMPATH\Boot.php(363): CodeIgniter\CodeIgniter->run()
10 SYSTEMPATH\Boot.php(68): CodeIgniter\Boot::runCodeIgniter(Object(CodeIgniter\CodeIgniter))
11 FCPATH\index.php(59): CodeIgniter\Boot::bootWeb(Object(Config\Paths))
12 SYSTEMPATH\rewrite.php(44): require_once('C:\\xampp\\htdocs\\kasirpos\\public\\index.php')
WARNING - 2026-05-21 08:20:30 --> [DEPRECATED] number_format(): Passing null to parameter #1 ($num) of type float is deprecated in APPPATH\Views\admin\member_list.php on line 214.
 1 APPPATH\Views\admin\member_list.php(214): number_format(null, 0, ',', '.')
 2 SYSTEMPATH\View\View.php(226): include('C:\\xampp\\htdocs\\kasirpos\\app\\Views\\admin\\member_list.php')
 3 SYSTEMPATH\View\View.php(229): CodeIgniter\View\View->CodeIgniter\View\{closure}()
 4 SYSTEMPATH\Common.php(1167): CodeIgniter\View\View->render('admin/member_list', [], true)
 5 APPPATH\Controllers\Admin.php(1588): view('admin/member_list', [...])
 6 SYSTEMPATH\CodeIgniter.php(933): App\Controllers\Admin->member()
 7 SYSTEMPATH\CodeIgniter.php(507): CodeIgniter\CodeIgniter->runController(Object(App\Controllers\Admin))
 8 SYSTEMPATH\CodeIgniter.php(354): CodeIgniter\CodeIgniter->handleRequest(null, Object(Config\Cache), false)
 9 SYSTEMPATH\Boot.php(363): CodeIgniter\CodeIgniter->run()
10 SYSTEMPATH\Boot.php(68): CodeIgniter\Boot::runCodeIgniter(Object(CodeIgniter\CodeIgniter))
11 FCPATH\index.php(59): CodeIgniter\Boot::bootWeb(Object(Config\Paths))
12 SYSTEMPATH\rewrite.php(44): require_once('C:\\xampp\\htdocs\\kasirpos\\public\\index.php')
WARNING - 2026-05-21 08:20:30 --> [DEPRECATED] number_format(): Passing null to parameter #1 ($num) of type float is deprecated in APPPATH\Views\admin\member_list.php on line 214.
 1 APPPATH\Views\admin\member_list.php(214): number_format(null, 0, ',', '.')
 2 SYSTEMPATH\View\View.php(226): include('C:\\xampp\\htdocs\\kasirpos\\app\\Views\\admin\\member_list.php')
 3 SYSTEMPATH\View\View.php(229): CodeIgniter\View\View->CodeIgniter\View\{closure}()
 4 SYSTEMPATH\Common.php(1167): CodeIgniter\View\View->render('admin/member_list', [], true)
 5 APPPATH\Controllers\Admin.php(1588): view('admin/member_list', [...])
 6 SYSTEMPATH\CodeIgniter.php(933): App\Controllers\Admin->member()
 7 SYSTEMPATH\CodeIgniter.php(507): CodeIgniter\CodeIgniter->runController(Object(App\Controllers\Admin))
 8 SYSTEMPATH\CodeIgniter.php(354): CodeIgniter\CodeIgniter->handleRequest(null, Object(Config\Cache), false)
 9 SYSTEMPATH\Boot.php(363): CodeIgniter\CodeIgniter->run()
10 SYSTEMPATH\Boot.php(68): CodeIgniter\Boot::runCodeIgniter(Object(CodeIgniter\CodeIgniter))
11 FCPATH\index.php(59): CodeIgniter\Boot::bootWeb(Object(Config\Paths))
12 SYSTEMPATH\rewrite.php(44): require_once('C:\\xampp\\htdocs\\kasirpos\\public\\index.php')
DEBUG - 2026-05-21 01:20:31 --> Session: Class initialized using 'CodeIgniter\Session\Handlers\FileHandler' driver.
DEBUG - 2026-05-21 01:20:32 --> Session: Class initialized using 'CodeIgniter\Session\Handlers\FileHandler' driver.
WARNING - 2026-05-21 08:20:32 --> [DEPRECATED] number_format(): Passing null to parameter #1 ($num) of type float is deprecated in APPPATH\Views\admin\master_gaji_view.php on line 43.
 1 APPPATH\Views\admin\master_gaji_view.php(43): number_format(null, 0, ',', '.')
 2 SYSTEMPATH\View\View.php(226): include('C:\\xampp\\htdocs\\kasirpos\\app\\Views\\admin\\master_gaji_view.php')
 3 SYSTEMPATH\View\View.php(229): CodeIgniter\View\View->CodeIgniter\View\{closure}()
 4 SYSTEMPATH\Common.php(1167): CodeIgniter\View\View->render('admin/master_gaji_view', [], true)
 5 APPPATH\Controllers\Admin.php(1317): view('admin/master_gaji_view', [...])
 6 SYSTEMPATH\CodeIgniter.php(933): App\Controllers\Admin->hitung_gaji_kru()
 7 SYSTEMPATH\CodeIgniter.php(507): CodeIgniter\CodeIgniter->runController(Object(App\Controllers\Admin))
 8 SYSTEMPATH\CodeIgniter.php(354): CodeIgniter\CodeIgniter->handleRequest(null, Object(Config\Cache), false)
 9 SYSTEMPATH\Boot.php(363): CodeIgniter\CodeIgniter->run()
10 SYSTEMPATH\Boot.php(68): CodeIgniter\Boot::runCodeIgniter(Object(CodeIgniter\CodeIgniter))
11 FCPATH\index.php(59): CodeIgniter\Boot::bootWeb(Object(Config\Paths))
12 SYSTEMPATH\rewrite.php(44): require_once('C:\\xampp\\htdocs\\kasirpos\\public\\index.php')
DEBUG - 2026-05-21 01:20:32 --> Session: Class initialized using 'CodeIgniter\Session\Handlers\FileHandler' driver.
DEBUG - 2026-05-21 01:21:52 --> Session: Class initialized using 'CodeIgniter\Session\Handlers\FileHandler' driver.
DEBUG - 2026-05-21 01:21:53 --> Session: Class initialized using 'CodeIgniter\Session\Handlers\FileHandler' driver.
WARNING - 2026-05-21 08:21:53 --> [DEPRECATED] number_format(): Passing null to parameter #1 ($num) of type float is deprecated in APPPATH\Views\admin\member_list.php on line 214.
 1 APPPATH\Views\admin\member_list.php(214): number_format(null, 0, ',', '.')
 2 SYSTEMPATH\View\View.php(226): include('C:\\xampp\\htdocs\\kasirpos\\app\\Views\\admin\\member_list.php')
 3 SYSTEMPATH\View\View.php(229): CodeIgniter\View\View->CodeIgniter\View\{closure}()
 4 SYSTEMPATH\Common.php(1167): CodeIgniter\View\View->render('admin/member_list', [], true)
 5 APPPATH\Controllers\Admin.php(1588): view('admin/member_list', [...])
 6 SYSTEMPATH\CodeIgniter.php(933): App\Controllers\Admin->member()
 7 SYSTEMPATH\CodeIgniter.php(507): CodeIgniter\CodeIgniter->runController(Object(App\Controllers\Admin))
 8 SYSTEMPATH\CodeIgniter.php(354): CodeIgniter\CodeIgniter->handleRequest(null, Object(Config\Cache), false)
 9 SYSTEMPATH\Boot.php(363): CodeIgniter\CodeIgniter->run()
10 SYSTEMPATH\Boot.php(68): CodeIgniter\Boot::runCodeIgniter(Object(CodeIgniter\CodeIgniter))
11 FCPATH\index.php(59): CodeIgniter\Boot::bootWeb(Object(Config\Paths))
12 SYSTEMPATH\rewrite.php(44): require_once('C:\\xampp\\htdocs\\kasirpos\\public\\index.php')
WARNING - 2026-05-21 08:21:53 --> [DEPRECATED] number_format(): Passing null to parameter #1 ($num) of type float is deprecated in APPPATH\Views\admin\member_list.php on line 214.
 1 APPPATH\Views\admin\member_list.php(214): number_format(null, 0, ',', '.')
 2 SYSTEMPATH\View\View.php(226): include('C:\\xampp\\htdocs\\kasirpos\\app\\Views\\admin\\member_list.php')
 3 SYSTEMPATH\View\View.php(229): CodeIgniter\View\View->CodeIgniter\View\{closure}()
 4 SYSTEMPATH\Common.php(1167): CodeIgniter\View\View->render('admin/member_list', [], true)
 5 APPPATH\Controllers\Admin.php(1588): view('admin/member_list', [...])
 6 SYSTEMPATH\CodeIgniter.php(933): App\Controllers\Admin->member()
 7 SYSTEMPATH\CodeIgniter.php(507): CodeIgniter\CodeIgniter->runController(Object(App\Controllers\Admin))
 8 SYSTEMPATH\CodeIgniter.php(354): CodeIgniter\CodeIgniter->handleRequest(null, Object(Config\Cache), false)
 9 SYSTEMPATH\Boot.php(363): CodeIgniter\CodeIgniter->run()
10 SYSTEMPATH\Boot.php(68): CodeIgniter\Boot::runCodeIgniter(Object(CodeIgniter\CodeIgniter))
11 FCPATH\index.php(59): CodeIgniter\Boot::bootWeb(Object(Config\Paths))
12 SYSTEMPATH\rewrite.php(44): require_once('C:\\xampp\\htdocs\\kasirpos\\public\\index.php')
WARNING - 2026-05-21 08:21:53 --> [DEPRECATED] number_format(): Passing null to parameter #1 ($num) of type float is deprecated in APPPATH\Views\admin\member_list.php on line 214.
 1 APPPATH\Views\admin\member_list.php(214): number_format(null, 0, ',', '.')
 2 SYSTEMPATH\View\View.php(226): include('C:\\xampp\\htdocs\\kasirpos\\app\\Views\\admin\\member_list.php')
 3 SYSTEMPATH\View\View.php(229): CodeIgniter\View\View->CodeIgniter\View\{closure}()
 4 SYSTEMPATH\Common.php(1167): CodeIgniter\View\View->render('admin/member_list', [], true)
 5 APPPATH\Controllers\Admin.php(1588): view('admin/member_list', [...])
 6 SYSTEMPATH\CodeIgniter.php(933): App\Controllers\Admin->member()
 7 SYSTEMPATH\CodeIgniter.php(507): CodeIgniter\CodeIgniter->runController(Object(App\Controllers\Admin))
 8 SYSTEMPATH\CodeIgniter.php(354): CodeIgniter\CodeIgniter->handleRequest(null, Object(Config\Cache), false)
 9 SYSTEMPATH\Boot.php(363): CodeIgniter\CodeIgniter->run()
10 SYSTEMPATH\Boot.php(68): CodeIgniter\Boot::runCodeIgniter(Object(CodeIgniter\CodeIgniter))
11 FCPATH\index.php(59): CodeIgniter\Boot::bootWeb(Object(Config\Paths))
12 SYSTEMPATH\rewrite.php(44): require_once('C:\\xampp\\htdocs\\kasirpos\\public\\index.php')
WARNING - 2026-05-21 08:21:53 --> [DEPRECATED] number_format(): Passing null to parameter #1 ($num) of type float is deprecated in APPPATH\Views\admin\member_list.php on line 214.
 1 APPPATH\Views\admin\member_list.php(214): number_format(null, 0, ',', '.')
 2 SYSTEMPATH\View\View.php(226): include('C:\\xampp\\htdocs\\kasirpos\\app\\Views\\admin\\member_list.php')
 3 SYSTEMPATH\View\View.php(229): CodeIgniter\View\View->CodeIgniter\View\{closure}()
 4 SYSTEMPATH\Common.php(1167): CodeIgniter\View\View->render('admin/member_list', [], true)
 5 APPPATH\Controllers\Admin.php(1588): view('admin/member_list', [...])
 6 SYSTEMPATH\CodeIgniter.php(933): App\Controllers\Admin->member()
 7 SYSTEMPATH\CodeIgniter.php(507): CodeIgniter\CodeIgniter->runController(Object(App\Controllers\Admin))
 8 SYSTEMPATH\CodeIgniter.php(354): CodeIgniter\CodeIgniter->handleRequest(null, Object(Config\Cache), false)
 9 SYSTEMPATH\Boot.php(363): CodeIgniter\CodeIgniter->run()
10 SYSTEMPATH\Boot.php(68): CodeIgniter\Boot::runCodeIgniter(Object(CodeIgniter\CodeIgniter))
11 FCPATH\index.php(59): CodeIgniter\Boot::bootWeb(Object(Config\Paths))
12 SYSTEMPATH\rewrite.php(44): require_once('C:\\xampp\\htdocs\\kasirpos\\public\\index.php')
WARNING - 2026-05-21 08:21:53 --> [DEPRECATED] number_format(): Passing null to parameter #1 ($num) of type float is deprecated in APPPATH\Views\admin\member_list.php on line 214.
 1 APPPATH\Views\admin\member_list.php(214): number_format(null, 0, ',', '.')
 2 SYSTEMPATH\View\View.php(226): include('C:\\xampp\\htdocs\\kasirpos\\app\\Views\\admin\\member_list.php')
 3 SYSTEMPATH\View\View.php(229): CodeIgniter\View\View->CodeIgniter\View\{closure}()
 4 SYSTEMPATH\Common.php(1167): CodeIgniter\View\View->render('admin/member_list', [], true)
 5 APPPATH\Controllers\Admin.php(1588): view('admin/member_list', [...])
 6 SYSTEMPATH\CodeIgniter.php(933): App\Controllers\Admin->member()
 7 SYSTEMPATH\CodeIgniter.php(507): CodeIgniter\CodeIgniter->runController(Object(App\Controllers\Admin))
 8 SYSTEMPATH\CodeIgniter.php(354): CodeIgniter\CodeIgniter->handleRequest(null, Object(Config\Cache), false)
 9 SYSTEMPATH\Boot.php(363): CodeIgniter\CodeIgniter->run()
10 SYSTEMPATH\Boot.php(68): CodeIgniter\Boot::runCodeIgniter(Object(CodeIgniter\CodeIgniter))
11 FCPATH\index.php(59): CodeIgniter\Boot::bootWeb(Object(Config\Paths))
12 SYSTEMPATH\rewrite.php(44): require_once('C:\\xampp\\htdocs\\kasirpos\\public\\index.php')
WARNING - 2026-05-21 08:21:53 --> [DEPRECATED] number_format(): Passing null to parameter #1 ($num) of type float is deprecated in APPPATH\Views\admin\member_list.php on line 214.
 1 APPPATH\Views\admin\member_list.php(214): number_format(null, 0, ',', '.')
 2 SYSTEMPATH\View\View.php(226): include('C:\\xampp\\htdocs\\kasirpos\\app\\Views\\admin\\member_list.php')
 3 SYSTEMPATH\View\View.php(229): CodeIgniter\View\View->CodeIgniter\View\{closure}()
 4 SYSTEMPATH\Common.php(1167): CodeIgniter\View\View->render('admin/member_list', [], true)
 5 APPPATH\Controllers\Admin.php(1588): view('admin/member_list', [...])
 6 SYSTEMPATH\CodeIgniter.php(933): App\Controllers\Admin->member()
 7 SYSTEMPATH\CodeIgniter.php(507): CodeIgniter\CodeIgniter->runController(Object(App\Controllers\Admin))
 8 SYSTEMPATH\CodeIgniter.php(354): CodeIgniter\CodeIgniter->handleRequest(null, Object(Config\Cache), false)
 9 SYSTEMPATH\Boot.php(363): CodeIgniter\CodeIgniter->run()
10 SYSTEMPATH\Boot.php(68): CodeIgniter\Boot::runCodeIgniter(Object(CodeIgniter\CodeIgniter))
11 FCPATH\index.php(59): CodeIgniter\Boot::bootWeb(Object(Config\Paths))
12 SYSTEMPATH\rewrite.php(44): require_once('C:\\xampp\\htdocs\\kasirpos\\public\\index.php')
DEBUG - 2026-05-21 01:21:53 --> Session: Class initialized using 'CodeIgniter\Session\Handlers\FileHandler' driver.
WARNING - 2026-05-21 08:21:53 --> [DEPRECATED] number_format(): Passing null to parameter #1 ($num) of type float is deprecated in APPPATH\Views\admin\master_gaji_view.php on line 43.
 1 APPPATH\Views\admin\master_gaji_view.php(43): number_format(null, 0, ',', '.')
 2 SYSTEMPATH\View\View.php(226): include('C:\\xampp\\htdocs\\kasirpos\\app\\Views\\admin\\master_gaji_view.php')
 3 SYSTEMPATH\View\View.php(229): CodeIgniter\View\View->CodeIgniter\View\{closure}()
 4 SYSTEMPATH\Common.php(1167): CodeIgniter\View\View->render('admin/master_gaji_view', [], true)
 5 APPPATH\Controllers\Admin.php(1317): view('admin/master_gaji_view', [...])
 6 SYSTEMPATH\CodeIgniter.php(933): App\Controllers\Admin->hitung_gaji_kru()
 7 SYSTEMPATH\CodeIgniter.php(507): CodeIgniter\CodeIgniter->runController(Object(App\Controllers\Admin))
 8 SYSTEMPATH\CodeIgniter.php(354): CodeIgniter\CodeIgniter->handleRequest(null, Object(Config\Cache), false)
 9 SYSTEMPATH\Boot.php(363): CodeIgniter\CodeIgniter->run()
10 SYSTEMPATH\Boot.php(68): CodeIgniter\Boot::runCodeIgniter(Object(CodeIgniter\CodeIgniter))
11 FCPATH\index.php(59): CodeIgniter\Boot::bootWeb(Object(Config\Paths))
12 SYSTEMPATH\rewrite.php(44): require_once('C:\\xampp\\htdocs\\kasirpos\\public\\index.php')
DEBUG - 2026-05-21 01:21:54 --> Session: Class initialized using 'CodeIgniter\Session\Handlers\FileHandler' driver.
DEBUG - 2026-05-21 01:21:55 --> Session: Class initialized using 'CodeIgniter\Session\Handlers\FileHandler' driver.
DEBUG - 2026-05-21 01:22:01 --> Session: Class initialized using 'CodeIgniter\Session\Handlers\FileHandler' driver.
DEBUG - 2026-05-21 08:57:55 --> Session: Class initialized using 'CodeIgniter\Session\Handlers\FileHandler' driver.
DEBUG - 2026-05-21 08:58:06 --> Session: Class initialized using 'CodeIgniter\Session\Handlers\FileHandler' driver.
DEBUG - 2026-05-21 08:58:06 --> Session: Class initialized using 'CodeIgniter\Session\Handlers\FileHandler' driver.
DEBUG - 2026-05-21 08:58:12 --> Session: Class initialized using 'CodeIgniter\Session\Handlers\FileHandler' driver.
DEBUG - 2026-05-21 01:58:12 --> Session: Class initialized using 'CodeIgniter\Session\Handlers\FileHandler' driver.
DEBUG - 2026-05-21 01:58:15 --> Session: Class initialized using 'CodeIgniter\Session\Handlers\FileHandler' driver.
DEBUG - 2026-05-21 08:58:19 --> Session: Class initialized using 'CodeIgniter\Session\Handlers\FileHandler' driver.
DEBUG - 2026-05-21 08:58:19 --> Session: Class initialized using 'CodeIgniter\Session\Handlers\FileHandler' driver.
DEBUG - 2026-05-21 08:58:23 --> Session: Class initialized using 'CodeIgniter\Session\Handlers\FileHandler' driver.
DEBUG - 2026-05-21 08:58:23 --> Session: Class initialized using 'CodeIgniter\Session\Handlers\FileHandler' driver.
DEBUG - 2026-05-21 09:02:27 --> Session: Class initialized using 'CodeIgniter\Session\Handlers\FileHandler' driver.
DEBUG - 2026-05-21 09:02:53 --> Session: Class initialized using 'CodeIgniter\Session\Handlers\FileHandler' driver.
DEBUG - 2026-05-21 02:02:53 --> Session: Class initialized using 'CodeIgniter\Session\Handlers\FileHandler' driver.
DEBUG - 2026-05-21 09:02:58 --> Session: Class initialized using 'CodeIgniter\Session\Handlers\FileHandler' driver.
DEBUG - 2026-05-21 09:03:04 --> Session: Class initialized using 'CodeIgniter\Session\Handlers\FileHandler' driver.
DEBUG - 2026-05-21 09:03:04 --> Session: Class initialized using 'CodeIgniter\Session\Handlers\FileHandler' driver.
DEBUG - 2026-05-21 09:03:26 --> Session: Class initialized using 'CodeIgniter\Session\Handlers\FileHandler' driver.
DEBUG - 2026-05-21 09:03:26 --> Session: Class initialized using 'CodeIgniter\Session\Handlers\FileHandler' driver.
DEBUG - 2026-05-21 09:03:35 --> Session: Class initialized using 'CodeIgniter\Session\Handlers\FileHandler' driver.
DEBUG - 2026-05-21 09:03:36 --> Session: Class initialized using 'CodeIgniter\Session\Handlers\FileHandler' driver.
DEBUG - 2026-05-21 09:03:47 --> Session: Class initialized using 'CodeIgniter\Session\Handlers\FileHandler' driver.
DEBUG - 2026-05-21 09:03:47 --> Session: Class initialized using 'CodeIgniter\Session\Handlers\FileHandler' driver.
DEBUG - 2026-05-21 09:03:50 --> Session: Class initialized using 'CodeIgniter\Session\Handlers\FileHandler' driver.
DEBUG - 2026-05-21 09:03:50 --> Session: Class initialized using 'CodeIgniter\Session\Handlers\FileHandler' driver.
DEBUG - 2026-05-21 09:03:51 --> Session: Class initialized using 'CodeIgniter\Session\Handlers\FileHandler' driver.
DEBUG - 2026-05-21 09:03:52 --> Session: Class initialized using 'CodeIgniter\Session\Handlers\FileHandler' driver.
DEBUG - 2026-05-21 09:03:54 --> Session: Class initialized using 'CodeIgniter\Session\Handlers\FileHandler' driver.
DEBUG - 2026-05-21 09:04:03 --> Session: Class initialized using 'CodeIgniter\Session\Handlers\FileHandler' driver.
DEBUG - 2026-05-21 02:04:03 --> Session: Class initialized using 'CodeIgniter\Session\Handlers\FileHandler' driver.
DEBUG - 2026-05-21 09:04:05 --> Session: Class initialized using 'CodeIgniter\Session\Handlers\FileHandler' driver.
DEBUG - 2026-05-21 02:05:56 --> Session: Class initialized using 'CodeIgniter\Session\Handlers\FileHandler' driver.
DEBUG - 2026-05-21 09:05:59 --> Session: Class initialized using 'CodeIgniter\Session\Handlers\FileHandler' driver.
DEBUG - 2026-05-21 09:05:59 --> Session: Class initialized using 'CodeIgniter\Session\Handlers\FileHandler' driver.
DEBUG - 2026-05-21 09:06:03 --> Session: Class initialized using 'CodeIgniter\Session\Handlers\FileHandler' driver.
DEBUG - 2026-05-21 02:06:03 --> Session: Class initialized using 'CodeIgniter\Session\Handlers\FileHandler' driver.
DEBUG - 2026-05-21 09:06:04 --> Session: Class initialized using 'CodeIgniter\Session\Handlers\FileHandler' driver.
DEBUG - 2026-05-21 09:06:05 --> Session: Class initialized using 'CodeIgniter\Session\Handlers\FileHandler' driver.
DEBUG - 2026-05-21 09:06:07 --> Session: Class initialized using 'CodeIgniter\Session\Handlers\FileHandler' driver.
DEBUG - 2026-05-21 09:06:07 --> Session: Class initialized using 'CodeIgniter\Session\Handlers\FileHandler' driver.
DEBUG - 2026-05-21 02:06:09 --> Session: Class initialized using 'CodeIgniter\Session\Handlers\FileHandler' driver.
DEBUG - 2026-05-21 09:06:19 --> Session: Class initialized using 'CodeIgniter\Session\Handlers\FileHandler' driver.
DEBUG - 2026-05-21 09:06:27 --> Session: Class initialized using 'CodeIgniter\Session\Handlers\FileHandler' driver.
DEBUG - 2026-05-21 02:06:27 --> Session: Class initialized using 'CodeIgniter\Session\Handlers\FileHandler' driver.
DEBUG - 2026-05-21 09:06:28 --> Session: Class initialized using 'CodeIgniter\Session\Handlers\FileHandler' driver.
DEBUG - 2026-05-21 02:06:42 --> Session: Class initialized using 'CodeIgniter\Session\Handlers\FileHandler' driver.
DEBUG - 2026-05-21 09:06:45 --> Session: Class initialized using 'CodeIgniter\Session\Handlers\FileHandler' driver.
DEBUG - 2026-05-21 09:06:45 --> Session: Class initialized using 'CodeIgniter\Session\Handlers\FileHandler' driver.
DEBUG - 2026-05-21 09:06:48 --> Session: Class initialized using 'CodeIgniter\Session\Handlers\FileHandler' driver.
DEBUG - 2026-05-21 09:06:48 --> Session: Class initialized using 'CodeIgniter\Session\Handlers\FileHandler' driver.
DEBUG - 2026-05-21 09:06:49 --> Session: Class initialized using 'CodeIgniter\Session\Handlers\FileHandler' driver.
DEBUG - 2026-05-21 09:06:49 --> Session: Class initialized using 'CodeIgniter\Session\Handlers\FileHandler' driver.
DEBUG - 2026-05-21 09:06:51 --> Session: Class initialized using 'CodeIgniter\Session\Handlers\FileHandler' driver.
DEBUG - 2026-05-21 09:06:59 --> Session: Class initialized using 'CodeIgniter\Session\Handlers\FileHandler' driver.
DEBUG - 2026-05-21 02:06:59 --> Session: Class initialized using 'CodeIgniter\Session\Handlers\FileHandler' driver.
DEBUG - 2026-05-21 09:07:07 --> Session: Class initialized using 'CodeIgniter\Session\Handlers\FileHandler' driver.
DEBUG - 2026-05-21 02:07:09 --> Session: Class initialized using 'CodeIgniter\Session\Handlers\FileHandler' driver.
DEBUG - 2026-05-21 02:07:11 --> Session: Class initialized using 'CodeIgniter\Session\Handlers\FileHandler' driver.
WARNING - 2026-05-21 09:07:11 --> [DEPRECATED] number_format(): Passing null to parameter #1 ($num) of type float is deprecated in APPPATH\Views\admin\master_gaji_view.php on line 43.
 1 APPPATH\Views\admin\master_gaji_view.php(43): number_format(null, 0, ',', '.')
 2 SYSTEMPATH\View\View.php(226): include('C:\\xampp\\htdocs\\kasirpos\\app\\Views\\admin\\master_gaji_view.php')
 3 SYSTEMPATH\View\View.php(229): CodeIgniter\View\View->CodeIgniter\View\{closure}()
 4 SYSTEMPATH\Common.php(1167): CodeIgniter\View\View->render('admin/master_gaji_view', [], true)
 5 APPPATH\Controllers\Admin.php(1317): view('admin/master_gaji_view', [...])
 6 SYSTEMPATH\CodeIgniter.php(933): App\Controllers\Admin->hitung_gaji_kru()
 7 SYSTEMPATH\CodeIgniter.php(507): CodeIgniter\CodeIgniter->runController(Object(App\Controllers\Admin))
 8 SYSTEMPATH\CodeIgniter.php(354): CodeIgniter\CodeIgniter->handleRequest(null, Object(Config\Cache), false)
 9 SYSTEMPATH\Boot.php(363): CodeIgniter\CodeIgniter->run()
10 SYSTEMPATH\Boot.php(68): CodeIgniter\Boot::runCodeIgniter(Object(CodeIgniter\CodeIgniter))
11 FCPATH\index.php(59): CodeIgniter\Boot::bootWeb(Object(Config\Paths))
DEBUG - 2026-05-21 02:07:14 --> Session: Class initialized using 'CodeIgniter\Session\Handlers\FileHandler' driver.
WARNING - 2026-05-21 09:07:14 --> [DEPRECATED] number_format(): Passing null to parameter #1 ($num) of type float is deprecated in APPPATH\Views\admin\master_gaji_view.php on line 43.
 1 APPPATH\Views\admin\master_gaji_view.php(43): number_format(null, 0, ',', '.')
 2 SYSTEMPATH\View\View.php(226): include('C:\\xampp\\htdocs\\kasirpos\\app\\Views\\admin\\master_gaji_view.php')
 3 SYSTEMPATH\View\View.php(229): CodeIgniter\View\View->CodeIgniter\View\{closure}()
 4 SYSTEMPATH\Common.php(1167): CodeIgniter\View\View->render('admin/master_gaji_view', [], true)
 5 APPPATH\Controllers\Admin.php(1317): view('admin/master_gaji_view', [...])
 6 SYSTEMPATH\CodeIgniter.php(933): App\Controllers\Admin->hitung_gaji_kru()
 7 SYSTEMPATH\CodeIgniter.php(507): CodeIgniter\CodeIgniter->runController(Object(App\Controllers\Admin))
 8 SYSTEMPATH\CodeIgniter.php(354): CodeIgniter\CodeIgniter->handleRequest(null, Object(Config\Cache), false)
 9 SYSTEMPATH\Boot.php(363): CodeIgniter\CodeIgniter->run()
10 SYSTEMPATH\Boot.php(68): CodeIgniter\Boot::runCodeIgniter(Object(CodeIgniter\CodeIgniter))
11 FCPATH\index.php(59): CodeIgniter\Boot::bootWeb(Object(Config\Paths))
DEBUG - 2026-05-21 02:07:15 --> Session: Class initialized using 'CodeIgniter\Session\Handlers\FileHandler' driver.
DEBUG - 2026-05-21 02:07:26 --> Session: Class initialized using 'CodeIgniter\Session\Handlers\FileHandler' driver.
DEBUG - 2026-05-21 02:08:41 --> Session: Class initialized using 'CodeIgniter\Session\Handlers\FileHandler' driver.
DEBUG - 2026-05-21 02:08:43 --> Session: Class initialized using 'CodeIgniter\Session\Handlers\FileHandler' driver.
DEBUG - 2026-05-21 02:09:15 --> Session: Class initialized using 'CodeIgniter\Session\Handlers\FileHandler' driver.
DEBUG - 2026-05-21 02:09:15 --> Session: Class initialized using 'CodeIgniter\Session\Handlers\FileHandler' driver.
DEBUG - 2026-05-21 02:09:26 --> Session: Class initialized using 'CodeIgniter\Session\Handlers\FileHandler' driver.
WARNING - 2026-05-21 09:09:26 --> [DEPRECATED] number_format(): Passing null to parameter #1 ($num) of type float is deprecated in APPPATH\Views\admin\master_gaji_view.php on line 43.
 1 APPPATH\Views\admin\master_gaji_view.php(43): number_format(null, 0, ',', '.')
 2 SYSTEMPATH\View\View.php(226): include('C:\\xampp\\htdocs\\kasirpos\\app\\Views\\admin\\master_gaji_view.php')
 3 SYSTEMPATH\View\View.php(229): CodeIgniter\View\View->CodeIgniter\View\{closure}()
 4 SYSTEMPATH\Common.php(1167): CodeIgniter\View\View->render('admin/master_gaji_view', [], true)
 5 APPPATH\Controllers\Admin.php(1317): view('admin/master_gaji_view', [...])
 6 SYSTEMPATH\CodeIgniter.php(933): App\Controllers\Admin->hitung_gaji_kru()
 7 SYSTEMPATH\CodeIgniter.php(507): CodeIgniter\CodeIgniter->runController(Object(App\Controllers\Admin))
 8 SYSTEMPATH\CodeIgniter.php(354): CodeIgniter\CodeIgniter->handleRequest(null, Object(Config\Cache), false)
 9 SYSTEMPATH\Boot.php(363): CodeIgniter\CodeIgniter->run()
10 SYSTEMPATH\Boot.php(68): CodeIgniter\Boot::runCodeIgniter(Object(CodeIgniter\CodeIgniter))
11 FCPATH\index.php(59): CodeIgniter\Boot::bootWeb(Object(Config\Paths))
DEBUG - 2026-05-21 02:09:28 --> Session: Class initialized using 'CodeIgniter\Session\Handlers\FileHandler' driver.
WARNING - 2026-05-21 09:09:28 --> [DEPRECATED] number_format(): Passing null to parameter #1 ($num) of type float is deprecated in APPPATH\Views\admin\member_list.php on line 214.
 1 APPPATH\Views\admin\member_list.php(214): number_format(null, 0, ',', '.')
 2 SYSTEMPATH\View\View.php(226): include('C:\\xampp\\htdocs\\kasirpos\\app\\Views\\admin\\member_list.php')
 3 SYSTEMPATH\View\View.php(229): CodeIgniter\View\View->CodeIgniter\View\{closure}()
 4 SYSTEMPATH\Common.php(1167): CodeIgniter\View\View->render('admin/member_list', [], true)
 5 APPPATH\Controllers\Admin.php(1588): view('admin/member_list', [...])
 6 SYSTEMPATH\CodeIgniter.php(933): App\Controllers\Admin->member()
 7 SYSTEMPATH\CodeIgniter.php(507): CodeIgniter\CodeIgniter->runController(Object(App\Controllers\Admin))
 8 SYSTEMPATH\CodeIgniter.php(354): CodeIgniter\CodeIgniter->handleRequest(null, Object(Config\Cache), false)
 9 SYSTEMPATH\Boot.php(363): CodeIgniter\CodeIgniter->run()
10 SYSTEMPATH\Boot.php(68): CodeIgniter\Boot::runCodeIgniter(Object(CodeIgniter\CodeIgniter))
11 FCPATH\index.php(59): CodeIgniter\Boot::bootWeb(Object(Config\Paths))
WARNING - 2026-05-21 09:09:28 --> [DEPRECATED] number_format(): Passing null to parameter #1 ($num) of type float is deprecated in APPPATH\Views\admin\member_list.php on line 214.
 1 APPPATH\Views\admin\member_list.php(214): number_format(null, 0, ',', '.')
 2 SYSTEMPATH\View\View.php(226): include('C:\\xampp\\htdocs\\kasirpos\\app\\Views\\admin\\member_list.php')
 3 SYSTEMPATH\View\View.php(229): CodeIgniter\View\View->CodeIgniter\View\{closure}()
 4 SYSTEMPATH\Common.php(1167): CodeIgniter\View\View->render('admin/member_list', [], true)
 5 APPPATH\Controllers\Admin.php(1588): view('admin/member_list', [...])
 6 SYSTEMPATH\CodeIgniter.php(933): App\Controllers\Admin->member()
 7 SYSTEMPATH\CodeIgniter.php(507): CodeIgniter\CodeIgniter->runController(Object(App\Controllers\Admin))
 8 SYSTEMPATH\CodeIgniter.php(354): CodeIgniter\CodeIgniter->handleRequest(null, Object(Config\Cache), false)
 9 SYSTEMPATH\Boot.php(363): CodeIgniter\CodeIgniter->run()
10 SYSTEMPATH\Boot.php(68): CodeIgniter\Boot::runCodeIgniter(Object(CodeIgniter\CodeIgniter))
11 FCPATH\index.php(59): CodeIgniter\Boot::bootWeb(Object(Config\Paths))
WARNING - 2026-05-21 09:09:28 --> [DEPRECATED] number_format(): Passing null to parameter #1 ($num) of type float is deprecated in APPPATH\Views\admin\member_list.php on line 214.
 1 APPPATH\Views\admin\member_list.php(214): number_format(null, 0, ',', '.')
 2 SYSTEMPATH\View\View.php(226): include('C:\\xampp\\htdocs\\kasirpos\\app\\Views\\admin\\member_list.php')
 3 SYSTEMPATH\View\View.php(229): CodeIgniter\View\View->CodeIgniter\View\{closure}()
 4 SYSTEMPATH\Common.php(1167): CodeIgniter\View\View->render('admin/member_list', [], true)
 5 APPPATH\Controllers\Admin.php(1588): view('admin/member_list', [...])
 6 SYSTEMPATH\CodeIgniter.php(933): App\Controllers\Admin->member()
 7 SYSTEMPATH\CodeIgniter.php(507): CodeIgniter\CodeIgniter->runController(Object(App\Controllers\Admin))
 8 SYSTEMPATH\CodeIgniter.php(354): CodeIgniter\CodeIgniter->handleRequest(null, Object(Config\Cache), false)
 9 SYSTEMPATH\Boot.php(363): CodeIgniter\CodeIgniter->run()
10 SYSTEMPATH\Boot.php(68): CodeIgniter\Boot::runCodeIgniter(Object(CodeIgniter\CodeIgniter))
11 FCPATH\index.php(59): CodeIgniter\Boot::bootWeb(Object(Config\Paths))
WARNING - 2026-05-21 09:09:28 --> [DEPRECATED] number_format(): Passing null to parameter #1 ($num) of type float is deprecated in APPPATH\Views\admin\member_list.php on line 214.
 1 APPPATH\Views\admin\member_list.php(214): number_format(null, 0, ',', '.')
 2 SYSTEMPATH\View\View.php(226): include('C:\\xampp\\htdocs\\kasirpos\\app\\Views\\admin\\member_list.php')
 3 SYSTEMPATH\View\View.php(229): CodeIgniter\View\View->CodeIgniter\View\{closure}()
 4 SYSTEMPATH\Common.php(1167): CodeIgniter\View\View->render('admin/member_list', [], true)
 5 APPPATH\Controllers\Admin.php(1588): view('admin/member_list', [...])
 6 SYSTEMPATH\CodeIgniter.php(933): App\Controllers\Admin->member()
 7 SYSTEMPATH\CodeIgniter.php(507): CodeIgniter\CodeIgniter->runController(Object(App\Controllers\Admin))
 8 SYSTEMPATH\CodeIgniter.php(354): CodeIgniter\CodeIgniter->handleRequest(null, Object(Config\Cache), false)
 9 SYSTEMPATH\Boot.php(363): CodeIgniter\CodeIgniter->run()
10 SYSTEMPATH\Boot.php(68): CodeIgniter\Boot::runCodeIgniter(Object(CodeIgniter\CodeIgniter))
11 FCPATH\index.php(59): CodeIgniter\Boot::bootWeb(Object(Config\Paths))
WARNING - 2026-05-21 09:09:28 --> [DEPRECATED] number_format(): Passing null to parameter #1 ($num) of type float is deprecated in APPPATH\Views\admin\member_list.php on line 214.
 1 APPPATH\Views\admin\member_list.php(214): number_format(null, 0, ',', '.')
 2 SYSTEMPATH\View\View.php(226): include('C:\\xampp\\htdocs\\kasirpos\\app\\Views\\admin\\member_list.php')
 3 SYSTEMPATH\View\View.php(229): CodeIgniter\View\View->CodeIgniter\View\{closure}()
 4 SYSTEMPATH\Common.php(1167): CodeIgniter\View\View->render('admin/member_list', [], true)
 5 APPPATH\Controllers\Admin.php(1588): view('admin/member_list', [...])
 6 SYSTEMPATH\CodeIgniter.php(933): App\Controllers\Admin->member()
 7 SYSTEMPATH\CodeIgniter.php(507): CodeIgniter\CodeIgniter->runController(Object(App\Controllers\Admin))
 8 SYSTEMPATH\CodeIgniter.php(354): CodeIgniter\CodeIgniter->handleRequest(null, Object(Config\Cache), false)
 9 SYSTEMPATH\Boot.php(363): CodeIgniter\CodeIgniter->run()
10 SYSTEMPATH\Boot.php(68): CodeIgniter\Boot::runCodeIgniter(Object(CodeIgniter\CodeIgniter))
11 FCPATH\index.php(59): CodeIgniter\Boot::bootWeb(Object(Config\Paths))
WARNING - 2026-05-21 09:09:28 --> [DEPRECATED] number_format(): Passing null to parameter #1 ($num) of type float is deprecated in APPPATH\Views\admin\member_list.php on line 214.
 1 APPPATH\Views\admin\member_list.php(214): number_format(null, 0, ',', '.')
 2 SYSTEMPATH\View\View.php(226): include('C:\\xampp\\htdocs\\kasirpos\\app\\Views\\admin\\member_list.php')
 3 SYSTEMPATH\View\View.php(229): CodeIgniter\View\View->CodeIgniter\View\{closure}()
 4 SYSTEMPATH\Common.php(1167): CodeIgniter\View\View->render('admin/member_list', [], true)
 5 APPPATH\Controllers\Admin.php(1588): view('admin/member_list', [...])
 6 SYSTEMPATH\CodeIgniter.php(933): App\Controllers\Admin->member()
 7 SYSTEMPATH\CodeIgniter.php(507): CodeIgniter\CodeIgniter->runController(Object(App\Controllers\Admin))
 8 SYSTEMPATH\CodeIgniter.php(354): CodeIgniter\CodeIgniter->handleRequest(null, Object(Config\Cache), false)
 9 SYSTEMPATH\Boot.php(363): CodeIgniter\CodeIgniter->run()
10 SYSTEMPATH\Boot.php(68): CodeIgniter\Boot::runCodeIgniter(Object(CodeIgniter\CodeIgniter))
11 FCPATH\index.php(59): CodeIgniter\Boot::bootWeb(Object(Config\Paths))
DEBUG - 2026-05-21 02:09:32 --> Session: Class initialized using 'CodeIgniter\Session\Handlers\FileHandler' driver.
WARNING - 2026-05-21 09:09:32 --> [DEPRECATED] number_format(): Passing null to parameter #1 ($num) of type float is deprecated in APPPATH\Views\admin\member_list.php on line 214.
 1 APPPATH\Views\admin\member_list.php(214): number_format(null, 0, ',', '.')
 2 SYSTEMPATH\View\View.php(226): include('C:\\xampp\\htdocs\\kasirpos\\app\\Views\\admin\\member_list.php')
 3 SYSTEMPATH\View\View.php(229): CodeIgniter\View\View->CodeIgniter\View\{closure}()
 4 SYSTEMPATH\Common.php(1167): CodeIgniter\View\View->render('admin/member_list', [], true)
 5 APPPATH\Controllers\Admin.php(1588): view('admin/member_list', [...])
 6 SYSTEMPATH\CodeIgniter.php(933): App\Controllers\Admin->member()
 7 SYSTEMPATH\CodeIgniter.php(507): CodeIgniter\CodeIgniter->runController(Object(App\Controllers\Admin))
 8 SYSTEMPATH\CodeIgniter.php(354): CodeIgniter\CodeIgniter->handleRequest(null, Object(Config\Cache), false)
 9 SYSTEMPATH\Boot.php(363): CodeIgniter\CodeIgniter->run()
10 SYSTEMPATH\Boot.php(68): CodeIgniter\Boot::runCodeIgniter(Object(CodeIgniter\CodeIgniter))
11 FCPATH\index.php(59): CodeIgniter\Boot::bootWeb(Object(Config\Paths))
WARNING - 2026-05-21 09:09:32 --> [DEPRECATED] number_format(): Passing null to parameter #1 ($num) of type float is deprecated in APPPATH\Views\admin\member_list.php on line 214.
 1 APPPATH\Views\admin\member_list.php(214): number_format(null, 0, ',', '.')
 2 SYSTEMPATH\View\View.php(226): include('C:\\xampp\\htdocs\\kasirpos\\app\\Views\\admin\\member_list.php')
 3 SYSTEMPATH\View\View.php(229): CodeIgniter\View\View->CodeIgniter\View\{closure}()
 4 SYSTEMPATH\Common.php(1167): CodeIgniter\View\View->render('admin/member_list', [], true)
 5 APPPATH\Controllers\Admin.php(1588): view('admin/member_list', [...])
 6 SYSTEMPATH\CodeIgniter.php(933): App\Controllers\Admin->member()
 7 SYSTEMPATH\CodeIgniter.php(507): CodeIgniter\CodeIgniter->runController(Object(App\Controllers\Admin))
 8 SYSTEMPATH\CodeIgniter.php(354): CodeIgniter\CodeIgniter->handleRequest(null, Object(Config\Cache), false)
 9 SYSTEMPATH\Boot.php(363): CodeIgniter\CodeIgniter->run()
10 SYSTEMPATH\Boot.php(68): CodeIgniter\Boot::runCodeIgniter(Object(CodeIgniter\CodeIgniter))
11 FCPATH\index.php(59): CodeIgniter\Boot::bootWeb(Object(Config\Paths))
WARNING - 2026-05-21 09:09:32 --> [DEPRECATED] number_format(): Passing null to parameter #1 ($num) of type float is deprecated in APPPATH\Views\admin\member_list.php on line 214.
 1 APPPATH\Views\admin\member_list.php(214): number_format(null, 0, ',', '.')
 2 SYSTEMPATH\View\View.php(226): include('C:\\xampp\\htdocs\\kasirpos\\app\\Views\\admin\\member_list.php')
 3 SYSTEMPATH\View\View.php(229): CodeIgniter\View\View->CodeIgniter\View\{closure}()
 4 SYSTEMPATH\Common.php(1167): CodeIgniter\View\View->render('admin/member_list', [], true)
 5 APPPATH\Controllers\Admin.php(1588): view('admin/member_list', [...])
 6 SYSTEMPATH\CodeIgniter.php(933): App\Controllers\Admin->member()
 7 SYSTEMPATH\CodeIgniter.php(507): CodeIgniter\CodeIgniter->runController(Object(App\Controllers\Admin))
 8 SYSTEMPATH\CodeIgniter.php(354): CodeIgniter\CodeIgniter->handleRequest(null, Object(Config\Cache), false)
 9 SYSTEMPATH\Boot.php(363): CodeIgniter\CodeIgniter->run()
10 SYSTEMPATH\Boot.php(68): CodeIgniter\Boot::runCodeIgniter(Object(CodeIgniter\CodeIgniter))
11 FCPATH\index.php(59): CodeIgniter\Boot::bootWeb(Object(Config\Paths))
WARNING - 2026-05-21 09:09:32 --> [DEPRECATED] number_format(): Passing null to parameter #1 ($num) of type float is deprecated in APPPATH\Views\admin\member_list.php on line 214.
 1 APPPATH\Views\admin\member_list.php(214): number_format(null, 0, ',', '.')
 2 SYSTEMPATH\View\View.php(226): include('C:\\xampp\\htdocs\\kasirpos\\app\\Views\\admin\\member_list.php')
 3 SYSTEMPATH\View\View.php(229): CodeIgniter\View\View->CodeIgniter\View\{closure}()
 4 SYSTEMPATH\Common.php(1167): CodeIgniter\View\View->render('admin/member_list', [], true)
 5 APPPATH\Controllers\Admin.php(1588): view('admin/member_list', [...])
 6 SYSTEMPATH\CodeIgniter.php(933): App\Controllers\Admin->member()
 7 SYSTEMPATH\CodeIgniter.php(507): CodeIgniter\CodeIgniter->runController(Object(App\Controllers\Admin))
 8 SYSTEMPATH\CodeIgniter.php(354): CodeIgniter\CodeIgniter->handleRequest(null, Object(Config\Cache), false)
 9 SYSTEMPATH\Boot.php(363): CodeIgniter\CodeIgniter->run()
10 SYSTEMPATH\Boot.php(68): CodeIgniter\Boot::runCodeIgniter(Object(CodeIgniter\CodeIgniter))
11 FCPATH\index.php(59): CodeIgniter\Boot::bootWeb(Object(Config\Paths))
WARNING - 2026-05-21 09:09:32 --> [DEPRECATED] number_format(): Passing null to parameter #1 ($num) of type float is deprecated in APPPATH\Views\admin\member_list.php on line 214.
 1 APPPATH\Views\admin\member_list.php(214): number_format(null, 0, ',', '.')
 2 SYSTEMPATH\View\View.php(226): include('C:\\xampp\\htdocs\\kasirpos\\app\\Views\\admin\\member_list.php')
 3 SYSTEMPATH\View\View.php(229): CodeIgniter\View\View->CodeIgniter\View\{closure}()
 4 SYSTEMPATH\Common.php(1167): CodeIgniter\View\View->render('admin/member_list', [], true)
 5 APPPATH\Controllers\Admin.php(1588): view('admin/member_list', [...])
 6 SYSTEMPATH\CodeIgniter.php(933): App\Controllers\Admin->member()
 7 SYSTEMPATH\CodeIgniter.php(507): CodeIgniter\CodeIgniter->runController(Object(App\Controllers\Admin))
 8 SYSTEMPATH\CodeIgniter.php(354): CodeIgniter\CodeIgniter->handleRequest(null, Object(Config\Cache), false)
 9 SYSTEMPATH\Boot.php(363): CodeIgniter\CodeIgniter->run()
10 SYSTEMPATH\Boot.php(68): CodeIgniter\Boot::runCodeIgniter(Object(CodeIgniter\CodeIgniter))
11 FCPATH\index.php(59): CodeIgniter\Boot::bootWeb(Object(Config\Paths))
WARNING - 2026-05-21 09:09:32 --> [DEPRECATED] number_format(): Passing null to parameter #1 ($num) of type float is deprecated in APPPATH\Views\admin\member_list.php on line 214.
 1 APPPATH\Views\admin\member_list.php(214): number_format(null, 0, ',', '.')
 2 SYSTEMPATH\View\View.php(226): include('C:\\xampp\\htdocs\\kasirpos\\app\\Views\\admin\\member_list.php')
 3 SYSTEMPATH\View\View.php(229): CodeIgniter\View\View->CodeIgniter\View\{closure}()
 4 SYSTEMPATH\Common.php(1167): CodeIgniter\View\View->render('admin/member_list', [], true)
 5 APPPATH\Controllers\Admin.php(1588): view('admin/member_list', [...])
 6 SYSTEMPATH\CodeIgniter.php(933): App\Controllers\Admin->member()
 7 SYSTEMPATH\CodeIgniter.php(507): CodeIgniter\CodeIgniter->runController(Object(App\Controllers\Admin))
 8 SYSTEMPATH\CodeIgniter.php(354): CodeIgniter\CodeIgniter->handleRequest(null, Object(Config\Cache), false)
 9 SYSTEMPATH\Boot.php(363): CodeIgniter\CodeIgniter->run()
10 SYSTEMPATH\Boot.php(68): CodeIgniter\Boot::runCodeIgniter(Object(CodeIgniter\CodeIgniter))
11 FCPATH\index.php(59): CodeIgniter\Boot::bootWeb(Object(Config\Paths))
DEBUG - 2026-05-21 02:09:35 --> Session: Class initialized using 'CodeIgniter\Session\Handlers\FileHandler' driver.
DEBUG - 2026-05-21 02:09:44 --> Session: Class initialized using 'CodeIgniter\Session\Handlers\FileHandler' driver.
DEBUG - 2026-05-21 02:09:58 --> Session: Class initialized using 'CodeIgniter\Session\Handlers\FileHandler' driver.
DEBUG - 2026-05-21 02:10:03 --> Session: Class initialized using 'CodeIgniter\Session\Handlers\FileHandler' driver.
DEBUG - 2026-05-21 02:10:05 --> Session: Class initialized using 'CodeIgniter\Session\Handlers\FileHandler' driver.
DEBUG - 2026-05-21 02:10:09 --> Session: Class initialized using 'CodeIgniter\Session\Handlers\FileHandler' driver.
WARNING - 2026-05-21 09:10:09 --> [DEPRECATED] number_format(): Passing null to parameter #1 ($num) of type float is deprecated in APPPATH\Views\admin\master_gaji_view.php on line 43.
 1 APPPATH\Views\admin\master_gaji_view.php(43): number_format(null, 0, ',', '.')
 2 SYSTEMPATH\View\View.php(226): include('C:\\xampp\\htdocs\\kasirpos\\app\\Views\\admin\\master_gaji_view.php')
 3 SYSTEMPATH\View\View.php(229): CodeIgniter\View\View->CodeIgniter\View\{closure}()
 4 SYSTEMPATH\Common.php(1167): CodeIgniter\View\View->render('admin/master_gaji_view', [], true)
 5 APPPATH\Controllers\Admin.php(1317): view('admin/master_gaji_view', [...])
 6 SYSTEMPATH\CodeIgniter.php(933): App\Controllers\Admin->hitung_gaji_kru()
 7 SYSTEMPATH\CodeIgniter.php(507): CodeIgniter\CodeIgniter->runController(Object(App\Controllers\Admin))
 8 SYSTEMPATH\CodeIgniter.php(354): CodeIgniter\CodeIgniter->handleRequest(null, Object(Config\Cache), false)
 9 SYSTEMPATH\Boot.php(363): CodeIgniter\CodeIgniter->run()
10 SYSTEMPATH\Boot.php(68): CodeIgniter\Boot::runCodeIgniter(Object(CodeIgniter\CodeIgniter))
11 FCPATH\index.php(59): CodeIgniter\Boot::bootWeb(Object(Config\Paths))
DEBUG - 2026-05-21 09:10:12 --> Session: Class initialized using 'CodeIgniter\Session\Handlers\FileHandler' driver.
DEBUG - 2026-05-21 09:10:12 --> Session: Class initialized using 'CodeIgniter\Session\Handlers\FileHandler' driver.
DEBUG - 2026-05-21 09:10:20 --> Session: Class initialized using 'CodeIgniter\Session\Handlers\FileHandler' driver.
DEBUG - 2026-05-21 02:10:20 --> Session: Class initialized using 'CodeIgniter\Session\Handlers\FileHandler' driver.
DEBUG - 2026-05-21 09:10:25 --> Session: Class initialized using 'CodeIgniter\Session\Handlers\FileHandler' driver.
DEBUG - 2026-05-21 09:10:25 --> Session: Class initialized using 'CodeIgniter\Session\Handlers\FileHandler' driver.
DEBUG - 2026-05-21 09:10:29 --> Session: Class initialized using 'CodeIgniter\Session\Handlers\FileHandler' driver.
DEBUG - 2026-05-21 09:10:29 --> Session: Class initialized using 'CodeIgniter\Session\Handlers\FileHandler' driver.
DEBUG - 2026-05-21 09:10:33 --> Session: Class initialized using 'CodeIgniter\Session\Handlers\FileHandler' driver.
DEBUG - 2026-05-21 09:10:33 --> Session: Class initialized using 'CodeIgniter\Session\Handlers\FileHandler' driver.
DEBUG - 2026-05-21 09:10:45 --> Session: Class initialized using 'CodeIgniter\Session\Handlers\FileHandler' driver.
DEBUG - 2026-05-21 09:10:45 --> Session: Class initialized using 'CodeIgniter\Session\Handlers\FileHandler' driver.
DEBUG - 2026-05-21 09:10:52 --> Session: Class initialized using 'CodeIgniter\Session\Handlers\FileHandler' driver.
DEBUG - 2026-05-21 09:10:52 --> Session: Class initialized using 'CodeIgniter\Session\Handlers\FileHandler' driver.
DEBUG - 2026-05-21 02:11:03 --> Session: Class initialized using 'CodeIgniter\Session\Handlers\FileHandler' driver.
DEBUG - 2026-05-21 02:11:10 --> Session: Class initialized using 'CodeIgniter\Session\Handlers\FileHandler' driver.
DEBUG - 2026-05-21 02:11:18 --> Session: Class initialized using 'CodeIgniter\Session\Handlers\FileHandler' driver.
DEBUG - 2026-05-21 09:11:21 --> Session: Class initialized using 'CodeIgniter\Session\Handlers\FileHandler' driver.
DEBUG - 2026-05-21 09:11:21 --> Session: Class initialized using 'CodeIgniter\Session\Handlers\FileHandler' driver.
DEBUG - 2026-05-21 09:11:23 --> Session: Class initialized using 'CodeIgniter\Session\Handlers\FileHandler' driver.
DEBUG - 2026-05-21 09:11:24 --> Session: Class initialized using 'CodeIgniter\Session\Handlers\FileHandler' driver.
DEBUG - 2026-05-21 09:11:25 --> Session: Class initialized using 'CodeIgniter\Session\Handlers\FileHandler' driver.
DEBUG - 2026-05-21 09:11:25 --> Session: Class initialized using 'CodeIgniter\Session\Handlers\FileHandler' driver.
DEBUG - 2026-05-21 09:11:27 --> Session: Class initialized using 'CodeIgniter\Session\Handlers\FileHandler' driver.
DEBUG - 2026-05-21 09:11:36 --> Session: Class initialized using 'CodeIgniter\Session\Handlers\FileHandler' driver.
DEBUG - 2026-05-21 09:11:36 --> Session: Class initialized using 'CodeIgniter\Session\Handlers\FileHandler' driver.
DEBUG - 2026-05-21 09:11:44 --> Session: Class initialized using 'CodeIgniter\Session\Handlers\FileHandler' driver.
DEBUG - 2026-05-21 02:11:45 --> Session: Class initialized using 'CodeIgniter\Session\Handlers\FileHandler' driver.
DEBUG - 2026-05-21 09:11:57 --> Session: Class initialized using 'CodeIgniter\Session\Handlers\FileHandler' driver.
DEBUG - 2026-05-21 09:11:57 --> Session: Class initialized using 'CodeIgniter\Session\Handlers\FileHandler' driver.
DEBUG - 2026-05-21 09:12:13 --> Session: Class initialized using 'CodeIgniter\Session\Handlers\FileHandler' driver.
DEBUG - 2026-05-21 02:12:13 --> Session: Class initialized using 'CodeIgniter\Session\Handlers\FileHandler' driver.
DEBUG - 2026-05-21 09:12:16 --> Session: Class initialized using 'CodeIgniter\Session\Handlers\FileHandler' driver.
DEBUG - 2026-05-21 09:12:16 --> Session: Class initialized using 'CodeIgniter\Session\Handlers\FileHandler' driver.
DEBUG - 2026-05-21 09:12:17 --> Session: Class initialized using 'CodeIgniter\Session\Handlers\FileHandler' driver.
DEBUG - 2026-05-21 09:12:17 --> Session: Class initialized using 'CodeIgniter\Session\Handlers\FileHandler' driver.
DEBUG - 2026-05-21 09:12:20 --> Session: Class initialized using 'CodeIgniter\Session\Handlers\FileHandler' driver.
DEBUG - 2026-05-21 09:12:27 --> Session: Class initialized using 'CodeIgniter\Session\Handlers\FileHandler' driver.
DEBUG - 2026-05-21 02:12:27 --> Session: Class initialized using 'CodeIgniter\Session\Handlers\FileHandler' driver.
DEBUG - 2026-05-21 02:13:32 --> Session: Class initialized using 'CodeIgniter\Session\Handlers\FileHandler' driver.
DEBUG - 2026-05-21 02:13:40 --> Session: Class initialized using 'CodeIgniter\Session\Handlers\FileHandler' driver.
DEBUG - 2026-05-21 02:13:57 --> Session: Class initialized using 'CodeIgniter\Session\Handlers\FileHandler' driver.
DEBUG - 2026-05-21 03:09:10 --> Session: Class initialized using 'CodeIgniter\Session\Handlers\FileHandler' driver.
DEBUG - 2026-05-21 10:09:13 --> Session: Class initialized using 'CodeIgniter\Session\Handlers\FileHandler' driver.
DEBUG - 2026-05-21 10:09:13 --> Session: Class initialized using 'CodeIgniter\Session\Handlers\FileHandler' driver.
DEBUG - 2026-05-21 10:09:15 --> Session: Class initialized using 'CodeIgniter\Session\Handlers\FileHandler' driver.
DEBUG - 2026-05-21 10:09:15 --> Session: Class initialized using 'CodeIgniter\Session\Handlers\FileHandler' driver.
DEBUG - 2026-05-21 10:09:17 --> Session: Class initialized using 'CodeIgniter\Session\Handlers\FileHandler' driver.
DEBUG - 2026-05-21 10:09:22 --> Session: Class initialized using 'CodeIgniter\Session\Handlers\FileHandler' driver.
DEBUG - 2026-05-21 03:09:22 --> Session: Class initialized using 'CodeIgniter\Session\Handlers\FileHandler' driver.
DEBUG - 2026-05-21 03:09:43 --> Session: Class initialized using 'CodeIgniter\Session\Handlers\FileHandler' driver.
WARNING - 2026-05-21 10:09:43 --> [DEPRECATED] number_format(): Passing null to parameter #1 ($num) of type float is deprecated in APPPATH\Views\admin\laporan_gaji_view.php on line 63.
 1 APPPATH\Views\admin\laporan_gaji_view.php(63): number_format(null, 0, ',', '.')
 2 SYSTEMPATH\View\View.php(226): include('C:\\xampp\\htdocs\\kasirpos\\app\\Views\\admin\\laporan_gaji_view.php')
 3 SYSTEMPATH\View\View.php(229): CodeIgniter\View\View->CodeIgniter\View\{closure}()
 4 SYSTEMPATH\Common.php(1167): CodeIgniter\View\View->render('admin/laporan_gaji_view', [], true)
 5 APPPATH\Controllers\Admin.php(1390): view('admin/laporan_gaji_view', [...])
 6 SYSTEMPATH\CodeIgniter.php(933): App\Controllers\Admin->laporan_gaji()
 7 SYSTEMPATH\CodeIgniter.php(507): CodeIgniter\CodeIgniter->runController(Object(App\Controllers\Admin))
 8 SYSTEMPATH\CodeIgniter.php(354): CodeIgniter\CodeIgniter->handleRequest(null, Object(Config\Cache), false)
 9 SYSTEMPATH\Boot.php(363): CodeIgniter\CodeIgniter->run()
10 SYSTEMPATH\Boot.php(68): CodeIgniter\Boot::runCodeIgniter(Object(CodeIgniter\CodeIgniter))
11 FCPATH\index.php(59): CodeIgniter\Boot::bootWeb(Object(Config\Paths))
DEBUG - 2026-05-21 03:10:02 --> Session: Class initialized using 'CodeIgniter\Session\Handlers\FileHandler' driver.
DEBUG - 2026-05-21 10:10:03 --> Session: Class initialized using 'CodeIgniter\Session\Handlers\FileHandler' driver.
DEBUG - 2026-05-21 03:10:07 --> Session: Class initialized using 'CodeIgniter\Session\Handlers\FileHandler' driver.
WARNING - 2026-05-21 10:10:07 --> [DEPRECATED] number_format(): Passing null to parameter #1 ($num) of type float is deprecated in APPPATH\Views\admin\member_list.php on line 214.
 1 APPPATH\Views\admin\member_list.php(214): number_format(null, 0, ',', '.')
 2 SYSTEMPATH\View\View.php(226): include('C:\\xampp\\htdocs\\kasirpos\\app\\Views\\admin\\member_list.php')
 3 SYSTEMPATH\View\View.php(229): CodeIgniter\View\View->CodeIgniter\View\{closure}()
 4 SYSTEMPATH\Common.php(1167): CodeIgniter\View\View->render('admin/member_list', [], true)
 5 APPPATH\Controllers\Admin.php(1588): view('admin/member_list', [...])
 6 SYSTEMPATH\CodeIgniter.php(933): App\Controllers\Admin->member()
 7 SYSTEMPATH\CodeIgniter.php(507): CodeIgniter\CodeIgniter->runController(Object(App\Controllers\Admin))
 8 SYSTEMPATH\CodeIgniter.php(354): CodeIgniter\CodeIgniter->handleRequest(null, Object(Config\Cache), false)
 9 SYSTEMPATH\Boot.php(363): CodeIgniter\CodeIgniter->run()
10 SYSTEMPATH\Boot.php(68): CodeIgniter\Boot::runCodeIgniter(Object(CodeIgniter\CodeIgniter))
11 FCPATH\index.php(59): CodeIgniter\Boot::bootWeb(Object(Config\Paths))
WARNING - 2026-05-21 10:10:07 --> [DEPRECATED] number_format(): Passing null to parameter #1 ($num) of type float is deprecated in APPPATH\Views\admin\member_list.php on line 214.
 1 APPPATH\Views\admin\member_list.php(214): number_format(null, 0, ',', '.')
 2 SYSTEMPATH\View\View.php(226): include('C:\\xampp\\htdocs\\kasirpos\\app\\Views\\admin\\member_list.php')
 3 SYSTEMPATH\View\View.php(229): CodeIgniter\View\View->CodeIgniter\View\{closure}()
 4 SYSTEMPATH\Common.php(1167): CodeIgniter\View\View->render('admin/member_list', [], true)
 5 APPPATH\Controllers\Admin.php(1588): view('admin/member_list', [...])
 6 SYSTEMPATH\CodeIgniter.php(933): App\Controllers\Admin->member()
 7 SYSTEMPATH\CodeIgniter.php(507): CodeIgniter\CodeIgniter->runController(Object(App\Controllers\Admin))
 8 SYSTEMPATH\CodeIgniter.php(354): CodeIgniter\CodeIgniter->handleRequest(null, Object(Config\Cache), false)
 9 SYSTEMPATH\Boot.php(363): CodeIgniter\CodeIgniter->run()
10 SYSTEMPATH\Boot.php(68): CodeIgniter\Boot::runCodeIgniter(Object(CodeIgniter\CodeIgniter))
11 FCPATH\index.php(59): CodeIgniter\Boot::bootWeb(Object(Config\Paths))
WARNING - 2026-05-21 10:10:07 --> [DEPRECATED] number_format(): Passing null to parameter #1 ($num) of type float is deprecated in APPPATH\Views\admin\member_list.php on line 214.
 1 APPPATH\Views\admin\member_list.php(214): number_format(null, 0, ',', '.')
 2 SYSTEMPATH\View\View.php(226): include('C:\\xampp\\htdocs\\kasirpos\\app\\Views\\admin\\member_list.php')
 3 SYSTEMPATH\View\View.php(229): CodeIgniter\View\View->CodeIgniter\View\{closure}()
 4 SYSTEMPATH\Common.php(1167): CodeIgniter\View\View->render('admin/member_list', [], true)
 5 APPPATH\Controllers\Admin.php(1588): view('admin/member_list', [...])
 6 SYSTEMPATH\CodeIgniter.php(933): App\Controllers\Admin->member()
 7 SYSTEMPATH\CodeIgniter.php(507): CodeIgniter\CodeIgniter->runController(Object(App\Controllers\Admin))
 8 SYSTEMPATH\CodeIgniter.php(354): CodeIgniter\CodeIgniter->handleRequest(null, Object(Config\Cache), false)
 9 SYSTEMPATH\Boot.php(363): CodeIgniter\CodeIgniter->run()
10 SYSTEMPATH\Boot.php(68): CodeIgniter\Boot::runCodeIgniter(Object(CodeIgniter\CodeIgniter))
11 FCPATH\index.php(59): CodeIgniter\Boot::bootWeb(Object(Config\Paths))
WARNING - 2026-05-21 10:10:07 --> [DEPRECATED] number_format(): Passing null to parameter #1 ($num) of type float is deprecated in APPPATH\Views\admin\member_list.php on line 214.
 1 APPPATH\Views\admin\member_list.php(214): number_format(null, 0, ',', '.')
 2 SYSTEMPATH\View\View.php(226): include('C:\\xampp\\htdocs\\kasirpos\\app\\Views\\admin\\member_list.php')
 3 SYSTEMPATH\View\View.php(229): CodeIgniter\View\View->CodeIgniter\View\{closure}()
 4 SYSTEMPATH\Common.php(1167): CodeIgniter\View\View->render('admin/member_list', [], true)
 5 APPPATH\Controllers\Admin.php(1588): view('admin/member_list', [...])
 6 SYSTEMPATH\CodeIgniter.php(933): App\Controllers\Admin->member()
 7 SYSTEMPATH\CodeIgniter.php(507): CodeIgniter\CodeIgniter->runController(Object(App\Controllers\Admin))
 8 SYSTEMPATH\CodeIgniter.php(354): CodeIgniter\CodeIgniter->handleRequest(null, Object(Config\Cache), false)
 9 SYSTEMPATH\Boot.php(363): CodeIgniter\CodeIgniter->run()
10 SYSTEMPATH\Boot.php(68): CodeIgniter\Boot::runCodeIgniter(Object(CodeIgniter\CodeIgniter))
11 FCPATH\index.php(59): CodeIgniter\Boot::bootWeb(Object(Config\Paths))
WARNING - 2026-05-21 10:10:07 --> [DEPRECATED] number_format(): Passing null to parameter #1 ($num) of type float is deprecated in APPPATH\Views\admin\member_list.php on line 214.
 1 APPPATH\Views\admin\member_list.php(214): number_format(null, 0, ',', '.')
 2 SYSTEMPATH\View\View.php(226): include('C:\\xampp\\htdocs\\kasirpos\\app\\Views\\admin\\member_list.php')
 3 SYSTEMPATH\View\View.php(229): CodeIgniter\View\View->CodeIgniter\View\{closure}()
 4 SYSTEMPATH\Common.php(1167): CodeIgniter\View\View->render('admin/member_list', [], true)
 5 APPPATH\Controllers\Admin.php(1588): view('admin/member_list', [...])
 6 SYSTEMPATH\CodeIgniter.php(933): App\Controllers\Admin->member()
 7 SYSTEMPATH\CodeIgniter.php(507): CodeIgniter\CodeIgniter->runController(Object(App\Controllers\Admin))
 8 SYSTEMPATH\CodeIgniter.php(354): CodeIgniter\CodeIgniter->handleRequest(null, Object(Config\Cache), false)
 9 SYSTEMPATH\Boot.php(363): CodeIgniter\CodeIgniter->run()
10 SYSTEMPATH\Boot.php(68): CodeIgniter\Boot::runCodeIgniter(Object(CodeIgniter\CodeIgniter))
11 FCPATH\index.php(59): CodeIgniter\Boot::bootWeb(Object(Config\Paths))
WARNING - 2026-05-21 10:10:07 --> [DEPRECATED] number_format(): Passing null to parameter #1 ($num) of type float is deprecated in APPPATH\Views\admin\member_list.php on line 214.
 1 APPPATH\Views\admin\member_list.php(214): number_format(null, 0, ',', '.')
 2 SYSTEMPATH\View\View.php(226): include('C:\\xampp\\htdocs\\kasirpos\\app\\Views\\admin\\member_list.php')
 3 SYSTEMPATH\View\View.php(229): CodeIgniter\View\View->CodeIgniter\View\{closure}()
 4 SYSTEMPATH\Common.php(1167): CodeIgniter\View\View->render('admin/member_list', [], true)
 5 APPPATH\Controllers\Admin.php(1588): view('admin/member_list', [...])
 6 SYSTEMPATH\CodeIgniter.php(933): App\Controllers\Admin->member()
 7 SYSTEMPATH\CodeIgniter.php(507): CodeIgniter\CodeIgniter->runController(Object(App\Controllers\Admin))
 8 SYSTEMPATH\CodeIgniter.php(354): CodeIgniter\CodeIgniter->handleRequest(null, Object(Config\Cache), false)
 9 SYSTEMPATH\Boot.php(363): CodeIgniter\CodeIgniter->run()
10 SYSTEMPATH\Boot.php(68): CodeIgniter\Boot::runCodeIgniter(Object(CodeIgniter\CodeIgniter))
11 FCPATH\index.php(59): CodeIgniter\Boot::bootWeb(Object(Config\Paths))
DEBUG - 2026-05-21 03:10:08 --> Session: Class initialized using 'CodeIgniter\Session\Handlers\FileHandler' driver.
DEBUG - 2026-05-21 03:10:34 --> Session: Class initialized using 'CodeIgniter\Session\Handlers\FileHandler' driver.
DEBUG - 2026-05-21 03:10:56 --> Session: Class initialized using 'CodeIgniter\Session\Handlers\FileHandler' driver.
WARNING - 2026-05-21 10:10:56 --> [DEPRECATED] number_format(): Passing null to parameter #1 ($num) of type float is deprecated in APPPATH\Views\admin\master_gaji_view.php on line 43.
 1 APPPATH\Views\admin\master_gaji_view.php(43): number_format(null, 0, ',', '.')
 2 SYSTEMPATH\View\View.php(226): include('C:\\xampp\\htdocs\\kasirpos\\app\\Views\\admin\\master_gaji_view.php')
 3 SYSTEMPATH\View\View.php(229): CodeIgniter\View\View->CodeIgniter\View\{closure}()
 4 SYSTEMPATH\Common.php(1167): CodeIgniter\View\View->render('admin/master_gaji_view', [], true)
 5 APPPATH\Controllers\Admin.php(1317): view('admin/master_gaji_view', [...])
 6 SYSTEMPATH\CodeIgniter.php(933): App\Controllers\Admin->hitung_gaji_kru()
 7 SYSTEMPATH\CodeIgniter.php(507): CodeIgniter\CodeIgniter->runController(Object(App\Controllers\Admin))
 8 SYSTEMPATH\CodeIgniter.php(354): CodeIgniter\CodeIgniter->handleRequest(null, Object(Config\Cache), false)
 9 SYSTEMPATH\Boot.php(363): CodeIgniter\CodeIgniter->run()
10 SYSTEMPATH\Boot.php(68): CodeIgniter\Boot::runCodeIgniter(Object(CodeIgniter\CodeIgniter))
11 FCPATH\index.php(59): CodeIgniter\Boot::bootWeb(Object(Config\Paths))
DEBUG - 2026-05-21 03:10:58 --> Session: Class initialized using 'CodeIgniter\Session\Handlers\FileHandler' driver.
WARNING - 2026-05-21 10:10:58 --> [DEPRECATED] number_format(): Passing null to parameter #1 ($num) of type float is deprecated in APPPATH\Views\admin\member_list.php on line 214.
 1 APPPATH\Views\admin\member_list.php(214): number_format(null, 0, ',', '.')
 2 SYSTEMPATH\View\View.php(226): include('C:\\xampp\\htdocs\\kasirpos\\app\\Views\\admin\\member_list.php')
 3 SYSTEMPATH\View\View.php(229): CodeIgniter\View\View->CodeIgniter\View\{closure}()
 4 SYSTEMPATH\Common.php(1167): CodeIgniter\View\View->render('admin/member_list', [], true)
 5 APPPATH\Controllers\Admin.php(1588): view('admin/member_list', [...])
 6 SYSTEMPATH\CodeIgniter.php(933): App\Controllers\Admin->member()
 7 SYSTEMPATH\CodeIgniter.php(507): CodeIgniter\CodeIgniter->runController(Object(App\Controllers\Admin))
 8 SYSTEMPATH\CodeIgniter.php(354): CodeIgniter\CodeIgniter->handleRequest(null, Object(Config\Cache), false)
 9 SYSTEMPATH\Boot.php(363): CodeIgniter\CodeIgniter->run()
10 SYSTEMPATH\Boot.php(68): CodeIgniter\Boot::runCodeIgniter(Object(CodeIgniter\CodeIgniter))
11 FCPATH\index.php(59): CodeIgniter\Boot::bootWeb(Object(Config\Paths))
WARNING - 2026-05-21 10:10:58 --> [DEPRECATED] number_format(): Passing null to parameter #1 ($num) of type float is deprecated in APPPATH\Views\admin\member_list.php on line 214.
 1 APPPATH\Views\admin\member_list.php(214): number_format(null, 0, ',', '.')
 2 SYSTEMPATH\View\View.php(226): include('C:\\xampp\\htdocs\\kasirpos\\app\\Views\\admin\\member_list.php')
 3 SYSTEMPATH\View\View.php(229): CodeIgniter\View\View->CodeIgniter\View\{closure}()
 4 SYSTEMPATH\Common.php(1167): CodeIgniter\View\View->render('admin/member_list', [], true)
 5 APPPATH\Controllers\Admin.php(1588): view('admin/member_list', [...])
 6 SYSTEMPATH\CodeIgniter.php(933): App\Controllers\Admin->member()
 7 SYSTEMPATH\CodeIgniter.php(507): CodeIgniter\CodeIgniter->runController(Object(App\Controllers\Admin))
 8 SYSTEMPATH\CodeIgniter.php(354): CodeIgniter\CodeIgniter->handleRequest(null, Object(Config\Cache), false)
 9 SYSTEMPATH\Boot.php(363): CodeIgniter\CodeIgniter->run()
10 SYSTEMPATH\Boot.php(68): CodeIgniter\Boot::runCodeIgniter(Object(CodeIgniter\CodeIgniter))
11 FCPATH\index.php(59): CodeIgniter\Boot::bootWeb(Object(Config\Paths))
WARNING - 2026-05-21 10:10:58 --> [DEPRECATED] number_format(): Passing null to parameter #1 ($num) of type float is deprecated in APPPATH\Views\admin\member_list.php on line 214.
 1 APPPATH\Views\admin\member_list.php(214): number_format(null, 0, ',', '.')
 2 SYSTEMPATH\View\View.php(226): include('C:\\xampp\\htdocs\\kasirpos\\app\\Views\\admin\\member_list.php')
 3 SYSTEMPATH\View\View.php(229): CodeIgniter\View\View->CodeIgniter\View\{closure}()
 4 SYSTEMPATH\Common.php(1167): CodeIgniter\View\View->render('admin/member_list', [], true)
 5 APPPATH\Controllers\Admin.php(1588): view('admin/member_list', [...])
 6 SYSTEMPATH\CodeIgniter.php(933): App\Controllers\Admin->member()
 7 SYSTEMPATH\CodeIgniter.php(507): CodeIgniter\CodeIgniter->runController(Object(App\Controllers\Admin))
 8 SYSTEMPATH\CodeIgniter.php(354): CodeIgniter\CodeIgniter->handleRequest(null, Object(Config\Cache), false)
 9 SYSTEMPATH\Boot.php(363): CodeIgniter\CodeIgniter->run()
10 SYSTEMPATH\Boot.php(68): CodeIgniter\Boot::runCodeIgniter(Object(CodeIgniter\CodeIgniter))
11 FCPATH\index.php(59): CodeIgniter\Boot::bootWeb(Object(Config\Paths))
WARNING - 2026-05-21 10:10:58 --> [DEPRECATED] number_format(): Passing null to parameter #1 ($num) of type float is deprecated in APPPATH\Views\admin\member_list.php on line 214.
 1 APPPATH\Views\admin\member_list.php(214): number_format(null, 0, ',', '.')
 2 SYSTEMPATH\View\View.php(226): include('C:\\xampp\\htdocs\\kasirpos\\app\\Views\\admin\\member_list.php')
 3 SYSTEMPATH\View\View.php(229): CodeIgniter\View\View->CodeIgniter\View\{closure}()
 4 SYSTEMPATH\Common.php(1167): CodeIgniter\View\View->render('admin/member_list', [], true)
 5 APPPATH\Controllers\Admin.php(1588): view('admin/member_list', [...])
 6 SYSTEMPATH\CodeIgniter.php(933): App\Controllers\Admin->member()
 7 SYSTEMPATH\CodeIgniter.php(507): CodeIgniter\CodeIgniter->runController(Object(App\Controllers\Admin))
 8 SYSTEMPATH\CodeIgniter.php(354): CodeIgniter\CodeIgniter->handleRequest(null, Object(Config\Cache), false)
 9 SYSTEMPATH\Boot.php(363): CodeIgniter\CodeIgniter->run()
10 SYSTEMPATH\Boot.php(68): CodeIgniter\Boot::runCodeIgniter(Object(CodeIgniter\CodeIgniter))
11 FCPATH\index.php(59): CodeIgniter\Boot::bootWeb(Object(Config\Paths))
WARNING - 2026-05-21 10:10:58 --> [DEPRECATED] number_format(): Passing null to parameter #1 ($num) of type float is deprecated in APPPATH\Views\admin\member_list.php on line 214.
 1 APPPATH\Views\admin\member_list.php(214): number_format(null, 0, ',', '.')
 2 SYSTEMPATH\View\View.php(226): include('C:\\xampp\\htdocs\\kasirpos\\app\\Views\\admin\\member_list.php')
 3 SYSTEMPATH\View\View.php(229): CodeIgniter\View\View->CodeIgniter\View\{closure}()
 4 SYSTEMPATH\Common.php(1167): CodeIgniter\View\View->render('admin/member_list', [], true)
 5 APPPATH\Controllers\Admin.php(1588): view('admin/member_list', [...])
 6 SYSTEMPATH\CodeIgniter.php(933): App\Controllers\Admin->member()
 7 SYSTEMPATH\CodeIgniter.php(507): CodeIgniter\CodeIgniter->runController(Object(App\Controllers\Admin))
 8 SYSTEMPATH\CodeIgniter.php(354): CodeIgniter\CodeIgniter->handleRequest(null, Object(Config\Cache), false)
 9 SYSTEMPATH\Boot.php(363): CodeIgniter\CodeIgniter->run()
10 SYSTEMPATH\Boot.php(68): CodeIgniter\Boot::runCodeIgniter(Object(CodeIgniter\CodeIgniter))
11 FCPATH\index.php(59): CodeIgniter\Boot::bootWeb(Object(Config\Paths))
WARNING - 2026-05-21 10:10:58 --> [DEPRECATED] number_format(): Passing null to parameter #1 ($num) of type float is deprecated in APPPATH\Views\admin\member_list.php on line 214.
 1 APPPATH\Views\admin\member_list.php(214): number_format(null, 0, ',', '.')
 2 SYSTEMPATH\View\View.php(226): include('C:\\xampp\\htdocs\\kasirpos\\app\\Views\\admin\\member_list.php')
 3 SYSTEMPATH\View\View.php(229): CodeIgniter\View\View->CodeIgniter\View\{closure}()
 4 SYSTEMPATH\Common.php(1167): CodeIgniter\View\View->render('admin/member_list', [], true)
 5 APPPATH\Controllers\Admin.php(1588): view('admin/member_list', [...])
 6 SYSTEMPATH\CodeIgniter.php(933): App\Controllers\Admin->member()
 7 SYSTEMPATH\CodeIgniter.php(507): CodeIgniter\CodeIgniter->runController(Object(App\Controllers\Admin))
 8 SYSTEMPATH\CodeIgniter.php(354): CodeIgniter\CodeIgniter->handleRequest(null, Object(Config\Cache), false)
 9 SYSTEMPATH\Boot.php(363): CodeIgniter\CodeIgniter->run()
10 SYSTEMPATH\Boot.php(68): CodeIgniter\Boot::runCodeIgniter(Object(CodeIgniter\CodeIgniter))
11 FCPATH\index.php(59): CodeIgniter\Boot::bootWeb(Object(Config\Paths))
DEBUG - 2026-05-21 03:11:09 --> Session: Class initialized using 'CodeIgniter\Session\Handlers\FileHandler' driver.
WARNING - 2026-05-21 10:11:09 --> [DEPRECATED] number_format(): Passing null to parameter #1 ($num) of type float is deprecated in APPPATH\Views\admin\member_list.php on line 214.
 1 APPPATH\Views\admin\member_list.php(214): number_format(null, 0, ',', '.')
 2 SYSTEMPATH\View\View.php(226): include('C:\\xampp\\htdocs\\kasirpos\\app\\Views\\admin\\member_list.php')
 3 SYSTEMPATH\View\View.php(229): CodeIgniter\View\View->CodeIgniter\View\{closure}()
 4 SYSTEMPATH\Common.php(1167): CodeIgniter\View\View->render('admin/member_list', [], true)
 5 APPPATH\Controllers\Admin.php(1588): view('admin/member_list', [...])
 6 SYSTEMPATH\CodeIgniter.php(933): App\Controllers\Admin->member()
 7 SYSTEMPATH\CodeIgniter.php(507): CodeIgniter\CodeIgniter->runController(Object(App\Controllers\Admin))
 8 SYSTEMPATH\CodeIgniter.php(354): CodeIgniter\CodeIgniter->handleRequest(null, Object(Config\Cache), false)
 9 SYSTEMPATH\Boot.php(363): CodeIgniter\CodeIgniter->run()
10 SYSTEMPATH\Boot.php(68): CodeIgniter\Boot::runCodeIgniter(Object(CodeIgniter\CodeIgniter))
11 FCPATH\index.php(59): CodeIgniter\Boot::bootWeb(Object(Config\Paths))
WARNING - 2026-05-21 10:11:09 --> [DEPRECATED] number_format(): Passing null to parameter #1 ($num) of type float is deprecated in APPPATH\Views\admin\member_list.php on line 214.
 1 APPPATH\Views\admin\member_list.php(214): number_format(null, 0, ',', '.')
 2 SYSTEMPATH\View\View.php(226): include('C:\\xampp\\htdocs\\kasirpos\\app\\Views\\admin\\member_list.php')
 3 SYSTEMPATH\View\View.php(229): CodeIgniter\View\View->CodeIgniter\View\{closure}()
 4 SYSTEMPATH\Common.php(1167): CodeIgniter\View\View->render('admin/member_list', [], true)
 5 APPPATH\Controllers\Admin.php(1588): view('admin/member_list', [...])
 6 SYSTEMPATH\CodeIgniter.php(933): App\Controllers\Admin->member()
 7 SYSTEMPATH\CodeIgniter.php(507): CodeIgniter\CodeIgniter->runController(Object(App\Controllers\Admin))
 8 SYSTEMPATH\CodeIgniter.php(354): CodeIgniter\CodeIgniter->handleRequest(null, Object(Config\Cache), false)
 9 SYSTEMPATH\Boot.php(363): CodeIgniter\CodeIgniter->run()
10 SYSTEMPATH\Boot.php(68): CodeIgniter\Boot::runCodeIgniter(Object(CodeIgniter\CodeIgniter))
11 FCPATH\index.php(59): CodeIgniter\Boot::bootWeb(Object(Config\Paths))
WARNING - 2026-05-21 10:11:09 --> [DEPRECATED] number_format(): Passing null to parameter #1 ($num) of type float is deprecated in APPPATH\Views\admin\member_list.php on line 214.
 1 APPPATH\Views\admin\member_list.php(214): number_format(null, 0, ',', '.')
 2 SYSTEMPATH\View\View.php(226): include('C:\\xampp\\htdocs\\kasirpos\\app\\Views\\admin\\member_list.php')
 3 SYSTEMPATH\View\View.php(229): CodeIgniter\View\View->CodeIgniter\View\{closure}()
 4 SYSTEMPATH\Common.php(1167): CodeIgniter\View\View->render('admin/member_list', [], true)
 5 APPPATH\Controllers\Admin.php(1588): view('admin/member_list', [...])
 6 SYSTEMPATH\CodeIgniter.php(933): App\Controllers\Admin->member()
 7 SYSTEMPATH\CodeIgniter.php(507): CodeIgniter\CodeIgniter->runController(Object(App\Controllers\Admin))
 8 SYSTEMPATH\CodeIgniter.php(354): CodeIgniter\CodeIgniter->handleRequest(null, Object(Config\Cache), false)
 9 SYSTEMPATH\Boot.php(363): CodeIgniter\CodeIgniter->run()
10 SYSTEMPATH\Boot.php(68): CodeIgniter\Boot::runCodeIgniter(Object(CodeIgniter\CodeIgniter))
11 FCPATH\index.php(59): CodeIgniter\Boot::bootWeb(Object(Config\Paths))
WARNING - 2026-05-21 10:11:09 --> [DEPRECATED] number_format(): Passing null to parameter #1 ($num) of type float is deprecated in APPPATH\Views\admin\member_list.php on line 214.
 1 APPPATH\Views\admin\member_list.php(214): number_format(null, 0, ',', '.')
 2 SYSTEMPATH\View\View.php(226): include('C:\\xampp\\htdocs\\kasirpos\\app\\Views\\admin\\member_list.php')
 3 SYSTEMPATH\View\View.php(229): CodeIgniter\View\View->CodeIgniter\View\{closure}()
 4 SYSTEMPATH\Common.php(1167): CodeIgniter\View\View->render('admin/member_list', [], true)
 5 APPPATH\Controllers\Admin.php(1588): view('admin/member_list', [...])
 6 SYSTEMPATH\CodeIgniter.php(933): App\Controllers\Admin->member()
 7 SYSTEMPATH\CodeIgniter.php(507): CodeIgniter\CodeIgniter->runController(Object(App\Controllers\Admin))
 8 SYSTEMPATH\CodeIgniter.php(354): CodeIgniter\CodeIgniter->handleRequest(null, Object(Config\Cache), false)
 9 SYSTEMPATH\Boot.php(363): CodeIgniter\CodeIgniter->run()
10 SYSTEMPATH\Boot.php(68): CodeIgniter\Boot::runCodeIgniter(Object(CodeIgniter\CodeIgniter))
11 FCPATH\index.php(59): CodeIgniter\Boot::bootWeb(Object(Config\Paths))
WARNING - 2026-05-21 10:11:09 --> [DEPRECATED] number_format(): Passing null to parameter #1 ($num) of type float is deprecated in APPPATH\Views\admin\member_list.php on line 214.
 1 APPPATH\Views\admin\member_list.php(214): number_format(null, 0, ',', '.')
 2 SYSTEMPATH\View\View.php(226): include('C:\\xampp\\htdocs\\kasirpos\\app\\Views\\admin\\member_list.php')
 3 SYSTEMPATH\View\View.php(229): CodeIgniter\View\View->CodeIgniter\View\{closure}()
 4 SYSTEMPATH\Common.php(1167): CodeIgniter\View\View->render('admin/member_list', [], true)
 5 APPPATH\Controllers\Admin.php(1588): view('admin/member_list', [...])
 6 SYSTEMPATH\CodeIgniter.php(933): App\Controllers\Admin->member()
 7 SYSTEMPATH\CodeIgniter.php(507): CodeIgniter\CodeIgniter->runController(Object(App\Controllers\Admin))
 8 SYSTEMPATH\CodeIgniter.php(354): CodeIgniter\CodeIgniter->handleRequest(null, Object(Config\Cache), false)
 9 SYSTEMPATH\Boot.php(363): CodeIgniter\CodeIgniter->run()
10 SYSTEMPATH\Boot.php(68): CodeIgniter\Boot::runCodeIgniter(Object(CodeIgniter\CodeIgniter))
11 FCPATH\index.php(59): CodeIgniter\Boot::bootWeb(Object(Config\Paths))
WARNING - 2026-05-21 10:11:09 --> [DEPRECATED] number_format(): Passing null to parameter #1 ($num) of type float is deprecated in APPPATH\Views\admin\member_list.php on line 214.
 1 APPPATH\Views\admin\member_list.php(214): number_format(null, 0, ',', '.')
 2 SYSTEMPATH\View\View.php(226): include('C:\\xampp\\htdocs\\kasirpos\\app\\Views\\admin\\member_list.php')
 3 SYSTEMPATH\View\View.php(229): CodeIgniter\View\View->CodeIgniter\View\{closure}()
 4 SYSTEMPATH\Common.php(1167): CodeIgniter\View\View->render('admin/member_list', [], true)
 5 APPPATH\Controllers\Admin.php(1588): view('admin/member_list', [...])
 6 SYSTEMPATH\CodeIgniter.php(933): App\Controllers\Admin->member()
 7 SYSTEMPATH\CodeIgniter.php(507): CodeIgniter\CodeIgniter->runController(Object(App\Controllers\Admin))
 8 SYSTEMPATH\CodeIgniter.php(354): CodeIgniter\CodeIgniter->handleRequest(null, Object(Config\Cache), false)
 9 SYSTEMPATH\Boot.php(363): CodeIgniter\CodeIgniter->run()
10 SYSTEMPATH\Boot.php(68): CodeIgniter\Boot::runCodeIgniter(Object(CodeIgniter\CodeIgniter))
11 FCPATH\index.php(59): CodeIgniter\Boot::bootWeb(Object(Config\Paths))
DEBUG - 2026-05-21 03:11:10 --> Session: Class initialized using 'CodeIgniter\Session\Handlers\FileHandler' driver.
DEBUG - 2026-05-21 03:11:12 --> Session: Class initialized using 'CodeIgniter\Session\Handlers\FileHandler' driver.
DEBUG - 2026-05-21 03:11:17 --> Session: Class initialized using 'CodeIgniter\Session\Handlers\FileHandler' driver.
DEBUG - 2026-05-21 03:11:23 --> Session: Class initialized using 'CodeIgniter\Session\Handlers\FileHandler' driver.
DEBUG - 2026-05-21 03:11:26 --> Session: Class initialized using 'CodeIgniter\Session\Handlers\FileHandler' driver.
DEBUG - 2026-05-21 03:11:36 --> Session: Class initialized using 'CodeIgniter\Session\Handlers\FileHandler' driver.
DEBUG - 2026-05-21 03:11:39 --> Session: Class initialized using 'CodeIgniter\Session\Handlers\FileHandler' driver.
DEBUG - 2026-05-21 03:12:05 --> Session: Class initialized using 'CodeIgniter\Session\Handlers\FileHandler' driver.
DEBUG - 2026-05-21 03:12:07 --> Session: Class initialized using 'CodeIgniter\Session\Handlers\FileHandler' driver.
DEBUG - 2026-05-21 03:12:09 --> Session: Class initialized using 'CodeIgniter\Session\Handlers\FileHandler' driver.
DEBUG - 2026-05-21 03:21:20 --> Session: Class initialized using 'CodeIgniter\Session\Handlers\FileHandler' driver.
DEBUG - 2026-05-21 03:21:22 --> Session: Class initialized using 'CodeIgniter\Session\Handlers\FileHandler' driver.
CRITICAL - 2026-05-21 10:21:22 --> ErrorException: Undefined variable $cek_opname
[Method: GET, Route: admin/stokopname]
in APPPATH\Views\admin\stok_opname_view.php on line 21.
 1 APPPATH\Views\admin\stok_opname_view.php(21): CodeIgniter\Debug\Exceptions->errorHandler(2, 'Undefined variable $cek_opname', 'C:\\xampp\\htdocs\\kasirpos\\app\\Views\\admin\\stok_opname_view.php', 21)
 2 SYSTEMPATH\View\View.php(226): include('C:\\xampp\\htdocs\\kasirpos\\app\\Views\\admin\\stok_opname_view.php')
 3 SYSTEMPATH\View\View.php(229): CodeIgniter\View\View->CodeIgniter\View\{closure}()
 4 SYSTEMPATH\Common.php(1167): CodeIgniter\View\View->render('admin/stok_opname_view', [], true)
 5 APPPATH\Controllers\Admin.php(939): view('admin/stok_opname_view', [...])
 6 SYSTEMPATH\CodeIgniter.php(933): App\Controllers\Admin->stokopname()
 7 SYSTEMPATH\CodeIgniter.php(507): CodeIgniter\CodeIgniter->runController(Object(App\Controllers\Admin))
 8 SYSTEMPATH\CodeIgniter.php(354): CodeIgniter\CodeIgniter->handleRequest(null, Object(Config\Cache), false)
 9 SYSTEMPATH\Boot.php(363): CodeIgniter\CodeIgniter->run()
10 SYSTEMPATH\Boot.php(68): CodeIgniter\Boot::runCodeIgniter(Object(CodeIgniter\CodeIgniter))
11 FCPATH\index.php(59): CodeIgniter\Boot::bootWeb(Object(Config\Paths))
DEBUG - 2026-05-21 03:22:13 --> Session: Class initialized using 'CodeIgniter\Session\Handlers\FileHandler' driver.
DEBUG - 2026-05-21 03:22:48 --> Session: Class initialized using 'CodeIgniter\Session\Handlers\FileHandler' driver.
CRITICAL - 2026-05-21 10:22:48 --> ErrorException: Undefined property: App\Controllers\Admin::$StokModel
[Method: GET, Route: admin/stokopname]
in APPPATH\Controllers\Admin.php on line 940.
 1 APPPATH\Controllers\Admin.php(940): CodeIgniter\Debug\Exceptions->errorHandler(2, 'Undefined property: App\\Controllers\\Admin::$StokModel', 'C:\\xampp\\htdocs\\kasirpos\\app\\Controllers\\Admin.php', 940)
 2 SYSTEMPATH\CodeIgniter.php(933): App\Controllers\Admin->stokopname()
 3 SYSTEMPATH\CodeIgniter.php(507): CodeIgniter\CodeIgniter->runController(Object(App\Controllers\Admin))
 4 SYSTEMPATH\CodeIgniter.php(354): CodeIgniter\CodeIgniter->handleRequest(null, Object(Config\Cache), false)
 5 SYSTEMPATH\Boot.php(363): CodeIgniter\CodeIgniter->run()
 6 SYSTEMPATH\Boot.php(68): CodeIgniter\Boot::runCodeIgniter(Object(CodeIgniter\CodeIgniter))
 7 FCPATH\index.php(59): CodeIgniter\Boot::bootWeb(Object(Config\Paths))
DEBUG - 2026-05-21 03:23:32 --> Session: Class initialized using 'CodeIgniter\Session\Handlers\FileHandler' driver.
DEBUG - 2026-05-21 03:23:32 --> Session: Class initialized using 'CodeIgniter\Session\Handlers\FileHandler' driver.
DEBUG - 2026-05-21 03:23:33 --> Session: Class initialized using 'CodeIgniter\Session\Handlers\FileHandler' driver.
DEBUG - 2026-05-21 03:24:42 --> Session: Class initialized using 'CodeIgniter\Session\Handlers\FileHandler' driver.
WARNING - 2026-05-21 03:24:42 --> [DEPRECATED] Creation of dynamic property App\Controllers\Admin::$StokModel is deprecated in APPPATH\Controllers\Admin.php on line 17.
 1 SYSTEMPATH\CodeIgniter.php(903): App\Controllers\Admin->__construct()
 2 SYSTEMPATH\CodeIgniter.php(498): CodeIgniter\CodeIgniter->createController()
 3 SYSTEMPATH\CodeIgniter.php(354): CodeIgniter\CodeIgniter->handleRequest(null, Object(Config\Cache), false)
 4 SYSTEMPATH\Boot.php(363): CodeIgniter\CodeIgniter->run()
 5 SYSTEMPATH\Boot.php(68): CodeIgniter\Boot::runCodeIgniter(Object(CodeIgniter\CodeIgniter))
 6 FCPATH\index.php(59): CodeIgniter\Boot::bootWeb(Object(Config\Paths))
DEBUG - 2026-05-21 03:24:42 --> Session: Class initialized using 'CodeIgniter\Session\Handlers\FileHandler' driver.
WARNING - 2026-05-21 03:24:42 --> [DEPRECATED] Creation of dynamic property App\Controllers\Admin::$StokModel is deprecated in APPPATH\Controllers\Admin.php on line 17.
 1 SYSTEMPATH\CodeIgniter.php(903): App\Controllers\Admin->__construct()
 2 SYSTEMPATH\CodeIgniter.php(498): CodeIgniter\CodeIgniter->createController()
 3 SYSTEMPATH\CodeIgniter.php(354): CodeIgniter\CodeIgniter->handleRequest(null, Object(Config\Cache), false)
 4 SYSTEMPATH\Boot.php(363): CodeIgniter\CodeIgniter->run()
 5 SYSTEMPATH\Boot.php(68): CodeIgniter\Boot::runCodeIgniter(Object(CodeIgniter\CodeIgniter))
 6 FCPATH\index.php(59): CodeIgniter\Boot::bootWeb(Object(Config\Paths))
DEBUG - 2026-05-21 03:24:43 --> Session: Class initialized using 'CodeIgniter\Session\Handlers\FileHandler' driver.
WARNING - 2026-05-21 03:24:43 --> [DEPRECATED] Creation of dynamic property App\Controllers\Admin::$StokModel is deprecated in APPPATH\Controllers\Admin.php on line 17.
 1 SYSTEMPATH\CodeIgniter.php(903): App\Controllers\Admin->__construct()
 2 SYSTEMPATH\CodeIgniter.php(498): CodeIgniter\CodeIgniter->createController()
 3 SYSTEMPATH\CodeIgniter.php(354): CodeIgniter\CodeIgniter->handleRequest(null, Object(Config\Cache), false)
 4 SYSTEMPATH\Boot.php(363): CodeIgniter\CodeIgniter->run()
 5 SYSTEMPATH\Boot.php(68): CodeIgniter\Boot::runCodeIgniter(Object(CodeIgniter\CodeIgniter))
 6 FCPATH\index.php(59): CodeIgniter\Boot::bootWeb(Object(Config\Paths))
DEBUG - 2026-05-21 03:25:01 --> Session: Class initialized using 'CodeIgniter\Session\Handlers\FileHandler' driver.
WARNING - 2026-05-21 03:25:01 --> [DEPRECATED] Creation of dynamic property App\Controllers\Admin::$StokModel is deprecated in APPPATH\Controllers\Admin.php on line 17.
 1 SYSTEMPATH\CodeIgniter.php(903): App\Controllers\Admin->__construct()
 2 SYSTEMPATH\CodeIgniter.php(498): CodeIgniter\CodeIgniter->createController()
 3 SYSTEMPATH\CodeIgniter.php(354): CodeIgniter\CodeIgniter->handleRequest(null, Object(Config\Cache), false)
 4 SYSTEMPATH\Boot.php(363): CodeIgniter\CodeIgniter->run()
 5 SYSTEMPATH\Boot.php(68): CodeIgniter\Boot::runCodeIgniter(Object(CodeIgniter\CodeIgniter))
 6 FCPATH\index.php(59): CodeIgniter\Boot::bootWeb(Object(Config\Paths))
DEBUG - 2026-05-21 03:25:03 --> Session: Class initialized using 'CodeIgniter\Session\Handlers\FileHandler' driver.
WARNING - 2026-05-21 03:25:03 --> [DEPRECATED] Creation of dynamic property App\Controllers\Admin::$StokModel is deprecated in APPPATH\Controllers\Admin.php on line 17.
 1 SYSTEMPATH\CodeIgniter.php(903): App\Controllers\Admin->__construct()
 2 SYSTEMPATH\CodeIgniter.php(498): CodeIgniter\CodeIgniter->createController()
 3 SYSTEMPATH\CodeIgniter.php(354): CodeIgniter\CodeIgniter->handleRequest(null, Object(Config\Cache), false)
 4 SYSTEMPATH\Boot.php(363): CodeIgniter\CodeIgniter->run()
 5 SYSTEMPATH\Boot.php(68): CodeIgniter\Boot::runCodeIgniter(Object(CodeIgniter\CodeIgniter))
 6 FCPATH\index.php(59): CodeIgniter\Boot::bootWeb(Object(Config\Paths))
DEBUG - 2026-05-21 03:25:26 --> Session: Class initialized using 'CodeIgniter\Session\Handlers\FileHandler' driver.
WARNING - 2026-05-21 10:25:27 --> [DEPRECATED] Creation of dynamic property App\Controllers\Admin::$StokModel is deprecated in APPPATH\Controllers\Admin.php on line 938.
 1 SYSTEMPATH\CodeIgniter.php(933): App\Controllers\Admin->stokopname()
 2 SYSTEMPATH\CodeIgniter.php(507): CodeIgniter\CodeIgniter->runController(Object(App\Controllers\Admin))
 3 SYSTEMPATH\CodeIgniter.php(354): CodeIgniter\CodeIgniter->handleRequest(null, Object(Config\Cache), false)
 4 SYSTEMPATH\Boot.php(363): CodeIgniter\CodeIgniter->run()
 5 SYSTEMPATH\Boot.php(68): CodeIgniter\Boot::runCodeIgniter(Object(CodeIgniter\CodeIgniter))
 6 FCPATH\index.php(59): CodeIgniter\Boot::bootWeb(Object(Config\Paths))
CRITICAL - 2026-05-21 10:25:27 --> ErrorException: Undefined variable $produk
[Method: GET, Route: admin/stokopname]
in APPPATH\Views\admin\stok_opname_view.php on line 56.
 1 APPPATH\Views\admin\stok_opname_view.php(56): CodeIgniter\Debug\Exceptions->errorHandler(2, 'Undefined variable $produk', 'C:\\xampp\\htdocs\\kasirpos\\app\\Views\\admin\\stok_opname_view.php', 56)
 2 SYSTEMPATH\View\View.php(226): include('C:\\xampp\\htdocs\\kasirpos\\app\\Views\\admin\\stok_opname_view.php')
 3 SYSTEMPATH\View\View.php(229): CodeIgniter\View\View->CodeIgniter\View\{closure}()
 4 SYSTEMPATH\Common.php(1167): CodeIgniter\View\View->render('admin/stok_opname_view', [], true)
 5 APPPATH\Controllers\Admin.php(948): view('admin/stok_opname_view', [...])
 6 SYSTEMPATH\CodeIgniter.php(933): App\Controllers\Admin->stokopname()
 7 SYSTEMPATH\CodeIgniter.php(507): CodeIgniter\CodeIgniter->runController(Object(App\Controllers\Admin))
 8 SYSTEMPATH\CodeIgniter.php(354): CodeIgniter\CodeIgniter->handleRequest(null, Object(Config\Cache), false)
 9 SYSTEMPATH\Boot.php(363): CodeIgniter\CodeIgniter->run()
10 SYSTEMPATH\Boot.php(68): CodeIgniter\Boot::runCodeIgniter(Object(CodeIgniter\CodeIgniter))
11 FCPATH\index.php(59): CodeIgniter\Boot::bootWeb(Object(Config\Paths))
DEBUG - 2026-05-21 03:25:52 --> Session: Class initialized using 'CodeIgniter\Session\Handlers\FileHandler' driver.
WARNING - 2026-05-21 10:25:52 --> [DEPRECATED] Creation of dynamic property App\Controllers\Admin::$StokModel is deprecated in APPPATH\Controllers\Admin.php on line 938.
 1 SYSTEMPATH\CodeIgniter.php(933): App\Controllers\Admin->stokopname()
 2 SYSTEMPATH\CodeIgniter.php(507): CodeIgniter\CodeIgniter->runController(Object(App\Controllers\Admin))
 3 SYSTEMPATH\CodeIgniter.php(354): CodeIgniter\CodeIgniter->handleRequest(null, Object(Config\Cache), false)
 4 SYSTEMPATH\Boot.php(363): CodeIgniter\CodeIgniter->run()
 5 SYSTEMPATH\Boot.php(68): CodeIgniter\Boot::runCodeIgniter(Object(CodeIgniter\CodeIgniter))
 6 FCPATH\index.php(59): CodeIgniter\Boot::bootWeb(Object(Config\Paths))
WARNING - 2026-05-21 10:25:52 --> [DEPRECATED] Creation of dynamic property App\Controllers\Admin::$ProdukModel is deprecated in APPPATH\Controllers\Admin.php on line 939.
 1 SYSTEMPATH\CodeIgniter.php(933): App\Controllers\Admin->stokopname()
 2 SYSTEMPATH\CodeIgniter.php(507): CodeIgniter\CodeIgniter->runController(Object(App\Controllers\Admin))
 3 SYSTEMPATH\CodeIgniter.php(354): CodeIgniter\CodeIgniter->handleRequest(null, Object(Config\Cache), false)
 4 SYSTEMPATH\Boot.php(363): CodeIgniter\CodeIgniter->run()
 5 SYSTEMPATH\Boot.php(68): CodeIgniter\Boot::runCodeIgniter(Object(CodeIgniter\CodeIgniter))
 6 FCPATH\index.php(59): CodeIgniter\Boot::bootWeb(Object(Config\Paths))
DEBUG - 2026-05-21 03:26:15 --> Session: Class initialized using 'CodeIgniter\Session\Handlers\FileHandler' driver.
WARNING - 2026-05-21 10:26:15 --> [DEPRECATED] Creation of dynamic property App\Controllers\Admin::$StokModel is deprecated in APPPATH\Controllers\Admin.php on line 938.
 1 SYSTEMPATH\CodeIgniter.php(933): App\Controllers\Admin->stokopname()
 2 SYSTEMPATH\CodeIgniter.php(507): CodeIgniter\CodeIgniter->runController(Object(App\Controllers\Admin))
 3 SYSTEMPATH\CodeIgniter.php(354): CodeIgniter\CodeIgniter->handleRequest(null, Object(Config\Cache), false)
 4 SYSTEMPATH\Boot.php(363): CodeIgniter\CodeIgniter->run()
 5 SYSTEMPATH\Boot.php(68): CodeIgniter\Boot::runCodeIgniter(Object(CodeIgniter\CodeIgniter))
 6 FCPATH\index.php(59): CodeIgniter\Boot::bootWeb(Object(Config\Paths))
WARNING - 2026-05-21 10:26:15 --> [DEPRECATED] Creation of dynamic property App\Controllers\Admin::$ProdukModel is deprecated in APPPATH\Controllers\Admin.php on line 939.
 1 SYSTEMPATH\CodeIgniter.php(933): App\Controllers\Admin->stokopname()
 2 SYSTEMPATH\CodeIgniter.php(507): CodeIgniter\CodeIgniter->runController(Object(App\Controllers\Admin))
 3 SYSTEMPATH\CodeIgniter.php(354): CodeIgniter\CodeIgniter->handleRequest(null, Object(Config\Cache), false)
 4 SYSTEMPATH\Boot.php(363): CodeIgniter\CodeIgniter->run()
 5 SYSTEMPATH\Boot.php(68): CodeIgniter\Boot::runCodeIgniter(Object(CodeIgniter\CodeIgniter))
 6 FCPATH\index.php(59): CodeIgniter\Boot::bootWeb(Object(Config\Paths))
DEBUG - 2026-05-21 03:26:16 --> Session: Class initialized using 'CodeIgniter\Session\Handlers\FileHandler' driver.
DEBUG - 2026-05-21 03:26:50 --> Session: Class initialized using 'CodeIgniter\Session\Handlers\FileHandler' driver.
DEBUG - 2026-05-21 03:26:50 --> Session: Class initialized using 'CodeIgniter\Session\Handlers\FileHandler' driver.
WARNING - 2026-05-21 10:26:50 --> [DEPRECATED] Creation of dynamic property App\Controllers\Admin::$StokModel is deprecated in APPPATH\Controllers\Admin.php on line 938.
 1 SYSTEMPATH\CodeIgniter.php(933): App\Controllers\Admin->stokopname()
 2 SYSTEMPATH\CodeIgniter.php(507): CodeIgniter\CodeIgniter->runController(Object(App\Controllers\Admin))
 3 SYSTEMPATH\CodeIgniter.php(354): CodeIgniter\CodeIgniter->handleRequest(null, Object(Config\Cache), false)
 4 SYSTEMPATH\Boot.php(363): CodeIgniter\CodeIgniter->run()
 5 SYSTEMPATH\Boot.php(68): CodeIgniter\Boot::runCodeIgniter(Object(CodeIgniter\CodeIgniter))
 6 FCPATH\index.php(59): CodeIgniter\Boot::bootWeb(Object(Config\Paths))
WARNING - 2026-05-21 10:26:50 --> [DEPRECATED] Creation of dynamic property App\Controllers\Admin::$ProdukModel is deprecated in APPPATH\Controllers\Admin.php on line 939.
 1 SYSTEMPATH\CodeIgniter.php(933): App\Controllers\Admin->stokopname()
 2 SYSTEMPATH\CodeIgniter.php(507): CodeIgniter\CodeIgniter->runController(Object(App\Controllers\Admin))
 3 SYSTEMPATH\CodeIgniter.php(354): CodeIgniter\CodeIgniter->handleRequest(null, Object(Config\Cache), false)
 4 SYSTEMPATH\Boot.php(363): CodeIgniter\CodeIgniter->run()
 5 SYSTEMPATH\Boot.php(68): CodeIgniter\Boot::runCodeIgniter(Object(CodeIgniter\CodeIgniter))
 6 FCPATH\index.php(59): CodeIgniter\Boot::bootWeb(Object(Config\Paths))
DEBUG - 2026-05-21 10:26:57 --> Session: Class initialized using 'CodeIgniter\Session\Handlers\FileHandler' driver.
DEBUG - 2026-05-21 10:27:02 --> Session: Class initialized using 'CodeIgniter\Session\Handlers\FileHandler' driver.
DEBUG - 2026-05-21 03:27:04 --> Session: Class initialized using 'CodeIgniter\Session\Handlers\FileHandler' driver.
DEBUG - 2026-05-21 10:27:05 --> Session: Class initialized using 'CodeIgniter\Session\Handlers\FileHandler' driver.
DEBUG - 2026-05-21 10:27:05 --> Session: Class initialized using 'CodeIgniter\Session\Handlers\FileHandler' driver.
DEBUG - 2026-05-21 10:27:08 --> Session: Class initialized using 'CodeIgniter\Session\Handlers\FileHandler' driver.
DEBUG - 2026-05-21 10:27:08 --> Session: Class initialized using 'CodeIgniter\Session\Handlers\FileHandler' driver.
DEBUG - 2026-05-21 03:27:17 --> Session: Class initialized using 'CodeIgniter\Session\Handlers\FileHandler' driver.
DEBUG - 2026-05-21 03:27:17 --> Session: Class initialized using 'CodeIgniter\Session\Handlers\FileHandler' driver.
WARNING - 2026-05-21 10:27:17 --> [DEPRECATED] Creation of dynamic property App\Controllers\Admin::$StokModel is deprecated in APPPATH\Controllers\Admin.php on line 938.
 1 SYSTEMPATH\CodeIgniter.php(933): App\Controllers\Admin->stokopname()
 2 SYSTEMPATH\CodeIgniter.php(507): CodeIgniter\CodeIgniter->runController(Object(App\Controllers\Admin))
 3 SYSTEMPATH\CodeIgniter.php(354): CodeIgniter\CodeIgniter->handleRequest(null, Object(Config\Cache), false)
 4 SYSTEMPATH\Boot.php(363): CodeIgniter\CodeIgniter->run()
 5 SYSTEMPATH\Boot.php(68): CodeIgniter\Boot::runCodeIgniter(Object(CodeIgniter\CodeIgniter))
 6 FCPATH\index.php(59): CodeIgniter\Boot::bootWeb(Object(Config\Paths))
WARNING - 2026-05-21 10:27:17 --> [DEPRECATED] Creation of dynamic property App\Controllers\Admin::$ProdukModel is deprecated in APPPATH\Controllers\Admin.php on line 939.
 1 SYSTEMPATH\CodeIgniter.php(933): App\Controllers\Admin->stokopname()
 2 SYSTEMPATH\CodeIgniter.php(507): CodeIgniter\CodeIgniter->runController(Object(App\Controllers\Admin))
 3 SYSTEMPATH\CodeIgniter.php(354): CodeIgniter\CodeIgniter->handleRequest(null, Object(Config\Cache), false)
 4 SYSTEMPATH\Boot.php(363): CodeIgniter\CodeIgniter->run()
 5 SYSTEMPATH\Boot.php(68): CodeIgniter\Boot::runCodeIgniter(Object(CodeIgniter\CodeIgniter))
 6 FCPATH\index.php(59): CodeIgniter\Boot::bootWeb(Object(Config\Paths))
DEBUG - 2026-05-21 10:27:18 --> Session: Class initialized using 'CodeIgniter\Session\Handlers\FileHandler' driver.
DEBUG - 2026-05-21 03:27:20 --> Session: Class initialized using 'CodeIgniter\Session\Handlers\FileHandler' driver.
DEBUG - 2026-05-21 03:27:20 --> Session: Class initialized using 'CodeIgniter\Session\Handlers\FileHandler' driver.
WARNING - 2026-05-21 10:27:20 --> [DEPRECATED] Creation of dynamic property App\Controllers\Admin::$StokModel is deprecated in APPPATH\Controllers\Admin.php on line 938.
 1 SYSTEMPATH\CodeIgniter.php(933): App\Controllers\Admin->stokopname()
 2 SYSTEMPATH\CodeIgniter.php(507): CodeIgniter\CodeIgniter->runController(Object(App\Controllers\Admin))
 3 SYSTEMPATH\CodeIgniter.php(354): CodeIgniter\CodeIgniter->handleRequest(null, Object(Config\Cache), false)
 4 SYSTEMPATH\Boot.php(363): CodeIgniter\CodeIgniter->run()
 5 SYSTEMPATH\Boot.php(68): CodeIgniter\Boot::runCodeIgniter(Object(CodeIgniter\CodeIgniter))
 6 FCPATH\index.php(59): CodeIgniter\Boot::bootWeb(Object(Config\Paths))
WARNING - 2026-05-21 10:27:20 --> [DEPRECATED] Creation of dynamic property App\Controllers\Admin::$ProdukModel is deprecated in APPPATH\Controllers\Admin.php on line 939.
 1 SYSTEMPATH\CodeIgniter.php(933): App\Controllers\Admin->stokopname()
 2 SYSTEMPATH\CodeIgniter.php(507): CodeIgniter\CodeIgniter->runController(Object(App\Controllers\Admin))
 3 SYSTEMPATH\CodeIgniter.php(354): CodeIgniter\CodeIgniter->handleRequest(null, Object(Config\Cache), false)
 4 SYSTEMPATH\Boot.php(363): CodeIgniter\CodeIgniter->run()
 5 SYSTEMPATH\Boot.php(68): CodeIgniter\Boot::runCodeIgniter(Object(CodeIgniter\CodeIgniter))
 6 FCPATH\index.php(59): CodeIgniter\Boot::bootWeb(Object(Config\Paths))
DEBUG - 2026-05-21 10:27:22 --> Session: Class initialized using 'CodeIgniter\Session\Handlers\FileHandler' driver.
DEBUG - 2026-05-21 03:27:24 --> Session: Class initialized using 'CodeIgniter\Session\Handlers\FileHandler' driver.
DEBUG - 2026-05-21 03:27:24 --> Session: Class initialized using 'CodeIgniter\Session\Handlers\FileHandler' driver.
WARNING - 2026-05-21 10:27:24 --> [DEPRECATED] Creation of dynamic property App\Controllers\Admin::$StokModel is deprecated in APPPATH\Controllers\Admin.php on line 938.
 1 SYSTEMPATH\CodeIgniter.php(933): App\Controllers\Admin->stokopname()
 2 SYSTEMPATH\CodeIgniter.php(507): CodeIgniter\CodeIgniter->runController(Object(App\Controllers\Admin))
 3 SYSTEMPATH\CodeIgniter.php(354): CodeIgniter\CodeIgniter->handleRequest(null, Object(Config\Cache), false)
 4 SYSTEMPATH\Boot.php(363): CodeIgniter\CodeIgniter->run()
 5 SYSTEMPATH\Boot.php(68): CodeIgniter\Boot::runCodeIgniter(Object(CodeIgniter\CodeIgniter))
 6 FCPATH\index.php(59): CodeIgniter\Boot::bootWeb(Object(Config\Paths))
WARNING - 2026-05-21 10:27:24 --> [DEPRECATED] Creation of dynamic property App\Controllers\Admin::$ProdukModel is deprecated in APPPATH\Controllers\Admin.php on line 939.
 1 SYSTEMPATH\CodeIgniter.php(933): App\Controllers\Admin->stokopname()
 2 SYSTEMPATH\CodeIgniter.php(507): CodeIgniter\CodeIgniter->runController(Object(App\Controllers\Admin))
 3 SYSTEMPATH\CodeIgniter.php(354): CodeIgniter\CodeIgniter->handleRequest(null, Object(Config\Cache), false)
 4 SYSTEMPATH\Boot.php(363): CodeIgniter\CodeIgniter->run()
 5 SYSTEMPATH\Boot.php(68): CodeIgniter\Boot::runCodeIgniter(Object(CodeIgniter\CodeIgniter))
 6 FCPATH\index.php(59): CodeIgniter\Boot::bootWeb(Object(Config\Paths))
DEBUG - 2026-05-21 03:27:25 --> Session: Class initialized using 'CodeIgniter\Session\Handlers\FileHandler' driver.
WARNING - 2026-05-21 10:27:25 --> [DEPRECATED] Creation of dynamic property App\Controllers\Admin::$StokModel is deprecated in APPPATH\Controllers\Admin.php on line 938.
 1 SYSTEMPATH\CodeIgniter.php(933): App\Controllers\Admin->stokopname()
 2 SYSTEMPATH\CodeIgniter.php(507): CodeIgniter\CodeIgniter->runController(Object(App\Controllers\Admin))
 3 SYSTEMPATH\CodeIgniter.php(354): CodeIgniter\CodeIgniter->handleRequest(null, Object(Config\Cache), false)
 4 SYSTEMPATH\Boot.php(363): CodeIgniter\CodeIgniter->run()
 5 SYSTEMPATH\Boot.php(68): CodeIgniter\Boot::runCodeIgniter(Object(CodeIgniter\CodeIgniter))
 6 FCPATH\index.php(59): CodeIgniter\Boot::bootWeb(Object(Config\Paths))
WARNING - 2026-05-21 10:27:25 --> [DEPRECATED] Creation of dynamic property App\Controllers\Admin::$ProdukModel is deprecated in APPPATH\Controllers\Admin.php on line 939.
 1 SYSTEMPATH\CodeIgniter.php(933): App\Controllers\Admin->stokopname()
 2 SYSTEMPATH\CodeIgniter.php(507): CodeIgniter\CodeIgniter->runController(Object(App\Controllers\Admin))
 3 SYSTEMPATH\CodeIgniter.php(354): CodeIgniter\CodeIgniter->handleRequest(null, Object(Config\Cache), false)
 4 SYSTEMPATH\Boot.php(363): CodeIgniter\CodeIgniter->run()
 5 SYSTEMPATH\Boot.php(68): CodeIgniter\Boot::runCodeIgniter(Object(CodeIgniter\CodeIgniter))
 6 FCPATH\index.php(59): CodeIgniter\Boot::bootWeb(Object(Config\Paths))
DEBUG - 2026-05-21 10:27:27 --> Session: Class initialized using 'CodeIgniter\Session\Handlers\FileHandler' driver.
DEBUG - 2026-05-21 03:28:59 --> Session: Class initialized using 'CodeIgniter\Session\Handlers\FileHandler' driver.
WARNING - 2026-05-21 10:28:59 --> [DEPRECATED] Creation of dynamic property App\Controllers\Admin::$StokModel is deprecated in APPPATH\Controllers\Admin.php on line 938.
 1 SYSTEMPATH\CodeIgniter.php(933): App\Controllers\Admin->stokopname()
 2 SYSTEMPATH\CodeIgniter.php(507): CodeIgniter\CodeIgniter->runController(Object(App\Controllers\Admin))
 3 SYSTEMPATH\CodeIgniter.php(354): CodeIgniter\CodeIgniter->handleRequest(null, Object(Config\Cache), false)
 4 SYSTEMPATH\Boot.php(363): CodeIgniter\CodeIgniter->run()
 5 SYSTEMPATH\Boot.php(68): CodeIgniter\Boot::runCodeIgniter(Object(CodeIgniter\CodeIgniter))
 6 FCPATH\index.php(59): CodeIgniter\Boot::bootWeb(Object(Config\Paths))
WARNING - 2026-05-21 10:28:59 --> [DEPRECATED] Creation of dynamic property App\Controllers\Admin::$ProdukModel is deprecated in APPPATH\Controllers\Admin.php on line 939.
 1 SYSTEMPATH\CodeIgniter.php(933): App\Controllers\Admin->stokopname()
 2 SYSTEMPATH\CodeIgniter.php(507): CodeIgniter\CodeIgniter->runController(Object(App\Controllers\Admin))
 3 SYSTEMPATH\CodeIgniter.php(354): CodeIgniter\CodeIgniter->handleRequest(null, Object(Config\Cache), false)
 4 SYSTEMPATH\Boot.php(363): CodeIgniter\CodeIgniter->run()
 5 SYSTEMPATH\Boot.php(68): CodeIgniter\Boot::runCodeIgniter(Object(CodeIgniter\CodeIgniter))
 6 FCPATH\index.php(59): CodeIgniter\Boot::bootWeb(Object(Config\Paths))
DEBUG - 2026-05-21 03:29:08 --> Session: Class initialized using 'CodeIgniter\Session\Handlers\FileHandler' driver.
DEBUG - 2026-05-21 03:29:08 --> Session: Class initialized using 'CodeIgniter\Session\Handlers\FileHandler' driver.
WARNING - 2026-05-21 10:29:08 --> [DEPRECATED] Creation of dynamic property App\Controllers\Admin::$StokModel is deprecated in APPPATH\Controllers\Admin.php on line 938.
 1 SYSTEMPATH\CodeIgniter.php(933): App\Controllers\Admin->stokopname()
 2 SYSTEMPATH\CodeIgniter.php(507): CodeIgniter\CodeIgniter->runController(Object(App\Controllers\Admin))
 3 SYSTEMPATH\CodeIgniter.php(354): CodeIgniter\CodeIgniter->handleRequest(null, Object(Config\Cache), false)
 4 SYSTEMPATH\Boot.php(363): CodeIgniter\CodeIgniter->run()
 5 SYSTEMPATH\Boot.php(68): CodeIgniter\Boot::runCodeIgniter(Object(CodeIgniter\CodeIgniter))
 6 FCPATH\index.php(59): CodeIgniter\Boot::bootWeb(Object(Config\Paths))
WARNING - 2026-05-21 10:29:08 --> [DEPRECATED] Creation of dynamic property App\Controllers\Admin::$ProdukModel is deprecated in APPPATH\Controllers\Admin.php on line 939.
 1 SYSTEMPATH\CodeIgniter.php(933): App\Controllers\Admin->stokopname()
 2 SYSTEMPATH\CodeIgniter.php(507): CodeIgniter\CodeIgniter->runController(Object(App\Controllers\Admin))
 3 SYSTEMPATH\CodeIgniter.php(354): CodeIgniter\CodeIgniter->handleRequest(null, Object(Config\Cache), false)
 4 SYSTEMPATH\Boot.php(363): CodeIgniter\CodeIgniter->run()
 5 SYSTEMPATH\Boot.php(68): CodeIgniter\Boot::runCodeIgniter(Object(CodeIgniter\CodeIgniter))
 6 FCPATH\index.php(59): CodeIgniter\Boot::bootWeb(Object(Config\Paths))
DEBUG - 2026-05-21 03:29:11 --> Session: Class initialized using 'CodeIgniter\Session\Handlers\FileHandler' driver.
DEBUG - 2026-05-21 03:29:11 --> Session: Class initialized using 'CodeIgniter\Session\Handlers\FileHandler' driver.
WARNING - 2026-05-21 10:29:11 --> [DEPRECATED] Creation of dynamic property App\Controllers\Admin::$StokModel is deprecated in APPPATH\Controllers\Admin.php on line 938.
 1 SYSTEMPATH\CodeIgniter.php(933): App\Controllers\Admin->stokopname()
 2 SYSTEMPATH\CodeIgniter.php(507): CodeIgniter\CodeIgniter->runController(Object(App\Controllers\Admin))
 3 SYSTEMPATH\CodeIgniter.php(354): CodeIgniter\CodeIgniter->handleRequest(null, Object(Config\Cache), false)
 4 SYSTEMPATH\Boot.php(363): CodeIgniter\CodeIgniter->run()
 5 SYSTEMPATH\Boot.php(68): CodeIgniter\Boot::runCodeIgniter(Object(CodeIgniter\CodeIgniter))
 6 FCPATH\index.php(59): CodeIgniter\Boot::bootWeb(Object(Config\Paths))
WARNING - 2026-05-21 10:29:11 --> [DEPRECATED] Creation of dynamic property App\Controllers\Admin::$ProdukModel is deprecated in APPPATH\Controllers\Admin.php on line 939.
 1 SYSTEMPATH\CodeIgniter.php(933): App\Controllers\Admin->stokopname()
 2 SYSTEMPATH\CodeIgniter.php(507): CodeIgniter\CodeIgniter->runController(Object(App\Controllers\Admin))
 3 SYSTEMPATH\CodeIgniter.php(354): CodeIgniter\CodeIgniter->handleRequest(null, Object(Config\Cache), false)
 4 SYSTEMPATH\Boot.php(363): CodeIgniter\CodeIgniter->run()
 5 SYSTEMPATH\Boot.php(68): CodeIgniter\Boot::runCodeIgniter(Object(CodeIgniter\CodeIgniter))
 6 FCPATH\index.php(59): CodeIgniter\Boot::bootWeb(Object(Config\Paths))
DEBUG - 2026-05-21 04:50:13 --> Session: Class initialized using 'CodeIgniter\Session\Handlers\FileHandler' driver.
WARNING - 2026-05-21 11:50:13 --> [DEPRECATED] Creation of dynamic property App\Controllers\Admin::$StokModel is deprecated in APPPATH\Controllers\Admin.php on line 938.
 1 SYSTEMPATH\CodeIgniter.php(933): App\Controllers\Admin->stokopname()
 2 SYSTEMPATH\CodeIgniter.php(507): CodeIgniter\CodeIgniter->runController(Object(App\Controllers\Admin))
 3 SYSTEMPATH\CodeIgniter.php(354): CodeIgniter\CodeIgniter->handleRequest(null, Object(Config\Cache), false)
 4 SYSTEMPATH\Boot.php(363): CodeIgniter\CodeIgniter->run()
 5 SYSTEMPATH\Boot.php(68): CodeIgniter\Boot::runCodeIgniter(Object(CodeIgniter\CodeIgniter))
 6 FCPATH\index.php(59): CodeIgniter\Boot::bootWeb(Object(Config\Paths))
WARNING - 2026-05-21 11:50:13 --> [DEPRECATED] Creation of dynamic property App\Controllers\Admin::$ProdukModel is deprecated in APPPATH\Controllers\Admin.php on line 939.
 1 SYSTEMPATH\CodeIgniter.php(933): App\Controllers\Admin->stokopname()
 2 SYSTEMPATH\CodeIgniter.php(507): CodeIgniter\CodeIgniter->runController(Object(App\Controllers\Admin))
 3 SYSTEMPATH\CodeIgniter.php(354): CodeIgniter\CodeIgniter->handleRequest(null, Object(Config\Cache), false)
 4 SYSTEMPATH\Boot.php(363): CodeIgniter\CodeIgniter->run()
 5 SYSTEMPATH\Boot.php(68): CodeIgniter\Boot::runCodeIgniter(Object(CodeIgniter\CodeIgniter))
 6 FCPATH\index.php(59): CodeIgniter\Boot::bootWeb(Object(Config\Paths))
DEBUG - 2026-05-21 04:50:17 --> Session: Class initialized using 'CodeIgniter\Session\Handlers\FileHandler' driver.
DEBUG - 2026-05-21 04:50:17 --> Session: Class initialized using 'CodeIgniter\Session\Handlers\FileHandler' driver.
WARNING - 2026-05-21 11:50:17 --> [DEPRECATED] Creation of dynamic property App\Controllers\Admin::$StokModel is deprecated in APPPATH\Controllers\Admin.php on line 938.
 1 SYSTEMPATH\CodeIgniter.php(933): App\Controllers\Admin->stokopname()
 2 SYSTEMPATH\CodeIgniter.php(507): CodeIgniter\CodeIgniter->runController(Object(App\Controllers\Admin))
 3 SYSTEMPATH\CodeIgniter.php(354): CodeIgniter\CodeIgniter->handleRequest(null, Object(Config\Cache), false)
 4 SYSTEMPATH\Boot.php(363): CodeIgniter\CodeIgniter->run()
 5 SYSTEMPATH\Boot.php(68): CodeIgniter\Boot::runCodeIgniter(Object(CodeIgniter\CodeIgniter))
 6 FCPATH\index.php(59): CodeIgniter\Boot::bootWeb(Object(Config\Paths))
WARNING - 2026-05-21 11:50:17 --> [DEPRECATED] Creation of dynamic property App\Controllers\Admin::$ProdukModel is deprecated in APPPATH\Controllers\Admin.php on line 939.
 1 SYSTEMPATH\CodeIgniter.php(933): App\Controllers\Admin->stokopname()
 2 SYSTEMPATH\CodeIgniter.php(507): CodeIgniter\CodeIgniter->runController(Object(App\Controllers\Admin))
 3 SYSTEMPATH\CodeIgniter.php(354): CodeIgniter\CodeIgniter->handleRequest(null, Object(Config\Cache), false)
 4 SYSTEMPATH\Boot.php(363): CodeIgniter\CodeIgniter->run()
 5 SYSTEMPATH\Boot.php(68): CodeIgniter\Boot::runCodeIgniter(Object(CodeIgniter\CodeIgniter))
 6 FCPATH\index.php(59): CodeIgniter\Boot::bootWeb(Object(Config\Paths))
DEBUG - 2026-05-21 04:50:21 --> Session: Class initialized using 'CodeIgniter\Session\Handlers\FileHandler' driver.
DEBUG - 2026-05-21 04:50:21 --> Session: Class initialized using 'CodeIgniter\Session\Handlers\FileHandler' driver.
WARNING - 2026-05-21 11:50:21 --> [DEPRECATED] Creation of dynamic property App\Controllers\Admin::$StokModel is deprecated in APPPATH\Controllers\Admin.php on line 938.
 1 SYSTEMPATH\CodeIgniter.php(933): App\Controllers\Admin->stokopname()
 2 SYSTEMPATH\CodeIgniter.php(507): CodeIgniter\CodeIgniter->runController(Object(App\Controllers\Admin))
 3 SYSTEMPATH\CodeIgniter.php(354): CodeIgniter\CodeIgniter->handleRequest(null, Object(Config\Cache), false)
 4 SYSTEMPATH\Boot.php(363): CodeIgniter\CodeIgniter->run()
 5 SYSTEMPATH\Boot.php(68): CodeIgniter\Boot::runCodeIgniter(Object(CodeIgniter\CodeIgniter))
 6 FCPATH\index.php(59): CodeIgniter\Boot::bootWeb(Object(Config\Paths))
WARNING - 2026-05-21 11:50:21 --> [DEPRECATED] Creation of dynamic property App\Controllers\Admin::$ProdukModel is deprecated in APPPATH\Controllers\Admin.php on line 939.
 1 SYSTEMPATH\CodeIgniter.php(933): App\Controllers\Admin->stokopname()
 2 SYSTEMPATH\CodeIgniter.php(507): CodeIgniter\CodeIgniter->runController(Object(App\Controllers\Admin))
 3 SYSTEMPATH\CodeIgniter.php(354): CodeIgniter\CodeIgniter->handleRequest(null, Object(Config\Cache), false)
 4 SYSTEMPATH\Boot.php(363): CodeIgniter\CodeIgniter->run()
 5 SYSTEMPATH\Boot.php(68): CodeIgniter\Boot::runCodeIgniter(Object(CodeIgniter\CodeIgniter))
 6 FCPATH\index.php(59): CodeIgniter\Boot::bootWeb(Object(Config\Paths))
DEBUG - 2026-05-21 04:50:24 --> Session: Class initialized using 'CodeIgniter\Session\Handlers\FileHandler' driver.
DEBUG - 2026-05-21 04:50:24 --> Session: Class initialized using 'CodeIgniter\Session\Handlers\FileHandler' driver.
WARNING - 2026-05-21 11:50:24 --> [DEPRECATED] Creation of dynamic property App\Controllers\Admin::$StokModel is deprecated in APPPATH\Controllers\Admin.php on line 938.
 1 SYSTEMPATH\CodeIgniter.php(933): App\Controllers\Admin->stokopname()
 2 SYSTEMPATH\CodeIgniter.php(507): CodeIgniter\CodeIgniter->runController(Object(App\Controllers\Admin))
 3 SYSTEMPATH\CodeIgniter.php(354): CodeIgniter\CodeIgniter->handleRequest(null, Object(Config\Cache), false)
 4 SYSTEMPATH\Boot.php(363): CodeIgniter\CodeIgniter->run()
 5 SYSTEMPATH\Boot.php(68): CodeIgniter\Boot::runCodeIgniter(Object(CodeIgniter\CodeIgniter))
 6 FCPATH\index.php(59): CodeIgniter\Boot::bootWeb(Object(Config\Paths))
WARNING - 2026-05-21 11:50:24 --> [DEPRECATED] Creation of dynamic property App\Controllers\Admin::$ProdukModel is deprecated in APPPATH\Controllers\Admin.php on line 939.
 1 SYSTEMPATH\CodeIgniter.php(933): App\Controllers\Admin->stokopname()
 2 SYSTEMPATH\CodeIgniter.php(507): CodeIgniter\CodeIgniter->runController(Object(App\Controllers\Admin))
 3 SYSTEMPATH\CodeIgniter.php(354): CodeIgniter\CodeIgniter->handleRequest(null, Object(Config\Cache), false)
 4 SYSTEMPATH\Boot.php(363): CodeIgniter\CodeIgniter->run()
 5 SYSTEMPATH\Boot.php(68): CodeIgniter\Boot::runCodeIgniter(Object(CodeIgniter\CodeIgniter))
 6 FCPATH\index.php(59): CodeIgniter\Boot::bootWeb(Object(Config\Paths))
DEBUG - 2026-05-21 11:50:28 --> Session: Class initialized using 'CodeIgniter\Session\Handlers\FileHandler' driver.
DEBUG - 2026-05-21 11:50:59 --> Session: Class initialized using 'CodeIgniter\Session\Handlers\FileHandler' driver.
DEBUG - 2026-05-21 04:51:03 --> Session: Class initialized using 'CodeIgniter\Session\Handlers\FileHandler' driver.
WARNING - 2026-05-21 11:51:03 --> [DEPRECATED] Creation of dynamic property App\Controllers\Admin::$StokModel is deprecated in APPPATH\Controllers\Admin.php on line 938.
 1 SYSTEMPATH\CodeIgniter.php(933): App\Controllers\Admin->stokopname()
 2 SYSTEMPATH\CodeIgniter.php(507): CodeIgniter\CodeIgniter->runController(Object(App\Controllers\Admin))
 3 SYSTEMPATH\CodeIgniter.php(354): CodeIgniter\CodeIgniter->handleRequest(null, Object(Config\Cache), false)
 4 SYSTEMPATH\Boot.php(363): CodeIgniter\CodeIgniter->run()
 5 SYSTEMPATH\Boot.php(68): CodeIgniter\Boot::runCodeIgniter(Object(CodeIgniter\CodeIgniter))
 6 FCPATH\index.php(59): CodeIgniter\Boot::bootWeb(Object(Config\Paths))
WARNING - 2026-05-21 11:51:03 --> [DEPRECATED] Creation of dynamic property App\Controllers\Admin::$ProdukModel is deprecated in APPPATH\Controllers\Admin.php on line 939.
 1 SYSTEMPATH\CodeIgniter.php(933): App\Controllers\Admin->stokopname()
 2 SYSTEMPATH\CodeIgniter.php(507): CodeIgniter\CodeIgniter->runController(Object(App\Controllers\Admin))
 3 SYSTEMPATH\CodeIgniter.php(354): CodeIgniter\CodeIgniter->handleRequest(null, Object(Config\Cache), false)
 4 SYSTEMPATH\Boot.php(363): CodeIgniter\CodeIgniter->run()
 5 SYSTEMPATH\Boot.php(68): CodeIgniter\Boot::runCodeIgniter(Object(CodeIgniter\CodeIgniter))
 6 FCPATH\index.php(59): CodeIgniter\Boot::bootWeb(Object(Config\Paths))
DEBUG - 2026-05-21 04:51:04 --> Session: Class initialized using 'CodeIgniter\Session\Handlers\FileHandler' driver.
DEBUG - 2026-05-21 04:51:04 --> Session: Class initialized using 'CodeIgniter\Session\Handlers\FileHandler' driver.
WARNING - 2026-05-21 11:51:04 --> [DEPRECATED] Creation of dynamic property App\Controllers\Admin::$StokModel is deprecated in APPPATH\Controllers\Admin.php on line 938.
 1 SYSTEMPATH\CodeIgniter.php(933): App\Controllers\Admin->stokopname()
 2 SYSTEMPATH\CodeIgniter.php(507): CodeIgniter\CodeIgniter->runController(Object(App\Controllers\Admin))
 3 SYSTEMPATH\CodeIgniter.php(354): CodeIgniter\CodeIgniter->handleRequest(null, Object(Config\Cache), false)
 4 SYSTEMPATH\Boot.php(363): CodeIgniter\CodeIgniter->run()
 5 SYSTEMPATH\Boot.php(68): CodeIgniter\Boot::runCodeIgniter(Object(CodeIgniter\CodeIgniter))
 6 FCPATH\index.php(59): CodeIgniter\Boot::bootWeb(Object(Config\Paths))
WARNING - 2026-05-21 11:51:04 --> [DEPRECATED] Creation of dynamic property App\Controllers\Admin::$ProdukModel is deprecated in APPPATH\Controllers\Admin.php on line 939.
 1 SYSTEMPATH\CodeIgniter.php(933): App\Controllers\Admin->stokopname()
 2 SYSTEMPATH\CodeIgniter.php(507): CodeIgniter\CodeIgniter->runController(Object(App\Controllers\Admin))
 3 SYSTEMPATH\CodeIgniter.php(354): CodeIgniter\CodeIgniter->handleRequest(null, Object(Config\Cache), false)
 4 SYSTEMPATH\Boot.php(363): CodeIgniter\CodeIgniter->run()
 5 SYSTEMPATH\Boot.php(68): CodeIgniter\Boot::runCodeIgniter(Object(CodeIgniter\CodeIgniter))
 6 FCPATH\index.php(59): CodeIgniter\Boot::bootWeb(Object(Config\Paths))
DEBUG - 2026-05-21 11:51:08 --> Session: Class initialized using 'CodeIgniter\Session\Handlers\FileHandler' driver.
DEBUG - 2026-05-21 04:51:11 --> Session: Class initialized using 'CodeIgniter\Session\Handlers\FileHandler' driver.
DEBUG - 2026-05-21 11:51:23 --> Session: Class initialized using 'CodeIgniter\Session\Handlers\FileHandler' driver.
DEBUG - 2026-05-21 04:51:26 --> Session: Class initialized using 'CodeIgniter\Session\Handlers\FileHandler' driver.
DEBUG - 2026-05-21 04:51:27 --> Session: Class initialized using 'CodeIgniter\Session\Handlers\FileHandler' driver.
DEBUG - 2026-05-21 11:51:28 --> Session: Class initialized using 'CodeIgniter\Session\Handlers\FileHandler' driver.
DEBUG - 2026-05-21 11:51:35 --> Session: Class initialized using 'CodeIgniter\Session\Handlers\FileHandler' driver.
DEBUG - 2026-05-21 11:51:35 --> Session: Class initialized using 'CodeIgniter\Session\Handlers\FileHandler' driver.
DEBUG - 2026-05-21 11:51:39 --> Session: Class initialized using 'CodeIgniter\Session\Handlers\FileHandler' driver.
DEBUG - 2026-05-21 11:51:39 --> Session: Class initialized using 'CodeIgniter\Session\Handlers\FileHandler' driver.
DEBUG - 2026-05-21 11:51:45 --> Session: Class initialized using 'CodeIgniter\Session\Handlers\FileHandler' driver.
DEBUG - 2026-05-21 11:51:45 --> Session: Class initialized using 'CodeIgniter\Session\Handlers\FileHandler' driver.
DEBUG - 2026-05-21 11:54:05 --> Session: Class initialized using 'CodeIgniter\Session\Handlers\FileHandler' driver.
DEBUG - 2026-05-21 11:54:07 --> Session: Class initialized using 'CodeIgniter\Session\Handlers\FileHandler' driver.
DEBUG - 2026-05-21 11:54:08 --> Session: Class initialized using 'CodeIgniter\Session\Handlers\FileHandler' driver.
DEBUG - 2026-05-21 11:54:12 --> Session: Class initialized using 'CodeIgniter\Session\Handlers\FileHandler' driver.
DEBUG - 2026-05-21 11:54:13 --> Session: Class initialized using 'CodeIgniter\Session\Handlers\FileHandler' driver.
DEBUG - 2026-05-21 11:54:23 --> Session: Class initialized using 'CodeIgniter\Session\Handlers\FileHandler' driver.
DEBUG - 2026-05-21 11:54:24 --> Session: Class initialized using 'CodeIgniter\Session\Handlers\FileHandler' driver.
DEBUG - 2026-05-21 11:54:28 --> Session: Class initialized using 'CodeIgniter\Session\Handlers\FileHandler' driver.
DEBUG - 2026-05-21 11:54:31 --> Session: Class initialized using 'CodeIgniter\Session\Handlers\FileHandler' driver.
DEBUG - 2026-05-21 11:54:31 --> Session: Class initialized using 'CodeIgniter\Session\Handlers\FileHandler' driver.
DEBUG - 2026-05-21 11:54:35 --> Session: Class initialized using 'CodeIgniter\Session\Handlers\FileHandler' driver.
DEBUG - 2026-05-21 11:54:35 --> Session: Class initialized using 'CodeIgniter\Session\Handlers\FileHandler' driver.
DEBUG - 2026-05-21 11:56:06 --> Session: Class initialized using 'CodeIgniter\Session\Handlers\FileHandler' driver.
DEBUG - 2026-05-21 11:56:07 --> Session: Class initialized using 'CodeIgniter\Session\Handlers\FileHandler' driver.
DEBUG - 2026-05-21 11:56:07 --> Session: Class initialized using 'CodeIgniter\Session\Handlers\FileHandler' driver.
DEBUG - 2026-05-21 11:56:13 --> Session: Class initialized using 'CodeIgniter\Session\Handlers\FileHandler' driver.
DEBUG - 2026-05-21 11:56:13 --> Session: Class initialized using 'CodeIgniter\Session\Handlers\FileHandler' driver.
DEBUG - 2026-05-21 11:57:02 --> Session: Class initialized using 'CodeIgniter\Session\Handlers\FileHandler' driver.
DEBUG - 2026-05-21 11:57:04 --> Session: Class initialized using 'CodeIgniter\Session\Handlers\FileHandler' driver.
DEBUG - 2026-05-21 11:57:04 --> Session: Class initialized using 'CodeIgniter\Session\Handlers\FileHandler' driver.
DEBUG - 2026-05-21 11:57:09 --> Session: Class initialized using 'CodeIgniter\Session\Handlers\FileHandler' driver.
DEBUG - 2026-05-21 11:57:09 --> Session: Class initialized using 'CodeIgniter\Session\Handlers\FileHandler' driver.
DEBUG - 2026-05-21 11:57:14 --> Session: Class initialized using 'CodeIgniter\Session\Handlers\FileHandler' driver.
DEBUG - 2026-05-21 11:57:16 --> Session: Class initialized using 'CodeIgniter\Session\Handlers\FileHandler' driver.
DEBUG - 2026-05-21 11:57:16 --> Session: Class initialized using 'CodeIgniter\Session\Handlers\FileHandler' driver.
DEBUG - 2026-05-21 11:57:56 --> Session: Class initialized using 'CodeIgniter\Session\Handlers\FileHandler' driver.
DEBUG - 2026-05-21 11:57:58 --> Session: Class initialized using 'CodeIgniter\Session\Handlers\FileHandler' driver.
DEBUG - 2026-05-21 11:57:58 --> Session: Class initialized using 'CodeIgniter\Session\Handlers\FileHandler' driver.
DEBUG - 2026-05-21 11:58:01 --> Session: Class initialized using 'CodeIgniter\Session\Handlers\FileHandler' driver.
DEBUG - 2026-05-21 11:58:01 --> Session: Class initialized using 'CodeIgniter\Session\Handlers\FileHandler' driver.
DEBUG - 2026-05-21 11:59:42 --> Session: Class initialized using 'CodeIgniter\Session\Handlers\FileHandler' driver.
DEBUG - 2026-05-21 11:59:44 --> Session: Class initialized using 'CodeIgniter\Session\Handlers\FileHandler' driver.
DEBUG - 2026-05-21 11:59:44 --> Session: Class initialized using 'CodeIgniter\Session\Handlers\FileHandler' driver.
DEBUG - 2026-05-21 11:59:50 --> Session: Class initialized using 'CodeIgniter\Session\Handlers\FileHandler' driver.
DEBUG - 2026-05-21 11:59:50 --> Session: Class initialized using 'CodeIgniter\Session\Handlers\FileHandler' driver.
DEBUG - 2026-05-21 11:59:57 --> Session: Class initialized using 'CodeIgniter\Session\Handlers\FileHandler' driver.
DEBUG - 2026-05-21 11:59:57 --> Session: Class initialized using 'CodeIgniter\Session\Handlers\FileHandler' driver.
DEBUG - 2026-05-21 12:00:36 --> Session: Class initialized using 'CodeIgniter\Session\Handlers\FileHandler' driver.
DEBUG - 2026-05-21 12:00:38 --> Session: Class initialized using 'CodeIgniter\Session\Handlers\FileHandler' driver.
DEBUG - 2026-05-21 12:00:38 --> Session: Class initialized using 'CodeIgniter\Session\Handlers\FileHandler' driver.
DEBUG - 2026-05-21 12:00:41 --> Session: Class initialized using 'CodeIgniter\Session\Handlers\FileHandler' driver.
DEBUG - 2026-05-21 12:00:41 --> Session: Class initialized using 'CodeIgniter\Session\Handlers\FileHandler' driver.
DEBUG - 2026-05-21 12:01:47 --> Session: Class initialized using 'CodeIgniter\Session\Handlers\FileHandler' driver.
DEBUG - 2026-05-21 12:01:49 --> Session: Class initialized using 'CodeIgniter\Session\Handlers\FileHandler' driver.
DEBUG - 2026-05-21 12:01:50 --> Session: Class initialized using 'CodeIgniter\Session\Handlers\FileHandler' driver.
DEBUG - 2026-05-21 12:01:53 --> Session: Class initialized using 'CodeIgniter\Session\Handlers\FileHandler' driver.
DEBUG - 2026-05-21 12:01:53 --> Session: Class initialized using 'CodeIgniter\Session\Handlers\FileHandler' driver.
DEBUG - 2026-05-21 12:02:21 --> Session: Class initialized using 'CodeIgniter\Session\Handlers\FileHandler' driver.
DEBUG - 2026-05-21 12:02:24 --> Session: Class initialized using 'CodeIgniter\Session\Handlers\FileHandler' driver.
DEBUG - 2026-05-21 12:02:24 --> Session: Class initialized using 'CodeIgniter\Session\Handlers\FileHandler' driver.
DEBUG - 2026-05-21 12:02:26 --> Session: Class initialized using 'CodeIgniter\Session\Handlers\FileHandler' driver.
DEBUG - 2026-05-21 12:02:26 --> Session: Class initialized using 'CodeIgniter\Session\Handlers\FileHandler' driver.
DEBUG - 2026-05-21 12:02:30 --> Session: Class initialized using 'CodeIgniter\Session\Handlers\FileHandler' driver.
DEBUG - 2026-05-21 12:02:30 --> Session: Class initialized using 'CodeIgniter\Session\Handlers\FileHandler' driver.
DEBUG - 2026-05-21 16:20:23 --> Session: Class initialized using 'CodeIgniter\Session\Handlers\FileHandler' driver.
DEBUG - 2026-05-21 16:20:31 --> Session: Class initialized using 'CodeIgniter\Session\Handlers\FileHandler' driver.
DEBUG - 2026-05-21 09:20:31 --> Session: Class initialized using 'CodeIgniter\Session\Handlers\FileHandler' driver.
DEBUG - 2026-05-21 16:20:34 --> Session: Class initialized using 'CodeIgniter\Session\Handlers\FileHandler' driver.
ERROR - 2026-05-21 16:20:34 --> mysqli_sql_exception: Table 'db_kasir.sistem_kontrol' doesn't exist in C:\xampp\htdocs\kasirpos\system\Database\MySQLi\Connection.php:327
Stack trace:
#0 C:\xampp\htdocs\kasirpos\system\Database\MySQLi\Connection.php(327): mysqli->query('SELECT *\nFROM `...', 0)
#1 C:\xampp\htdocs\kasirpos\system\Database\BaseConnection.php(729): CodeIgniter\Database\MySQLi\Connection->execute('SELECT *\nFROM `...')
#2 C:\xampp\htdocs\kasirpos\system\Database\BaseConnection.php(646): CodeIgniter\Database\BaseConnection->simpleQuery('SELECT *\nFROM `...')
#3 C:\xampp\htdocs\kasirpos\system\Database\BaseBuilder.php(1649): CodeIgniter\Database\BaseConnection->query('SELECT *\nFROM `...', Array, false)
#4 C:\xampp\htdocs\kasirpos\app\Views\kasir\kasir_view.php(372): CodeIgniter\Database\BaseBuilder->get()
#5 C:\xampp\htdocs\kasirpos\system\View\View.php(226): include('C:\\xampp\\htdocs...')
#6 C:\xampp\htdocs\kasirpos\system\View\View.php(229): CodeIgniter\View\View->CodeIgniter\View\{closure}()
#7 C:\xampp\htdocs\kasirpos\system\Common.php(1167): CodeIgniter\View\View->render('kasir/kasir_vie...', Array, true)
#8 C:\xampp\htdocs\kasirpos\app\Controllers\Kasir.php(132): view('kasir/kasir_vie...', Array)
#9 C:\xampp\htdocs\kasirpos\system\CodeIgniter.php(933): App\Controllers\Kasir->index()
#10 C:\xampp\htdocs\kasirpos\system\CodeIgniter.php(507): CodeIgniter\CodeIgniter->runController(Object(App\Controllers\Kasir))
#11 C:\xampp\htdocs\kasirpos\system\CodeIgniter.php(354): CodeIgniter\CodeIgniter->handleRequest(NULL, Object(Config\Cache), false)
#12 C:\xampp\htdocs\kasirpos\system\Boot.php(363): CodeIgniter\CodeIgniter->run()
#13 C:\xampp\htdocs\kasirpos\system\Boot.php(68): CodeIgniter\Boot::runCodeIgniter(Object(CodeIgniter\CodeIgniter))
#14 C:\xampp\htdocs\kasirpos\public\index.php(59): CodeIgniter\Boot::bootWeb(Object(Config\Paths))
#15 {main}
CRITICAL - 2026-05-21 16:20:35 --> CodeIgniter\Database\Exceptions\DatabaseException: Table 'db_kasir.sistem_kontrol' doesn't exist
[Method: GET, Route: kasir]
in SYSTEMPATH\Database\BaseConnection.php on line 684.
 1 SYSTEMPATH\Database\BaseBuilder.php(1649): CodeIgniter\Database\BaseConnection->query('SELECT *
FROM `sistem_kontrol`
WHERE `nama_fitur` = :nama_fitur:', [...], false)
 2 APPPATH\Views\kasir\kasir_view.php(372): CodeIgniter\Database\BaseBuilder->get()
 3 SYSTEMPATH\View\View.php(226): include('C:\\xampp\\htdocs\\kasirpos\\app\\Views\\kasir\\kasir_view.php')
 4 SYSTEMPATH\View\View.php(229): CodeIgniter\View\View->CodeIgniter\View\{closure}()
 5 SYSTEMPATH\Common.php(1167): CodeIgniter\View\View->render('kasir/kasir_view', [], true)
 6 APPPATH\Controllers\Kasir.php(132): view('kasir/kasir_view', [...])
 7 SYSTEMPATH\CodeIgniter.php(933): App\Controllers\Kasir->index()
 8 SYSTEMPATH\CodeIgniter.php(507): CodeIgniter\CodeIgniter->runController(Object(App\Controllers\Kasir))
 9 SYSTEMPATH\CodeIgniter.php(354): CodeIgniter\CodeIgniter->handleRequest(null, Object(Config\Cache), false)
10 SYSTEMPATH\Boot.php(363): CodeIgniter\CodeIgniter->run()
11 SYSTEMPATH\Boot.php(68): CodeIgniter\Boot::runCodeIgniter(Object(CodeIgniter\CodeIgniter))
12 FCPATH\index.php(59): CodeIgniter\Boot::bootWeb(Object(Config\Paths))
CRITICAL - 2026-05-21 16:20:35 --> [Caused by] CodeIgniter\Database\Exceptions\DatabaseException: Table 'db_kasir.sistem_kontrol' doesn't exist
in SYSTEMPATH\Database\MySQLi\Connection.php on line 332.
 1 SYSTEMPATH\Database\BaseConnection.php(729): CodeIgniter\Database\MySQLi\Connection->execute('SELECT *
FROM `sistem_kontrol`
WHERE `nama_fitur` = \'stok_opname_hold\'')
 2 SYSTEMPATH\Database\BaseConnection.php(646): CodeIgniter\Database\BaseConnection->simpleQuery('SELECT *
FROM `sistem_kontrol`
WHERE `nama_fitur` = \'stok_opname_hold\'')
 3 SYSTEMPATH\Database\BaseBuilder.php(1649): CodeIgniter\Database\BaseConnection->query('SELECT *
FROM `sistem_kontrol`
WHERE `nama_fitur` = :nama_fitur:', [...], false)
 4 APPPATH\Views\kasir\kasir_view.php(372): CodeIgniter\Database\BaseBuilder->get()
 5 SYSTEMPATH\View\View.php(226): include('C:\\xampp\\htdocs\\kasirpos\\app\\Views\\kasir\\kasir_view.php')
 6 SYSTEMPATH\View\View.php(229): CodeIgniter\View\View->CodeIgniter\View\{closure}()
 7 SYSTEMPATH\Common.php(1167): CodeIgniter\View\View->render('kasir/kasir_view', [], true)
 8 APPPATH\Controllers\Kasir.php(132): view('kasir/kasir_view', [...])
 9 SYSTEMPATH\CodeIgniter.php(933): App\Controllers\Kasir->index()
10 SYSTEMPATH\CodeIgniter.php(507): CodeIgniter\CodeIgniter->runController(Object(App\Controllers\Kasir))
11 SYSTEMPATH\CodeIgniter.php(354): CodeIgniter\CodeIgniter->handleRequest(null, Object(Config\Cache), false)
12 SYSTEMPATH\Boot.php(363): CodeIgniter\CodeIgniter->run()
13 SYSTEMPATH\Boot.php(68): CodeIgniter\Boot::runCodeIgniter(Object(CodeIgniter\CodeIgniter))
14 FCPATH\index.php(59): CodeIgniter\Boot::bootWeb(Object(Config\Paths))
CRITICAL - 2026-05-21 16:20:35 --> [Caused by] mysqli_sql_exception: Table 'db_kasir.sistem_kontrol' doesn't exist
in SYSTEMPATH\Database\MySQLi\Connection.php on line 327.
 1 SYSTEMPATH\Database\MySQLi\Connection.php(327): mysqli->query('SELECT *
FROM `sistem_kontrol`
WHERE `nama_fitur` = \'stok_opname_hold\'', 0)
 2 SYSTEMPATH\Database\BaseConnection.php(729): CodeIgniter\Database\MySQLi\Connection->execute('SELECT *
FROM `sistem_kontrol`
WHERE `nama_fitur` = \'stok_opname_hold\'')
 3 SYSTEMPATH\Database\BaseConnection.php(646): CodeIgniter\Database\BaseConnection->simpleQuery('SELECT *
FROM `sistem_kontrol`
WHERE `nama_fitur` = \'stok_opname_hold\'')
 4 SYSTEMPATH\Database\BaseBuilder.php(1649): CodeIgniter\Database\BaseConnection->query('SELECT *
FROM `sistem_kontrol`
WHERE `nama_fitur` = :nama_fitur:', [...], false)
 5 APPPATH\Views\kasir\kasir_view.php(372): CodeIgniter\Database\BaseBuilder->get()
 6 SYSTEMPATH\View\View.php(226): include('C:\\xampp\\htdocs\\kasirpos\\app\\Views\\kasir\\kasir_view.php')
 7 SYSTEMPATH\View\View.php(229): CodeIgniter\View\View->CodeIgniter\View\{closure}()
 8 SYSTEMPATH\Common.php(1167): CodeIgniter\View\View->render('kasir/kasir_view', [], true)
 9 APPPATH\Controllers\Kasir.php(132): view('kasir/kasir_view', [...])
10 SYSTEMPATH\CodeIgniter.php(933): App\Controllers\Kasir->index()
11 SYSTEMPATH\CodeIgniter.php(507): CodeIgniter\CodeIgniter->runController(Object(App\Controllers\Kasir))
12 SYSTEMPATH\CodeIgniter.php(354): CodeIgniter\CodeIgniter->handleRequest(null, Object(Config\Cache), false)
13 SYSTEMPATH\Boot.php(363): CodeIgniter\CodeIgniter->run()
14 SYSTEMPATH\Boot.php(68): CodeIgniter\Boot::runCodeIgniter(Object(CodeIgniter\CodeIgniter))
15 FCPATH\index.php(59): CodeIgniter\Boot::bootWeb(Object(Config\Paths))
DEBUG - 2026-05-21 16:24:10 --> Session: Class initialized using 'CodeIgniter\Session\Handlers\FileHandler' driver.
DEBUG - 2026-05-21 16:24:21 --> Session: Class initialized using 'CodeIgniter\Session\Handlers\FileHandler' driver.
DEBUG - 2026-05-21 09:24:21 --> Session: Class initialized using 'CodeIgniter\Session\Handlers\FileHandler' driver.
DEBUG - 2026-05-21 16:24:23 --> Session: Class initialized using 'CodeIgniter\Session\Handlers\FileHandler' driver.
DEBUG - 2026-05-21 16:24:38 --> Session: Class initialized using 'CodeIgniter\Session\Handlers\FileHandler' driver.
DEBUG - 2026-05-21 16:24:38 --> Session: Class initialized using 'CodeIgniter\Session\Handlers\FileHandler' driver.
DEBUG - 2026-05-21 16:24:42 --> Session: Class initialized using 'CodeIgniter\Session\Handlers\FileHandler' driver.
DEBUG - 2026-05-21 16:24:42 --> Session: Class initialized using 'CodeIgniter\Session\Handlers\FileHandler' driver.
DEBUG - 2026-05-21 17:06:01 --> Session: Class initialized using 'CodeIgniter\Session\Handlers\FileHandler' driver.
DEBUG - 2026-05-21 17:06:06 --> Session: Class initialized using 'CodeIgniter\Session\Handlers\FileHandler' driver.
DEBUG - 2026-05-21 10:06:07 --> Session: Class initialized using 'CodeIgniter\Session\Handlers\FileHandler' driver.
DEBUG - 2026-05-21 20:12:39 --> Session: Class initialized using 'CodeIgniter\Session\Handlers\FileHandler' driver.
DEBUG - 2026-05-21 20:12:42 --> Session: Class initialized using 'CodeIgniter\Session\Handlers\FileHandler' driver.
DEBUG - 2026-05-21 13:12:42 --> Session: Class initialized using 'CodeIgniter\Session\Handlers\FileHandler' driver.
DEBUG - 2026-05-21 20:12:54 --> Session: Class initialized using 'CodeIgniter\Session\Handlers\FileHandler' driver.
DEBUG - 2026-05-21 20:29:28 --> Session: Class initialized using 'CodeIgniter\Session\Handlers\FileHandler' driver.
DEBUG - 2026-05-21 20:29:51 --> Session: Class initialized using 'CodeIgniter\Session\Handlers\FileHandler' driver.
DEBUG - 2026-05-21 20:30:06 --> Session: Class initialized using 'CodeIgniter\Session\Handlers\FileHandler' driver.
DEBUG - 2026-05-21 20:30:37 --> Session: Class initialized using 'CodeIgniter\Session\Handlers\FileHandler' driver.
DEBUG - 2026-05-21 20:32:48 --> Session: Class initialized using 'CodeIgniter\Session\Handlers\FileHandler' driver.
CRITICAL - 2026-05-21 20:32:48 --> ErrorException: Undefined variable $cek_opname
[Method: GET, Route: kasir]
in APPPATH\Views\kasir\kasir_view.php on line 520.
 1 APPPATH\Views\kasir\kasir_view.php(520): CodeIgniter\Debug\Exceptions->errorHandler(2, 'Undefined variable $cek_opname', 'C:\\xampp\\htdocs\\kasirpos\\app\\Views\\kasir\\kasir_view.php', 520)
 2 SYSTEMPATH\View\View.php(226): include('C:\\xampp\\htdocs\\kasirpos\\app\\Views\\kasir\\kasir_view.php')
 3 SYSTEMPATH\View\View.php(229): CodeIgniter\View\View->CodeIgniter\View\{closure}()
 4 SYSTEMPATH\Common.php(1167): CodeIgniter\View\View->render('kasir/kasir_view', [], true)
 5 APPPATH\Controllers\Kasir.php(132): view('kasir/kasir_view', [...])
 6 SYSTEMPATH\CodeIgniter.php(933): App\Controllers\Kasir->index()
 7 SYSTEMPATH\CodeIgniter.php(507): CodeIgniter\CodeIgniter->runController(Object(App\Controllers\Kasir))
 8 SYSTEMPATH\CodeIgniter.php(354): CodeIgniter\CodeIgniter->handleRequest(null, Object(Config\Cache), false)
 9 SYSTEMPATH\Boot.php(363): CodeIgniter\CodeIgniter->run()
10 SYSTEMPATH\Boot.php(68): CodeIgniter\Boot::runCodeIgniter(Object(CodeIgniter\CodeIgniter))
11 FCPATH\index.php(59): CodeIgniter\Boot::bootWeb(Object(Config\Paths))
DEBUG - 2026-05-21 20:32:55 --> Session: Class initialized using 'CodeIgniter\Session\Handlers\FileHandler' driver.
DEBUG - 2026-05-21 20:33:27 --> Session: Class initialized using 'CodeIgniter\Session\Handlers\FileHandler' driver.
DEBUG - 2026-05-21 20:35:02 --> Session: Class initialized using 'CodeIgniter\Session\Handlers\FileHandler' driver.
DEBUG - 2026-05-21 20:35:26 --> Session: Class initialized using 'CodeIgniter\Session\Handlers\FileHandler' driver.
DEBUG - 2026-05-21 20:45:08 --> Session: Class initialized using 'CodeIgniter\Session\Handlers\FileHandler' driver.
DEBUG - 2026-05-21 20:45:12 --> Session: Class initialized using 'CodeIgniter\Session\Handlers\FileHandler' driver.
DEBUG - 2026-05-21 13:45:12 --> Session: Class initialized using 'CodeIgniter\Session\Handlers\FileHandler' driver.
DEBUG - 2026-05-21 20:45:59 --> Session: Class initialized using 'CodeIgniter\Session\Handlers\FileHandler' driver.
DEBUG - 2026-05-21 20:49:05 --> Session: Class initialized using 'CodeIgniter\Session\Handlers\FileHandler' driver.
DEBUG - 2026-05-21 20:52:27 --> Session: Class initialized using 'CodeIgniter\Session\Handlers\FileHandler' driver.
DEBUG - 2026-05-21 20:54:42 --> Session: Class initialized using 'CodeIgniter\Session\Handlers\FileHandler' driver.
DEBUG - 2026-05-21 20:55:51 --> Session: Class initialized using 'CodeIgniter\Session\Handlers\FileHandler' driver.
DEBUG - 2026-05-21 13:55:53 --> Session: Class initialized using 'CodeIgniter\Session\Handlers\FileHandler' driver.
DEBUG - 2026-05-21 20:55:55 --> Session: Class initialized using 'CodeIgniter\Session\Handlers\FileHandler' driver.
DEBUG - 2026-05-21 21:22:29 --> Session: Class initialized using 'CodeIgniter\Session\Handlers\FileHandler' driver.
DEBUG - 2026-05-21 14:22:44 --> Session: Class initialized using 'CodeIgniter\Session\Handlers\FileHandler' driver.
DEBUG - 2026-05-21 14:24:07 --> Session: Class initialized using 'CodeIgniter\Session\Handlers\FileHandler' driver.
DEBUG - 2026-05-21 14:24:15 --> Session: Class initialized using 'CodeIgniter\Session\Handlers\FileHandler' driver.
DEBUG - 2026-05-21 14:24:15 --> Session: Class initialized using 'CodeIgniter\Session\Handlers\FileHandler' driver.
DEBUG - 2026-05-21 14:26:18 --> Session: Class initialized using 'CodeIgniter\Session\Handlers\FileHandler' driver.
DEBUG - 2026-05-21 14:26:32 --> Session: Class initialized using 'CodeIgniter\Session\Handlers\FileHandler' driver.
DEBUG - 2026-05-21 14:26:32 --> Session: Class initialized using 'CodeIgniter\Session\Handlers\FileHandler' driver.
DEBUG - 2026-05-21 21:29:35 --> Session: Class initialized using 'CodeIgniter\Session\Handlers\FileHandler' driver.
DEBUG - 2026-05-21 14:29:38 --> Session: Class initialized using 'CodeIgniter\Session\Handlers\FileHandler' driver.
DEBUG - 2026-05-21 14:29:43 --> Session: Class initialized using 'CodeIgniter\Session\Handlers\FileHandler' driver.
DEBUG - 2026-05-21 14:29:43 --> Session: Class initialized using 'CodeIgniter\Session\Handlers\FileHandler' driver.
DEBUG - 2026-05-21 21:29:46 --> Session: Class initialized using 'CodeIgniter\Session\Handlers\FileHandler' driver.
DEBUG - 2026-05-21 14:29:57 --> Session: Class initialized using 'CodeIgniter\Session\Handlers\FileHandler' driver.
DEBUG - 2026-05-21 14:29:58 --> Session: Class initialized using 'CodeIgniter\Session\Handlers\FileHandler' driver.
DEBUG - 2026-05-21 21:30:00 --> Session: Class initialized using 'CodeIgniter\Session\Handlers\FileHandler' driver.
DEBUG - 2026-05-21 14:30:55 --> Session: Class initialized using 'CodeIgniter\Session\Handlers\FileHandler' driver.
DEBUG - 2026-05-21 14:31:04 --> Session: Class initialized using 'CodeIgniter\Session\Handlers\FileHandler' driver.
DEBUG - 2026-05-21 14:31:04 --> Session: Class initialized using 'CodeIgniter\Session\Handlers\FileHandler' driver.
DEBUG - 2026-05-21 21:31:07 --> Session: Class initialized using 'CodeIgniter\Session\Handlers\FileHandler' driver.
DEBUG - 2026-05-21 14:31:45 --> Session: Class initialized using 'CodeIgniter\Session\Handlers\FileHandler' driver.
DEBUG - 2026-05-21 14:31:47 --> Session: Class initialized using 'CodeIgniter\Session\Handlers\FileHandler' driver.
DEBUG - 2026-05-21 14:31:49 --> Session: Class initialized using 'CodeIgniter\Session\Handlers\FileHandler' driver.
DEBUG - 2026-05-21 14:45:18 --> Session: Class initialized using 'CodeIgniter\Session\Handlers\FileHandler' driver.
DEBUG - 2026-05-21 14:47:38 --> Session: Class initialized using 'CodeIgniter\Session\Handlers\FileHandler' driver.
DEBUG - 2026-05-21 14:48:03 --> Session: Class initialized using 'CodeIgniter\Session\Handlers\FileHandler' driver.
DEBUG - 2026-05-21 14:48:50 --> Session: Class initialized using 'CodeIgniter\Session\Handlers\FileHandler' driver.
DEBUG - 2026-05-21 14:48:53 --> Session: Class initialized using 'CodeIgniter\Session\Handlers\FileHandler' driver.
DEBUG - 2026-05-21 14:49:48 --> Session: Class initialized using 'CodeIgniter\Session\Handlers\FileHandler' driver.
DEBUG - 2026-05-21 14:50:09 --> Session: Class initialized using 'CodeIgniter\Session\Handlers\FileHandler' driver.
DEBUG - 2026-05-21 14:50:33 --> Session: Class initialized using 'CodeIgniter\Session\Handlers\FileHandler' driver.
DEBUG - 2026-05-21 14:50:54 --> Session: Class initialized using 'CodeIgniter\Session\Handlers\FileHandler' driver.
DEBUG - 2026-05-21 14:51:21 --> Session: Class initialized using 'CodeIgniter\Session\Handlers\FileHandler' driver.
DEBUG - 2026-05-21 14:51:43 --> Session: Class initialized using 'CodeIgniter\Session\Handlers\FileHandler' driver.
DEBUG - 2026-05-21 14:51:58 --> Session: Class initialized using 'CodeIgniter\Session\Handlers\FileHandler' driver.
DEBUG - 2026-05-21 14:52:03 --> Session: Class initialized using 'CodeIgniter\Session\Handlers\FileHandler' driver.
DEBUG - 2026-05-21 14:52:14 --> Session: Class initialized using 'CodeIgniter\Session\Handlers\FileHandler' driver.
DEBUG - 2026-05-21 14:53:08 --> Session: Class initialized using 'CodeIgniter\Session\Handlers\FileHandler' driver.
DEBUG - 2026-05-21 14:56:18 --> Session: Class initialized using 'CodeIgniter\Session\Handlers\FileHandler' driver.
DEBUG - 2026-05-21 14:57:58 --> Session: Class initialized using 'CodeIgniter\Session\Handlers\FileHandler' driver.
DEBUG - 2026-05-21 14:58:47 --> Session: Class initialized using 'CodeIgniter\Session\Handlers\FileHandler' driver.
DEBUG - 2026-05-21 15:00:04 --> Session: Class initialized using 'CodeIgniter\Session\Handlers\FileHandler' driver.
DEBUG - 2026-05-21 15:01:43 --> Session: Class initialized using 'CodeIgniter\Session\Handlers\FileHandler' driver.
DEBUG - 2026-05-21 15:02:05 --> Session: Class initialized using 'CodeIgniter\Session\Handlers\FileHandler' driver.
DEBUG - 2026-05-21 22:02:44 --> Session: Class initialized using 'CodeIgniter\Session\Handlers\FileHandler' driver.
DEBUG - 2026-05-21 22:02:44 --> Session: Class initialized using 'CodeIgniter\Session\Handlers\FileHandler' driver.
DEBUG - 2026-05-21 22:02:47 --> Session: Class initialized using 'CodeIgniter\Session\Handlers\FileHandler' driver.
DEBUG - 2026-05-21 15:02:48 --> Session: Class initialized using 'CodeIgniter\Session\Handlers\FileHandler' driver.
DEBUG - 2026-05-21 15:02:57 --> Session: Class initialized using 'CodeIgniter\Session\Handlers\FileHandler' driver.
DEBUG - 2026-05-21 15:03:01 --> Session: Class initialized using 'CodeIgniter\Session\Handlers\FileHandler' driver.
DEBUG - 2026-05-21 15:03:05 --> Session: Class initialized using 'CodeIgniter\Session\Handlers\FileHandler' driver.
DEBUG - 2026-05-21 15:03:07 --> Session: Class initialized using 'CodeIgniter\Session\Handlers\FileHandler' driver.
DEBUG - 2026-05-21 15:03:07 --> Session: Class initialized using 'CodeIgniter\Session\Handlers\FileHandler' driver.
DEBUG - 2026-05-21 15:03:16 --> Session: Class initialized using 'CodeIgniter\Session\Handlers\FileHandler' driver.
DEBUG - 2026-05-21 15:03:16 --> Session: Class initialized using 'CodeIgniter\Session\Handlers\FileHandler' driver.
DEBUG - 2026-05-21 15:03:18 --> Session: Class initialized using 'CodeIgniter\Session\Handlers\FileHandler' driver.
DEBUG - 2026-05-21 15:03:21 --> Session: Class initialized using 'CodeIgniter\Session\Handlers\FileHandler' driver.
DEBUG - 2026-05-21 15:03:22 --> Session: Class initialized using 'CodeIgniter\Session\Handlers\FileHandler' driver.
DEBUG - 2026-05-21 15:03:23 --> Session: Class initialized using 'CodeIgniter\Session\Handlers\FileHandler' driver.
DEBUG - 2026-05-21 15:03:53 --> Session: Class initialized using 'CodeIgniter\Session\Handlers\FileHandler' driver.
DEBUG - 2026-05-21 15:03:53 --> Session: Class initialized using 'CodeIgniter\Session\Handlers\FileHandler' driver.
DEBUG - 2026-05-21 15:03:57 --> Session: Class initialized using 'CodeIgniter\Session\Handlers\FileHandler' driver.
DEBUG - 2026-05-21 15:04:07 --> Session: Class initialized using 'CodeIgniter\Session\Handlers\FileHandler' driver.
DEBUG - 2026-05-21 15:04:07 --> Session: Class initialized using 'CodeIgniter\Session\Handlers\FileHandler' driver.
DEBUG - 2026-05-21 15:04:09 --> Session: Class initialized using 'CodeIgniter\Session\Handlers\FileHandler' driver.
DEBUG - 2026-05-21 15:04:10 --> Session: Class initialized using 'CodeIgniter\Session\Handlers\FileHandler' driver.
DEBUG - 2026-05-21 15:04:11 --> Session: Class initialized using 'CodeIgniter\Session\Handlers\FileHandler' driver.
DEBUG - 2026-05-21 15:04:12 --> Session: Class initialized using 'CodeIgniter\Session\Handlers\FileHandler' driver.
DEBUG - 2026-05-21 15:04:12 --> Session: Class initialized using 'CodeIgniter\Session\Handlers\FileHandler' driver.
DEBUG - 2026-05-21 15:04:13 --> Session: Class initialized using 'CodeIgniter\Session\Handlers\FileHandler' driver.
DEBUG - 2026-05-21 15:04:14 --> Session: Class initialized using 'CodeIgniter\Session\Handlers\FileHandler' driver.
DEBUG - 2026-05-21 15:04:22 --> Session: Class initialized using 'CodeIgniter\Session\Handlers\FileHandler' driver.
DEBUG - 2026-05-21 15:04:22 --> Session: Class initialized using 'CodeIgniter\Session\Handlers\FileHandler' driver.
DEBUG - 2026-05-21 15:04:24 --> Session: Class initialized using 'CodeIgniter\Session\Handlers\FileHandler' driver.
DEBUG - 2026-05-21 15:05:16 --> Session: Class initialized using 'CodeIgniter\Session\Handlers\FileHandler' driver.
DEBUG - 2026-05-21 15:05:32 --> Session: Class initialized using 'CodeIgniter\Session\Handlers\FileHandler' driver.
DEBUG - 2026-05-21 15:05:34 --> Session: Class initialized using 'CodeIgniter\Session\Handlers\FileHandler' driver.
DEBUG - 2026-05-21 15:05:40 --> Session: Class initialized using 'CodeIgniter\Session\Handlers\FileHandler' driver.
DEBUG - 2026-05-21 15:05:41 --> Session: Class initialized using 'CodeIgniter\Session\Handlers\FileHandler' driver.
DEBUG - 2026-05-21 15:05:43 --> Session: Class initialized using 'CodeIgniter\Session\Handlers\FileHandler' driver.
DEBUG - 2026-05-21 15:05:59 --> Session: Class initialized using 'CodeIgniter\Session\Handlers\FileHandler' driver.
DEBUG - 2026-05-21 15:05:59 --> Session: Class initialized using 'CodeIgniter\Session\Handlers\FileHandler' driver.
DEBUG - 2026-05-21 15:06:05 --> Session: Class initialized using 'CodeIgniter\Session\Handlers\FileHandler' driver.
DEBUG - 2026-05-21 15:06:06 --> Session: Class initialized using 'CodeIgniter\Session\Handlers\FileHandler' driver.
DEBUG - 2026-05-21 15:06:10 --> Session: Class initialized using 'CodeIgniter\Session\Handlers\FileHandler' driver.
DEBUG - 2026-05-21 15:06:18 --> Session: Class initialized using 'CodeIgniter\Session\Handlers\FileHandler' driver.
DEBUG - 2026-05-21 15:06:18 --> Session: Class initialized using 'CodeIgniter\Session\Handlers\FileHandler' driver.
DEBUG - 2026-05-21 15:06:19 --> Session: Class initialized using 'CodeIgniter\Session\Handlers\FileHandler' driver.
DEBUG - 2026-05-21 15:06:28 --> Session: Class initialized using 'CodeIgniter\Session\Handlers\FileHandler' driver.
DEBUG - 2026-05-21 15:06:28 --> Session: Class initialized using 'CodeIgniter\Session\Handlers\FileHandler' driver.
DEBUG - 2026-05-21 15:06:31 --> Session: Class initialized using 'CodeIgniter\Session\Handlers\FileHandler' driver.
DEBUG - 2026-05-21 15:12:05 --> Session: Class initialized using 'CodeIgniter\Session\Handlers\FileHandler' driver.
DEBUG - 2026-05-21 15:12:17 --> Session: Class initialized using 'CodeIgniter\Session\Handlers\FileHandler' driver.
DEBUG - 2026-05-21 15:13:37 --> Session: Class initialized using 'CodeIgniter\Session\Handlers\FileHandler' driver.
DEBUG - 2026-05-21 15:13:37 --> Session: Class initialized using 'CodeIgniter\Session\Handlers\FileHandler' driver.
DEBUG - 2026-05-21 15:13:50 --> Session: Class initialized using 'CodeIgniter\Session\Handlers\FileHandler' driver.
DEBUG - 2026-05-21 15:14:11 --> Session: Class initialized using 'CodeIgniter\Session\Handlers\FileHandler' driver.
DEBUG - 2026-05-21 15:14:12 --> Session: Class initialized using 'CodeIgniter\Session\Handlers\FileHandler' driver.
DEBUG - 2026-05-21 15:14:13 --> Session: Class initialized using 'CodeIgniter\Session\Handlers\FileHandler' driver.
DEBUG - 2026-05-21 15:14:20 --> Session: Class initialized using 'CodeIgniter\Session\Handlers\FileHandler' driver.
DEBUG - 2026-05-21 15:14:20 --> Session: Class initialized using 'CodeIgniter\Session\Handlers\FileHandler' driver.
DEBUG - 2026-05-21 15:14:21 --> Session: Class initialized using 'CodeIgniter\Session\Handlers\FileHandler' driver.
DEBUG - 2026-05-21 15:15:24 --> Session: Class initialized using 'CodeIgniter\Session\Handlers\FileHandler' driver.
DEBUG - 2026-05-21 15:15:25 --> Session: Class initialized using 'CodeIgniter\Session\Handlers\FileHandler' driver.
DEBUG - 2026-05-21 15:15:26 --> Session: Class initialized using 'CodeIgniter\Session\Handlers\FileHandler' driver.
DEBUG - 2026-05-21 15:15:29 --> Session: Class initialized using 'CodeIgniter\Session\Handlers\FileHandler' driver.
DEBUG - 2026-05-21 15:15:38 --> Session: Class initialized using 'CodeIgniter\Session\Handlers\FileHandler' driver.
DEBUG - 2026-05-21 15:15:39 --> Session: Class initialized using 'CodeIgniter\Session\Handlers\FileHandler' driver.
DEBUG - 2026-05-21 15:15:40 --> Session: Class initialized using 'CodeIgniter\Session\Handlers\FileHandler' driver.
DEBUG - 2026-05-21 15:16:24 --> Session: Class initialized using 'CodeIgniter\Session\Handlers\FileHandler' driver.
DEBUG - 2026-05-21 15:16:29 --> Session: Class initialized using 'CodeIgniter\Session\Handlers\FileHandler' driver.
DEBUG - 2026-05-21 15:16:29 --> Session: Class initialized using 'CodeIgniter\Session\Handlers\FileHandler' driver.
DEBUG - 2026-05-21 15:16:32 --> Session: Class initialized using 'CodeIgniter\Session\Handlers\FileHandler' driver.
DEBUG - 2026-05-21 15:16:38 --> Session: Class initialized using 'CodeIgniter\Session\Handlers\FileHandler' driver.
DEBUG - 2026-05-21 15:16:38 --> Session: Class initialized using 'CodeIgniter\Session\Handlers\FileHandler' driver.
DEBUG - 2026-05-21 15:16:40 --> Session: Class initialized using 'CodeIgniter\Session\Handlers\FileHandler' driver.
DEBUG - 2026-05-21 15:16:46 --> Session: Class initialized using 'CodeIgniter\Session\Handlers\FileHandler' driver.
DEBUG - 2026-05-21 15:16:46 --> Session: Class initialized using 'CodeIgniter\Session\Handlers\FileHandler' driver.
DEBUG - 2026-05-21 15:19:56 --> Session: Class initialized using 'CodeIgniter\Session\Handlers\FileHandler' driver.
DEBUG - 2026-05-21 15:20:00 --> Session: Class initialized using 'CodeIgniter\Session\Handlers\FileHandler' driver.
DEBUG - 2026-05-21 15:20:00 --> Session: Class initialized using 'CodeIgniter\Session\Handlers\FileHandler' driver.
DEBUG - 2026-05-21 15:20:07 --> Session: Class initialized using 'CodeIgniter\Session\Handlers\FileHandler' driver.
DEBUG - 2026-05-21 15:20:11 --> Session: Class initialized using 'CodeIgniter\Session\Handlers\FileHandler' driver.
DEBUG - 2026-05-21 15:20:12 --> Session: Class initialized using 'CodeIgniter\Session\Handlers\FileHandler' driver.
DEBUG - 2026-05-21 15:20:13 --> Session: Class initialized using 'CodeIgniter\Session\Handlers\FileHandler' driver.
DEBUG - 2026-05-21 15:20:15 --> Session: Class initialized using 'CodeIgniter\Session\Handlers\FileHandler' driver.
DEBUG - 2026-05-21 15:20:22 --> Session: Class initialized using 'CodeIgniter\Session\Handlers\FileHandler' driver.
DEBUG - 2026-05-21 15:20:22 --> Session: Class initialized using 'CodeIgniter\Session\Handlers\FileHandler' driver.
DEBUG - 2026-05-21 15:20:23 --> Session: Class initialized using 'CodeIgniter\Session\Handlers\FileHandler' driver.
DEBUG - 2026-05-21 15:20:27 --> Session: Class initialized using 'CodeIgniter\Session\Handlers\FileHandler' driver.
DEBUG - 2026-05-21 15:20:28 --> Session: Class initialized using 'CodeIgniter\Session\Handlers\FileHandler' driver.
DEBUG - 2026-05-21 15:20:29 --> Session: Class initialized using 'CodeIgniter\Session\Handlers\FileHandler' driver.
DEBUG - 2026-05-21 15:27:08 --> Session: Class initialized using 'CodeIgniter\Session\Handlers\FileHandler' driver.
DEBUG - 2026-05-21 15:27:09 --> Session: Class initialized using 'CodeIgniter\Session\Handlers\FileHandler' driver.
DEBUG - 2026-05-21 15:27:19 --> Session: Class initialized using 'CodeIgniter\Session\Handlers\FileHandler' driver.
DEBUG - 2026-05-21 15:27:19 --> Session: Class initialized using 'CodeIgniter\Session\Handlers\FileHandler' driver.
DEBUG - 2026-05-21 15:27:46 --> Session: Class initialized using 'CodeIgniter\Session\Handlers\FileHandler' driver.
DEBUG - 2026-05-21 15:27:53 --> Session: Class initialized using 'CodeIgniter\Session\Handlers\FileHandler' driver.
DEBUG - 2026-05-21 15:28:37 --> Session: Class initialized using 'CodeIgniter\Session\Handlers\FileHandler' driver.
DEBUG - 2026-05-21 15:28:50 --> Session: Class initialized using 'CodeIgniter\Session\Handlers\FileHandler' driver.
DEBUG - 2026-05-21 15:28:56 --> Session: Class initialized using 'CodeIgniter\Session\Handlers\FileHandler' driver.
DEBUG - 2026-05-21 15:28:56 --> Session: Class initialized using 'CodeIgniter\Session\Handlers\FileHandler' driver.
DEBUG - 2026-05-21 15:28:58 --> Session: Class initialized using 'CodeIgniter\Session\Handlers\FileHandler' driver.
DEBUG - 2026-05-21 15:32:30 --> Session: Class initialized using 'CodeIgniter\Session\Handlers\FileHandler' driver.
DEBUG - 2026-05-21 15:32:34 --> Session: Class initialized using 'CodeIgniter\Session\Handlers\FileHandler' driver.
DEBUG - 2026-05-21 15:32:40 --> Session: Class initialized using 'CodeIgniter\Session\Handlers\FileHandler' driver.
DEBUG - 2026-05-21 15:32:40 --> Session: Class initialized using 'CodeIgniter\Session\Handlers\FileHandler' driver.
DEBUG - 2026-05-21 15:32:41 --> Session: Class initialized using 'CodeIgniter\Session\Handlers\FileHandler' driver.
DEBUG - 2026-05-21 15:33:05 --> Session: Class initialized using 'CodeIgniter\Session\Handlers\FileHandler' driver.
DEBUG - 2026-05-21 15:33:05 --> Session: Class initialized using 'CodeIgniter\Session\Handlers\FileHandler' driver.
DEBUG - 2026-05-21 15:33:09 --> Session: Class initialized using 'CodeIgniter\Session\Handlers\FileHandler' driver.
DEBUG - 2026-05-21 15:33:25 --> Session: Class initialized using 'CodeIgniter\Session\Handlers\FileHandler' driver.
DEBUG - 2026-05-21 15:33:25 --> Session: Class initialized using 'CodeIgniter\Session\Handlers\FileHandler' driver.
DEBUG - 2026-05-21 15:33:27 --> Session: Class initialized using 'CodeIgniter\Session\Handlers\FileHandler' driver.
DEBUG - 2026-05-21 15:34:27 --> Session: Class initialized using 'CodeIgniter\Session\Handlers\FileHandler' driver.
DEBUG - 2026-05-21 15:34:32 --> Session: Class initialized using 'CodeIgniter\Session\Handlers\FileHandler' driver.
DEBUG - 2026-05-21 15:34:49 --> Session: Class initialized using 'CodeIgniter\Session\Handlers\FileHandler' driver.
DEBUG - 2026-05-21 15:35:43 --> Session: Class initialized using 'CodeIgniter\Session\Handlers\FileHandler' driver.
DEBUG - 2026-05-21 15:35:47 --> Session: Class initialized using 'CodeIgniter\Session\Handlers\FileHandler' driver.
DEBUG - 2026-05-21 15:35:57 --> Session: Class initialized using 'CodeIgniter\Session\Handlers\FileHandler' driver.
DEBUG - 2026-05-21 15:36:06 --> Session: Class initialized using 'CodeIgniter\Session\Handlers\FileHandler' driver.
DEBUG - 2026-05-21 15:36:06 --> Session: Class initialized using 'CodeIgniter\Session\Handlers\FileHandler' driver.
DEBUG - 2026-05-21 15:36:10 --> Session: Class initialized using 'CodeIgniter\Session\Handlers\FileHandler' driver.
DEBUG - 2026-05-21 15:37:13 --> Session: Class initialized using 'CodeIgniter\Session\Handlers\FileHandler' driver.
DEBUG - 2026-05-21 15:37:22 --> Session: Class initialized using 'CodeIgniter\Session\Handlers\FileHandler' driver.
DEBUG - 2026-05-21 15:37:24 --> Session: Class initialized using 'CodeIgniter\Session\Handlers\FileHandler' driver.
DEBUG - 2026-05-21 15:38:15 --> Session: Class initialized using 'CodeIgniter\Session\Handlers\FileHandler' driver.
DEBUG - 2026-05-21 15:38:16 --> Session: Class initialized using 'CodeIgniter\Session\Handlers\FileHandler' driver.
DEBUG - 2026-05-21 15:38:34 --> Session: Class initialized using 'CodeIgniter\Session\Handlers\FileHandler' driver.
DEBUG - 2026-05-21 15:38:54 --> Session: Class initialized using 'CodeIgniter\Session\Handlers\FileHandler' driver.
DEBUG - 2026-05-21 15:38:57 --> Session: Class initialized using 'CodeIgniter\Session\Handlers\FileHandler' driver.
DEBUG - 2026-05-21 15:39:00 --> Session: Class initialized using 'CodeIgniter\Session\Handlers\FileHandler' driver.
DEBUG - 2026-05-21 15:39:04 --> Session: Class initialized using 'CodeIgniter\Session\Handlers\FileHandler' driver.
DEBUG - 2026-05-21 15:39:33 --> Session: Class initialized using 'CodeIgniter\Session\Handlers\FileHandler' driver.
DEBUG - 2026-05-21 15:39:41 --> Session: Class initialized using 'CodeIgniter\Session\Handlers\FileHandler' driver.
DEBUG - 2026-05-21 15:39:41 --> Session: Class initialized using 'CodeIgniter\Session\Handlers\FileHandler' driver.
DEBUG - 2026-05-21 15:39:47 --> Session: Class initialized using 'CodeIgniter\Session\Handlers\FileHandler' driver.
DEBUG - 2026-05-21 15:39:50 --> Session: Class initialized using 'CodeIgniter\Session\Handlers\FileHandler' driver.
DEBUG - 2026-05-21 15:39:53 --> Session: Class initialized using 'CodeIgniter\Session\Handlers\FileHandler' driver.
DEBUG - 2026-05-21 15:39:54 --> Session: Class initialized using 'CodeIgniter\Session\Handlers\FileHandler' driver.
DEBUG - 2026-05-21 15:40:33 --> Session: Class initialized using 'CodeIgniter\Session\Handlers\FileHandler' driver.
DEBUG - 2026-05-21 15:40:34 --> Session: Class initialized using 'CodeIgniter\Session\Handlers\FileHandler' driver.
DEBUG - 2026-05-21 15:40:35 --> Session: Class initialized using 'CodeIgniter\Session\Handlers\FileHandler' driver.
DEBUG - 2026-05-21 22:40:43 --> Session: Class initialized using 'CodeIgniter\Session\Handlers\FileHandler' driver.
DEBUG - 2026-05-21 22:40:43 --> Session: Class initialized using 'CodeIgniter\Session\Handlers\FileHandler' driver.
DEBUG - 2026-05-21 22:40:46 --> Session: Class initialized using 'CodeIgniter\Session\Handlers\FileHandler' driver.
DEBUG - 2026-05-21 15:40:46 --> Session: Class initialized using 'CodeIgniter\Session\Handlers\FileHandler' driver.
DEBUG - 2026-05-21 22:40:48 --> Session: Class initialized using 'CodeIgniter\Session\Handlers\FileHandler' driver.
DEBUG - 2026-05-21 15:40:58 --> Session: Class initialized using 'CodeIgniter\Session\Handlers\FileHandler' driver.
DEBUG - 2026-05-21 15:40:59 --> Session: Class initialized using 'CodeIgniter\Session\Handlers\FileHandler' driver.
DEBUG - 2026-05-21 15:40:59 --> Session: Class initialized using 'CodeIgniter\Session\Handlers\FileHandler' driver.
DEBUG - 2026-05-21 22:41:01 --> Session: Class initialized using 'CodeIgniter\Session\Handlers\FileHandler' driver.
DEBUG - 2026-05-21 15:41:04 --> Session: Class initialized using 'CodeIgniter\Session\Handlers\FileHandler' driver.
DEBUG - 2026-05-21 22:41:07 --> Session: Class initialized using 'CodeIgniter\Session\Handlers\FileHandler' driver.
DEBUG - 2026-05-21 22:41:07 --> Session: Class initialized using 'CodeIgniter\Session\Handlers\FileHandler' driver.
DEBUG - 2026-05-21 22:41:09 --> Session: Class initialized using 'CodeIgniter\Session\Handlers\FileHandler' driver.
DEBUG - 2026-05-21 22:41:09 --> Session: Class initialized using 'CodeIgniter\Session\Handlers\FileHandler' driver.
DEBUG - 2026-05-21 22:41:11 --> Session: Class initialized using 'CodeIgniter\Session\Handlers\FileHandler' driver.
DEBUG - 2026-05-21 22:41:11 --> Session: Class initialized using 'CodeIgniter\Session\Handlers\FileHandler' driver.
DEBUG - 2026-05-21 22:41:13 --> Session: Class initialized using 'CodeIgniter\Session\Handlers\FileHandler' driver.
DEBUG - 2026-05-21 22:41:18 --> Session: Class initialized using 'CodeIgniter\Session\Handlers\FileHandler' driver.
DEBUG - 2026-05-21 15:41:19 --> Session: Class initialized using 'CodeIgniter\Session\Handlers\FileHandler' driver.
DEBUG - 2026-05-21 15:41:22 --> Session: Class initialized using 'CodeIgniter\Session\Handlers\FileHandler' driver.
DEBUG - 2026-05-21 15:42:22 --> Session: Class initialized using 'CodeIgniter\Session\Handlers\FileHandler' driver.
DEBUG - 2026-05-21 15:42:22 --> Session: Class initialized using 'CodeIgniter\Session\Handlers\FileHandler' driver.
DEBUG - 2026-05-21 15:42:25 --> Session: Class initialized using 'CodeIgniter\Session\Handlers\FileHandler' driver.
DEBUG - 2026-05-21 15:42:31 --> Session: Class initialized using 'CodeIgniter\Session\Handlers\FileHandler' driver.
DEBUG - 2026-05-21 15:42:41 --> Session: Class initialized using 'CodeIgniter\Session\Handlers\FileHandler' driver.
DEBUG - 2026-05-21 15:42:46 --> Session: Class initialized using 'CodeIgniter\Session\Handlers\FileHandler' driver.
DEBUG - 2026-05-21 15:42:48 --> Session: Class initialized using 'CodeIgniter\Session\Handlers\FileHandler' driver.
DEBUG - 2026-05-21 15:42:52 --> Session: Class initialized using 'CodeIgniter\Session\Handlers\FileHandler' driver.
DEBUG - 2026-05-21 15:42:56 --> Session: Class initialized using 'CodeIgniter\Session\Handlers\FileHandler' driver.
DEBUG - 2026-05-21 15:42:58 --> Session: Class initialized using 'CodeIgniter\Session\Handlers\FileHandler' driver.
DEBUG - 2026-05-21 15:43:00 --> Session: Class initialized using 'CodeIgniter\Session\Handlers\FileHandler' driver.
DEBUG - 2026-05-21 15:43:07 --> Session: Class initialized using 'CodeIgniter\Session\Handlers\FileHandler' driver.
DEBUG - 2026-05-21 22:43:13 --> Session: Class initialized using 'CodeIgniter\Session\Handlers\FileHandler' driver.
DEBUG - 2026-05-21 22:43:13 --> Session: Class initialized using 'CodeIgniter\Session\Handlers\FileHandler' driver.
DEBUG - 2026-05-21 22:43:17 --> Session: Class initialized using 'CodeIgniter\Session\Handlers\FileHandler' driver.
DEBUG - 2026-05-21 15:43:17 --> Session: Class initialized using 'CodeIgniter\Session\Handlers\FileHandler' driver.
DEBUG - 2026-05-21 15:43:45 --> Session: Class initialized using 'CodeIgniter\Session\Handlers\FileHandler' driver.
DEBUG - 2026-05-21 15:43:46 --> Session: Class initialized using 'CodeIgniter\Session\Handlers\FileHandler' driver.
DEBUG - 2026-05-21 15:43:47 --> Session: Class initialized using 'CodeIgniter\Session\Handlers\FileHandler' driver.
DEBUG - 2026-05-21 15:43:49 --> Session: Class initialized using 'CodeIgniter\Session\Handlers\FileHandler' driver.
WARNING - 2026-05-21 22:43:49 --> [DEPRECATED] number_format(): Passing null to parameter #1 ($num) of type float is deprecated in APPPATH\Views\admin\closing_view.php on line 53.
 1 APPPATH\Views\admin\closing_view.php(53): number_format(null, 0, ',', '.')
 2 SYSTEMPATH\View\View.php(226): include('C:\\xampp\\htdocs\\kasirpos\\app\\Views\\admin\\closing_view.php')
 3 SYSTEMPATH\View\View.php(229): CodeIgniter\View\View->CodeIgniter\View\{closure}()
 4 SYSTEMPATH\Common.php(1167): CodeIgniter\View\View->render('admin/closing_view', [], true)
 5 APPPATH\Controllers\Admin.php(927): view('admin/closing_view', [...])
 6 SYSTEMPATH\CodeIgniter.php(933): App\Controllers\Admin->closing_kasir()
 7 SYSTEMPATH\CodeIgniter.php(507): CodeIgniter\CodeIgniter->runController(Object(App\Controllers\Admin))
 8 SYSTEMPATH\CodeIgniter.php(354): CodeIgniter\CodeIgniter->handleRequest(null, Object(Config\Cache), false)
 9 SYSTEMPATH\Boot.php(363): CodeIgniter\CodeIgniter->run()
10 SYSTEMPATH\Boot.php(68): CodeIgniter\Boot::runCodeIgniter(Object(CodeIgniter\CodeIgniter))
11 FCPATH\index.php(59): CodeIgniter\Boot::bootWeb(Object(Config\Paths))
DEBUG - 2026-05-21 15:43:54 --> Session: Class initialized using 'CodeIgniter\Session\Handlers\FileHandler' driver.
DEBUG - 2026-05-21 15:43:56 --> Session: Class initialized using 'CodeIgniter\Session\Handlers\FileHandler' driver.
DEBUG - 2026-05-21 15:43:59 --> Session: Class initialized using 'CodeIgniter\Session\Handlers\FileHandler' driver.
DEBUG - 2026-05-21 15:44:25 --> Session: Class initialized using 'CodeIgniter\Session\Handlers\FileHandler' driver.
DEBUG - 2026-05-21 15:44:37 --> Session: Class initialized using 'CodeIgniter\Session\Handlers\FileHandler' driver.
DEBUG - 2026-05-21 22:48:21 --> Session: Class initialized using 'CodeIgniter\Session\Handlers\FileHandler' driver.
DEBUG - 2026-05-21 22:48:22 --> Session: Class initialized using 'CodeIgniter\Session\Handlers\FileHandler' driver.
DEBUG - 2026-05-21 22:50:36 --> Session: Class initialized using 'CodeIgniter\Session\Handlers\FileHandler' driver.
DEBUG - 2026-05-21 22:51:23 --> Session: Class initialized using 'CodeIgniter\Session\Handlers\FileHandler' driver.
DEBUG - 2026-05-21 22:51:24 --> Session: Class initialized using 'CodeIgniter\Session\Handlers\FileHandler' driver.
DEBUG - 2026-05-21 22:51:24 --> Session: Class initialized using 'CodeIgniter\Session\Handlers\FileHandler' driver.
DEBUG - 2026-05-21 22:51:36 --> Session: Class initialized using 'CodeIgniter\Session\Handlers\FileHandler' driver.
DEBUG - 2026-05-21 15:51:36 --> Session: Class initialized using 'CodeIgniter\Session\Handlers\FileHandler' driver.
DEBUG - 2026-05-21 15:51:38 --> Session: Class initialized using 'CodeIgniter\Session\Handlers\FileHandler' driver.
DEBUG - 2026-05-21 22:52:05 --> Session: Class initialized using 'CodeIgniter\Session\Handlers\FileHandler' driver.
DEBUG - 2026-05-21 22:52:05 --> Session: Class initialized using 'CodeIgniter\Session\Handlers\FileHandler' driver.
DEBUG - 2026-05-21 22:52:18 --> Session: Class initialized using 'CodeIgniter\Session\Handlers\FileHandler' driver.
DEBUG - 2026-05-21 22:52:18 --> Session: Class initialized using 'CodeIgniter\Session\Handlers\FileHandler' driver.
DEBUG - 2026-05-21 15:52:44 --> Session: Class initialized using 'CodeIgniter\Session\Handlers\FileHandler' driver.
DEBUG - 2026-05-21 22:53:54 --> Session: Class initialized using 'CodeIgniter\Session\Handlers\FileHandler' driver.
DEBUG - 2026-05-21 22:53:58 --> Session: Class initialized using 'CodeIgniter\Session\Handlers\FileHandler' driver.
DEBUG - 2026-05-21 22:55:26 --> Session: Class initialized using 'CodeIgniter\Session\Handlers\FileHandler' driver.
DEBUG - 2026-05-21 22:55:26 --> Session: Class initialized using 'CodeIgniter\Session\Handlers\FileHandler' driver.
DEBUG - 2026-05-21 22:55:36 --> Session: Class initialized using 'CodeIgniter\Session\Handlers\FileHandler' driver.
DEBUG - 2026-05-21 22:55:36 --> Session: Class initialized using 'CodeIgniter\Session\Handlers\FileHandler' driver.
DEBUG - 2026-05-21 15:55:41 --> Session: Class initialized using 'CodeIgniter\Session\Handlers\FileHandler' driver.
DEBUG - 2026-05-21 15:55:45 --> Session: Class initialized using 'CodeIgniter\Session\Handlers\FileHandler' driver.
DEBUG - 2026-05-21 15:56:24 --> Session: Class initialized using 'CodeIgniter\Session\Handlers\FileHandler' driver.
DEBUG - 2026-05-21 15:56:28 --> Session: Class initialized using 'CodeIgniter\Session\Handlers\FileHandler' driver.
DEBUG - 2026-05-21 15:56:28 --> Session: Class initialized using 'CodeIgniter\Session\Handlers\FileHandler' driver.
DEBUG - 2026-05-21 22:56:31 --> Session: Class initialized using 'CodeIgniter\Session\Handlers\FileHandler' driver.
DEBUG - 2026-05-21 22:57:03 --> Session: Class initialized using 'CodeIgniter\Session\Handlers\FileHandler' driver.
DEBUG - 2026-05-21 22:57:12 --> Session: Class initialized using 'CodeIgniter\Session\Handlers\FileHandler' driver.
DEBUG - 2026-05-21 15:57:13 --> Session: Class initialized using 'CodeIgniter\Session\Handlers\FileHandler' driver.
DEBUG - 2026-05-21 15:57:18 --> Session: Class initialized using 'CodeIgniter\Session\Handlers\FileHandler' driver.
DEBUG - 2026-05-21 15:57:19 --> Session: Class initialized using 'CodeIgniter\Session\Handlers\FileHandler' driver.
DEBUG - 2026-05-21 15:57:20 --> Session: Class initialized using 'CodeIgniter\Session\Handlers\FileHandler' driver.
DEBUG - 2026-05-21 15:57:28 --> Session: Class initialized using 'CodeIgniter\Session\Handlers\FileHandler' driver.
DEBUG - 2026-05-21 15:58:02 --> Session: Class initialized using 'CodeIgniter\Session\Handlers\FileHandler' driver.
DEBUG - 2026-05-21 15:58:17 --> Session: Class initialized using 'CodeIgniter\Session\Handlers\FileHandler' driver.
DEBUG - 2026-05-21 15:58:21 --> Session: Class initialized using 'CodeIgniter\Session\Handlers\FileHandler' driver.
DEBUG - 2026-05-21 15:58:42 --> Session: Class initialized using 'CodeIgniter\Session\Handlers\FileHandler' driver.
DEBUG - 2026-05-21 15:58:53 --> Session: Class initialized using 'CodeIgniter\Session\Handlers\FileHandler' driver.
DEBUG - 2026-05-21 15:58:56 --> Session: Class initialized using 'CodeIgniter\Session\Handlers\FileHandler' driver.
DEBUG - 2026-05-21 15:59:00 --> Session: Class initialized using 'CodeIgniter\Session\Handlers\FileHandler' driver.
DEBUG - 2026-05-21 22:59:19 --> Session: Class initialized using 'CodeIgniter\Session\Handlers\FileHandler' driver.
DEBUG - 2026-05-21 22:59:20 --> Session: Class initialized using 'CodeIgniter\Session\Handlers\FileHandler' driver.
DEBUG - 2026-05-21 22:59:25 --> Session: Class initialized using 'CodeIgniter\Session\Handlers\FileHandler' driver.
DEBUG - 2026-05-21 22:59:25 --> Session: Class initialized using 'CodeIgniter\Session\Handlers\FileHandler' driver.
DEBUG - 2026-05-21 22:59:27 --> Session: Class initialized using 'CodeIgniter\Session\Handlers\FileHandler' driver.
DEBUG - 2026-05-21 22:59:28 --> Session: Class initialized using 'CodeIgniter\Session\Handlers\FileHandler' driver.
DEBUG - 2026-05-21 22:59:30 --> Session: Class initialized using 'CodeIgniter\Session\Handlers\FileHandler' driver.
DEBUG - 2026-05-21 22:59:37 --> Session: Class initialized using 'CodeIgniter\Session\Handlers\FileHandler' driver.
DEBUG - 2026-05-21 22:59:38 --> Session: Class initialized using 'CodeIgniter\Session\Handlers\FileHandler' driver.
DEBUG - 2026-05-21 22:59:48 --> Session: Class initialized using 'CodeIgniter\Session\Handlers\FileHandler' driver.
DEBUG - 2026-05-21 22:59:48 --> Session: Class initialized using 'CodeIgniter\Session\Handlers\FileHandler' driver.
DEBUG - 2026-05-21 23:00:04 --> Session: Class initialized using 'CodeIgniter\Session\Handlers\FileHandler' driver.
DEBUG - 2026-05-21 16:00:04 --> Session: Class initialized using 'CodeIgniter\Session\Handlers\FileHandler' driver.
DEBUG - 2026-05-21 16:00:14 --> Session: Class initialized using 'CodeIgniter\Session\Handlers\FileHandler' driver.
DEBUG - 2026-05-21 16:00:15 --> Session: Class initialized using 'CodeIgniter\Session\Handlers\FileHandler' driver.
DEBUG - 2026-05-21 16:00:15 --> Session: Class initialized using 'CodeIgniter\Session\Handlers\FileHandler' driver.
DEBUG - 2026-05-21 16:00:20 --> Session: Class initialized using 'CodeIgniter\Session\Handlers\FileHandler' driver.
DEBUG - 2026-05-21 16:00:31 --> Session: Class initialized using 'CodeIgniter\Session\Handlers\FileHandler' driver.
DEBUG - 2026-05-21 16:00:39 --> Session: Class initialized using 'CodeIgniter\Session\Handlers\FileHandler' driver.
DEBUG - 2026-05-21 16:00:46 --> Session: Class initialized using 'CodeIgniter\Session\Handlers\FileHandler' driver.
DEBUG - 2026-05-21 16:00:53 --> Session: Class initialized using 'CodeIgniter\Session\Handlers\FileHandler' driver.
DEBUG - 2026-05-21 16:01:05 --> Session: Class initialized using 'CodeIgniter\Session\Handlers\FileHandler' driver.
DEBUG - 2026-05-21 16:01:06 --> Session: Class initialized using 'CodeIgniter\Session\Handlers\FileHandler' driver.
DEBUG - 2026-05-21 16:01:06 --> Session: Class initialized using 'CodeIgniter\Session\Handlers\FileHandler' driver.
DEBUG - 2026-05-21 16:01:07 --> Session: Class initialized using 'CodeIgniter\Session\Handlers\FileHandler' driver.
DEBUG - 2026-05-21 16:01:10 --> Session: Class initialized using 'CodeIgniter\Session\Handlers\FileHandler' driver.
DEBUG - 2026-05-21 16:01:25 --> Session: Class initialized using 'CodeIgniter\Session\Handlers\FileHandler' driver.
DEBUG - 2026-05-21 16:01:35 --> Session: Class initialized using 'CodeIgniter\Session\Handlers\FileHandler' driver.
DEBUG - 2026-05-21 16:01:48 --> Session: Class initialized using 'CodeIgniter\Session\Handlers\FileHandler' driver.
DEBUG - 2026-05-21 16:02:16 --> Session: Class initialized using 'CodeIgniter\Session\Handlers\FileHandler' driver.
DEBUG - 2026-05-21 16:02:18 --> Session: Class initialized using 'CodeIgniter\Session\Handlers\FileHandler' driver.
DEBUG - 2026-05-21 16:02:29 --> Session: Class initialized using 'CodeIgniter\Session\Handlers\FileHandler' driver.
DEBUG - 2026-05-21 16:02:48 --> Session: Class initialized using 'CodeIgniter\Session\Handlers\FileHandler' driver.
DEBUG - 2026-05-21 16:02:52 --> Session: Class initialized using 'CodeIgniter\Session\Handlers\FileHandler' driver.
DEBUG - 2026-05-21 16:02:53 --> Session: Class initialized using 'CodeIgniter\Session\Handlers\FileHandler' driver.
DEBUG - 2026-05-21 16:03:50 --> Session: Class initialized using 'CodeIgniter\Session\Handlers\FileHandler' driver.
DEBUG - 2026-05-21 16:04:13 --> Session: Class initialized using 'CodeIgniter\Session\Handlers\FileHandler' driver.
DEBUG - 2026-05-21 16:06:41 --> Session: Class initialized using 'CodeIgniter\Session\Handlers\FileHandler' driver.
DEBUG - 2026-05-21 16:07:26 --> Session: Class initialized using 'CodeIgniter\Session\Handlers\FileHandler' driver.
DEBUG - 2026-05-21 16:07:26 --> Session: Class initialized using 'CodeIgniter\Session\Handlers\FileHandler' driver.
DEBUG - 2026-05-21 16:07:37 --> Session: Class initialized using 'CodeIgniter\Session\Handlers\FileHandler' driver.
DEBUG - 2026-05-21 16:07:51 --> Session: Class initialized using 'CodeIgniter\Session\Handlers\FileHandler' driver.
DEBUG - 2026-05-21 16:08:07 --> Session: Class initialized using 'CodeIgniter\Session\Handlers\FileHandler' driver.
DEBUG - 2026-05-21 16:08:12 --> Session: Class initialized using 'CodeIgniter\Session\Handlers\FileHandler' driver.
DEBUG - 2026-05-21 16:08:18 --> Session: Class initialized using 'CodeIgniter\Session\Handlers\FileHandler' driver.
DEBUG - 2026-05-21 16:08:18 --> Session: Class initialized using 'CodeIgniter\Session\Handlers\FileHandler' driver.
DEBUG - 2026-05-21 16:08:19 --> Session: Class initialized using 'CodeIgniter\Session\Handlers\FileHandler' driver.
DEBUG - 2026-05-21 16:08:25 --> Session: Class initialized using 'CodeIgniter\Session\Handlers\FileHandler' driver.
DEBUG - 2026-05-21 16:08:32 --> Session: Class initialized using 'CodeIgniter\Session\Handlers\FileHandler' driver.
DEBUG - 2026-05-21 16:09:14 --> Session: Class initialized using 'CodeIgniter\Session\Handlers\FileHandler' driver.
DEBUG - 2026-05-21 16:09:25 --> Session: Class initialized using 'CodeIgniter\Session\Handlers\FileHandler' driver.
DEBUG - 2026-05-21 16:09:39 --> Session: Class initialized using 'CodeIgniter\Session\Handlers\FileHandler' driver.
DEBUG - 2026-05-21 16:09:47 --> Session: Class initialized using 'CodeIgniter\Session\Handlers\FileHandler' driver.
DEBUG - 2026-05-21 16:09:55 --> Session: Class initialized using 'CodeIgniter\Session\Handlers\FileHandler' driver.
DEBUG - 2026-05-21 16:10:12 --> Session: Class initialized using 'CodeIgniter\Session\Handlers\FileHandler' driver.
DEBUG - 2026-05-21 16:10:18 --> Session: Class initialized using 'CodeIgniter\Session\Handlers\FileHandler' driver.
DEBUG - 2026-05-21 16:10:21 --> Session: Class initialized using 'CodeIgniter\Session\Handlers\FileHandler' driver.
DEBUG - 2026-05-21 16:11:04 --> Session: Class initialized using 'CodeIgniter\Session\Handlers\FileHandler' driver.
DEBUG - 2026-05-21 23:11:23 --> Session: Class initialized using 'CodeIgniter\Session\Handlers\FileHandler' driver.
DEBUG - 2026-05-21 16:13:01 --> Session: Class initialized using 'CodeIgniter\Session\Handlers\FileHandler' driver.
DEBUG - 2026-05-21 16:13:05 --> Session: Class initialized using 'CodeIgniter\Session\Handlers\FileHandler' driver.
DEBUG - 2026-05-21 16:13:08 --> Session: Class initialized using 'CodeIgniter\Session\Handlers\FileHandler' driver.
DEBUG - 2026-05-21 16:13:19 --> Session: Class initialized using 'CodeIgniter\Session\Handlers\FileHandler' driver.
DEBUG - 2026-05-21 23:14:20 --> Session: Class initialized using 'CodeIgniter\Session\Handlers\FileHandler' driver.
DEBUG - 2026-05-21 16:48:01 --> Session: Class initialized using 'CodeIgniter\Session\Handlers\FileHandler' driver.
DEBUG - 2026-05-21 16:48:05 --> Session: Class initialized using 'CodeIgniter\Session\Handlers\FileHandler' driver.
DEBUG - 2026-05-21 16:48:15 --> Session: Class initialized using 'CodeIgniter\Session\Handlers\FileHandler' driver.
DEBUG - 2026-05-21 16:48:16 --> Session: Class initialized using 'CodeIgniter\Session\Handlers\FileHandler' driver.
DEBUG - 2026-05-21 16:48:32 --> Session: Class initialized using 'CodeIgniter\Session\Handlers\FileHandler' driver.
DEBUG - 2026-05-21 16:48:34 --> Session: Class initialized using 'CodeIgniter\Session\Handlers\FileHandler' driver.
DEBUG - 2026-05-21 16:48:36 --> Session: Class initialized using 'CodeIgniter\Session\Handlers\FileHandler' driver.
DEBUG - 2026-05-21 16:48:37 --> Session: Class initialized using 'CodeIgniter\Session\Handlers\FileHandler' driver.
