WARNING - 2026-05-05 00:06:40 --> [DEPRECATED] strtotime(): Passing null to parameter #1 ($datetime) of type string is deprecated in APPPATH\Views\admin\penerimaan_view.php on line 93.
 1 APPPATH\Views\admin\penerimaan_view.php(93): strtotime(null)
 2 SYSTEMPATH\View\View.php(226): include('C:\\xampp\\htdocs\\kasirpos\\app\\Views\\admin\\penerimaan_view.php')
 3 SYSTEMPATH\View\View.php(229): CodeIgniter\View\View->CodeIgniter\View\{closure}()
 4 SYSTEMPATH\Common.php(1167): CodeIgniter\View\View->render('admin/penerimaan_view', [], true)
 5 APPPATH\Controllers\Admin.php(353): view('admin/penerimaan_view', [...])
 6 SYSTEMPATH\CodeIgniter.php(933): App\Controllers\Admin->penerimaan()
 7 SYSTEMPATH\CodeIgniter.php(507): CodeIgniter\CodeIgniter->runController(Object(App\Controllers\Admin))
 8 SYSTEMPATH\CodeIgniter.php(354): CodeIgniter\CodeIgniter->handleRequest(null, Object(Config\Cache), false)
 9 SYSTEMPATH\Boot.php(363): CodeIgniter\CodeIgniter->run()
10 SYSTEMPATH\Boot.php(68): CodeIgniter\Boot::runCodeIgniter(Object(CodeIgniter\CodeIgniter))
11 FCPATH\index.php(59): CodeIgniter\Boot::bootWeb(Object(Config\Paths))
12 SYSTEMPATH\rewrite.php(44): require_once('C:\\xampp\\htdocs\\kasirpos\\public\\index.php')
DEBUG - 2026-05-05 00:20:54 --> Session: Class initialized using 'CodeIgniter\Session\Handlers\FileHandler' driver.
DEBUG - 2026-05-05 00:20:56 --> Session: Class initialized using 'CodeIgniter\Session\Handlers\FileHandler' driver.
DEBUG - 2026-05-05 00:20:57 --> Session: Class initialized using 'CodeIgniter\Session\Handlers\FileHandler' driver.
DEBUG - 2026-05-05 00:22:22 --> Session: Class initialized using 'CodeIgniter\Session\Handlers\FileHandler' driver.
DEBUG - 2026-05-05 00:24:19 --> Session: Class initialized using 'CodeIgniter\Session\Handlers\FileHandler' driver.
DEBUG - 2026-05-05 00:24:20 --> Session: Class initialized using 'CodeIgniter\Session\Handlers\FileHandler' driver.
DEBUG - 2026-05-05 00:24:59 --> Session: Class initialized using 'CodeIgniter\Session\Handlers\FileHandler' driver.
DEBUG - 2026-05-05 00:25:49 --> Session: Class initialized using 'CodeIgniter\Session\Handlers\FileHandler' driver.
DEBUG - 2026-05-05 00:26:29 --> Session: Class initialized using 'CodeIgniter\Session\Handlers\FileHandler' driver.
DEBUG - 2026-05-05 00:26:32 --> Session: Class initialized using 'CodeIgniter\Session\Handlers\FileHandler' driver.
DEBUG - 2026-05-05 00:26:33 --> Session: Class initialized using 'CodeIgniter\Session\Handlers\FileHandler' driver.
DEBUG - 2026-05-05 00:26:38 --> Session: Class initialized using 'CodeIgniter\Session\Handlers\FileHandler' driver.
DEBUG - 2026-05-05 00:26:38 --> Session: Class initialized using 'CodeIgniter\Session\Handlers\FileHandler' driver.
DEBUG - 2026-05-05 00:26:42 --> Session: Class initialized using 'CodeIgniter\Session\Handlers\FileHandler' driver.
DEBUG - 2026-05-05 00:26:42 --> Session: Class initialized using 'CodeIgniter\Session\Handlers\FileHandler' driver.
DEBUG - 2026-05-05 00:26:43 --> Session: Class initialized using 'CodeIgniter\Session\Handlers\FileHandler' driver.
DEBUG - 2026-05-05 00:26:44 --> Session: Class initialized using 'CodeIgniter\Session\Handlers\FileHandler' driver.
DEBUG - 2026-05-05 00:26:47 --> Session: Class initialized using 'CodeIgniter\Session\Handlers\FileHandler' driver.
DEBUG - 2026-05-05 00:26:47 --> Session: Class initialized using 'CodeIgniter\Session\Handlers\FileHandler' driver.
DEBUG - 2026-05-05 00:26:52 --> Session: Class initialized using 'CodeIgniter\Session\Handlers\FileHandler' driver.
DEBUG - 2026-05-05 00:26:52 --> Session: Class initialized using 'CodeIgniter\Session\Handlers\FileHandler' driver.
DEBUG - 2026-05-05 00:26:56 --> Session: Class initialized using 'CodeIgniter\Session\Handlers\FileHandler' driver.
DEBUG - 2026-05-05 00:26:56 --> Session: Class initialized using 'CodeIgniter\Session\Handlers\FileHandler' driver.
DEBUG - 2026-05-05 00:27:00 --> Session: Class initialized using 'CodeIgniter\Session\Handlers\FileHandler' driver.
DEBUG - 2026-05-05 00:27:00 --> Session: Class initialized using 'CodeIgniter\Session\Handlers\FileHandler' driver.
DEBUG - 2026-05-05 00:27:07 --> Session: Class initialized using 'CodeIgniter\Session\Handlers\FileHandler' driver.
DEBUG - 2026-05-05 00:27:07 --> Session: Class initialized using 'CodeIgniter\Session\Handlers\FileHandler' driver.
DEBUG - 2026-05-05 00:27:12 --> Session: Class initialized using 'CodeIgniter\Session\Handlers\FileHandler' driver.
DEBUG - 2026-05-05 00:27:12 --> Session: Class initialized using 'CodeIgniter\Session\Handlers\FileHandler' driver.
DEBUG - 2026-05-05 00:27:17 --> Session: Class initialized using 'CodeIgniter\Session\Handlers\FileHandler' driver.
DEBUG - 2026-05-05 00:27:18 --> Session: Class initialized using 'CodeIgniter\Session\Handlers\FileHandler' driver.
DEBUG - 2026-05-05 00:27:19 --> Session: Class initialized using 'CodeIgniter\Session\Handlers\FileHandler' driver.
DEBUG - 2026-05-05 00:30:09 --> Session: Class initialized using 'CodeIgniter\Session\Handlers\FileHandler' driver.
DEBUG - 2026-05-05 00:30:09 --> Session: Class initialized using 'CodeIgniter\Session\Handlers\FileHandler' driver.
CRITICAL - 2026-05-05 00:30:13 --> ErrorException: Undefined array key "id"
[Method: GET, Route: admin/manajemen-user]
in APPPATH\Views\admin\user_view.php on line 77.
 1 APPPATH\Views\admin\user_view.php(77): CodeIgniter\Debug\Exceptions->errorHandler(2, 'Undefined array key "id"', 'C:\\xampp\\htdocs\\kasirpos\\app\\Views\\admin\\user_view.php', 77)
 2 SYSTEMPATH\View\View.php(226): include('C:\\xampp\\htdocs\\kasirpos\\app\\Views\\admin\\user_view.php')
 3 SYSTEMPATH\View\View.php(229): CodeIgniter\View\View->CodeIgniter\View\{closure}()
 4 SYSTEMPATH\Common.php(1167): CodeIgniter\View\View->render('admin/user_view', [], true)
 5 APPPATH\Controllers\Admin.php(183): view('admin/user_view', [...])
 6 SYSTEMPATH\CodeIgniter.php(933): App\Controllers\Admin->user()
 7 SYSTEMPATH\CodeIgniter.php(507): CodeIgniter\CodeIgniter->runController(Object(App\Controllers\Admin))
 8 SYSTEMPATH\CodeIgniter.php(354): CodeIgniter\CodeIgniter->handleRequest(null, Object(Config\Cache), false)
 9 SYSTEMPATH\Boot.php(363): CodeIgniter\CodeIgniter->run()
10 SYSTEMPATH\Boot.php(68): CodeIgniter\Boot::runCodeIgniter(Object(CodeIgniter\CodeIgniter))
11 FCPATH\index.php(59): CodeIgniter\Boot::bootWeb(Object(Config\Paths))
12 SYSTEMPATH\rewrite.php(44): require_once('C:\\xampp\\htdocs\\kasirpos\\public\\index.php')
CRITICAL - 2026-05-05 00:30:44 --> ErrorException: Undefined array key "id"
[Method: GET, Route: admin/manajemen-user]
in APPPATH\Views\admin\user_view.php on line 77.
 1 APPPATH\Views\admin\user_view.php(77): CodeIgniter\Debug\Exceptions->errorHandler(2, 'Undefined array key "id"', 'C:\\xampp\\htdocs\\kasirpos\\app\\Views\\admin\\user_view.php', 77)
 2 SYSTEMPATH\View\View.php(226): include('C:\\xampp\\htdocs\\kasirpos\\app\\Views\\admin\\user_view.php')
 3 SYSTEMPATH\View\View.php(229): CodeIgniter\View\View->CodeIgniter\View\{closure}()
 4 SYSTEMPATH\Common.php(1167): CodeIgniter\View\View->render('admin/user_view', [], true)
 5 APPPATH\Controllers\Admin.php(183): view('admin/user_view', [...])
 6 SYSTEMPATH\CodeIgniter.php(933): App\Controllers\Admin->user()
 7 SYSTEMPATH\CodeIgniter.php(507): CodeIgniter\CodeIgniter->runController(Object(App\Controllers\Admin))
 8 SYSTEMPATH\CodeIgniter.php(354): CodeIgniter\CodeIgniter->handleRequest(null, Object(Config\Cache), false)
 9 SYSTEMPATH\Boot.php(363): CodeIgniter\CodeIgniter->run()
10 SYSTEMPATH\Boot.php(68): CodeIgniter\Boot::runCodeIgniter(Object(CodeIgniter\CodeIgniter))
11 FCPATH\index.php(59): CodeIgniter\Boot::bootWeb(Object(Config\Paths))
12 SYSTEMPATH\rewrite.php(44): require_once('C:\\xampp\\htdocs\\kasirpos\\public\\index.php')
DEBUG - 2026-05-05 00:31:52 --> Session: Class initialized using 'CodeIgniter\Session\Handlers\FileHandler' driver.
CRITICAL - 2026-05-05 00:31:56 --> ErrorException: Undefined array key "id_user"
[Method: GET, Route: admin/manajemen-user]
in APPPATH\Views\admin\user_view.php on line 77.
 1 APPPATH\Views\admin\user_view.php(77): CodeIgniter\Debug\Exceptions->errorHandler(2, 'Undefined array key "id_user"', 'C:\\xampp\\htdocs\\kasirpos\\app\\Views\\admin\\user_view.php', 77)
 2 SYSTEMPATH\View\View.php(226): include('C:\\xampp\\htdocs\\kasirpos\\app\\Views\\admin\\user_view.php')
 3 SYSTEMPATH\View\View.php(229): CodeIgniter\View\View->CodeIgniter\View\{closure}()
 4 SYSTEMPATH\Common.php(1167): CodeIgniter\View\View->render('admin/user_view', [], true)
 5 APPPATH\Controllers\Admin.php(183): view('admin/user_view', [...])
 6 SYSTEMPATH\CodeIgniter.php(933): App\Controllers\Admin->user()
 7 SYSTEMPATH\CodeIgniter.php(507): CodeIgniter\CodeIgniter->runController(Object(App\Controllers\Admin))
 8 SYSTEMPATH\CodeIgniter.php(354): CodeIgniter\CodeIgniter->handleRequest(null, Object(Config\Cache), false)
 9 SYSTEMPATH\Boot.php(363): CodeIgniter\CodeIgniter->run()
10 SYSTEMPATH\Boot.php(68): CodeIgniter\Boot::runCodeIgniter(Object(CodeIgniter\CodeIgniter))
11 FCPATH\index.php(59): CodeIgniter\Boot::bootWeb(Object(Config\Paths))
12 SYSTEMPATH\rewrite.php(44): require_once('C:\\xampp\\htdocs\\kasirpos\\public\\index.php')
WARNING - 2026-05-05 00:32:28 --> [DEPRECATED] strtotime(): Passing null to parameter #1 ($datetime) of type string is deprecated in APPPATH\Views\admin\penerimaan_view.php on line 93.
 1 APPPATH\Views\admin\penerimaan_view.php(93): strtotime(null)
 2 SYSTEMPATH\View\View.php(226): include('C:\\xampp\\htdocs\\kasirpos\\app\\Views\\admin\\penerimaan_view.php')
 3 SYSTEMPATH\View\View.php(229): CodeIgniter\View\View->CodeIgniter\View\{closure}()
 4 SYSTEMPATH\Common.php(1167): CodeIgniter\View\View->render('admin/penerimaan_view', [], true)
 5 APPPATH\Controllers\Admin.php(353): view('admin/penerimaan_view', [...])
 6 SYSTEMPATH\CodeIgniter.php(933): App\Controllers\Admin->penerimaan()
 7 SYSTEMPATH\CodeIgniter.php(507): CodeIgniter\CodeIgniter->runController(Object(App\Controllers\Admin))
 8 SYSTEMPATH\CodeIgniter.php(354): CodeIgniter\CodeIgniter->handleRequest(null, Object(Config\Cache), false)
 9 SYSTEMPATH\Boot.php(363): CodeIgniter\CodeIgniter->run()
10 SYSTEMPATH\Boot.php(68): CodeIgniter\Boot::runCodeIgniter(Object(CodeIgniter\CodeIgniter))
11 FCPATH\index.php(59): CodeIgniter\Boot::bootWeb(Object(Config\Paths))
12 SYSTEMPATH\rewrite.php(44): require_once('C:\\xampp\\htdocs\\kasirpos\\public\\index.php')
CRITICAL - 2026-05-05 00:32:32 --> ErrorException: Undefined array key "id_user"
[Method: GET, Route: admin/manajemen-user]
in APPPATH\Views\admin\user_view.php on line 77.
 1 APPPATH\Views\admin\user_view.php(77): CodeIgniter\Debug\Exceptions->errorHandler(2, 'Undefined array key "id_user"', 'C:\\xampp\\htdocs\\kasirpos\\app\\Views\\admin\\user_view.php', 77)
 2 SYSTEMPATH\View\View.php(226): include('C:\\xampp\\htdocs\\kasirpos\\app\\Views\\admin\\user_view.php')
 3 SYSTEMPATH\View\View.php(229): CodeIgniter\View\View->CodeIgniter\View\{closure}()
 4 SYSTEMPATH\Common.php(1167): CodeIgniter\View\View->render('admin/user_view', [], true)
 5 APPPATH\Controllers\Admin.php(183): view('admin/user_view', [...])
 6 SYSTEMPATH\CodeIgniter.php(933): App\Controllers\Admin->user()
 7 SYSTEMPATH\CodeIgniter.php(507): CodeIgniter\CodeIgniter->runController(Object(App\Controllers\Admin))
 8 SYSTEMPATH\CodeIgniter.php(354): CodeIgniter\CodeIgniter->handleRequest(null, Object(Config\Cache), false)
 9 SYSTEMPATH\Boot.php(363): CodeIgniter\CodeIgniter->run()
10 SYSTEMPATH\Boot.php(68): CodeIgniter\Boot::runCodeIgniter(Object(CodeIgniter\CodeIgniter))
11 FCPATH\index.php(59): CodeIgniter\Boot::bootWeb(Object(Config\Paths))
12 SYSTEMPATH\rewrite.php(44): require_once('C:\\xampp\\htdocs\\kasirpos\\public\\index.php')
WARNING - 2026-05-05 00:33:27 --> [DEPRECATED] strtotime(): Passing null to parameter #1 ($datetime) of type string is deprecated in APPPATH\Views\admin\penerimaan_view.php on line 93.
 1 APPPATH\Views\admin\penerimaan_view.php(93): strtotime(null)
 2 SYSTEMPATH\View\View.php(226): include('C:\\xampp\\htdocs\\kasirpos\\app\\Views\\admin\\penerimaan_view.php')
 3 SYSTEMPATH\View\View.php(229): CodeIgniter\View\View->CodeIgniter\View\{closure}()
 4 SYSTEMPATH\Common.php(1167): CodeIgniter\View\View->render('admin/penerimaan_view', [], true)
 5 APPPATH\Controllers\Admin.php(353): view('admin/penerimaan_view', [...])
 6 SYSTEMPATH\CodeIgniter.php(933): App\Controllers\Admin->penerimaan()
 7 SYSTEMPATH\CodeIgniter.php(507): CodeIgniter\CodeIgniter->runController(Object(App\Controllers\Admin))
 8 SYSTEMPATH\CodeIgniter.php(354): CodeIgniter\CodeIgniter->handleRequest(null, Object(Config\Cache), false)
 9 SYSTEMPATH\Boot.php(363): CodeIgniter\CodeIgniter->run()
10 SYSTEMPATH\Boot.php(68): CodeIgniter\Boot::runCodeIgniter(Object(CodeIgniter\CodeIgniter))
11 FCPATH\index.php(59): CodeIgniter\Boot::bootWeb(Object(Config\Paths))
12 SYSTEMPATH\rewrite.php(44): require_once('C:\\xampp\\htdocs\\kasirpos\\public\\index.php')
CRITICAL - 2026-05-05 00:33:47 --> ErrorException: Undefined array key "id"
[Method: GET, Route: admin/manajemen-user]
in APPPATH\Views\admin\user_view.php on line 77.
 1 APPPATH\Views\admin\user_view.php(77): CodeIgniter\Debug\Exceptions->errorHandler(2, 'Undefined array key "id"', 'C:\\xampp\\htdocs\\kasirpos\\app\\Views\\admin\\user_view.php', 77)
 2 SYSTEMPATH\View\View.php(226): include('C:\\xampp\\htdocs\\kasirpos\\app\\Views\\admin\\user_view.php')
 3 SYSTEMPATH\View\View.php(229): CodeIgniter\View\View->CodeIgniter\View\{closure}()
 4 SYSTEMPATH\Common.php(1167): CodeIgniter\View\View->render('admin/user_view', [], true)
 5 APPPATH\Controllers\Admin.php(183): view('admin/user_view', [...])
 6 SYSTEMPATH\CodeIgniter.php(933): App\Controllers\Admin->user()
 7 SYSTEMPATH\CodeIgniter.php(507): CodeIgniter\CodeIgniter->runController(Object(App\Controllers\Admin))
 8 SYSTEMPATH\CodeIgniter.php(354): CodeIgniter\CodeIgniter->handleRequest(null, Object(Config\Cache), false)
 9 SYSTEMPATH\Boot.php(363): CodeIgniter\CodeIgniter->run()
10 SYSTEMPATH\Boot.php(68): CodeIgniter\Boot::runCodeIgniter(Object(CodeIgniter\CodeIgniter))
11 FCPATH\index.php(59): CodeIgniter\Boot::bootWeb(Object(Config\Paths))
12 SYSTEMPATH\rewrite.php(44): require_once('C:\\xampp\\htdocs\\kasirpos\\public\\index.php')
CRITICAL - 2026-05-05 00:34:51 --> ErrorException: Undefined array key "id"
[Method: GET, Route: admin/manajemen-user]
in APPPATH\Views\admin\user_view.php on line 95.
 1 APPPATH\Views\admin\user_view.php(95): CodeIgniter\Debug\Exceptions->errorHandler(2, 'Undefined array key "id"', 'C:\\xampp\\htdocs\\kasirpos\\app\\Views\\admin\\user_view.php', 95)
 2 SYSTEMPATH\View\View.php(226): include('C:\\xampp\\htdocs\\kasirpos\\app\\Views\\admin\\user_view.php')
 3 SYSTEMPATH\View\View.php(229): CodeIgniter\View\View->CodeIgniter\View\{closure}()
 4 SYSTEMPATH\Common.php(1167): CodeIgniter\View\View->render('admin/user_view', [], true)
 5 APPPATH\Controllers\Admin.php(183): view('admin/user_view', [...])
 6 SYSTEMPATH\CodeIgniter.php(933): App\Controllers\Admin->user()
 7 SYSTEMPATH\CodeIgniter.php(507): CodeIgniter\CodeIgniter->runController(Object(App\Controllers\Admin))
 8 SYSTEMPATH\CodeIgniter.php(354): CodeIgniter\CodeIgniter->handleRequest(null, Object(Config\Cache), false)
 9 SYSTEMPATH\Boot.php(363): CodeIgniter\CodeIgniter->run()
10 SYSTEMPATH\Boot.php(68): CodeIgniter\Boot::runCodeIgniter(Object(CodeIgniter\CodeIgniter))
11 FCPATH\index.php(59): CodeIgniter\Boot::bootWeb(Object(Config\Paths))
12 SYSTEMPATH\rewrite.php(44): require_once('C:\\xampp\\htdocs\\kasirpos\\public\\index.php')
CRITICAL - 2026-05-05 00:39:30 --> ErrorException: Undefined array key "id"
[Method: GET, Route: admin/manajemen-user]
in APPPATH\Views\admin\user_view.php on line 95.
 1 APPPATH\Views\admin\user_view.php(95): CodeIgniter\Debug\Exceptions->errorHandler(2, 'Undefined array key "id"', 'C:\\xampp\\htdocs\\kasirpos\\app\\Views\\admin\\user_view.php', 95)
 2 SYSTEMPATH\View\View.php(226): include('C:\\xampp\\htdocs\\kasirpos\\app\\Views\\admin\\user_view.php')
 3 SYSTEMPATH\View\View.php(229): CodeIgniter\View\View->CodeIgniter\View\{closure}()
 4 SYSTEMPATH\Common.php(1167): CodeIgniter\View\View->render('admin/user_view', [], true)
 5 APPPATH\Controllers\Admin.php(183): view('admin/user_view', [...])
 6 SYSTEMPATH\CodeIgniter.php(933): App\Controllers\Admin->user()
 7 SYSTEMPATH\CodeIgniter.php(507): CodeIgniter\CodeIgniter->runController(Object(App\Controllers\Admin))
 8 SYSTEMPATH\CodeIgniter.php(354): CodeIgniter\CodeIgniter->handleRequest(null, Object(Config\Cache), false)
 9 SYSTEMPATH\Boot.php(363): CodeIgniter\CodeIgniter->run()
10 SYSTEMPATH\Boot.php(68): CodeIgniter\Boot::runCodeIgniter(Object(CodeIgniter\CodeIgniter))
11 FCPATH\index.php(59): CodeIgniter\Boot::bootWeb(Object(Config\Paths))
12 SYSTEMPATH\rewrite.php(44): require_once('C:\\xampp\\htdocs\\kasirpos\\public\\index.php')
CRITICAL - 2026-05-05 00:40:33 --> ErrorException: Undefined array key "email"
[Method: GET, Route: admin/manajemen-user]
in APPPATH\Views\admin\user_view.php on line 63.
 1 APPPATH\Views\admin\user_view.php(63): CodeIgniter\Debug\Exceptions->errorHandler(2, 'Undefined array key "email"', 'C:\\xampp\\htdocs\\kasirpos\\app\\Views\\admin\\user_view.php', 63)
 2 SYSTEMPATH\View\View.php(226): include('C:\\xampp\\htdocs\\kasirpos\\app\\Views\\admin\\user_view.php')
 3 SYSTEMPATH\View\View.php(229): CodeIgniter\View\View->CodeIgniter\View\{closure}()
 4 SYSTEMPATH\Common.php(1167): CodeIgniter\View\View->render('admin/user_view', [], true)
 5 APPPATH\Controllers\Admin.php(183): view('admin/user_view', [...])
 6 SYSTEMPATH\CodeIgniter.php(933): App\Controllers\Admin->user()
 7 SYSTEMPATH\CodeIgniter.php(507): CodeIgniter\CodeIgniter->runController(Object(App\Controllers\Admin))
 8 SYSTEMPATH\CodeIgniter.php(354): CodeIgniter\CodeIgniter->handleRequest(null, Object(Config\Cache), false)
 9 SYSTEMPATH\Boot.php(363): CodeIgniter\CodeIgniter->run()
10 SYSTEMPATH\Boot.php(68): CodeIgniter\Boot::runCodeIgniter(Object(CodeIgniter\CodeIgniter))
11 FCPATH\index.php(59): CodeIgniter\Boot::bootWeb(Object(Config\Paths))
12 SYSTEMPATH\rewrite.php(44): require_once('C:\\xampp\\htdocs\\kasirpos\\public\\index.php')
CRITICAL - 2026-05-05 00:41:49 --> ErrorException: Undefined array key "email"
[Method: GET, Route: admin/manajemen-user]
in APPPATH\Views\admin\user_view.php on line 63.
 1 APPPATH\Views\admin\user_view.php(63): CodeIgniter\Debug\Exceptions->errorHandler(2, 'Undefined array key "email"', 'C:\\xampp\\htdocs\\kasirpos\\app\\Views\\admin\\user_view.php', 63)
 2 SYSTEMPATH\View\View.php(226): include('C:\\xampp\\htdocs\\kasirpos\\app\\Views\\admin\\user_view.php')
 3 SYSTEMPATH\View\View.php(229): CodeIgniter\View\View->CodeIgniter\View\{closure}()
 4 SYSTEMPATH\Common.php(1167): CodeIgniter\View\View->render('admin/user_view', [], true)
 5 APPPATH\Controllers\Admin.php(183): view('admin/user_view', [...])
 6 SYSTEMPATH\CodeIgniter.php(933): App\Controllers\Admin->user()
 7 SYSTEMPATH\CodeIgniter.php(507): CodeIgniter\CodeIgniter->runController(Object(App\Controllers\Admin))
 8 SYSTEMPATH\CodeIgniter.php(354): CodeIgniter\CodeIgniter->handleRequest(null, Object(Config\Cache), false)
 9 SYSTEMPATH\Boot.php(363): CodeIgniter\CodeIgniter->run()
10 SYSTEMPATH\Boot.php(68): CodeIgniter\Boot::runCodeIgniter(Object(CodeIgniter\CodeIgniter))
11 FCPATH\index.php(59): CodeIgniter\Boot::bootWeb(Object(Config\Paths))
12 SYSTEMPATH\rewrite.php(44): require_once('C:\\xampp\\htdocs\\kasirpos\\public\\index.php')
CRITICAL - 2026-05-05 00:46:37 --> ErrorException: Undefined array key "nama_us"
[Method: GET, Route: admin/manajemen-user]
in APPPATH\Views\admin\user_view.php on line 63.
 1 APPPATH\Views\admin\user_view.php(63): CodeIgniter\Debug\Exceptions->errorHandler(2, 'Undefined array key "nama_us"', 'C:\\xampp\\htdocs\\kasirpos\\app\\Views\\admin\\user_view.php', 63)
 2 SYSTEMPATH\View\View.php(226): include('C:\\xampp\\htdocs\\kasirpos\\app\\Views\\admin\\user_view.php')
 3 SYSTEMPATH\View\View.php(229): CodeIgniter\View\View->CodeIgniter\View\{closure}()
 4 SYSTEMPATH\Common.php(1167): CodeIgniter\View\View->render('admin/user_view', [], true)
 5 APPPATH\Controllers\Admin.php(183): view('admin/user_view', [...])
 6 SYSTEMPATH\CodeIgniter.php(933): App\Controllers\Admin->user()
 7 SYSTEMPATH\CodeIgniter.php(507): CodeIgniter\CodeIgniter->runController(Object(App\Controllers\Admin))
 8 SYSTEMPATH\CodeIgniter.php(354): CodeIgniter\CodeIgniter->handleRequest(null, Object(Config\Cache), false)
 9 SYSTEMPATH\Boot.php(363): CodeIgniter\CodeIgniter->run()
10 SYSTEMPATH\Boot.php(68): CodeIgniter\Boot::runCodeIgniter(Object(CodeIgniter\CodeIgniter))
11 FCPATH\index.php(59): CodeIgniter\Boot::bootWeb(Object(Config\Paths))
12 SYSTEMPATH\rewrite.php(44): require_once('C:\\xampp\\htdocs\\kasirpos\\public\\index.php')
DEBUG - 2026-05-05 00:47:42 --> Session: Class initialized using 'CodeIgniter\Session\Handlers\FileHandler' driver.
DEBUG - 2026-05-05 00:47:42 --> Session: Class initialized using 'CodeIgniter\Session\Handlers\FileHandler' driver.
DEBUG - 2026-05-05 00:47:46 --> Session: Class initialized using 'CodeIgniter\Session\Handlers\FileHandler' driver.
DEBUG - 2026-05-05 00:47:46 --> Session: Class initialized using 'CodeIgniter\Session\Handlers\FileHandler' driver.
DEBUG - 2026-05-05 00:47:49 --> Session: Class initialized using 'CodeIgniter\Session\Handlers\FileHandler' driver.
DEBUG - 2026-05-05 00:47:49 --> Session: Class initialized using 'CodeIgniter\Session\Handlers\FileHandler' driver.
CRITICAL - 2026-05-05 00:51:20 --> CodeIgniter\Pager\Exceptions\PagerException: "bootstrap_pagination" is not a valid Pager template.
[Method: GET, Route: admin/manajemen-user]
in SYSTEMPATH\Pager\Pager.php on line 124.
 1 SYSTEMPATH\Pager\Pager.php(124): CodeIgniter\Pager\Exceptions\PagerException::forInvalidTemplate('bootstrap_pagination')
 2 SYSTEMPATH\Pager\Pager.php(87): CodeIgniter\Pager\Pager->displayLinks('default', 'bootstrap_pagination')
 3 APPPATH\Views\admin\user_view.php(142): CodeIgniter\Pager\Pager->links('default', 'bootstrap_pagination')
 4 SYSTEMPATH\View\View.php(226): include('C:\\xampp\\htdocs\\kasirpos\\app\\Views\\admin\\user_view.php')
 5 SYSTEMPATH\View\View.php(229): CodeIgniter\View\View->CodeIgniter\View\{closure}()
 6 SYSTEMPATH\Common.php(1167): CodeIgniter\View\View->render('admin/user_view', [], true)
 7 APPPATH\Controllers\Admin.php(189): view('admin/user_view', [...])
 8 SYSTEMPATH\CodeIgniter.php(933): App\Controllers\Admin->user()
 9 SYSTEMPATH\CodeIgniter.php(507): CodeIgniter\CodeIgniter->runController(Object(App\Controllers\Admin))
10 SYSTEMPATH\CodeIgniter.php(354): CodeIgniter\CodeIgniter->handleRequest(null, Object(Config\Cache), false)
11 SYSTEMPATH\Boot.php(363): CodeIgniter\CodeIgniter->run()
12 SYSTEMPATH\Boot.php(68): CodeIgniter\Boot::runCodeIgniter(Object(CodeIgniter\CodeIgniter))
13 FCPATH\index.php(59): CodeIgniter\Boot::bootWeb(Object(Config\Paths))
14 SYSTEMPATH\rewrite.php(44): require_once('C:\\xampp\\htdocs\\kasirpos\\public\\index.php')
CRITICAL - 2026-05-05 00:52:04 --> CodeIgniter\Pager\Exceptions\PagerException: "default_full" is not a valid Pager template.
[Method: GET, Route: admin/manajemen-user]
in SYSTEMPATH\Pager\Pager.php on line 124.
 1 SYSTEMPATH\Pager\Pager.php(124): CodeIgniter\Pager\Exceptions\PagerException::forInvalidTemplate('default_full')
 2 SYSTEMPATH\Pager\Pager.php(87): CodeIgniter\Pager\Pager->displayLinks('user', 'default_full')
 3 APPPATH\Views\admin\user_view.php(142): CodeIgniter\Pager\Pager->links('user')
 4 SYSTEMPATH\View\View.php(226): include('C:\\xampp\\htdocs\\kasirpos\\app\\Views\\admin\\user_view.php')
 5 SYSTEMPATH\View\View.php(229): CodeIgniter\View\View->CodeIgniter\View\{closure}()
 6 SYSTEMPATH\Common.php(1167): CodeIgniter\View\View->render('admin/user_view', [], true)
 7 APPPATH\Controllers\Admin.php(189): view('admin/user_view', [...])
 8 SYSTEMPATH\CodeIgniter.php(933): App\Controllers\Admin->user()
 9 SYSTEMPATH\CodeIgniter.php(507): CodeIgniter\CodeIgniter->runController(Object(App\Controllers\Admin))
10 SYSTEMPATH\CodeIgniter.php(354): CodeIgniter\CodeIgniter->handleRequest(null, Object(Config\Cache), false)
11 SYSTEMPATH\Boot.php(363): CodeIgniter\CodeIgniter->run()
12 SYSTEMPATH\Boot.php(68): CodeIgniter\Boot::runCodeIgniter(Object(CodeIgniter\CodeIgniter))
13 FCPATH\index.php(59): CodeIgniter\Boot::bootWeb(Object(Config\Paths))
14 SYSTEMPATH\rewrite.php(44): require_once('C:\\xampp\\htdocs\\kasirpos\\public\\index.php')
CRITICAL - 2026-05-05 00:52:40 --> CodeIgniter\Pager\Exceptions\PagerException: "default_full" is not a valid Pager template.
[Method: GET, Route: admin/manajemen-user]
in SYSTEMPATH\Pager\Pager.php on line 124.
 1 SYSTEMPATH\Pager\Pager.php(124): CodeIgniter\Pager\Exceptions\PagerException::forInvalidTemplate('default_full')
 2 SYSTEMPATH\Pager\Pager.php(87): CodeIgniter\Pager\Pager->displayLinks('user', 'default_full')
 3 APPPATH\Views\admin\user_view.php(142): CodeIgniter\Pager\Pager->links('user')
 4 SYSTEMPATH\View\View.php(226): include('C:\\xampp\\htdocs\\kasirpos\\app\\Views\\admin\\user_view.php')
 5 SYSTEMPATH\View\View.php(229): CodeIgniter\View\View->CodeIgniter\View\{closure}()
 6 SYSTEMPATH\Common.php(1167): CodeIgniter\View\View->render('admin/user_view', [], true)
 7 APPPATH\Controllers\Admin.php(189): view('admin/user_view', [...])
 8 SYSTEMPATH\CodeIgniter.php(933): App\Controllers\Admin->user()
 9 SYSTEMPATH\CodeIgniter.php(507): CodeIgniter\CodeIgniter->runController(Object(App\Controllers\Admin))
10 SYSTEMPATH\CodeIgniter.php(354): CodeIgniter\CodeIgniter->handleRequest(null, Object(Config\Cache), false)
11 SYSTEMPATH\Boot.php(363): CodeIgniter\CodeIgniter->run()
12 SYSTEMPATH\Boot.php(68): CodeIgniter\Boot::runCodeIgniter(Object(CodeIgniter\CodeIgniter))
13 FCPATH\index.php(59): CodeIgniter\Boot::bootWeb(Object(Config\Paths))
14 SYSTEMPATH\rewrite.php(44): require_once('C:\\xampp\\htdocs\\kasirpos\\public\\index.php')
CRITICAL - 2026-05-05 00:52:52 --> CodeIgniter\Pager\Exceptions\PagerException: "default_full" is not a valid Pager template.
[Method: GET, Route: admin/manajemen-user]
in SYSTEMPATH\Pager\Pager.php on line 124.
 1 SYSTEMPATH\Pager\Pager.php(124): CodeIgniter\Pager\Exceptions\PagerException::forInvalidTemplate('default_full')
 2 SYSTEMPATH\Pager\Pager.php(87): CodeIgniter\Pager\Pager->displayLinks('user', 'default_full')
 3 APPPATH\Views\admin\user_view.php(142): CodeIgniter\Pager\Pager->links('user')
 4 SYSTEMPATH\View\View.php(226): include('C:\\xampp\\htdocs\\kasirpos\\app\\Views\\admin\\user_view.php')
 5 SYSTEMPATH\View\View.php(229): CodeIgniter\View\View->CodeIgniter\View\{closure}()
 6 SYSTEMPATH\Common.php(1167): CodeIgniter\View\View->render('admin/user_view', [], true)
 7 APPPATH\Controllers\Admin.php(189): view('admin/user_view', [...])
 8 SYSTEMPATH\CodeIgniter.php(933): App\Controllers\Admin->user()
 9 SYSTEMPATH\CodeIgniter.php(507): CodeIgniter\CodeIgniter->runController(Object(App\Controllers\Admin))
10 SYSTEMPATH\CodeIgniter.php(354): CodeIgniter\CodeIgniter->handleRequest(null, Object(Config\Cache), false)
11 SYSTEMPATH\Boot.php(363): CodeIgniter\CodeIgniter->run()
12 SYSTEMPATH\Boot.php(68): CodeIgniter\Boot::runCodeIgniter(Object(CodeIgniter\CodeIgniter))
13 FCPATH\index.php(59): CodeIgniter\Boot::bootWeb(Object(Config\Paths))
14 SYSTEMPATH\rewrite.php(44): require_once('C:\\xampp\\htdocs\\kasirpos\\public\\index.php')
CRITICAL - 2026-05-05 00:52:52 --> CodeIgniter\Pager\Exceptions\PagerException: "default_full" is not a valid Pager template.
[Method: GET, Route: admin/manajemen-user]
in SYSTEMPATH\Pager\Pager.php on line 124.
 1 SYSTEMPATH\Pager\Pager.php(124): CodeIgniter\Pager\Exceptions\PagerException::forInvalidTemplate('default_full')
 2 SYSTEMPATH\Pager\Pager.php(87): CodeIgniter\Pager\Pager->displayLinks('user', 'default_full')
 3 APPPATH\Views\admin\user_view.php(142): CodeIgniter\Pager\Pager->links('user')
 4 SYSTEMPATH\View\View.php(226): include('C:\\xampp\\htdocs\\kasirpos\\app\\Views\\admin\\user_view.php')
 5 SYSTEMPATH\View\View.php(229): CodeIgniter\View\View->CodeIgniter\View\{closure}()
 6 SYSTEMPATH\Common.php(1167): CodeIgniter\View\View->render('admin/user_view', [], true)
 7 APPPATH\Controllers\Admin.php(189): view('admin/user_view', [...])
 8 SYSTEMPATH\CodeIgniter.php(933): App\Controllers\Admin->user()
 9 SYSTEMPATH\CodeIgniter.php(507): CodeIgniter\CodeIgniter->runController(Object(App\Controllers\Admin))
10 SYSTEMPATH\CodeIgniter.php(354): CodeIgniter\CodeIgniter->handleRequest(null, Object(Config\Cache), false)
11 SYSTEMPATH\Boot.php(363): CodeIgniter\CodeIgniter->run()
12 SYSTEMPATH\Boot.php(68): CodeIgniter\Boot::runCodeIgniter(Object(CodeIgniter\CodeIgniter))
13 FCPATH\index.php(59): CodeIgniter\Boot::bootWeb(Object(Config\Paths))
14 SYSTEMPATH\rewrite.php(44): require_once('C:\\xampp\\htdocs\\kasirpos\\public\\index.php')
CRITICAL - 2026-05-05 00:52:52 --> CodeIgniter\Pager\Exceptions\PagerException: "default_full" is not a valid Pager template.
[Method: GET, Route: admin/manajemen-user]
in SYSTEMPATH\Pager\Pager.php on line 124.
 1 SYSTEMPATH\Pager\Pager.php(124): CodeIgniter\Pager\Exceptions\PagerException::forInvalidTemplate('default_full')
 2 SYSTEMPATH\Pager\Pager.php(87): CodeIgniter\Pager\Pager->displayLinks('user', 'default_full')
 3 APPPATH\Views\admin\user_view.php(142): CodeIgniter\Pager\Pager->links('user')
 4 SYSTEMPATH\View\View.php(226): include('C:\\xampp\\htdocs\\kasirpos\\app\\Views\\admin\\user_view.php')
 5 SYSTEMPATH\View\View.php(229): CodeIgniter\View\View->CodeIgniter\View\{closure}()
 6 SYSTEMPATH\Common.php(1167): CodeIgniter\View\View->render('admin/user_view', [], true)
 7 APPPATH\Controllers\Admin.php(189): view('admin/user_view', [...])
 8 SYSTEMPATH\CodeIgniter.php(933): App\Controllers\Admin->user()
 9 SYSTEMPATH\CodeIgniter.php(507): CodeIgniter\CodeIgniter->runController(Object(App\Controllers\Admin))
10 SYSTEMPATH\CodeIgniter.php(354): CodeIgniter\CodeIgniter->handleRequest(null, Object(Config\Cache), false)
11 SYSTEMPATH\Boot.php(363): CodeIgniter\CodeIgniter->run()
12 SYSTEMPATH\Boot.php(68): CodeIgniter\Boot::runCodeIgniter(Object(CodeIgniter\CodeIgniter))
13 FCPATH\index.php(59): CodeIgniter\Boot::bootWeb(Object(Config\Paths))
14 SYSTEMPATH\rewrite.php(44): require_once('C:\\xampp\\htdocs\\kasirpos\\public\\index.php')
CRITICAL - 2026-05-05 00:53:47 --> CodeIgniter\Pager\Exceptions\PagerException: "default_full" is not a valid Pager template.
[Method: GET, Route: admin/manajemen-user]
in SYSTEMPATH\Pager\Pager.php on line 124.
 1 SYSTEMPATH\Pager\Pager.php(124): CodeIgniter\Pager\Exceptions\PagerException::forInvalidTemplate('default_full')
 2 SYSTEMPATH\Pager\Pager.php(87): CodeIgniter\Pager\Pager->displayLinks('user', 'default_full')
 3 APPPATH\Views\admin\user_view.php(142): CodeIgniter\Pager\Pager->links('user')
 4 SYSTEMPATH\View\View.php(226): include('C:\\xampp\\htdocs\\kasirpos\\app\\Views\\admin\\user_view.php')
 5 SYSTEMPATH\View\View.php(229): CodeIgniter\View\View->CodeIgniter\View\{closure}()
 6 SYSTEMPATH\Common.php(1167): CodeIgniter\View\View->render('admin/user_view', [], true)
 7 APPPATH\Controllers\Admin.php(189): view('admin/user_view', [...])
 8 SYSTEMPATH\CodeIgniter.php(933): App\Controllers\Admin->user()
 9 SYSTEMPATH\CodeIgniter.php(507): CodeIgniter\CodeIgniter->runController(Object(App\Controllers\Admin))
10 SYSTEMPATH\CodeIgniter.php(354): CodeIgniter\CodeIgniter->handleRequest(null, Object(Config\Cache), false)
11 SYSTEMPATH\Boot.php(363): CodeIgniter\CodeIgniter->run()
12 SYSTEMPATH\Boot.php(68): CodeIgniter\Boot::runCodeIgniter(Object(CodeIgniter\CodeIgniter))
13 FCPATH\index.php(59): CodeIgniter\Boot::bootWeb(Object(Config\Paths))
14 SYSTEMPATH\rewrite.php(44): require_once('C:\\xampp\\htdocs\\kasirpos\\public\\index.php')
CRITICAL - 2026-05-05 00:53:48 --> CodeIgniter\Pager\Exceptions\PagerException: "default_full" is not a valid Pager template.
[Method: GET, Route: admin/manajemen-user]
in SYSTEMPATH\Pager\Pager.php on line 124.
 1 SYSTEMPATH\Pager\Pager.php(124): CodeIgniter\Pager\Exceptions\PagerException::forInvalidTemplate('default_full')
 2 SYSTEMPATH\Pager\Pager.php(87): CodeIgniter\Pager\Pager->displayLinks('user', 'default_full')
 3 APPPATH\Views\admin\user_view.php(142): CodeIgniter\Pager\Pager->links('user')
 4 SYSTEMPATH\View\View.php(226): include('C:\\xampp\\htdocs\\kasirpos\\app\\Views\\admin\\user_view.php')
 5 SYSTEMPATH\View\View.php(229): CodeIgniter\View\View->CodeIgniter\View\{closure}()
 6 SYSTEMPATH\Common.php(1167): CodeIgniter\View\View->render('admin/user_view', [], true)
 7 APPPATH\Controllers\Admin.php(189): view('admin/user_view', [...])
 8 SYSTEMPATH\CodeIgniter.php(933): App\Controllers\Admin->user()
 9 SYSTEMPATH\CodeIgniter.php(507): CodeIgniter\CodeIgniter->runController(Object(App\Controllers\Admin))
10 SYSTEMPATH\CodeIgniter.php(354): CodeIgniter\CodeIgniter->handleRequest(null, Object(Config\Cache), false)
11 SYSTEMPATH\Boot.php(363): CodeIgniter\CodeIgniter->run()
12 SYSTEMPATH\Boot.php(68): CodeIgniter\Boot::runCodeIgniter(Object(CodeIgniter\CodeIgniter))
13 FCPATH\index.php(59): CodeIgniter\Boot::bootWeb(Object(Config\Paths))
14 SYSTEMPATH\rewrite.php(44): require_once('C:\\xampp\\htdocs\\kasirpos\\public\\index.php')
DEBUG - 2026-05-05 00:53:50 --> Session: Class initialized using 'CodeIgniter\Session\Handlers\FileHandler' driver.
DEBUG - 2026-05-05 00:53:50 --> Session: Class initialized using 'CodeIgniter\Session\Handlers\FileHandler' driver.
DEBUG - 2026-05-05 00:53:52 --> Session: Class initialized using 'CodeIgniter\Session\Handlers\FileHandler' driver.
CRITICAL - 2026-05-05 00:53:54 --> CodeIgniter\Pager\Exceptions\PagerException: "default_full" is not a valid Pager template.
[Method: GET, Route: admin/manajemen-user]
in SYSTEMPATH\Pager\Pager.php on line 124.
 1 SYSTEMPATH\Pager\Pager.php(124): CodeIgniter\Pager\Exceptions\PagerException::forInvalidTemplate('default_full')
 2 SYSTEMPATH\Pager\Pager.php(87): CodeIgniter\Pager\Pager->displayLinks('user', 'default_full')
 3 APPPATH\Views\admin\user_view.php(142): CodeIgniter\Pager\Pager->links('user')
 4 SYSTEMPATH\View\View.php(226): include('C:\\xampp\\htdocs\\kasirpos\\app\\Views\\admin\\user_view.php')
 5 SYSTEMPATH\View\View.php(229): CodeIgniter\View\View->CodeIgniter\View\{closure}()
 6 SYSTEMPATH\Common.php(1167): CodeIgniter\View\View->render('admin/user_view', [], true)
 7 APPPATH\Controllers\Admin.php(189): view('admin/user_view', [...])
 8 SYSTEMPATH\CodeIgniter.php(933): App\Controllers\Admin->user()
 9 SYSTEMPATH\CodeIgniter.php(507): CodeIgniter\CodeIgniter->runController(Object(App\Controllers\Admin))
10 SYSTEMPATH\CodeIgniter.php(354): CodeIgniter\CodeIgniter->handleRequest(null, Object(Config\Cache), false)
11 SYSTEMPATH\Boot.php(363): CodeIgniter\CodeIgniter->run()
12 SYSTEMPATH\Boot.php(68): CodeIgniter\Boot::runCodeIgniter(Object(CodeIgniter\CodeIgniter))
13 FCPATH\index.php(59): CodeIgniter\Boot::bootWeb(Object(Config\Paths))
14 SYSTEMPATH\rewrite.php(44): require_once('C:\\xampp\\htdocs\\kasirpos\\public\\index.php')
DEBUG - 2026-05-05 00:54:05 --> Session: Class initialized using 'CodeIgniter\Session\Handlers\FileHandler' driver.
DEBUG - 2026-05-05 00:54:08 --> Session: Class initialized using 'CodeIgniter\Session\Handlers\FileHandler' driver.
DEBUG - 2026-05-05 00:54:08 --> Session: Class initialized using 'CodeIgniter\Session\Handlers\FileHandler' driver.
DEBUG - 2026-05-05 00:54:13 --> Session: Class initialized using 'CodeIgniter\Session\Handlers\FileHandler' driver.
DEBUG - 2026-05-05 00:54:13 --> Session: Class initialized using 'CodeIgniter\Session\Handlers\FileHandler' driver.
CRITICAL - 2026-05-05 00:54:14 --> CodeIgniter\Pager\Exceptions\PagerException: "default_full" is not a valid Pager template.
[Method: GET, Route: admin/manajemen-user]
in SYSTEMPATH\Pager\Pager.php on line 124.
 1 SYSTEMPATH\Pager\Pager.php(124): CodeIgniter\Pager\Exceptions\PagerException::forInvalidTemplate('default_full')
 2 SYSTEMPATH\Pager\Pager.php(87): CodeIgniter\Pager\Pager->displayLinks('user', 'default_full')
 3 APPPATH\Views\admin\user_view.php(142): CodeIgniter\Pager\Pager->links('user')
 4 SYSTEMPATH\View\View.php(226): include('C:\\xampp\\htdocs\\kasirpos\\app\\Views\\admin\\user_view.php')
 5 SYSTEMPATH\View\View.php(229): CodeIgniter\View\View->CodeIgniter\View\{closure}()
 6 SYSTEMPATH\Common.php(1167): CodeIgniter\View\View->render('admin/user_view', [], true)
 7 APPPATH\Controllers\Admin.php(189): view('admin/user_view', [...])
 8 SYSTEMPATH\CodeIgniter.php(933): App\Controllers\Admin->user()
 9 SYSTEMPATH\CodeIgniter.php(507): CodeIgniter\CodeIgniter->runController(Object(App\Controllers\Admin))
10 SYSTEMPATH\CodeIgniter.php(354): CodeIgniter\CodeIgniter->handleRequest(null, Object(Config\Cache), false)
11 SYSTEMPATH\Boot.php(363): CodeIgniter\CodeIgniter->run()
12 SYSTEMPATH\Boot.php(68): CodeIgniter\Boot::runCodeIgniter(Object(CodeIgniter\CodeIgniter))
13 FCPATH\index.php(59): CodeIgniter\Boot::bootWeb(Object(Config\Paths))
14 SYSTEMPATH\rewrite.php(44): require_once('C:\\xampp\\htdocs\\kasirpos\\public\\index.php')
CRITICAL - 2026-05-05 00:57:45 --> ParseError: syntax error, unexpected end of file, expecting "elseif" or "else" or "endif"
[Method: GET, Route: admin/manajemen-user]
in APPPATH\Views\admin\user_view.php on line 756.
 1 SYSTEMPATH\View\View.php(229): CodeIgniter\View\View->CodeIgniter\View\{closure}()
 2 SYSTEMPATH\Common.php(1167): CodeIgniter\View\View->render('admin/user_view', [], true)
 3 APPPATH\Controllers\Admin.php(189): view('admin/user_view', [...])
 4 SYSTEMPATH\CodeIgniter.php(933): App\Controllers\Admin->user()
 5 SYSTEMPATH\CodeIgniter.php(507): CodeIgniter\CodeIgniter->runController(Object(App\Controllers\Admin))
 6 SYSTEMPATH\CodeIgniter.php(354): CodeIgniter\CodeIgniter->handleRequest(null, Object(Config\Cache), false)
 7 SYSTEMPATH\Boot.php(363): CodeIgniter\CodeIgniter->run()
 8 SYSTEMPATH\Boot.php(68): CodeIgniter\Boot::runCodeIgniter(Object(CodeIgniter\CodeIgniter))
 9 FCPATH\index.php(59): CodeIgniter\Boot::bootWeb(Object(Config\Paths))
10 SYSTEMPATH\rewrite.php(44): require_once('C:\\xampp\\htdocs\\kasirpos\\public\\index.php')
CRITICAL - 2026-05-05 01:01:17 --> Error: Call to undefined method CodeIgniter\Database\MySQLi\Builder::paginate()
[Method: GET, Route: admin/manajemen-user]
in APPPATH\Controllers\Admin.php on line 185.
 1 SYSTEMPATH\CodeIgniter.php(933): App\Controllers\Admin->user()
 2 SYSTEMPATH\CodeIgniter.php(507): CodeIgniter\CodeIgniter->runController(Object(App\Controllers\Admin))
 3 SYSTEMPATH\CodeIgniter.php(354): CodeIgniter\CodeIgniter->handleRequest(null, Object(Config\Cache), false)
 4 SYSTEMPATH\Boot.php(363): CodeIgniter\CodeIgniter->run()
 5 SYSTEMPATH\Boot.php(68): CodeIgniter\Boot::runCodeIgniter(Object(CodeIgniter\CodeIgniter))
 6 FCPATH\index.php(59): CodeIgniter\Boot::bootWeb(Object(Config\Paths))
 7 SYSTEMPATH\rewrite.php(44): require_once('C:\\xampp\\htdocs\\kasirpos\\public\\index.php')
CRITICAL - 2026-05-05 01:03:11 --> Error: Class "App\Models\LogAktivitasModel" not found
[Method: GET, Route: admin/manajemen-user]
in APPPATH\Controllers\Admin.php on line 178.
 1 SYSTEMPATH\CodeIgniter.php(933): App\Controllers\Admin->user()
 2 SYSTEMPATH\CodeIgniter.php(507): CodeIgniter\CodeIgniter->runController(Object(App\Controllers\Admin))
 3 SYSTEMPATH\CodeIgniter.php(354): CodeIgniter\CodeIgniter->handleRequest(null, Object(Config\Cache), false)
 4 SYSTEMPATH\Boot.php(363): CodeIgniter\CodeIgniter->run()
 5 SYSTEMPATH\Boot.php(68): CodeIgniter\Boot::runCodeIgniter(Object(CodeIgniter\CodeIgniter))
 6 FCPATH\index.php(59): CodeIgniter\Boot::bootWeb(Object(Config\Paths))
 7 SYSTEMPATH\rewrite.php(44): require_once('C:\\xampp\\htdocs\\kasirpos\\public\\index.php')
CRITICAL - 2026-05-05 01:03:12 --> Error: Class "App\Models\LogAktivitasModel" not found
[Method: GET, Route: admin/manajemen-user]
in APPPATH\Controllers\Admin.php on line 178.
 1 SYSTEMPATH\CodeIgniter.php(933): App\Controllers\Admin->user()
 2 SYSTEMPATH\CodeIgniter.php(507): CodeIgniter\CodeIgniter->runController(Object(App\Controllers\Admin))
 3 SYSTEMPATH\CodeIgniter.php(354): CodeIgniter\CodeIgniter->handleRequest(null, Object(Config\Cache), false)
 4 SYSTEMPATH\Boot.php(363): CodeIgniter\CodeIgniter->run()
 5 SYSTEMPATH\Boot.php(68): CodeIgniter\Boot::runCodeIgniter(Object(CodeIgniter\CodeIgniter))
 6 FCPATH\index.php(59): CodeIgniter\Boot::bootWeb(Object(Config\Paths))
 7 SYSTEMPATH\rewrite.php(44): require_once('C:\\xampp\\htdocs\\kasirpos\\public\\index.php')
CRITICAL - 2026-05-05 01:03:12 --> Error: Class "App\Models\LogAktivitasModel" not found
[Method: GET, Route: admin/manajemen-user]
in APPPATH\Controllers\Admin.php on line 178.
 1 SYSTEMPATH\CodeIgniter.php(933): App\Controllers\Admin->user()
 2 SYSTEMPATH\CodeIgniter.php(507): CodeIgniter\CodeIgniter->runController(Object(App\Controllers\Admin))
 3 SYSTEMPATH\CodeIgniter.php(354): CodeIgniter\CodeIgniter->handleRequest(null, Object(Config\Cache), false)
 4 SYSTEMPATH\Boot.php(363): CodeIgniter\CodeIgniter->run()
 5 SYSTEMPATH\Boot.php(68): CodeIgniter\Boot::runCodeIgniter(Object(CodeIgniter\CodeIgniter))
 6 FCPATH\index.php(59): CodeIgniter\Boot::bootWeb(Object(Config\Paths))
 7 SYSTEMPATH\rewrite.php(44): require_once('C:\\xampp\\htdocs\\kasirpos\\public\\index.php')
CRITICAL - 2026-05-05 01:03:12 --> Error: Class "App\Models\LogAktivitasModel" not found
[Method: GET, Route: admin/manajemen-user]
in APPPATH\Controllers\Admin.php on line 178.
 1 SYSTEMPATH\CodeIgniter.php(933): App\Controllers\Admin->user()
 2 SYSTEMPATH\CodeIgniter.php(507): CodeIgniter\CodeIgniter->runController(Object(App\Controllers\Admin))
 3 SYSTEMPATH\CodeIgniter.php(354): CodeIgniter\CodeIgniter->handleRequest(null, Object(Config\Cache), false)
 4 SYSTEMPATH\Boot.php(363): CodeIgniter\CodeIgniter->run()
 5 SYSTEMPATH\Boot.php(68): CodeIgniter\Boot::runCodeIgniter(Object(CodeIgniter\CodeIgniter))
 6 FCPATH\index.php(59): CodeIgniter\Boot::bootWeb(Object(Config\Paths))
 7 SYSTEMPATH\rewrite.php(44): require_once('C:\\xampp\\htdocs\\kasirpos\\public\\index.php')
CRITICAL - 2026-05-05 01:03:12 --> Error: Class "App\Models\LogAktivitasModel" not found
[Method: GET, Route: admin/manajemen-user]
in APPPATH\Controllers\Admin.php on line 178.
 1 SYSTEMPATH\CodeIgniter.php(933): App\Controllers\Admin->user()
 2 SYSTEMPATH\CodeIgniter.php(507): CodeIgniter\CodeIgniter->runController(Object(App\Controllers\Admin))
 3 SYSTEMPATH\CodeIgniter.php(354): CodeIgniter\CodeIgniter->handleRequest(null, Object(Config\Cache), false)
 4 SYSTEMPATH\Boot.php(363): CodeIgniter\CodeIgniter->run()
 5 SYSTEMPATH\Boot.php(68): CodeIgniter\Boot::runCodeIgniter(Object(CodeIgniter\CodeIgniter))
 6 FCPATH\index.php(59): CodeIgniter\Boot::bootWeb(Object(Config\Paths))
 7 SYSTEMPATH\rewrite.php(44): require_once('C:\\xampp\\htdocs\\kasirpos\\public\\index.php')
CRITICAL - 2026-05-05 01:03:12 --> Error: Class "App\Models\LogAktivitasModel" not found
[Method: GET, Route: admin/manajemen-user]
in APPPATH\Controllers\Admin.php on line 178.
 1 SYSTEMPATH\CodeIgniter.php(933): App\Controllers\Admin->user()
 2 SYSTEMPATH\CodeIgniter.php(507): CodeIgniter\CodeIgniter->runController(Object(App\Controllers\Admin))
 3 SYSTEMPATH\CodeIgniter.php(354): CodeIgniter\CodeIgniter->handleRequest(null, Object(Config\Cache), false)
 4 SYSTEMPATH\Boot.php(363): CodeIgniter\CodeIgniter->run()
 5 SYSTEMPATH\Boot.php(68): CodeIgniter\Boot::runCodeIgniter(Object(CodeIgniter\CodeIgniter))
 6 FCPATH\index.php(59): CodeIgniter\Boot::bootWeb(Object(Config\Paths))
 7 SYSTEMPATH\rewrite.php(44): require_once('C:\\xampp\\htdocs\\kasirpos\\public\\index.php')
CRITICAL - 2026-05-05 01:03:41 --> Error: Call to undefined method CodeIgniter\Pager\Pager::makePages()
[Method: GET, Route: admin/manajemen-user]
in APPPATH\Controllers\Admin.php on line 195.
 1 SYSTEMPATH\CodeIgniter.php(933): App\Controllers\Admin->user()
 2 SYSTEMPATH\CodeIgniter.php(507): CodeIgniter\CodeIgniter->runController(Object(App\Controllers\Admin))
 3 SYSTEMPATH\CodeIgniter.php(354): CodeIgniter\CodeIgniter->handleRequest(null, Object(Config\Cache), false)
 4 SYSTEMPATH\Boot.php(363): CodeIgniter\CodeIgniter->run()
 5 SYSTEMPATH\Boot.php(68): CodeIgniter\Boot::runCodeIgniter(Object(CodeIgniter\CodeIgniter))
 6 FCPATH\index.php(59): CodeIgniter\Boot::bootWeb(Object(Config\Paths))
 7 SYSTEMPATH\rewrite.php(44): require_once('C:\\xampp\\htdocs\\kasirpos\\public\\index.php')
CRITICAL - 2026-05-05 01:03:42 --> Error: Call to undefined method CodeIgniter\Pager\Pager::makePages()
[Method: GET, Route: admin/manajemen-user]
in APPPATH\Controllers\Admin.php on line 195.
 1 SYSTEMPATH\CodeIgniter.php(933): App\Controllers\Admin->user()
 2 SYSTEMPATH\CodeIgniter.php(507): CodeIgniter\CodeIgniter->runController(Object(App\Controllers\Admin))
 3 SYSTEMPATH\CodeIgniter.php(354): CodeIgniter\CodeIgniter->handleRequest(null, Object(Config\Cache), false)
 4 SYSTEMPATH\Boot.php(363): CodeIgniter\CodeIgniter->run()
 5 SYSTEMPATH\Boot.php(68): CodeIgniter\Boot::runCodeIgniter(Object(CodeIgniter\CodeIgniter))
 6 FCPATH\index.php(59): CodeIgniter\Boot::bootWeb(Object(Config\Paths))
 7 SYSTEMPATH\rewrite.php(44): require_once('C:\\xampp\\htdocs\\kasirpos\\public\\index.php')
CRITICAL - 2026-05-05 01:03:42 --> Error: Call to undefined method CodeIgniter\Pager\Pager::makePages()
[Method: GET, Route: admin/manajemen-user]
in APPPATH\Controllers\Admin.php on line 195.
 1 SYSTEMPATH\CodeIgniter.php(933): App\Controllers\Admin->user()
 2 SYSTEMPATH\CodeIgniter.php(507): CodeIgniter\CodeIgniter->runController(Object(App\Controllers\Admin))
 3 SYSTEMPATH\CodeIgniter.php(354): CodeIgniter\CodeIgniter->handleRequest(null, Object(Config\Cache), false)
 4 SYSTEMPATH\Boot.php(363): CodeIgniter\CodeIgniter->run()
 5 SYSTEMPATH\Boot.php(68): CodeIgniter\Boot::runCodeIgniter(Object(CodeIgniter\CodeIgniter))
 6 FCPATH\index.php(59): CodeIgniter\Boot::bootWeb(Object(Config\Paths))
 7 SYSTEMPATH\rewrite.php(44): require_once('C:\\xampp\\htdocs\\kasirpos\\public\\index.php')
CRITICAL - 2026-05-05 01:03:42 --> Error: Call to undefined method CodeIgniter\Pager\Pager::makePages()
[Method: GET, Route: admin/manajemen-user]
in APPPATH\Controllers\Admin.php on line 195.
 1 SYSTEMPATH\CodeIgniter.php(933): App\Controllers\Admin->user()
 2 SYSTEMPATH\CodeIgniter.php(507): CodeIgniter\CodeIgniter->runController(Object(App\Controllers\Admin))
 3 SYSTEMPATH\CodeIgniter.php(354): CodeIgniter\CodeIgniter->handleRequest(null, Object(Config\Cache), false)
 4 SYSTEMPATH\Boot.php(363): CodeIgniter\CodeIgniter->run()
 5 SYSTEMPATH\Boot.php(68): CodeIgniter\Boot::runCodeIgniter(Object(CodeIgniter\CodeIgniter))
 6 FCPATH\index.php(59): CodeIgniter\Boot::bootWeb(Object(Config\Paths))
 7 SYSTEMPATH\rewrite.php(44): require_once('C:\\xampp\\htdocs\\kasirpos\\public\\index.php')
CRITICAL - 2026-05-05 01:03:42 --> Error: Call to undefined method CodeIgniter\Pager\Pager::makePages()
[Method: GET, Route: admin/manajemen-user]
in APPPATH\Controllers\Admin.php on line 195.
 1 SYSTEMPATH\CodeIgniter.php(933): App\Controllers\Admin->user()
 2 SYSTEMPATH\CodeIgniter.php(507): CodeIgniter\CodeIgniter->runController(Object(App\Controllers\Admin))
 3 SYSTEMPATH\CodeIgniter.php(354): CodeIgniter\CodeIgniter->handleRequest(null, Object(Config\Cache), false)
 4 SYSTEMPATH\Boot.php(363): CodeIgniter\CodeIgniter->run()
 5 SYSTEMPATH\Boot.php(68): CodeIgniter\Boot::runCodeIgniter(Object(CodeIgniter\CodeIgniter))
 6 FCPATH\index.php(59): CodeIgniter\Boot::bootWeb(Object(Config\Paths))
 7 SYSTEMPATH\rewrite.php(44): require_once('C:\\xampp\\htdocs\\kasirpos\\public\\index.php')
DEBUG - 2026-05-05 01:05:31 --> Session: Class initialized using 'CodeIgniter\Session\Handlers\FileHandler' driver.
DEBUG - 2026-05-05 01:05:31 --> Session: Class initialized using 'CodeIgniter\Session\Handlers\FileHandler' driver.
DEBUG - 2026-05-05 01:05:31 --> Session: Class initialized using 'CodeIgniter\Session\Handlers\FileHandler' driver.
DEBUG - 2026-05-05 01:05:31 --> Session: Class initialized using 'CodeIgniter\Session\Handlers\FileHandler' driver.
DEBUG - 2026-05-05 01:05:32 --> Session: Class initialized using 'CodeIgniter\Session\Handlers\FileHandler' driver.
DEBUG - 2026-05-05 01:05:54 --> Session: Class initialized using 'CodeIgniter\Session\Handlers\FileHandler' driver.
CRITICAL - 2026-05-05 01:05:54 --> Error: Class "App\Models\ShiftModel" not found
[Method: GET, Route: admin/hapus-shift/12]
in APPPATH\Controllers\Admin.php on line 645.
 1 SYSTEMPATH\CodeIgniter.php(933): App\Controllers\Admin->hapus_shift('12')
 2 SYSTEMPATH\CodeIgniter.php(507): CodeIgniter\CodeIgniter->runController(Object(App\Controllers\Admin))
 3 SYSTEMPATH\CodeIgniter.php(354): CodeIgniter\CodeIgniter->handleRequest(null, Object(Config\Cache), false)
 4 SYSTEMPATH\Boot.php(363): CodeIgniter\CodeIgniter->run()
 5 SYSTEMPATH\Boot.php(68): CodeIgniter\Boot::runCodeIgniter(Object(CodeIgniter\CodeIgniter))
 6 FCPATH\index.php(59): CodeIgniter\Boot::bootWeb(Object(Config\Paths))
 7 SYSTEMPATH\rewrite.php(44): require_once('C:\\xampp\\htdocs\\kasirpos\\public\\index.php')
DEBUG - 2026-05-05 01:06:31 --> Session: Class initialized using 'CodeIgniter\Session\Handlers\FileHandler' driver.
CRITICAL - 2026-05-05 01:06:31 --> Error: Class "App\Models\ShiftModel" not found
[Method: GET, Route: admin/hapus-shift/12]
in APPPATH\Controllers\Admin.php on line 645.
 1 SYSTEMPATH\CodeIgniter.php(933): App\Controllers\Admin->hapus_shift('12')
 2 SYSTEMPATH\CodeIgniter.php(507): CodeIgniter\CodeIgniter->runController(Object(App\Controllers\Admin))
 3 SYSTEMPATH\CodeIgniter.php(354): CodeIgniter\CodeIgniter->handleRequest(null, Object(Config\Cache), false)
 4 SYSTEMPATH\Boot.php(363): CodeIgniter\CodeIgniter->run()
 5 SYSTEMPATH\Boot.php(68): CodeIgniter\Boot::runCodeIgniter(Object(CodeIgniter\CodeIgniter))
 6 FCPATH\index.php(59): CodeIgniter\Boot::bootWeb(Object(Config\Paths))
 7 SYSTEMPATH\rewrite.php(44): require_once('C:\\xampp\\htdocs\\kasirpos\\public\\index.php')
DEBUG - 2026-05-05 01:06:31 --> Session: Class initialized using 'CodeIgniter\Session\Handlers\FileHandler' driver.
CRITICAL - 2026-05-05 01:06:31 --> Error: Class "App\Models\ShiftModel" not found
[Method: GET, Route: admin/hapus-shift/12]
in APPPATH\Controllers\Admin.php on line 645.
 1 SYSTEMPATH\CodeIgniter.php(933): App\Controllers\Admin->hapus_shift('12')
 2 SYSTEMPATH\CodeIgniter.php(507): CodeIgniter\CodeIgniter->runController(Object(App\Controllers\Admin))
 3 SYSTEMPATH\CodeIgniter.php(354): CodeIgniter\CodeIgniter->handleRequest(null, Object(Config\Cache), false)
 4 SYSTEMPATH\Boot.php(363): CodeIgniter\CodeIgniter->run()
 5 SYSTEMPATH\Boot.php(68): CodeIgniter\Boot::runCodeIgniter(Object(CodeIgniter\CodeIgniter))
 6 FCPATH\index.php(59): CodeIgniter\Boot::bootWeb(Object(Config\Paths))
 7 SYSTEMPATH\rewrite.php(44): require_once('C:\\xampp\\htdocs\\kasirpos\\public\\index.php')
DEBUG - 2026-05-05 01:06:32 --> Session: Class initialized using 'CodeIgniter\Session\Handlers\FileHandler' driver.
CRITICAL - 2026-05-05 01:06:32 --> Error: Class "App\Models\ShiftModel" not found
[Method: GET, Route: admin/hapus-shift/12]
in APPPATH\Controllers\Admin.php on line 645.
 1 SYSTEMPATH\CodeIgniter.php(933): App\Controllers\Admin->hapus_shift('12')
 2 SYSTEMPATH\CodeIgniter.php(507): CodeIgniter\CodeIgniter->runController(Object(App\Controllers\Admin))
 3 SYSTEMPATH\CodeIgniter.php(354): CodeIgniter\CodeIgniter->handleRequest(null, Object(Config\Cache), false)
 4 SYSTEMPATH\Boot.php(363): CodeIgniter\CodeIgniter->run()
 5 SYSTEMPATH\Boot.php(68): CodeIgniter\Boot::runCodeIgniter(Object(CodeIgniter\CodeIgniter))
 6 FCPATH\index.php(59): CodeIgniter\Boot::bootWeb(Object(Config\Paths))
 7 SYSTEMPATH\rewrite.php(44): require_once('C:\\xampp\\htdocs\\kasirpos\\public\\index.php')
DEBUG - 2026-05-05 01:06:32 --> Session: Class initialized using 'CodeIgniter\Session\Handlers\FileHandler' driver.
CRITICAL - 2026-05-05 01:06:32 --> Error: Class "App\Models\ShiftModel" not found
[Method: GET, Route: admin/hapus-shift/12]
in APPPATH\Controllers\Admin.php on line 645.
 1 SYSTEMPATH\CodeIgniter.php(933): App\Controllers\Admin->hapus_shift('12')
 2 SYSTEMPATH\CodeIgniter.php(507): CodeIgniter\CodeIgniter->runController(Object(App\Controllers\Admin))
 3 SYSTEMPATH\CodeIgniter.php(354): CodeIgniter\CodeIgniter->handleRequest(null, Object(Config\Cache), false)
 4 SYSTEMPATH\Boot.php(363): CodeIgniter\CodeIgniter->run()
 5 SYSTEMPATH\Boot.php(68): CodeIgniter\Boot::runCodeIgniter(Object(CodeIgniter\CodeIgniter))
 6 FCPATH\index.php(59): CodeIgniter\Boot::bootWeb(Object(Config\Paths))
 7 SYSTEMPATH\rewrite.php(44): require_once('C:\\xampp\\htdocs\\kasirpos\\public\\index.php')
DEBUG - 2026-05-05 01:06:36 --> Session: Class initialized using 'CodeIgniter\Session\Handlers\FileHandler' driver.
CRITICAL - 2026-05-05 01:06:36 --> Error: Class "App\Models\ShiftModel" not found
[Method: GET, Route: admin/hapus-shift/12]
in APPPATH\Controllers\Admin.php on line 645.
 1 SYSTEMPATH\CodeIgniter.php(933): App\Controllers\Admin->hapus_shift('12')
 2 SYSTEMPATH\CodeIgniter.php(507): CodeIgniter\CodeIgniter->runController(Object(App\Controllers\Admin))
 3 SYSTEMPATH\CodeIgniter.php(354): CodeIgniter\CodeIgniter->handleRequest(null, Object(Config\Cache), false)
 4 SYSTEMPATH\Boot.php(363): CodeIgniter\CodeIgniter->run()
 5 SYSTEMPATH\Boot.php(68): CodeIgniter\Boot::runCodeIgniter(Object(CodeIgniter\CodeIgniter))
 6 FCPATH\index.php(59): CodeIgniter\Boot::bootWeb(Object(Config\Paths))
 7 SYSTEMPATH\rewrite.php(44): require_once('C:\\xampp\\htdocs\\kasirpos\\public\\index.php')
DEBUG - 2026-05-05 01:06:42 --> Session: Class initialized using 'CodeIgniter\Session\Handlers\FileHandler' driver.
DEBUG - 2026-05-05 01:07:19 --> Session: Class initialized using 'CodeIgniter\Session\Handlers\FileHandler' driver.
DEBUG - 2026-05-05 01:14:42 --> Session: Class initialized using 'CodeIgniter\Session\Handlers\FileHandler' driver.
DEBUG - 2026-05-05 01:14:43 --> Session: Class initialized using 'CodeIgniter\Session\Handlers\FileHandler' driver.
DEBUG - 2026-05-05 01:14:43 --> Session: Class initialized using 'CodeIgniter\Session\Handlers\FileHandler' driver.
DEBUG - 2026-05-05 01:14:43 --> Session: Class initialized using 'CodeIgniter\Session\Handlers\FileHandler' driver.
DEBUG - 2026-05-05 01:14:44 --> Session: Class initialized using 'CodeIgniter\Session\Handlers\FileHandler' driver.
DEBUG - 2026-05-05 01:14:46 --> Session: Class initialized using 'CodeIgniter\Session\Handlers\FileHandler' driver.
DEBUG - 2026-05-05 01:15:07 --> Session: Class initialized using 'CodeIgniter\Session\Handlers\FileHandler' driver.
CRITICAL - 2026-05-05 01:15:07 --> CodeIgniter\View\Exceptions\ViewException: Invalid file: "admin/edit_shift_view.php"
[Method: GET, Route: admin/edit-shift/8]
in SYSTEMPATH\Exceptions\FrameworkException.php on line 39.
 1 SYSTEMPATH\View\View.php(214): CodeIgniter\Exceptions\FrameworkException::forInvalidFile('admin/edit_shift_view.php')
 2 SYSTEMPATH\Common.php(1167): CodeIgniter\View\View->render('admin/edit_shift_view', [], true)
 3 APPPATH\Controllers\Admin.php(660): view('admin/edit_shift_view', [...])
 4 SYSTEMPATH\CodeIgniter.php(933): App\Controllers\Admin->edit_shift('8')
 5 SYSTEMPATH\CodeIgniter.php(507): CodeIgniter\CodeIgniter->runController(Object(App\Controllers\Admin))
 6 SYSTEMPATH\CodeIgniter.php(354): CodeIgniter\CodeIgniter->handleRequest(null, Object(Config\Cache), false)
 7 SYSTEMPATH\Boot.php(363): CodeIgniter\CodeIgniter->run()
 8 SYSTEMPATH\Boot.php(68): CodeIgniter\Boot::runCodeIgniter(Object(CodeIgniter\CodeIgniter))
 9 FCPATH\index.php(59): CodeIgniter\Boot::bootWeb(Object(Config\Paths))
10 SYSTEMPATH\rewrite.php(44): require_once('C:\\xampp\\htdocs\\kasirpos\\public\\index.php')
DEBUG - 2026-05-05 01:16:26 --> Session: Class initialized using 'CodeIgniter\Session\Handlers\FileHandler' driver.
CRITICAL - 2026-05-05 01:16:26 --> CodeIgniter\View\Exceptions\ViewException: Invalid file: "admin/edit_shift_view.php"
[Method: GET, Route: admin/edit-shift/8]
in SYSTEMPATH\Exceptions\FrameworkException.php on line 39.
 1 SYSTEMPATH\View\View.php(214): CodeIgniter\Exceptions\FrameworkException::forInvalidFile('admin/edit_shift_view.php')
 2 SYSTEMPATH\Common.php(1167): CodeIgniter\View\View->render('admin/edit_shift_view', [], true)
 3 APPPATH\Controllers\Admin.php(660): view('admin/edit_shift_view', [...])
 4 SYSTEMPATH\CodeIgniter.php(933): App\Controllers\Admin->edit_shift('8')
 5 SYSTEMPATH\CodeIgniter.php(507): CodeIgniter\CodeIgniter->runController(Object(App\Controllers\Admin))
 6 SYSTEMPATH\CodeIgniter.php(354): CodeIgniter\CodeIgniter->handleRequest(null, Object(Config\Cache), false)
 7 SYSTEMPATH\Boot.php(363): CodeIgniter\CodeIgniter->run()
 8 SYSTEMPATH\Boot.php(68): CodeIgniter\Boot::runCodeIgniter(Object(CodeIgniter\CodeIgniter))
 9 FCPATH\index.php(59): CodeIgniter\Boot::bootWeb(Object(Config\Paths))
10 SYSTEMPATH\rewrite.php(44): require_once('C:\\xampp\\htdocs\\kasirpos\\public\\index.php')
DEBUG - 2026-05-05 01:16:33 --> Session: Class initialized using 'CodeIgniter\Session\Handlers\FileHandler' driver.
CRITICAL - 2026-05-05 01:16:33 --> CodeIgniter\View\Exceptions\ViewException: Invalid file: "admin/edit_shift_view.php"
[Method: GET, Route: admin/edit-shift/8]
in SYSTEMPATH\Exceptions\FrameworkException.php on line 39.
 1 SYSTEMPATH\View\View.php(214): CodeIgniter\Exceptions\FrameworkException::forInvalidFile('admin/edit_shift_view.php')
 2 SYSTEMPATH\Common.php(1167): CodeIgniter\View\View->render('admin/edit_shift_view', [], true)
 3 APPPATH\Controllers\Admin.php(660): view('admin/edit_shift_view', [...])
 4 SYSTEMPATH\CodeIgniter.php(933): App\Controllers\Admin->edit_shift('8')
 5 SYSTEMPATH\CodeIgniter.php(507): CodeIgniter\CodeIgniter->runController(Object(App\Controllers\Admin))
 6 SYSTEMPATH\CodeIgniter.php(354): CodeIgniter\CodeIgniter->handleRequest(null, Object(Config\Cache), false)
 7 SYSTEMPATH\Boot.php(363): CodeIgniter\CodeIgniter->run()
 8 SYSTEMPATH\Boot.php(68): CodeIgniter\Boot::runCodeIgniter(Object(CodeIgniter\CodeIgniter))
 9 FCPATH\index.php(59): CodeIgniter\Boot::bootWeb(Object(Config\Paths))
10 SYSTEMPATH\rewrite.php(44): require_once('C:\\xampp\\htdocs\\kasirpos\\public\\index.php')
DEBUG - 2026-05-05 01:18:53 --> Session: Class initialized using 'CodeIgniter\Session\Handlers\FileHandler' driver.
DEBUG - 2026-05-05 01:18:58 --> Session: Class initialized using 'CodeIgniter\Session\Handlers\FileHandler' driver.
DEBUG - 2026-05-05 01:22:22 --> Session: Class initialized using 'CodeIgniter\Session\Handlers\FileHandler' driver.
DEBUG - 2026-05-05 01:22:25 --> Session: Class initialized using 'CodeIgniter\Session\Handlers\FileHandler' driver.
DEBUG - 2026-05-05 01:22:45 --> Session: Class initialized using 'CodeIgniter\Session\Handlers\FileHandler' driver.
DEBUG - 2026-05-05 12:04:37 --> Session: Class initialized using 'CodeIgniter\Session\Handlers\FileHandler' driver.
DEBUG - 2026-05-05 12:04:37 --> Session: Class initialized using 'CodeIgniter\Session\Handlers\FileHandler' driver.
DEBUG - 2026-05-05 12:04:42 --> Session: Class initialized using 'CodeIgniter\Session\Handlers\FileHandler' driver.
DEBUG - 2026-05-05 05:04:42 --> Session: Class initialized using 'CodeIgniter\Session\Handlers\FileHandler' driver.
DEBUG - 2026-05-05 05:04:48 --> Session: Class initialized using 'CodeIgniter\Session\Handlers\FileHandler' driver.
DEBUG - 2026-05-05 05:04:52 --> Session: Class initialized using 'CodeIgniter\Session\Handlers\FileHandler' driver.
DEBUG - 2026-05-05 12:04:53 --> Session: Class initialized using 'CodeIgniter\Session\Handlers\FileHandler' driver.
DEBUG - 2026-05-05 12:04:54 --> Session: Class initialized using 'CodeIgniter\Session\Handlers\FileHandler' driver.
DEBUG - 2026-05-05 12:04:59 --> Session: Class initialized using 'CodeIgniter\Session\Handlers\FileHandler' driver.
DEBUG - 2026-05-05 12:04:59 --> Session: Class initialized using 'CodeIgniter\Session\Handlers\FileHandler' driver.
DEBUG - 2026-05-05 12:05:16 --> Session: Class initialized using 'CodeIgniter\Session\Handlers\FileHandler' driver.
DEBUG - 2026-05-05 12:05:16 --> Session: Class initialized using 'CodeIgniter\Session\Handlers\FileHandler' driver.
DEBUG - 2026-05-05 05:05:18 --> Session: Class initialized using 'CodeIgniter\Session\Handlers\FileHandler' driver.
DEBUG - 2026-05-05 12:06:13 --> Session: Class initialized using 'CodeIgniter\Session\Handlers\FileHandler' driver.
DEBUG - 2026-05-05 12:06:13 --> Session: Class initialized using 'CodeIgniter\Session\Handlers\FileHandler' driver.
DEBUG - 2026-05-05 12:06:18 --> Session: Class initialized using 'CodeIgniter\Session\Handlers\FileHandler' driver.
DEBUG - 2026-05-05 12:06:18 --> Session: Class initialized using 'CodeIgniter\Session\Handlers\FileHandler' driver.
DEBUG - 2026-05-05 05:09:44 --> Session: Class initialized using 'CodeIgniter\Session\Handlers\FileHandler' driver.
DEBUG - 2026-05-05 12:09:44 --> Session: Class initialized using 'CodeIgniter\Session\Handlers\FileHandler' driver.
DEBUG - 2026-05-05 12:09:47 --> Session: Class initialized using 'CodeIgniter\Session\Handlers\FileHandler' driver.
DEBUG - 2026-05-05 12:09:50 --> Session: Class initialized using 'CodeIgniter\Session\Handlers\FileHandler' driver.
DEBUG - 2026-05-05 12:09:51 --> Session: Class initialized using 'CodeIgniter\Session\Handlers\FileHandler' driver.
DEBUG - 2026-05-05 12:09:55 --> Session: Class initialized using 'CodeIgniter\Session\Handlers\FileHandler' driver.
DEBUG - 2026-05-05 12:09:55 --> Session: Class initialized using 'CodeIgniter\Session\Handlers\FileHandler' driver.
DEBUG - 2026-05-05 05:09:59 --> Session: Class initialized using 'CodeIgniter\Session\Handlers\FileHandler' driver.
DEBUG - 2026-05-05 12:10:10 --> Session: Class initialized using 'CodeIgniter\Session\Handlers\FileHandler' driver.
DEBUG - 2026-05-05 12:10:14 --> Session: Class initialized using 'CodeIgniter\Session\Handlers\FileHandler' driver.
DEBUG - 2026-05-05 12:10:14 --> Session: Class initialized using 'CodeIgniter\Session\Handlers\FileHandler' driver.
DEBUG - 2026-05-05 12:10:19 --> Session: Class initialized using 'CodeIgniter\Session\Handlers\FileHandler' driver.
DEBUG - 2026-05-05 12:10:19 --> Session: Class initialized using 'CodeIgniter\Session\Handlers\FileHandler' driver.
DEBUG - 2026-05-05 12:10:24 --> Session: Class initialized using 'CodeIgniter\Session\Handlers\FileHandler' driver.
DEBUG - 2026-05-05 05:10:24 --> Session: Class initialized using 'CodeIgniter\Session\Handlers\FileHandler' driver.
DEBUG - 2026-05-05 05:10:27 --> Session: Class initialized using 'CodeIgniter\Session\Handlers\FileHandler' driver.
DEBUG - 2026-05-05 10:06:45 --> Session: Class initialized using 'CodeIgniter\Session\Handlers\FileHandler' driver.
DEBUG - 2026-05-05 17:06:45 --> Session: Class initialized using 'CodeIgniter\Session\Handlers\FileHandler' driver.
DEBUG - 2026-05-05 17:06:52 --> Session: Class initialized using 'CodeIgniter\Session\Handlers\FileHandler' driver.
DEBUG - 2026-05-05 17:06:53 --> Session: Class initialized using 'CodeIgniter\Session\Handlers\FileHandler' driver.
DEBUG - 2026-05-05 10:07:07 --> Session: Class initialized using 'CodeIgniter\Session\Handlers\FileHandler' driver.
DEBUG - 2026-05-05 10:07:10 --> Session: Class initialized using 'CodeIgniter\Session\Handlers\FileHandler' driver.
CRITICAL - 2026-05-05 17:07:10 --> CodeIgniter\Pager\Exceptions\PagerException: "default" is not a valid Pager template.
[Method: GET, Route: admin/produk]
in SYSTEMPATH\Pager\Pager.php on line 124.
 1 SYSTEMPATH\Pager\Pager.php(124): CodeIgniter\Pager\Exceptions\PagerException::forInvalidTemplate('default')
 2 SYSTEMPATH\Pager\Pager.php(114): CodeIgniter\Pager\Pager->displayLinks('default', 'default')
 3 APPPATH\Views\admin\produk_view.php(221): CodeIgniter\Pager\Pager->makeLinks(1, 10, 9, 'default')
 4 SYSTEMPATH\View\View.php(226): include('C:\\xampp\\htdocs\\kasirpos\\app\\Views\\admin\\produk_view.php')
 5 SYSTEMPATH\View\View.php(229): CodeIgniter\View\View->CodeIgniter\View\{closure}()
 6 SYSTEMPATH\Common.php(1167): CodeIgniter\View\View->render('admin/produk_view', [], true)
 7 APPPATH\Controllers\Admin.php(357): view('admin/produk_view', [...])
 8 SYSTEMPATH\CodeIgniter.php(933): App\Controllers\Admin->produk()
 9 SYSTEMPATH\CodeIgniter.php(507): CodeIgniter\CodeIgniter->runController(Object(App\Controllers\Admin))
10 SYSTEMPATH\CodeIgniter.php(354): CodeIgniter\CodeIgniter->handleRequest(null, Object(Config\Cache), false)
11 SYSTEMPATH\Boot.php(363): CodeIgniter\CodeIgniter->run()
12 SYSTEMPATH\Boot.php(68): CodeIgniter\Boot::runCodeIgniter(Object(CodeIgniter\CodeIgniter))
13 FCPATH\index.php(59): CodeIgniter\Boot::bootWeb(Object(Config\Paths))
14 SYSTEMPATH\rewrite.php(44): require_once('C:\\xampp\\htdocs\\kasirpos\\public\\index.php')
DEBUG - 2026-05-05 17:09:46 --> Session: Class initialized using 'CodeIgniter\Session\Handlers\FileHandler' driver.
DEBUG - 2026-05-05 10:09:47 --> Session: Class initialized using 'CodeIgniter\Session\Handlers\FileHandler' driver.
DEBUG - 2026-05-05 17:10:10 --> Session: Class initialized using 'CodeIgniter\Session\Handlers\FileHandler' driver.
DEBUG - 2026-05-05 10:11:51 --> Session: Class initialized using 'CodeIgniter\Session\Handlers\FileHandler' driver.
DEBUG - 2026-05-05 10:11:53 --> Session: Class initialized using 'CodeIgniter\Session\Handlers\FileHandler' driver.
DEBUG - 2026-05-05 10:11:54 --> Session: Class initialized using 'CodeIgniter\Session\Handlers\FileHandler' driver.
DEBUG - 2026-05-05 10:11:55 --> Session: Class initialized using 'CodeIgniter\Session\Handlers\FileHandler' driver.
DEBUG - 2026-05-05 10:12:02 --> Session: Class initialized using 'CodeIgniter\Session\Handlers\FileHandler' driver.
DEBUG - 2026-05-05 10:12:46 --> Session: Class initialized using 'CodeIgniter\Session\Handlers\FileHandler' driver.
DEBUG - 2026-05-05 10:12:53 --> Session: Class initialized using 'CodeIgniter\Session\Handlers\FileHandler' driver.
DEBUG - 2026-05-05 10:12:55 --> Session: Class initialized using 'CodeIgniter\Session\Handlers\FileHandler' driver.
DEBUG - 2026-05-05 10:13:00 --> Session: Class initialized using 'CodeIgniter\Session\Handlers\FileHandler' driver.
DEBUG - 2026-05-05 10:13:04 --> Session: Class initialized using 'CodeIgniter\Session\Handlers\FileHandler' driver.
DEBUG - 2026-05-05 10:13:10 --> Session: Class initialized using 'CodeIgniter\Session\Handlers\FileHandler' driver.
DEBUG - 2026-05-05 10:13:23 --> Session: Class initialized using 'CodeIgniter\Session\Handlers\FileHandler' driver.
DEBUG - 2026-05-05 10:14:47 --> Session: Class initialized using 'CodeIgniter\Session\Handlers\FileHandler' driver.
DEBUG - 2026-05-05 10:14:54 --> Session: Class initialized using 'CodeIgniter\Session\Handlers\FileHandler' driver.
DEBUG - 2026-05-05 10:16:06 --> Session: Class initialized using 'CodeIgniter\Session\Handlers\FileHandler' driver.
DEBUG - 2026-05-05 10:16:15 --> Session: Class initialized using 'CodeIgniter\Session\Handlers\FileHandler' driver.
DEBUG - 2026-05-05 10:16:18 --> Session: Class initialized using 'CodeIgniter\Session\Handlers\FileHandler' driver.
DEBUG - 2026-05-05 10:17:17 --> Session: Class initialized using 'CodeIgniter\Session\Handlers\FileHandler' driver.
DEBUG - 2026-05-05 10:17:18 --> Session: Class initialized using 'CodeIgniter\Session\Handlers\FileHandler' driver.
DEBUG - 2026-05-05 10:17:18 --> Session: Class initialized using 'CodeIgniter\Session\Handlers\FileHandler' driver.
DEBUG - 2026-05-05 10:17:18 --> Session: Class initialized using 'CodeIgniter\Session\Handlers\FileHandler' driver.
DEBUG - 2026-05-05 10:17:19 --> Session: Class initialized using 'CodeIgniter\Session\Handlers\FileHandler' driver.
DEBUG - 2026-05-05 20:53:57 --> Session: Class initialized using 'CodeIgniter\Session\Handlers\FileHandler' driver.
DEBUG - 2026-05-05 20:53:59 --> Session: Class initialized using 'CodeIgniter\Session\Handlers\FileHandler' driver.
DEBUG - 2026-05-05 20:54:03 --> Session: Class initialized using 'CodeIgniter\Session\Handlers\FileHandler' driver.
DEBUG - 2026-05-05 20:54:04 --> Session: Class initialized using 'CodeIgniter\Session\Handlers\FileHandler' driver.
DEBUG - 2026-05-05 20:54:07 --> Session: Class initialized using 'CodeIgniter\Session\Handlers\FileHandler' driver.
DEBUG - 2026-05-05 20:54:07 --> Session: Class initialized using 'CodeIgniter\Session\Handlers\FileHandler' driver.
DEBUG - 2026-05-05 20:54:15 --> Session: Class initialized using 'CodeIgniter\Session\Handlers\FileHandler' driver.
DEBUG - 2026-05-05 20:54:15 --> Session: Class initialized using 'CodeIgniter\Session\Handlers\FileHandler' driver.
DEBUG - 2026-05-05 13:54:20 --> Session: Class initialized using 'CodeIgniter\Session\Handlers\FileHandler' driver.
DEBUG - 2026-05-05 13:54:22 --> Session: Class initialized using 'CodeIgniter\Session\Handlers\FileHandler' driver.
DEBUG - 2026-05-05 13:54:26 --> Session: Class initialized using 'CodeIgniter\Session\Handlers\FileHandler' driver.
CRITICAL - 2026-05-05 20:54:27 --> CodeIgniter\Pager\Exceptions\PagerException: "custom_pager" is not a valid Pager template.
[Method: GET, Route: admin/transaksi]
in SYSTEMPATH\Pager\Pager.php on line 124.
 1 SYSTEMPATH\Pager\Pager.php(124): CodeIgniter\Pager\Exceptions\PagerException::forInvalidTemplate('custom_pager')
 2 SYSTEMPATH\Pager\Pager.php(87): CodeIgniter\Pager\Pager->displayLinks('transaksi', 'custom_pager')
 3 APPPATH\Views\admin\transaksi_view.php(71): CodeIgniter\Pager\Pager->links('transaksi', 'custom_pager')
 4 SYSTEMPATH\View\View.php(226): include('C:\\xampp\\htdocs\\kasirpos\\app\\Views\\admin\\transaksi_view.php')
 5 SYSTEMPATH\View\View.php(229): CodeIgniter\View\View->CodeIgniter\View\{closure}()
 6 SYSTEMPATH\Common.php(1167): CodeIgniter\View\View->render('admin/transaksi_view', [], true)
 7 APPPATH\Controllers\Admin.php(349): view('admin/transaksi_view', [...])
 8 SYSTEMPATH\CodeIgniter.php(933): App\Controllers\Admin->transaksi()
 9 SYSTEMPATH\CodeIgniter.php(507): CodeIgniter\CodeIgniter->runController(Object(App\Controllers\Admin))
10 SYSTEMPATH\CodeIgniter.php(354): CodeIgniter\CodeIgniter->handleRequest(null, Object(Config\Cache), false)
11 SYSTEMPATH\Boot.php(363): CodeIgniter\CodeIgniter->run()
12 SYSTEMPATH\Boot.php(68): CodeIgniter\Boot::runCodeIgniter(Object(CodeIgniter\CodeIgniter))
13 FCPATH\index.php(59): CodeIgniter\Boot::bootWeb(Object(Config\Paths))
14 SYSTEMPATH\rewrite.php(44): require_once('C:\\xampp\\htdocs\\kasirpos\\public\\index.php')
DEBUG - 2026-05-05 13:56:27 --> Session: Class initialized using 'CodeIgniter\Session\Handlers\FileHandler' driver.
CRITICAL - 2026-05-05 20:56:27 --> CodeIgniter\Pager\Exceptions\PagerException: "custom_pager" is not a valid Pager template.
[Method: GET, Route: admin/transaksi]
in SYSTEMPATH\Pager\Pager.php on line 124.
 1 SYSTEMPATH\Pager\Pager.php(124): CodeIgniter\Pager\Exceptions\PagerException::forInvalidTemplate('custom_pager')
 2 SYSTEMPATH\Pager\Pager.php(87): CodeIgniter\Pager\Pager->displayLinks('transaksi', 'custom_pager')
 3 APPPATH\Views\admin\transaksi_view.php(71): CodeIgniter\Pager\Pager->links('transaksi', 'custom_pager')
 4 SYSTEMPATH\View\View.php(226): include('C:\\xampp\\htdocs\\kasirpos\\app\\Views\\admin\\transaksi_view.php')
 5 SYSTEMPATH\View\View.php(229): CodeIgniter\View\View->CodeIgniter\View\{closure}()
 6 SYSTEMPATH\Common.php(1167): CodeIgniter\View\View->render('admin/transaksi_view', [], true)
 7 APPPATH\Controllers\Admin.php(349): view('admin/transaksi_view', [...])
 8 SYSTEMPATH\CodeIgniter.php(933): App\Controllers\Admin->transaksi()
 9 SYSTEMPATH\CodeIgniter.php(507): CodeIgniter\CodeIgniter->runController(Object(App\Controllers\Admin))
10 SYSTEMPATH\CodeIgniter.php(354): CodeIgniter\CodeIgniter->handleRequest(null, Object(Config\Cache), false)
11 SYSTEMPATH\Boot.php(363): CodeIgniter\CodeIgniter->run()
12 SYSTEMPATH\Boot.php(68): CodeIgniter\Boot::runCodeIgniter(Object(CodeIgniter\CodeIgniter))
13 FCPATH\index.php(59): CodeIgniter\Boot::bootWeb(Object(Config\Paths))
14 SYSTEMPATH\rewrite.php(44): require_once('C:\\xampp\\htdocs\\kasirpos\\public\\index.php')
DEBUG - 2026-05-05 13:57:34 --> Session: Class initialized using 'CodeIgniter\Session\Handlers\FileHandler' driver.
CRITICAL - 2026-05-05 20:57:34 --> CodeIgniter\Pager\Exceptions\PagerException: "custom_pager" is not a valid Pager template.
[Method: GET, Route: admin/transaksi]
in SYSTEMPATH\Pager\Pager.php on line 124.
 1 SYSTEMPATH\Pager\Pager.php(124): CodeIgniter\Pager\Exceptions\PagerException::forInvalidTemplate('custom_pager')
 2 SYSTEMPATH\Pager\Pager.php(87): CodeIgniter\Pager\Pager->displayLinks('transaksi', 'custom_pager')
 3 APPPATH\Views\admin\transaksi_view.php(71): CodeIgniter\Pager\Pager->links('transaksi', 'custom_pager')
 4 SYSTEMPATH\View\View.php(226): include('C:\\xampp\\htdocs\\kasirpos\\app\\Views\\admin\\transaksi_view.php')
 5 SYSTEMPATH\View\View.php(229): CodeIgniter\View\View->CodeIgniter\View\{closure}()
 6 SYSTEMPATH\Common.php(1167): CodeIgniter\View\View->render('admin/transaksi_view', [], true)
 7 APPPATH\Controllers\Admin.php(349): view('admin/transaksi_view', [...])
 8 SYSTEMPATH\CodeIgniter.php(933): App\Controllers\Admin->transaksi()
 9 SYSTEMPATH\CodeIgniter.php(507): CodeIgniter\CodeIgniter->runController(Object(App\Controllers\Admin))
10 SYSTEMPATH\CodeIgniter.php(354): CodeIgniter\CodeIgniter->handleRequest(null, Object(Config\Cache), false)
11 SYSTEMPATH\Boot.php(363): CodeIgniter\CodeIgniter->run()
12 SYSTEMPATH\Boot.php(68): CodeIgniter\Boot::runCodeIgniter(Object(CodeIgniter\CodeIgniter))
13 FCPATH\index.php(59): CodeIgniter\Boot::bootWeb(Object(Config\Paths))
14 SYSTEMPATH\rewrite.php(44): require_once('C:\\xampp\\htdocs\\kasirpos\\public\\index.php')
DEBUG - 2026-05-05 13:57:37 --> Session: Class initialized using 'CodeIgniter\Session\Handlers\FileHandler' driver.
CRITICAL - 2026-05-05 20:57:37 --> CodeIgniter\Pager\Exceptions\PagerException: "custom_pager" is not a valid Pager template.
[Method: GET, Route: admin/transaksi]
in SYSTEMPATH\Pager\Pager.php on line 124.
 1 SYSTEMPATH\Pager\Pager.php(124): CodeIgniter\Pager\Exceptions\PagerException::forInvalidTemplate('custom_pager')
 2 SYSTEMPATH\Pager\Pager.php(87): CodeIgniter\Pager\Pager->displayLinks('transaksi', 'custom_pager')
 3 APPPATH\Views\admin\transaksi_view.php(71): CodeIgniter\Pager\Pager->links('transaksi', 'custom_pager')
 4 SYSTEMPATH\View\View.php(226): include('C:\\xampp\\htdocs\\kasirpos\\app\\Views\\admin\\transaksi_view.php')
 5 SYSTEMPATH\View\View.php(229): CodeIgniter\View\View->CodeIgniter\View\{closure}()
 6 SYSTEMPATH\Common.php(1167): CodeIgniter\View\View->render('admin/transaksi_view', [], true)
 7 APPPATH\Controllers\Admin.php(349): view('admin/transaksi_view', [...])
 8 SYSTEMPATH\CodeIgniter.php(933): App\Controllers\Admin->transaksi()
 9 SYSTEMPATH\CodeIgniter.php(507): CodeIgniter\CodeIgniter->runController(Object(App\Controllers\Admin))
10 SYSTEMPATH\CodeIgniter.php(354): CodeIgniter\CodeIgniter->handleRequest(null, Object(Config\Cache), false)
11 SYSTEMPATH\Boot.php(363): CodeIgniter\CodeIgniter->run()
12 SYSTEMPATH\Boot.php(68): CodeIgniter\Boot::runCodeIgniter(Object(CodeIgniter\CodeIgniter))
13 FCPATH\index.php(59): CodeIgniter\Boot::bootWeb(Object(Config\Paths))
14 SYSTEMPATH\rewrite.php(44): require_once('C:\\xampp\\htdocs\\kasirpos\\public\\index.php')
DEBUG - 2026-05-05 13:57:37 --> Session: Class initialized using 'CodeIgniter\Session\Handlers\FileHandler' driver.
CRITICAL - 2026-05-05 20:57:37 --> CodeIgniter\Pager\Exceptions\PagerException: "custom_pager" is not a valid Pager template.
[Method: GET, Route: admin/transaksi]
in SYSTEMPATH\Pager\Pager.php on line 124.
 1 SYSTEMPATH\Pager\Pager.php(124): CodeIgniter\Pager\Exceptions\PagerException::forInvalidTemplate('custom_pager')
 2 SYSTEMPATH\Pager\Pager.php(87): CodeIgniter\Pager\Pager->displayLinks('transaksi', 'custom_pager')
 3 APPPATH\Views\admin\transaksi_view.php(71): CodeIgniter\Pager\Pager->links('transaksi', 'custom_pager')
 4 SYSTEMPATH\View\View.php(226): include('C:\\xampp\\htdocs\\kasirpos\\app\\Views\\admin\\transaksi_view.php')
 5 SYSTEMPATH\View\View.php(229): CodeIgniter\View\View->CodeIgniter\View\{closure}()
 6 SYSTEMPATH\Common.php(1167): CodeIgniter\View\View->render('admin/transaksi_view', [], true)
 7 APPPATH\Controllers\Admin.php(349): view('admin/transaksi_view', [...])
 8 SYSTEMPATH\CodeIgniter.php(933): App\Controllers\Admin->transaksi()
 9 SYSTEMPATH\CodeIgniter.php(507): CodeIgniter\CodeIgniter->runController(Object(App\Controllers\Admin))
10 SYSTEMPATH\CodeIgniter.php(354): CodeIgniter\CodeIgniter->handleRequest(null, Object(Config\Cache), false)
11 SYSTEMPATH\Boot.php(363): CodeIgniter\CodeIgniter->run()
12 SYSTEMPATH\Boot.php(68): CodeIgniter\Boot::runCodeIgniter(Object(CodeIgniter\CodeIgniter))
13 FCPATH\index.php(59): CodeIgniter\Boot::bootWeb(Object(Config\Paths))
14 SYSTEMPATH\rewrite.php(44): require_once('C:\\xampp\\htdocs\\kasirpos\\public\\index.php')
DEBUG - 2026-05-05 13:57:37 --> Session: Class initialized using 'CodeIgniter\Session\Handlers\FileHandler' driver.
CRITICAL - 2026-05-05 20:57:37 --> CodeIgniter\Pager\Exceptions\PagerException: "custom_pager" is not a valid Pager template.
[Method: GET, Route: admin/transaksi]
in SYSTEMPATH\Pager\Pager.php on line 124.
 1 SYSTEMPATH\Pager\Pager.php(124): CodeIgniter\Pager\Exceptions\PagerException::forInvalidTemplate('custom_pager')
 2 SYSTEMPATH\Pager\Pager.php(87): CodeIgniter\Pager\Pager->displayLinks('transaksi', 'custom_pager')
 3 APPPATH\Views\admin\transaksi_view.php(71): CodeIgniter\Pager\Pager->links('transaksi', 'custom_pager')
 4 SYSTEMPATH\View\View.php(226): include('C:\\xampp\\htdocs\\kasirpos\\app\\Views\\admin\\transaksi_view.php')
 5 SYSTEMPATH\View\View.php(229): CodeIgniter\View\View->CodeIgniter\View\{closure}()
 6 SYSTEMPATH\Common.php(1167): CodeIgniter\View\View->render('admin/transaksi_view', [], true)
 7 APPPATH\Controllers\Admin.php(349): view('admin/transaksi_view', [...])
 8 SYSTEMPATH\CodeIgniter.php(933): App\Controllers\Admin->transaksi()
 9 SYSTEMPATH\CodeIgniter.php(507): CodeIgniter\CodeIgniter->runController(Object(App\Controllers\Admin))
10 SYSTEMPATH\CodeIgniter.php(354): CodeIgniter\CodeIgniter->handleRequest(null, Object(Config\Cache), false)
11 SYSTEMPATH\Boot.php(363): CodeIgniter\CodeIgniter->run()
12 SYSTEMPATH\Boot.php(68): CodeIgniter\Boot::runCodeIgniter(Object(CodeIgniter\CodeIgniter))
13 FCPATH\index.php(59): CodeIgniter\Boot::bootWeb(Object(Config\Paths))
14 SYSTEMPATH\rewrite.php(44): require_once('C:\\xampp\\htdocs\\kasirpos\\public\\index.php')
DEBUG - 2026-05-05 13:57:38 --> Session: Class initialized using 'CodeIgniter\Session\Handlers\FileHandler' driver.
CRITICAL - 2026-05-05 20:57:38 --> CodeIgniter\Pager\Exceptions\PagerException: "custom_pager" is not a valid Pager template.
[Method: GET, Route: admin/transaksi]
in SYSTEMPATH\Pager\Pager.php on line 124.
 1 SYSTEMPATH\Pager\Pager.php(124): CodeIgniter\Pager\Exceptions\PagerException::forInvalidTemplate('custom_pager')
 2 SYSTEMPATH\Pager\Pager.php(87): CodeIgniter\Pager\Pager->displayLinks('transaksi', 'custom_pager')
 3 APPPATH\Views\admin\transaksi_view.php(71): CodeIgniter\Pager\Pager->links('transaksi', 'custom_pager')
 4 SYSTEMPATH\View\View.php(226): include('C:\\xampp\\htdocs\\kasirpos\\app\\Views\\admin\\transaksi_view.php')
 5 SYSTEMPATH\View\View.php(229): CodeIgniter\View\View->CodeIgniter\View\{closure}()
 6 SYSTEMPATH\Common.php(1167): CodeIgniter\View\View->render('admin/transaksi_view', [], true)
 7 APPPATH\Controllers\Admin.php(349): view('admin/transaksi_view', [...])
 8 SYSTEMPATH\CodeIgniter.php(933): App\Controllers\Admin->transaksi()
 9 SYSTEMPATH\CodeIgniter.php(507): CodeIgniter\CodeIgniter->runController(Object(App\Controllers\Admin))
10 SYSTEMPATH\CodeIgniter.php(354): CodeIgniter\CodeIgniter->handleRequest(null, Object(Config\Cache), false)
11 SYSTEMPATH\Boot.php(363): CodeIgniter\CodeIgniter->run()
12 SYSTEMPATH\Boot.php(68): CodeIgniter\Boot::runCodeIgniter(Object(CodeIgniter\CodeIgniter))
13 FCPATH\index.php(59): CodeIgniter\Boot::bootWeb(Object(Config\Paths))
14 SYSTEMPATH\rewrite.php(44): require_once('C:\\xampp\\htdocs\\kasirpos\\public\\index.php')
DEBUG - 2026-05-05 13:57:38 --> Session: Class initialized using 'CodeIgniter\Session\Handlers\FileHandler' driver.
CRITICAL - 2026-05-05 20:57:38 --> CodeIgniter\Pager\Exceptions\PagerException: "custom_pager" is not a valid Pager template.
[Method: GET, Route: admin/transaksi]
in SYSTEMPATH\Pager\Pager.php on line 124.
 1 SYSTEMPATH\Pager\Pager.php(124): CodeIgniter\Pager\Exceptions\PagerException::forInvalidTemplate('custom_pager')
 2 SYSTEMPATH\Pager\Pager.php(87): CodeIgniter\Pager\Pager->displayLinks('transaksi', 'custom_pager')
 3 APPPATH\Views\admin\transaksi_view.php(71): CodeIgniter\Pager\Pager->links('transaksi', 'custom_pager')
 4 SYSTEMPATH\View\View.php(226): include('C:\\xampp\\htdocs\\kasirpos\\app\\Views\\admin\\transaksi_view.php')
 5 SYSTEMPATH\View\View.php(229): CodeIgniter\View\View->CodeIgniter\View\{closure}()
 6 SYSTEMPATH\Common.php(1167): CodeIgniter\View\View->render('admin/transaksi_view', [], true)
 7 APPPATH\Controllers\Admin.php(349): view('admin/transaksi_view', [...])
 8 SYSTEMPATH\CodeIgniter.php(933): App\Controllers\Admin->transaksi()
 9 SYSTEMPATH\CodeIgniter.php(507): CodeIgniter\CodeIgniter->runController(Object(App\Controllers\Admin))
10 SYSTEMPATH\CodeIgniter.php(354): CodeIgniter\CodeIgniter->handleRequest(null, Object(Config\Cache), false)
11 SYSTEMPATH\Boot.php(363): CodeIgniter\CodeIgniter->run()
12 SYSTEMPATH\Boot.php(68): CodeIgniter\Boot::runCodeIgniter(Object(CodeIgniter\CodeIgniter))
13 FCPATH\index.php(59): CodeIgniter\Boot::bootWeb(Object(Config\Paths))
14 SYSTEMPATH\rewrite.php(44): require_once('C:\\xampp\\htdocs\\kasirpos\\public\\index.php')
DEBUG - 2026-05-05 13:57:38 --> Session: Class initialized using 'CodeIgniter\Session\Handlers\FileHandler' driver.
CRITICAL - 2026-05-05 20:57:38 --> CodeIgniter\Pager\Exceptions\PagerException: "custom_pager" is not a valid Pager template.
[Method: GET, Route: admin/transaksi]
in SYSTEMPATH\Pager\Pager.php on line 124.
 1 SYSTEMPATH\Pager\Pager.php(124): CodeIgniter\Pager\Exceptions\PagerException::forInvalidTemplate('custom_pager')
 2 SYSTEMPATH\Pager\Pager.php(87): CodeIgniter\Pager\Pager->displayLinks('transaksi', 'custom_pager')
 3 APPPATH\Views\admin\transaksi_view.php(71): CodeIgniter\Pager\Pager->links('transaksi', 'custom_pager')
 4 SYSTEMPATH\View\View.php(226): include('C:\\xampp\\htdocs\\kasirpos\\app\\Views\\admin\\transaksi_view.php')
 5 SYSTEMPATH\View\View.php(229): CodeIgniter\View\View->CodeIgniter\View\{closure}()
 6 SYSTEMPATH\Common.php(1167): CodeIgniter\View\View->render('admin/transaksi_view', [], true)
 7 APPPATH\Controllers\Admin.php(349): view('admin/transaksi_view', [...])
 8 SYSTEMPATH\CodeIgniter.php(933): App\Controllers\Admin->transaksi()
 9 SYSTEMPATH\CodeIgniter.php(507): CodeIgniter\CodeIgniter->runController(Object(App\Controllers\Admin))
10 SYSTEMPATH\CodeIgniter.php(354): CodeIgniter\CodeIgniter->handleRequest(null, Object(Config\Cache), false)
11 SYSTEMPATH\Boot.php(363): CodeIgniter\CodeIgniter->run()
12 SYSTEMPATH\Boot.php(68): CodeIgniter\Boot::runCodeIgniter(Object(CodeIgniter\CodeIgniter))
13 FCPATH\index.php(59): CodeIgniter\Boot::bootWeb(Object(Config\Paths))
14 SYSTEMPATH\rewrite.php(44): require_once('C:\\xampp\\htdocs\\kasirpos\\public\\index.php')
DEBUG - 2026-05-05 13:57:38 --> Session: Class initialized using 'CodeIgniter\Session\Handlers\FileHandler' driver.
CRITICAL - 2026-05-05 20:57:38 --> CodeIgniter\Pager\Exceptions\PagerException: "custom_pager" is not a valid Pager template.
[Method: GET, Route: admin/transaksi]
in SYSTEMPATH\Pager\Pager.php on line 124.
 1 SYSTEMPATH\Pager\Pager.php(124): CodeIgniter\Pager\Exceptions\PagerException::forInvalidTemplate('custom_pager')
 2 SYSTEMPATH\Pager\Pager.php(87): CodeIgniter\Pager\Pager->displayLinks('transaksi', 'custom_pager')
 3 APPPATH\Views\admin\transaksi_view.php(71): CodeIgniter\Pager\Pager->links('transaksi', 'custom_pager')
 4 SYSTEMPATH\View\View.php(226): include('C:\\xampp\\htdocs\\kasirpos\\app\\Views\\admin\\transaksi_view.php')
 5 SYSTEMPATH\View\View.php(229): CodeIgniter\View\View->CodeIgniter\View\{closure}()
 6 SYSTEMPATH\Common.php(1167): CodeIgniter\View\View->render('admin/transaksi_view', [], true)
 7 APPPATH\Controllers\Admin.php(349): view('admin/transaksi_view', [...])
 8 SYSTEMPATH\CodeIgniter.php(933): App\Controllers\Admin->transaksi()
 9 SYSTEMPATH\CodeIgniter.php(507): CodeIgniter\CodeIgniter->runController(Object(App\Controllers\Admin))
10 SYSTEMPATH\CodeIgniter.php(354): CodeIgniter\CodeIgniter->handleRequest(null, Object(Config\Cache), false)
11 SYSTEMPATH\Boot.php(363): CodeIgniter\CodeIgniter->run()
12 SYSTEMPATH\Boot.php(68): CodeIgniter\Boot::runCodeIgniter(Object(CodeIgniter\CodeIgniter))
13 FCPATH\index.php(59): CodeIgniter\Boot::bootWeb(Object(Config\Paths))
14 SYSTEMPATH\rewrite.php(44): require_once('C:\\xampp\\htdocs\\kasirpos\\public\\index.php')
DEBUG - 2026-05-05 13:57:39 --> Session: Class initialized using 'CodeIgniter\Session\Handlers\FileHandler' driver.
CRITICAL - 2026-05-05 20:57:39 --> CodeIgniter\Pager\Exceptions\PagerException: "custom_pager" is not a valid Pager template.
[Method: GET, Route: admin/transaksi]
in SYSTEMPATH\Pager\Pager.php on line 124.
 1 SYSTEMPATH\Pager\Pager.php(124): CodeIgniter\Pager\Exceptions\PagerException::forInvalidTemplate('custom_pager')
 2 SYSTEMPATH\Pager\Pager.php(87): CodeIgniter\Pager\Pager->displayLinks('transaksi', 'custom_pager')
 3 APPPATH\Views\admin\transaksi_view.php(71): CodeIgniter\Pager\Pager->links('transaksi', 'custom_pager')
 4 SYSTEMPATH\View\View.php(226): include('C:\\xampp\\htdocs\\kasirpos\\app\\Views\\admin\\transaksi_view.php')
 5 SYSTEMPATH\View\View.php(229): CodeIgniter\View\View->CodeIgniter\View\{closure}()
 6 SYSTEMPATH\Common.php(1167): CodeIgniter\View\View->render('admin/transaksi_view', [], true)
 7 APPPATH\Controllers\Admin.php(349): view('admin/transaksi_view', [...])
 8 SYSTEMPATH\CodeIgniter.php(933): App\Controllers\Admin->transaksi()
 9 SYSTEMPATH\CodeIgniter.php(507): CodeIgniter\CodeIgniter->runController(Object(App\Controllers\Admin))
10 SYSTEMPATH\CodeIgniter.php(354): CodeIgniter\CodeIgniter->handleRequest(null, Object(Config\Cache), false)
11 SYSTEMPATH\Boot.php(363): CodeIgniter\CodeIgniter->run()
12 SYSTEMPATH\Boot.php(68): CodeIgniter\Boot::runCodeIgniter(Object(CodeIgniter\CodeIgniter))
13 FCPATH\index.php(59): CodeIgniter\Boot::bootWeb(Object(Config\Paths))
14 SYSTEMPATH\rewrite.php(44): require_once('C:\\xampp\\htdocs\\kasirpos\\public\\index.php')
DEBUG - 2026-05-05 13:57:39 --> Session: Class initialized using 'CodeIgniter\Session\Handlers\FileHandler' driver.
CRITICAL - 2026-05-05 20:57:39 --> CodeIgniter\Pager\Exceptions\PagerException: "custom_pager" is not a valid Pager template.
[Method: GET, Route: admin/transaksi]
in SYSTEMPATH\Pager\Pager.php on line 124.
 1 SYSTEMPATH\Pager\Pager.php(124): CodeIgniter\Pager\Exceptions\PagerException::forInvalidTemplate('custom_pager')
 2 SYSTEMPATH\Pager\Pager.php(87): CodeIgniter\Pager\Pager->displayLinks('transaksi', 'custom_pager')
 3 APPPATH\Views\admin\transaksi_view.php(71): CodeIgniter\Pager\Pager->links('transaksi', 'custom_pager')
 4 SYSTEMPATH\View\View.php(226): include('C:\\xampp\\htdocs\\kasirpos\\app\\Views\\admin\\transaksi_view.php')
 5 SYSTEMPATH\View\View.php(229): CodeIgniter\View\View->CodeIgniter\View\{closure}()
 6 SYSTEMPATH\Common.php(1167): CodeIgniter\View\View->render('admin/transaksi_view', [], true)
 7 APPPATH\Controllers\Admin.php(349): view('admin/transaksi_view', [...])
 8 SYSTEMPATH\CodeIgniter.php(933): App\Controllers\Admin->transaksi()
 9 SYSTEMPATH\CodeIgniter.php(507): CodeIgniter\CodeIgniter->runController(Object(App\Controllers\Admin))
10 SYSTEMPATH\CodeIgniter.php(354): CodeIgniter\CodeIgniter->handleRequest(null, Object(Config\Cache), false)
11 SYSTEMPATH\Boot.php(363): CodeIgniter\CodeIgniter->run()
12 SYSTEMPATH\Boot.php(68): CodeIgniter\Boot::runCodeIgniter(Object(CodeIgniter\CodeIgniter))
13 FCPATH\index.php(59): CodeIgniter\Boot::bootWeb(Object(Config\Paths))
14 SYSTEMPATH\rewrite.php(44): require_once('C:\\xampp\\htdocs\\kasirpos\\public\\index.php')
DEBUG - 2026-05-05 13:58:59 --> Session: Class initialized using 'CodeIgniter\Session\Handlers\FileHandler' driver.
CRITICAL - 2026-05-05 20:58:59 --> CodeIgniter\Pager\Exceptions\PagerException: "custom_pager" is not a valid Pager template.
[Method: GET, Route: admin/transaksi]
in SYSTEMPATH\Pager\Pager.php on line 124.
 1 SYSTEMPATH\Pager\Pager.php(124): CodeIgniter\Pager\Exceptions\PagerException::forInvalidTemplate('custom_pager')
 2 SYSTEMPATH\Pager\Pager.php(87): CodeIgniter\Pager\Pager->displayLinks('transaksi', 'custom_pager')
 3 APPPATH\Views\admin\transaksi_view.php(71): CodeIgniter\Pager\Pager->links('transaksi', 'custom_pager')
 4 SYSTEMPATH\View\View.php(226): include('C:\\xampp\\htdocs\\kasirpos\\app\\Views\\admin\\transaksi_view.php')
 5 SYSTEMPATH\View\View.php(229): CodeIgniter\View\View->CodeIgniter\View\{closure}()
 6 SYSTEMPATH\Common.php(1167): CodeIgniter\View\View->render('admin/transaksi_view', [], true)
 7 APPPATH\Controllers\Admin.php(349): view('admin/transaksi_view', [...])
 8 SYSTEMPATH\CodeIgniter.php(933): App\Controllers\Admin->transaksi()
 9 SYSTEMPATH\CodeIgniter.php(507): CodeIgniter\CodeIgniter->runController(Object(App\Controllers\Admin))
10 SYSTEMPATH\CodeIgniter.php(354): CodeIgniter\CodeIgniter->handleRequest(null, Object(Config\Cache), false)
11 SYSTEMPATH\Boot.php(363): CodeIgniter\CodeIgniter->run()
12 SYSTEMPATH\Boot.php(68): CodeIgniter\Boot::runCodeIgniter(Object(CodeIgniter\CodeIgniter))
13 FCPATH\index.php(59): CodeIgniter\Boot::bootWeb(Object(Config\Paths))
14 SYSTEMPATH\rewrite.php(44): require_once('C:\\xampp\\htdocs\\kasirpos\\public\\index.php')
DEBUG - 2026-05-05 13:59:08 --> Session: Class initialized using 'CodeIgniter\Session\Handlers\FileHandler' driver.
CRITICAL - 2026-05-05 20:59:08 --> CodeIgniter\View\Exceptions\ViewException: Invalid file: "App\Views\pager\bootstrap_pagination.php"
[Method: GET, Route: admin/produk]
in SYSTEMPATH\Exceptions\FrameworkException.php on line 39.
 1 SYSTEMPATH\View\View.php(214): CodeIgniter\Exceptions\FrameworkException::forInvalidFile('App\\Views\\pager\\bootstrap_pagination.php')
 2 SYSTEMPATH\Pager\Pager.php(130): CodeIgniter\View\View->render('App\\Views\\pager\\bootstrap_pagination')
 3 SYSTEMPATH\Pager\Pager.php(114): CodeIgniter\Pager\Pager->displayLinks('default', 'default')
 4 APPPATH\Views\admin\produk_view.php(221): CodeIgniter\Pager\Pager->makeLinks(1, 10, 9, 'default')
 5 SYSTEMPATH\View\View.php(226): include('C:\\xampp\\htdocs\\kasirpos\\app\\Views\\admin\\produk_view.php')
 6 SYSTEMPATH\View\View.php(229): CodeIgniter\View\View->CodeIgniter\View\{closure}()
 7 SYSTEMPATH\Common.php(1167): CodeIgniter\View\View->render('admin/produk_view', [], true)
 8 APPPATH\Controllers\Admin.php(357): view('admin/produk_view', [...])
 9 SYSTEMPATH\CodeIgniter.php(933): App\Controllers\Admin->produk()
10 SYSTEMPATH\CodeIgniter.php(507): CodeIgniter\CodeIgniter->runController(Object(App\Controllers\Admin))
11 SYSTEMPATH\CodeIgniter.php(354): CodeIgniter\CodeIgniter->handleRequest(null, Object(Config\Cache), false)
12 SYSTEMPATH\Boot.php(363): CodeIgniter\CodeIgniter->run()
13 SYSTEMPATH\Boot.php(68): CodeIgniter\Boot::runCodeIgniter(Object(CodeIgniter\CodeIgniter))
14 FCPATH\index.php(59): CodeIgniter\Boot::bootWeb(Object(Config\Paths))
15 SYSTEMPATH\rewrite.php(44): require_once('C:\\xampp\\htdocs\\kasirpos\\public\\index.php')
DEBUG - 2026-05-05 13:59:08 --> Session: Class initialized using 'CodeIgniter\Session\Handlers\FileHandler' driver.
DEBUG - 2026-05-05 20:59:09 --> Session: Class initialized using 'CodeIgniter\Session\Handlers\FileHandler' driver.
DEBUG - 2026-05-05 20:59:43 --> Session: Class initialized using 'CodeIgniter\Session\Handlers\FileHandler' driver.
DEBUG - 2026-05-05 13:59:45 --> Session: Class initialized using 'CodeIgniter\Session\Handlers\FileHandler' driver.
CRITICAL - 2026-05-05 20:59:45 --> CodeIgniter\Pager\Exceptions\PagerException: "custom_pagination" is not a valid Pager template.
[Method: GET, Route: admin/manajemen-user]
in SYSTEMPATH\Pager\Pager.php on line 124.
 1 SYSTEMPATH\Pager\Pager.php(124): CodeIgniter\Pager\Exceptions\PagerException::forInvalidTemplate('custom_pagination')
 2 SYSTEMPATH\Pager\Pager.php(87): CodeIgniter\Pager\Pager->displayLinks('log', 'custom_pagination')
 3 APPPATH\Views\admin\user_view.php(463): CodeIgniter\Pager\Pager->links('log', 'custom_pagination')
 4 SYSTEMPATH\View\View.php(226): include('C:\\xampp\\htdocs\\kasirpos\\app\\Views\\admin\\user_view.php')
 5 SYSTEMPATH\View\View.php(229): CodeIgniter\View\View->CodeIgniter\View\{closure}()
 6 SYSTEMPATH\Common.php(1167): CodeIgniter\View\View->render('admin/user_view', [], true)
 7 APPPATH\Controllers\Admin.php(209): view('admin/user_view', [...])
 8 SYSTEMPATH\CodeIgniter.php(933): App\Controllers\Admin->user()
 9 SYSTEMPATH\CodeIgniter.php(507): CodeIgniter\CodeIgniter->runController(Object(App\Controllers\Admin))
10 SYSTEMPATH\CodeIgniter.php(354): CodeIgniter\CodeIgniter->handleRequest(null, Object(Config\Cache), false)
11 SYSTEMPATH\Boot.php(363): CodeIgniter\CodeIgniter->run()
12 SYSTEMPATH\Boot.php(68): CodeIgniter\Boot::runCodeIgniter(Object(CodeIgniter\CodeIgniter))
13 FCPATH\index.php(59): CodeIgniter\Boot::bootWeb(Object(Config\Paths))
14 SYSTEMPATH\rewrite.php(44): require_once('C:\\xampp\\htdocs\\kasirpos\\public\\index.php')
DEBUG - 2026-05-05 13:59:48 --> Session: Class initialized using 'CodeIgniter\Session\Handlers\FileHandler' driver.
CRITICAL - 2026-05-05 20:59:48 --> CodeIgniter\Pager\Exceptions\PagerException: "custom_pager" is not a valid Pager template.
[Method: GET, Route: admin/transaksi]
in SYSTEMPATH\Pager\Pager.php on line 124.
 1 SYSTEMPATH\Pager\Pager.php(124): CodeIgniter\Pager\Exceptions\PagerException::forInvalidTemplate('custom_pager')
 2 SYSTEMPATH\Pager\Pager.php(87): CodeIgniter\Pager\Pager->displayLinks('transaksi', 'custom_pager')
 3 APPPATH\Views\admin\transaksi_view.php(71): CodeIgniter\Pager\Pager->links('transaksi', 'custom_pager')
 4 SYSTEMPATH\View\View.php(226): include('C:\\xampp\\htdocs\\kasirpos\\app\\Views\\admin\\transaksi_view.php')
 5 SYSTEMPATH\View\View.php(229): CodeIgniter\View\View->CodeIgniter\View\{closure}()
 6 SYSTEMPATH\Common.php(1167): CodeIgniter\View\View->render('admin/transaksi_view', [], true)
 7 APPPATH\Controllers\Admin.php(349): view('admin/transaksi_view', [...])
 8 SYSTEMPATH\CodeIgniter.php(933): App\Controllers\Admin->transaksi()
 9 SYSTEMPATH\CodeIgniter.php(507): CodeIgniter\CodeIgniter->runController(Object(App\Controllers\Admin))
10 SYSTEMPATH\CodeIgniter.php(354): CodeIgniter\CodeIgniter->handleRequest(null, Object(Config\Cache), false)
11 SYSTEMPATH\Boot.php(363): CodeIgniter\CodeIgniter->run()
12 SYSTEMPATH\Boot.php(68): CodeIgniter\Boot::runCodeIgniter(Object(CodeIgniter\CodeIgniter))
13 FCPATH\index.php(59): CodeIgniter\Boot::bootWeb(Object(Config\Paths))
14 SYSTEMPATH\rewrite.php(44): require_once('C:\\xampp\\htdocs\\kasirpos\\public\\index.php')
DEBUG - 2026-05-05 13:59:51 --> Session: Class initialized using 'CodeIgniter\Session\Handlers\FileHandler' driver.
CRITICAL - 2026-05-05 20:59:51 --> CodeIgniter\Pager\Exceptions\PagerException: "custom_pagination" is not a valid Pager template.
[Method: GET, Route: admin/manajemen-user]
in SYSTEMPATH\Pager\Pager.php on line 124.
 1 SYSTEMPATH\Pager\Pager.php(124): CodeIgniter\Pager\Exceptions\PagerException::forInvalidTemplate('custom_pagination')
 2 SYSTEMPATH\Pager\Pager.php(87): CodeIgniter\Pager\Pager->displayLinks('log', 'custom_pagination')
 3 APPPATH\Views\admin\user_view.php(463): CodeIgniter\Pager\Pager->links('log', 'custom_pagination')
 4 SYSTEMPATH\View\View.php(226): include('C:\\xampp\\htdocs\\kasirpos\\app\\Views\\admin\\user_view.php')
 5 SYSTEMPATH\View\View.php(229): CodeIgniter\View\View->CodeIgniter\View\{closure}()
 6 SYSTEMPATH\Common.php(1167): CodeIgniter\View\View->render('admin/user_view', [], true)
 7 APPPATH\Controllers\Admin.php(209): view('admin/user_view', [...])
 8 SYSTEMPATH\CodeIgniter.php(933): App\Controllers\Admin->user()
 9 SYSTEMPATH\CodeIgniter.php(507): CodeIgniter\CodeIgniter->runController(Object(App\Controllers\Admin))
10 SYSTEMPATH\CodeIgniter.php(354): CodeIgniter\CodeIgniter->handleRequest(null, Object(Config\Cache), false)
11 SYSTEMPATH\Boot.php(363): CodeIgniter\CodeIgniter->run()
12 SYSTEMPATH\Boot.php(68): CodeIgniter\Boot::runCodeIgniter(Object(CodeIgniter\CodeIgniter))
13 FCPATH\index.php(59): CodeIgniter\Boot::bootWeb(Object(Config\Paths))
14 SYSTEMPATH\rewrite.php(44): require_once('C:\\xampp\\htdocs\\kasirpos\\public\\index.php')
DEBUG - 2026-05-05 14:00:54 --> Session: Class initialized using 'CodeIgniter\Session\Handlers\FileHandler' driver.
CRITICAL - 2026-05-05 21:00:54 --> ParseError: syntax error, unexpected token "endif", expecting end of file
[Method: GET, Route: admin/manajemen-user]
in APPPATH\Views\admin\user_view.php on line 146.
 1 SYSTEMPATH\View\View.php(229): CodeIgniter\View\View->CodeIgniter\View\{closure}()
 2 SYSTEMPATH\Common.php(1167): CodeIgniter\View\View->render('admin/user_view', [], true)
 3 APPPATH\Controllers\Admin.php(209): view('admin/user_view', [...])
 4 SYSTEMPATH\CodeIgniter.php(933): App\Controllers\Admin->user()
 5 SYSTEMPATH\CodeIgniter.php(507): CodeIgniter\CodeIgniter->runController(Object(App\Controllers\Admin))
 6 SYSTEMPATH\CodeIgniter.php(354): CodeIgniter\CodeIgniter->handleRequest(null, Object(Config\Cache), false)
 7 SYSTEMPATH\Boot.php(363): CodeIgniter\CodeIgniter->run()
 8 SYSTEMPATH\Boot.php(68): CodeIgniter\Boot::runCodeIgniter(Object(CodeIgniter\CodeIgniter))
 9 FCPATH\index.php(59): CodeIgniter\Boot::bootWeb(Object(Config\Paths))
10 SYSTEMPATH\rewrite.php(44): require_once('C:\\xampp\\htdocs\\kasirpos\\public\\index.php')
DEBUG - 2026-05-05 14:01:02 --> Session: Class initialized using 'CodeIgniter\Session\Handlers\FileHandler' driver.
CRITICAL - 2026-05-05 21:01:02 --> ErrorException: Undefined variable $data
[Method: GET, Route: admin/manajemen-user]
in APPPATH\Views\admin\user_view.php on line 137.
 1 APPPATH\Views\admin\user_view.php(137): CodeIgniter\Debug\Exceptions->errorHandler(2, 'Undefined variable $data', 'C:\\xampp\\htdocs\\kasirpos\\app\\Views\\admin\\user_view.php', 137)
 2 SYSTEMPATH\View\View.php(226): include('C:\\xampp\\htdocs\\kasirpos\\app\\Views\\admin\\user_view.php')
 3 SYSTEMPATH\View\View.php(229): CodeIgniter\View\View->CodeIgniter\View\{closure}()
 4 SYSTEMPATH\Common.php(1167): CodeIgniter\View\View->render('admin/user_view', [], true)
 5 APPPATH\Controllers\Admin.php(209): view('admin/user_view', [...])
 6 SYSTEMPATH\CodeIgniter.php(933): App\Controllers\Admin->user()
 7 SYSTEMPATH\CodeIgniter.php(507): CodeIgniter\CodeIgniter->runController(Object(App\Controllers\Admin))
 8 SYSTEMPATH\CodeIgniter.php(354): CodeIgniter\CodeIgniter->handleRequest(null, Object(Config\Cache), false)
 9 SYSTEMPATH\Boot.php(363): CodeIgniter\CodeIgniter->run()
10 SYSTEMPATH\Boot.php(68): CodeIgniter\Boot::runCodeIgniter(Object(CodeIgniter\CodeIgniter))
11 FCPATH\index.php(59): CodeIgniter\Boot::bootWeb(Object(Config\Paths))
12 SYSTEMPATH\rewrite.php(44): require_once('C:\\xampp\\htdocs\\kasirpos\\public\\index.php')
DEBUG - 2026-05-05 14:07:16 --> Session: Class initialized using 'CodeIgniter\Session\Handlers\FileHandler' driver.
CRITICAL - 2026-05-05 21:07:16 --> CodeIgniter\View\Exceptions\ViewException: Invalid file: "App\Views\pager\bootstrap_pagination.php"
[Method: GET, Route: admin/manajemen-user]
in SYSTEMPATH\Exceptions\FrameworkException.php on line 39.
 1 SYSTEMPATH\View\View.php(214): CodeIgniter\Exceptions\FrameworkException::forInvalidFile('App\\Views\\pager\\bootstrap_pagination.php')
 2 SYSTEMPATH\Pager\Pager.php(130): CodeIgniter\View\View->render('App\\Views\\pager\\bootstrap_pagination')
 3 SYSTEMPATH\Pager\Pager.php(87): CodeIgniter\Pager\Pager->displayLinks('user_group', 'default')
 4 APPPATH\Views\admin\user_view.php(143): CodeIgniter\Pager\Pager->links('user_group', 'default')
 5 SYSTEMPATH\View\View.php(226): include('C:\\xampp\\htdocs\\kasirpos\\app\\Views\\admin\\user_view.php')
 6 SYSTEMPATH\View\View.php(229): CodeIgniter\View\View->CodeIgniter\View\{closure}()
 7 SYSTEMPATH\Common.php(1167): CodeIgniter\View\View->render('admin/user_view', [], true)
 8 APPPATH\Controllers\Admin.php(200): view('admin/user_view', [...])
 9 SYSTEMPATH\CodeIgniter.php(933): App\Controllers\Admin->user()
10 SYSTEMPATH\CodeIgniter.php(507): CodeIgniter\CodeIgniter->runController(Object(App\Controllers\Admin))
11 SYSTEMPATH\CodeIgniter.php(354): CodeIgniter\CodeIgniter->handleRequest(null, Object(Config\Cache), false)
12 SYSTEMPATH\Boot.php(363): CodeIgniter\CodeIgniter->run()
13 SYSTEMPATH\Boot.php(68): CodeIgniter\Boot::runCodeIgniter(Object(CodeIgniter\CodeIgniter))
14 FCPATH\index.php(59): CodeIgniter\Boot::bootWeb(Object(Config\Paths))
15 SYSTEMPATH\rewrite.php(44): require_once('C:\\xampp\\htdocs\\kasirpos\\public\\index.php')
DEBUG - 2026-05-05 14:08:12 --> Session: Class initialized using 'CodeIgniter\Session\Handlers\FileHandler' driver.
CRITICAL - 2026-05-05 21:08:12 --> TypeError: CodeIgniter\Pager\Pager::makeLinks(): Argument #1 ($page) must be of type int, string given, called in C:\xampp\htdocs\kasirpos\app\Views\admin\user_view.php on line 463
[Method: GET, Route: admin/manajemen-user]
in SYSTEMPATH\Pager\Pager.php on line 108.
 1 APPPATH\Views\admin\user_view.php(463): CodeIgniter\Pager\Pager->makeLinks('log', 'default')
 2 SYSTEMPATH\View\View.php(226): include('C:\\xampp\\htdocs\\kasirpos\\app\\Views\\admin\\user_view.php')
 3 SYSTEMPATH\View\View.php(229): CodeIgniter\View\View->CodeIgniter\View\{closure}()
 4 SYSTEMPATH\Common.php(1167): CodeIgniter\View\View->render('admin/user_view', [], true)
 5 APPPATH\Controllers\Admin.php(200): view('admin/user_view', [...])
 6 SYSTEMPATH\CodeIgniter.php(933): App\Controllers\Admin->user()
 7 SYSTEMPATH\CodeIgniter.php(507): CodeIgniter\CodeIgniter->runController(Object(App\Controllers\Admin))
 8 SYSTEMPATH\CodeIgniter.php(354): CodeIgniter\CodeIgniter->handleRequest(null, Object(Config\Cache), false)
 9 SYSTEMPATH\Boot.php(363): CodeIgniter\CodeIgniter->run()
10 SYSTEMPATH\Boot.php(68): CodeIgniter\Boot::runCodeIgniter(Object(CodeIgniter\CodeIgniter))
11 FCPATH\index.php(59): CodeIgniter\Boot::bootWeb(Object(Config\Paths))
12 SYSTEMPATH\rewrite.php(44): require_once('C:\\xampp\\htdocs\\kasirpos\\public\\index.php')
DEBUG - 2026-05-05 14:09:44 --> Session: Class initialized using 'CodeIgniter\Session\Handlers\FileHandler' driver.
CRITICAL - 2026-05-05 21:09:44 --> TypeError: CodeIgniter\Pager\Pager::makeLinks(): Argument #1 ($page) must be of type int, string given, called in C:\xampp\htdocs\kasirpos\app\Views\admin\user_view.php on line 463
[Method: GET, Route: admin/manajemen-user]
in SYSTEMPATH\Pager\Pager.php on line 108.
 1 APPPATH\Views\admin\user_view.php(463): CodeIgniter\Pager\Pager->makeLinks('log', 'default')
 2 SYSTEMPATH\View\View.php(226): include('C:\\xampp\\htdocs\\kasirpos\\app\\Views\\admin\\user_view.php')
 3 SYSTEMPATH\View\View.php(229): CodeIgniter\View\View->CodeIgniter\View\{closure}()
 4 SYSTEMPATH\Common.php(1167): CodeIgniter\View\View->render('admin/user_view', [], true)
 5 APPPATH\Controllers\Admin.php(200): view('admin/user_view', [...])
 6 SYSTEMPATH\CodeIgniter.php(933): App\Controllers\Admin->user()
 7 SYSTEMPATH\CodeIgniter.php(507): CodeIgniter\CodeIgniter->runController(Object(App\Controllers\Admin))
 8 SYSTEMPATH\CodeIgniter.php(354): CodeIgniter\CodeIgniter->handleRequest(null, Object(Config\Cache), false)
 9 SYSTEMPATH\Boot.php(363): CodeIgniter\CodeIgniter->run()
10 SYSTEMPATH\Boot.php(68): CodeIgniter\Boot::runCodeIgniter(Object(CodeIgniter\CodeIgniter))
11 FCPATH\index.php(59): CodeIgniter\Boot::bootWeb(Object(Config\Paths))
12 SYSTEMPATH\rewrite.php(44): require_once('C:\\xampp\\htdocs\\kasirpos\\public\\index.php')
DEBUG - 2026-05-05 14:09:46 --> Session: Class initialized using 'CodeIgniter\Session\Handlers\FileHandler' driver.
CRITICAL - 2026-05-05 21:09:46 --> TypeError: CodeIgniter\Pager\Pager::makeLinks(): Argument #1 ($page) must be of type int, string given, called in C:\xampp\htdocs\kasirpos\app\Views\admin\user_view.php on line 463
[Method: GET, Route: admin/manajemen-user]
in SYSTEMPATH\Pager\Pager.php on line 108.
 1 APPPATH\Views\admin\user_view.php(463): CodeIgniter\Pager\Pager->makeLinks('log', 'default')
 2 SYSTEMPATH\View\View.php(226): include('C:\\xampp\\htdocs\\kasirpos\\app\\Views\\admin\\user_view.php')
 3 SYSTEMPATH\View\View.php(229): CodeIgniter\View\View->CodeIgniter\View\{closure}()
 4 SYSTEMPATH\Common.php(1167): CodeIgniter\View\View->render('admin/user_view', [], true)
 5 APPPATH\Controllers\Admin.php(200): view('admin/user_view', [...])
 6 SYSTEMPATH\CodeIgniter.php(933): App\Controllers\Admin->user()
 7 SYSTEMPATH\CodeIgniter.php(507): CodeIgniter\CodeIgniter->runController(Object(App\Controllers\Admin))
 8 SYSTEMPATH\CodeIgniter.php(354): CodeIgniter\CodeIgniter->handleRequest(null, Object(Config\Cache), false)
 9 SYSTEMPATH\Boot.php(363): CodeIgniter\CodeIgniter->run()
10 SYSTEMPATH\Boot.php(68): CodeIgniter\Boot::runCodeIgniter(Object(CodeIgniter\CodeIgniter))
11 FCPATH\index.php(59): CodeIgniter\Boot::bootWeb(Object(Config\Paths))
12 SYSTEMPATH\rewrite.php(44): require_once('C:\\xampp\\htdocs\\kasirpos\\public\\index.php')
DEBUG - 2026-05-05 14:09:46 --> Session: Class initialized using 'CodeIgniter\Session\Handlers\FileHandler' driver.
CRITICAL - 2026-05-05 21:09:46 --> TypeError: CodeIgniter\Pager\Pager::makeLinks(): Argument #1 ($page) must be of type int, string given, called in C:\xampp\htdocs\kasirpos\app\Views\admin\user_view.php on line 463
[Method: GET, Route: admin/manajemen-user]
in SYSTEMPATH\Pager\Pager.php on line 108.
 1 APPPATH\Views\admin\user_view.php(463): CodeIgniter\Pager\Pager->makeLinks('log', 'default')
 2 SYSTEMPATH\View\View.php(226): include('C:\\xampp\\htdocs\\kasirpos\\app\\Views\\admin\\user_view.php')
 3 SYSTEMPATH\View\View.php(229): CodeIgniter\View\View->CodeIgniter\View\{closure}()
 4 SYSTEMPATH\Common.php(1167): CodeIgniter\View\View->render('admin/user_view', [], true)
 5 APPPATH\Controllers\Admin.php(200): view('admin/user_view', [...])
 6 SYSTEMPATH\CodeIgniter.php(933): App\Controllers\Admin->user()
 7 SYSTEMPATH\CodeIgniter.php(507): CodeIgniter\CodeIgniter->runController(Object(App\Controllers\Admin))
 8 SYSTEMPATH\CodeIgniter.php(354): CodeIgniter\CodeIgniter->handleRequest(null, Object(Config\Cache), false)
 9 SYSTEMPATH\Boot.php(363): CodeIgniter\CodeIgniter->run()
10 SYSTEMPATH\Boot.php(68): CodeIgniter\Boot::runCodeIgniter(Object(CodeIgniter\CodeIgniter))
11 FCPATH\index.php(59): CodeIgniter\Boot::bootWeb(Object(Config\Paths))
12 SYSTEMPATH\rewrite.php(44): require_once('C:\\xampp\\htdocs\\kasirpos\\public\\index.php')
DEBUG - 2026-05-05 14:09:46 --> Session: Class initialized using 'CodeIgniter\Session\Handlers\FileHandler' driver.
CRITICAL - 2026-05-05 21:09:46 --> TypeError: CodeIgniter\Pager\Pager::makeLinks(): Argument #1 ($page) must be of type int, string given, called in C:\xampp\htdocs\kasirpos\app\Views\admin\user_view.php on line 463
[Method: GET, Route: admin/manajemen-user]
in SYSTEMPATH\Pager\Pager.php on line 108.
 1 APPPATH\Views\admin\user_view.php(463): CodeIgniter\Pager\Pager->makeLinks('log', 'default')
 2 SYSTEMPATH\View\View.php(226): include('C:\\xampp\\htdocs\\kasirpos\\app\\Views\\admin\\user_view.php')
 3 SYSTEMPATH\View\View.php(229): CodeIgniter\View\View->CodeIgniter\View\{closure}()
 4 SYSTEMPATH\Common.php(1167): CodeIgniter\View\View->render('admin/user_view', [], true)
 5 APPPATH\Controllers\Admin.php(200): view('admin/user_view', [...])
 6 SYSTEMPATH\CodeIgniter.php(933): App\Controllers\Admin->user()
 7 SYSTEMPATH\CodeIgniter.php(507): CodeIgniter\CodeIgniter->runController(Object(App\Controllers\Admin))
 8 SYSTEMPATH\CodeIgniter.php(354): CodeIgniter\CodeIgniter->handleRequest(null, Object(Config\Cache), false)
 9 SYSTEMPATH\Boot.php(363): CodeIgniter\CodeIgniter->run()
10 SYSTEMPATH\Boot.php(68): CodeIgniter\Boot::runCodeIgniter(Object(CodeIgniter\CodeIgniter))
11 FCPATH\index.php(59): CodeIgniter\Boot::bootWeb(Object(Config\Paths))
12 SYSTEMPATH\rewrite.php(44): require_once('C:\\xampp\\htdocs\\kasirpos\\public\\index.php')
DEBUG - 2026-05-05 14:09:46 --> Session: Class initialized using 'CodeIgniter\Session\Handlers\FileHandler' driver.
CRITICAL - 2026-05-05 21:09:46 --> TypeError: CodeIgniter\Pager\Pager::makeLinks(): Argument #1 ($page) must be of type int, string given, called in C:\xampp\htdocs\kasirpos\app\Views\admin\user_view.php on line 463
[Method: GET, Route: admin/manajemen-user]
in SYSTEMPATH\Pager\Pager.php on line 108.
 1 APPPATH\Views\admin\user_view.php(463): CodeIgniter\Pager\Pager->makeLinks('log', 'default')
 2 SYSTEMPATH\View\View.php(226): include('C:\\xampp\\htdocs\\kasirpos\\app\\Views\\admin\\user_view.php')
 3 SYSTEMPATH\View\View.php(229): CodeIgniter\View\View->CodeIgniter\View\{closure}()
 4 SYSTEMPATH\Common.php(1167): CodeIgniter\View\View->render('admin/user_view', [], true)
 5 APPPATH\Controllers\Admin.php(200): view('admin/user_view', [...])
 6 SYSTEMPATH\CodeIgniter.php(933): App\Controllers\Admin->user()
 7 SYSTEMPATH\CodeIgniter.php(507): CodeIgniter\CodeIgniter->runController(Object(App\Controllers\Admin))
 8 SYSTEMPATH\CodeIgniter.php(354): CodeIgniter\CodeIgniter->handleRequest(null, Object(Config\Cache), false)
 9 SYSTEMPATH\Boot.php(363): CodeIgniter\CodeIgniter->run()
10 SYSTEMPATH\Boot.php(68): CodeIgniter\Boot::runCodeIgniter(Object(CodeIgniter\CodeIgniter))
11 FCPATH\index.php(59): CodeIgniter\Boot::bootWeb(Object(Config\Paths))
12 SYSTEMPATH\rewrite.php(44): require_once('C:\\xampp\\htdocs\\kasirpos\\public\\index.php')
DEBUG - 2026-05-05 21:09:51 --> Session: Class initialized using 'CodeIgniter\Session\Handlers\FileHandler' driver.
DEBUG - 2026-05-05 14:09:53 --> Session: Class initialized using 'CodeIgniter\Session\Handlers\FileHandler' driver.
CRITICAL - 2026-05-05 21:09:53 --> CodeIgniter\Pager\Exceptions\PagerException: "custom_pager" is not a valid Pager template.
[Method: GET, Route: admin/transaksi]
in SYSTEMPATH\Pager\Pager.php on line 124.
 1 SYSTEMPATH\Pager\Pager.php(124): CodeIgniter\Pager\Exceptions\PagerException::forInvalidTemplate('custom_pager')
 2 SYSTEMPATH\Pager\Pager.php(87): CodeIgniter\Pager\Pager->displayLinks('transaksi', 'custom_pager')
 3 APPPATH\Views\admin\transaksi_view.php(71): CodeIgniter\Pager\Pager->links('transaksi', 'custom_pager')
 4 SYSTEMPATH\View\View.php(226): include('C:\\xampp\\htdocs\\kasirpos\\app\\Views\\admin\\transaksi_view.php')
 5 SYSTEMPATH\View\View.php(229): CodeIgniter\View\View->CodeIgniter\View\{closure}()
 6 SYSTEMPATH\Common.php(1167): CodeIgniter\View\View->render('admin/transaksi_view', [], true)
 7 APPPATH\Controllers\Admin.php(340): view('admin/transaksi_view', [...])
 8 SYSTEMPATH\CodeIgniter.php(933): App\Controllers\Admin->transaksi()
 9 SYSTEMPATH\CodeIgniter.php(507): CodeIgniter\CodeIgniter->runController(Object(App\Controllers\Admin))
10 SYSTEMPATH\CodeIgniter.php(354): CodeIgniter\CodeIgniter->handleRequest(null, Object(Config\Cache), false)
11 SYSTEMPATH\Boot.php(363): CodeIgniter\CodeIgniter->run()
12 SYSTEMPATH\Boot.php(68): CodeIgniter\Boot::runCodeIgniter(Object(CodeIgniter\CodeIgniter))
13 FCPATH\index.php(59): CodeIgniter\Boot::bootWeb(Object(Config\Paths))
14 SYSTEMPATH\rewrite.php(44): require_once('C:\\xampp\\htdocs\\kasirpos\\public\\index.php')
DEBUG - 2026-05-05 14:09:59 --> Session: Class initialized using 'CodeIgniter\Session\Handlers\FileHandler' driver.
CRITICAL - 2026-05-05 21:09:59 --> CodeIgniter\Pager\Exceptions\PagerException: "custom_pager" is not a valid Pager template.
[Method: GET, Route: admin/transaksi]
in SYSTEMPATH\Pager\Pager.php on line 124.
 1 SYSTEMPATH\Pager\Pager.php(124): CodeIgniter\Pager\Exceptions\PagerException::forInvalidTemplate('custom_pager')
 2 SYSTEMPATH\Pager\Pager.php(87): CodeIgniter\Pager\Pager->displayLinks('transaksi', 'custom_pager')
 3 APPPATH\Views\admin\transaksi_view.php(71): CodeIgniter\Pager\Pager->links('transaksi', 'custom_pager')
 4 SYSTEMPATH\View\View.php(226): include('C:\\xampp\\htdocs\\kasirpos\\app\\Views\\admin\\transaksi_view.php')
 5 SYSTEMPATH\View\View.php(229): CodeIgniter\View\View->CodeIgniter\View\{closure}()
 6 SYSTEMPATH\Common.php(1167): CodeIgniter\View\View->render('admin/transaksi_view', [], true)
 7 APPPATH\Controllers\Admin.php(340): view('admin/transaksi_view', [...])
 8 SYSTEMPATH\CodeIgniter.php(933): App\Controllers\Admin->transaksi()
 9 SYSTEMPATH\CodeIgniter.php(507): CodeIgniter\CodeIgniter->runController(Object(App\Controllers\Admin))
10 SYSTEMPATH\CodeIgniter.php(354): CodeIgniter\CodeIgniter->handleRequest(null, Object(Config\Cache), false)
11 SYSTEMPATH\Boot.php(363): CodeIgniter\CodeIgniter->run()
12 SYSTEMPATH\Boot.php(68): CodeIgniter\Boot::runCodeIgniter(Object(CodeIgniter\CodeIgniter))
13 FCPATH\index.php(59): CodeIgniter\Boot::bootWeb(Object(Config\Paths))
14 SYSTEMPATH\rewrite.php(44): require_once('C:\\xampp\\htdocs\\kasirpos\\public\\index.php')
DEBUG - 2026-05-05 14:10:01 --> Session: Class initialized using 'CodeIgniter\Session\Handlers\FileHandler' driver.
CRITICAL - 2026-05-05 21:10:01 --> TypeError: CodeIgniter\Pager\Pager::makeLinks(): Argument #1 ($page) must be of type int, string given, called in C:\xampp\htdocs\kasirpos\app\Views\admin\user_view.php on line 463
[Method: GET, Route: admin/manajemen-user]
in SYSTEMPATH\Pager\Pager.php on line 108.
 1 APPPATH\Views\admin\user_view.php(463): CodeIgniter\Pager\Pager->makeLinks('log', 'default')
 2 SYSTEMPATH\View\View.php(226): include('C:\\xampp\\htdocs\\kasirpos\\app\\Views\\admin\\user_view.php')
 3 SYSTEMPATH\View\View.php(229): CodeIgniter\View\View->CodeIgniter\View\{closure}()
 4 SYSTEMPATH\Common.php(1167): CodeIgniter\View\View->render('admin/user_view', [], true)
 5 APPPATH\Controllers\Admin.php(200): view('admin/user_view', [...])
 6 SYSTEMPATH\CodeIgniter.php(933): App\Controllers\Admin->user()
 7 SYSTEMPATH\CodeIgniter.php(507): CodeIgniter\CodeIgniter->runController(Object(App\Controllers\Admin))
 8 SYSTEMPATH\CodeIgniter.php(354): CodeIgniter\CodeIgniter->handleRequest(null, Object(Config\Cache), false)
 9 SYSTEMPATH\Boot.php(363): CodeIgniter\CodeIgniter->run()
10 SYSTEMPATH\Boot.php(68): CodeIgniter\Boot::runCodeIgniter(Object(CodeIgniter\CodeIgniter))
11 FCPATH\index.php(59): CodeIgniter\Boot::bootWeb(Object(Config\Paths))
12 SYSTEMPATH\rewrite.php(44): require_once('C:\\xampp\\htdocs\\kasirpos\\public\\index.php')
DEBUG - 2026-05-05 14:10:05 --> Session: Class initialized using 'CodeIgniter\Session\Handlers\FileHandler' driver.
CRITICAL - 2026-05-05 21:10:05 --> TypeError: CodeIgniter\Pager\Pager::makeLinks(): Argument #1 ($page) must be of type int, string given, called in C:\xampp\htdocs\kasirpos\app\Views\admin\user_view.php on line 463
[Method: GET, Route: admin/manajemen-user]
in SYSTEMPATH\Pager\Pager.php on line 108.
 1 APPPATH\Views\admin\user_view.php(463): CodeIgniter\Pager\Pager->makeLinks('log', 'default')
 2 SYSTEMPATH\View\View.php(226): include('C:\\xampp\\htdocs\\kasirpos\\app\\Views\\admin\\user_view.php')
 3 SYSTEMPATH\View\View.php(229): CodeIgniter\View\View->CodeIgniter\View\{closure}()
 4 SYSTEMPATH\Common.php(1167): CodeIgniter\View\View->render('admin/user_view', [], true)
 5 APPPATH\Controllers\Admin.php(200): view('admin/user_view', [...])
 6 SYSTEMPATH\CodeIgniter.php(933): App\Controllers\Admin->user()
 7 SYSTEMPATH\CodeIgniter.php(507): CodeIgniter\CodeIgniter->runController(Object(App\Controllers\Admin))
 8 SYSTEMPATH\CodeIgniter.php(354): CodeIgniter\CodeIgniter->handleRequest(null, Object(Config\Cache), false)
 9 SYSTEMPATH\Boot.php(363): CodeIgniter\CodeIgniter->run()
10 SYSTEMPATH\Boot.php(68): CodeIgniter\Boot::runCodeIgniter(Object(CodeIgniter\CodeIgniter))
11 FCPATH\index.php(59): CodeIgniter\Boot::bootWeb(Object(Config\Paths))
12 SYSTEMPATH\rewrite.php(44): require_once('C:\\xampp\\htdocs\\kasirpos\\public\\index.php')
DEBUG - 2026-05-05 14:10:40 --> Session: Class initialized using 'CodeIgniter\Session\Handlers\FileHandler' driver.
CRITICAL - 2026-05-05 21:10:40 --> ErrorException: Undefined variable $currentLogPage
[Method: GET, Route: admin/manajemen-user]
in APPPATH\Controllers\Admin.php on line 198.
 1 APPPATH\Controllers\Admin.php(198): CodeIgniter\Debug\Exceptions->errorHandler(2, 'Undefined variable $currentLogPage', 'C:\\xampp\\htdocs\\kasirpos\\app\\Controllers\\Admin.php', 198)
 2 SYSTEMPATH\CodeIgniter.php(933): App\Controllers\Admin->user()
 3 SYSTEMPATH\CodeIgniter.php(507): CodeIgniter\CodeIgniter->runController(Object(App\Controllers\Admin))
 4 SYSTEMPATH\CodeIgniter.php(354): CodeIgniter\CodeIgniter->handleRequest(null, Object(Config\Cache), false)
 5 SYSTEMPATH\Boot.php(363): CodeIgniter\CodeIgniter->run()
 6 SYSTEMPATH\Boot.php(68): CodeIgniter\Boot::runCodeIgniter(Object(CodeIgniter\CodeIgniter))
 7 FCPATH\index.php(59): CodeIgniter\Boot::bootWeb(Object(Config\Paths))
 8 SYSTEMPATH\rewrite.php(44): require_once('C:\\xampp\\htdocs\\kasirpos\\public\\index.php')
DEBUG - 2026-05-05 14:11:23 --> Session: Class initialized using 'CodeIgniter\Session\Handlers\FileHandler' driver.
CRITICAL - 2026-05-05 21:11:23 --> TypeError: CodeIgniter\Pager\Pager::makeLinks(): Argument #1 ($page) must be of type int, string given, called in C:\xampp\htdocs\kasirpos\app\Views\admin\user_view.php on line 463
[Method: GET, Route: admin/manajemen-user]
in SYSTEMPATH\Pager\Pager.php on line 108.
 1 APPPATH\Views\admin\user_view.php(463): CodeIgniter\Pager\Pager->makeLinks('log', 'default')
 2 SYSTEMPATH\View\View.php(226): include('C:\\xampp\\htdocs\\kasirpos\\app\\Views\\admin\\user_view.php')
 3 SYSTEMPATH\View\View.php(229): CodeIgniter\View\View->CodeIgniter\View\{closure}()
 4 SYSTEMPATH\Common.php(1167): CodeIgniter\View\View->render('admin/user_view', [], true)
 5 APPPATH\Controllers\Admin.php(199): view('admin/user_view', [...])
 6 SYSTEMPATH\CodeIgniter.php(933): App\Controllers\Admin->user()
 7 SYSTEMPATH\CodeIgniter.php(507): CodeIgniter\CodeIgniter->runController(Object(App\Controllers\Admin))
 8 SYSTEMPATH\CodeIgniter.php(354): CodeIgniter\CodeIgniter->handleRequest(null, Object(Config\Cache), false)
 9 SYSTEMPATH\Boot.php(363): CodeIgniter\CodeIgniter->run()
10 SYSTEMPATH\Boot.php(68): CodeIgniter\Boot::runCodeIgniter(Object(CodeIgniter\CodeIgniter))
11 FCPATH\index.php(59): CodeIgniter\Boot::bootWeb(Object(Config\Paths))
12 SYSTEMPATH\rewrite.php(44): require_once('C:\\xampp\\htdocs\\kasirpos\\public\\index.php')
DEBUG - 2026-05-05 14:12:58 --> Session: Class initialized using 'CodeIgniter\Session\Handlers\FileHandler' driver.
CRITICAL - 2026-05-05 21:12:58 --> ErrorException: Undefined property: CodeIgniter\View\View::$request
[Method: GET, Route: admin/manajemen-user]
in APPPATH\Views\admin\user_view.php on line 465.
 1 APPPATH\Views\admin\user_view.php(465): CodeIgniter\Debug\Exceptions->errorHandler(2, 'Undefined property: CodeIgniter\\View\\View::$request', 'C:\\xampp\\htdocs\\kasirpos\\app\\Views\\admin\\user_view.php', 465)
 2 SYSTEMPATH\View\View.php(226): include('C:\\xampp\\htdocs\\kasirpos\\app\\Views\\admin\\user_view.php')
 3 SYSTEMPATH\View\View.php(229): CodeIgniter\View\View->CodeIgniter\View\{closure}()
 4 SYSTEMPATH\Common.php(1167): CodeIgniter\View\View->render('admin/user_view', [], true)
 5 APPPATH\Controllers\Admin.php(199): view('admin/user_view', [...])
 6 SYSTEMPATH\CodeIgniter.php(933): App\Controllers\Admin->user()
 7 SYSTEMPATH\CodeIgniter.php(507): CodeIgniter\CodeIgniter->runController(Object(App\Controllers\Admin))
 8 SYSTEMPATH\CodeIgniter.php(354): CodeIgniter\CodeIgniter->handleRequest(null, Object(Config\Cache), false)
 9 SYSTEMPATH\Boot.php(363): CodeIgniter\CodeIgniter->run()
10 SYSTEMPATH\Boot.php(68): CodeIgniter\Boot::runCodeIgniter(Object(CodeIgniter\CodeIgniter))
11 FCPATH\index.php(59): CodeIgniter\Boot::bootWeb(Object(Config\Paths))
12 SYSTEMPATH\rewrite.php(44): require_once('C:\\xampp\\htdocs\\kasirpos\\public\\index.php')
DEBUG - 2026-05-05 14:13:37 --> Session: Class initialized using 'CodeIgniter\Session\Handlers\FileHandler' driver.
CRITICAL - 2026-05-05 21:13:37 --> TypeError: CodeIgniter\Pager\Pager::makeLinks(): Argument #1 ($page) must be of type int, string given, called in C:\xampp\htdocs\kasirpos\app\Views\admin\user_view.php on line 471
[Method: GET, Route: admin/manajemen-user]
in SYSTEMPATH\Pager\Pager.php on line 108.
 1 APPPATH\Views\admin\user_view.php(471): CodeIgniter\Pager\Pager->makeLinks('log', 'default')
 2 SYSTEMPATH\View\View.php(226): include('C:\\xampp\\htdocs\\kasirpos\\app\\Views\\admin\\user_view.php')
 3 SYSTEMPATH\View\View.php(229): CodeIgniter\View\View->CodeIgniter\View\{closure}()
 4 SYSTEMPATH\Common.php(1167): CodeIgniter\View\View->render('admin/user_view', [], true)
 5 APPPATH\Controllers\Admin.php(199): view('admin/user_view', [...])
 6 SYSTEMPATH\CodeIgniter.php(933): App\Controllers\Admin->user()
 7 SYSTEMPATH\CodeIgniter.php(507): CodeIgniter\CodeIgniter->runController(Object(App\Controllers\Admin))
 8 SYSTEMPATH\CodeIgniter.php(354): CodeIgniter\CodeIgniter->handleRequest(null, Object(Config\Cache), false)
 9 SYSTEMPATH\Boot.php(363): CodeIgniter\CodeIgniter->run()
10 SYSTEMPATH\Boot.php(68): CodeIgniter\Boot::runCodeIgniter(Object(CodeIgniter\CodeIgniter))
11 FCPATH\index.php(59): CodeIgniter\Boot::bootWeb(Object(Config\Paths))
12 SYSTEMPATH\rewrite.php(44): require_once('C:\\xampp\\htdocs\\kasirpos\\public\\index.php')
DEBUG - 2026-05-05 14:13:52 --> Session: Class initialized using 'CodeIgniter\Session\Handlers\FileHandler' driver.
CRITICAL - 2026-05-05 21:13:52 --> TypeError: CodeIgniter\Pager\Pager::makeLinks(): Argument #1 ($page) must be of type int, string given, called in C:\xampp\htdocs\kasirpos\app\Views\admin\user_view.php on line 471
[Method: GET, Route: admin/manajemen-user]
in SYSTEMPATH\Pager\Pager.php on line 108.
 1 APPPATH\Views\admin\user_view.php(471): CodeIgniter\Pager\Pager->makeLinks('log', 'default')
 2 SYSTEMPATH\View\View.php(226): include('C:\\xampp\\htdocs\\kasirpos\\app\\Views\\admin\\user_view.php')
 3 SYSTEMPATH\View\View.php(229): CodeIgniter\View\View->CodeIgniter\View\{closure}()
 4 SYSTEMPATH\Common.php(1167): CodeIgniter\View\View->render('admin/user_view', [], true)
 5 APPPATH\Controllers\Admin.php(199): view('admin/user_view', [...])
 6 SYSTEMPATH\CodeIgniter.php(933): App\Controllers\Admin->user()
 7 SYSTEMPATH\CodeIgniter.php(507): CodeIgniter\CodeIgniter->runController(Object(App\Controllers\Admin))
 8 SYSTEMPATH\CodeIgniter.php(354): CodeIgniter\CodeIgniter->handleRequest(null, Object(Config\Cache), false)
 9 SYSTEMPATH\Boot.php(363): CodeIgniter\CodeIgniter->run()
10 SYSTEMPATH\Boot.php(68): CodeIgniter\Boot::runCodeIgniter(Object(CodeIgniter\CodeIgniter))
11 FCPATH\index.php(59): CodeIgniter\Boot::bootWeb(Object(Config\Paths))
12 SYSTEMPATH\rewrite.php(44): require_once('C:\\xampp\\htdocs\\kasirpos\\public\\index.php')
DEBUG - 2026-05-05 14:14:45 --> Session: Class initialized using 'CodeIgniter\Session\Handlers\FileHandler' driver.
CRITICAL - 2026-05-05 21:14:45 --> TypeError: CodeIgniter\Pager\Pager::makeLinks(): Argument #1 ($page) must be of type int, string given, called in C:\xampp\htdocs\kasirpos\app\Views\admin\user_view.php on line 471
[Method: GET, Route: admin/manajemen-user]
in SYSTEMPATH\Pager\Pager.php on line 108.
 1 APPPATH\Views\admin\user_view.php(471): CodeIgniter\Pager\Pager->makeLinks('log', 'default')
 2 SYSTEMPATH\View\View.php(226): include('C:\\xampp\\htdocs\\kasirpos\\app\\Views\\admin\\user_view.php')
 3 SYSTEMPATH\View\View.php(229): CodeIgniter\View\View->CodeIgniter\View\{closure}()
 4 SYSTEMPATH\Common.php(1167): CodeIgniter\View\View->render('admin/user_view', [], true)
 5 APPPATH\Controllers\Admin.php(199): view('admin/user_view', [...])
 6 SYSTEMPATH\CodeIgniter.php(933): App\Controllers\Admin->user()
 7 SYSTEMPATH\CodeIgniter.php(507): CodeIgniter\CodeIgniter->runController(Object(App\Controllers\Admin))
 8 SYSTEMPATH\CodeIgniter.php(354): CodeIgniter\CodeIgniter->handleRequest(null, Object(Config\Cache), false)
 9 SYSTEMPATH\Boot.php(363): CodeIgniter\CodeIgniter->run()
10 SYSTEMPATH\Boot.php(68): CodeIgniter\Boot::runCodeIgniter(Object(CodeIgniter\CodeIgniter))
11 FCPATH\index.php(59): CodeIgniter\Boot::bootWeb(Object(Config\Paths))
12 SYSTEMPATH\rewrite.php(44): require_once('C:\\xampp\\htdocs\\kasirpos\\public\\index.php')
DEBUG - 2026-05-05 14:15:36 --> Session: Class initialized using 'CodeIgniter\Session\Handlers\FileHandler' driver.
CRITICAL - 2026-05-05 21:15:36 --> TypeError: CodeIgniter\Pager\Pager::makeLinks(): Argument #1 ($page) must be of type int, string given, called in C:\xampp\htdocs\kasirpos\app\Views\admin\user_view.php on line 471
[Method: GET, Route: admin/manajemen-user]
in SYSTEMPATH\Pager\Pager.php on line 108.
 1 APPPATH\Views\admin\user_view.php(471): CodeIgniter\Pager\Pager->makeLinks('log', 'default')
 2 SYSTEMPATH\View\View.php(226): include('C:\\xampp\\htdocs\\kasirpos\\app\\Views\\admin\\user_view.php')
 3 SYSTEMPATH\View\View.php(229): CodeIgniter\View\View->CodeIgniter\View\{closure}()
 4 SYSTEMPATH\Common.php(1167): CodeIgniter\View\View->render('admin/user_view', [], true)
 5 APPPATH\Controllers\Admin.php(199): view('admin/user_view', [...])
 6 SYSTEMPATH\CodeIgniter.php(933): App\Controllers\Admin->user()
 7 SYSTEMPATH\CodeIgniter.php(507): CodeIgniter\CodeIgniter->runController(Object(App\Controllers\Admin))
 8 SYSTEMPATH\CodeIgniter.php(354): CodeIgniter\CodeIgniter->handleRequest(null, Object(Config\Cache), false)
 9 SYSTEMPATH\Boot.php(363): CodeIgniter\CodeIgniter->run()
10 SYSTEMPATH\Boot.php(68): CodeIgniter\Boot::runCodeIgniter(Object(CodeIgniter\CodeIgniter))
11 FCPATH\index.php(59): CodeIgniter\Boot::bootWeb(Object(Config\Paths))
12 SYSTEMPATH\rewrite.php(44): require_once('C:\\xampp\\htdocs\\kasirpos\\public\\index.php')
DEBUG - 2026-05-05 14:15:38 --> Session: Class initialized using 'CodeIgniter\Session\Handlers\FileHandler' driver.
CRITICAL - 2026-05-05 21:15:38 --> TypeError: CodeIgniter\Pager\Pager::makeLinks(): Argument #1 ($page) must be of type int, string given, called in C:\xampp\htdocs\kasirpos\app\Views\admin\user_view.php on line 471
[Method: GET, Route: admin/manajemen-user]
in SYSTEMPATH\Pager\Pager.php on line 108.
 1 APPPATH\Views\admin\user_view.php(471): CodeIgniter\Pager\Pager->makeLinks('log', 'default')
 2 SYSTEMPATH\View\View.php(226): include('C:\\xampp\\htdocs\\kasirpos\\app\\Views\\admin\\user_view.php')
 3 SYSTEMPATH\View\View.php(229): CodeIgniter\View\View->CodeIgniter\View\{closure}()
 4 SYSTEMPATH\Common.php(1167): CodeIgniter\View\View->render('admin/user_view', [], true)
 5 APPPATH\Controllers\Admin.php(199): view('admin/user_view', [...])
 6 SYSTEMPATH\CodeIgniter.php(933): App\Controllers\Admin->user()
 7 SYSTEMPATH\CodeIgniter.php(507): CodeIgniter\CodeIgniter->runController(Object(App\Controllers\Admin))
 8 SYSTEMPATH\CodeIgniter.php(354): CodeIgniter\CodeIgniter->handleRequest(null, Object(Config\Cache), false)
 9 SYSTEMPATH\Boot.php(363): CodeIgniter\CodeIgniter->run()
10 SYSTEMPATH\Boot.php(68): CodeIgniter\Boot::runCodeIgniter(Object(CodeIgniter\CodeIgniter))
11 FCPATH\index.php(59): CodeIgniter\Boot::bootWeb(Object(Config\Paths))
12 SYSTEMPATH\rewrite.php(44): require_once('C:\\xampp\\htdocs\\kasirpos\\public\\index.php')
DEBUG - 2026-05-05 14:15:38 --> Session: Class initialized using 'CodeIgniter\Session\Handlers\FileHandler' driver.
CRITICAL - 2026-05-05 21:15:38 --> TypeError: CodeIgniter\Pager\Pager::makeLinks(): Argument #1 ($page) must be of type int, string given, called in C:\xampp\htdocs\kasirpos\app\Views\admin\user_view.php on line 471
[Method: GET, Route: admin/manajemen-user]
in SYSTEMPATH\Pager\Pager.php on line 108.
 1 APPPATH\Views\admin\user_view.php(471): CodeIgniter\Pager\Pager->makeLinks('log', 'default')
 2 SYSTEMPATH\View\View.php(226): include('C:\\xampp\\htdocs\\kasirpos\\app\\Views\\admin\\user_view.php')
 3 SYSTEMPATH\View\View.php(229): CodeIgniter\View\View->CodeIgniter\View\{closure}()
 4 SYSTEMPATH\Common.php(1167): CodeIgniter\View\View->render('admin/user_view', [], true)
 5 APPPATH\Controllers\Admin.php(199): view('admin/user_view', [...])
 6 SYSTEMPATH\CodeIgniter.php(933): App\Controllers\Admin->user()
 7 SYSTEMPATH\CodeIgniter.php(507): CodeIgniter\CodeIgniter->runController(Object(App\Controllers\Admin))
 8 SYSTEMPATH\CodeIgniter.php(354): CodeIgniter\CodeIgniter->handleRequest(null, Object(Config\Cache), false)
 9 SYSTEMPATH\Boot.php(363): CodeIgniter\CodeIgniter->run()
10 SYSTEMPATH\Boot.php(68): CodeIgniter\Boot::runCodeIgniter(Object(CodeIgniter\CodeIgniter))
11 FCPATH\index.php(59): CodeIgniter\Boot::bootWeb(Object(Config\Paths))
12 SYSTEMPATH\rewrite.php(44): require_once('C:\\xampp\\htdocs\\kasirpos\\public\\index.php')
DEBUG - 2026-05-05 14:15:38 --> Session: Class initialized using 'CodeIgniter\Session\Handlers\FileHandler' driver.
CRITICAL - 2026-05-05 21:15:38 --> TypeError: CodeIgniter\Pager\Pager::makeLinks(): Argument #1 ($page) must be of type int, string given, called in C:\xampp\htdocs\kasirpos\app\Views\admin\user_view.php on line 471
[Method: GET, Route: admin/manajemen-user]
in SYSTEMPATH\Pager\Pager.php on line 108.
 1 APPPATH\Views\admin\user_view.php(471): CodeIgniter\Pager\Pager->makeLinks('log', 'default')
 2 SYSTEMPATH\View\View.php(226): include('C:\\xampp\\htdocs\\kasirpos\\app\\Views\\admin\\user_view.php')
 3 SYSTEMPATH\View\View.php(229): CodeIgniter\View\View->CodeIgniter\View\{closure}()
 4 SYSTEMPATH\Common.php(1167): CodeIgniter\View\View->render('admin/user_view', [], true)
 5 APPPATH\Controllers\Admin.php(199): view('admin/user_view', [...])
 6 SYSTEMPATH\CodeIgniter.php(933): App\Controllers\Admin->user()
 7 SYSTEMPATH\CodeIgniter.php(507): CodeIgniter\CodeIgniter->runController(Object(App\Controllers\Admin))
 8 SYSTEMPATH\CodeIgniter.php(354): CodeIgniter\CodeIgniter->handleRequest(null, Object(Config\Cache), false)
 9 SYSTEMPATH\Boot.php(363): CodeIgniter\CodeIgniter->run()
10 SYSTEMPATH\Boot.php(68): CodeIgniter\Boot::runCodeIgniter(Object(CodeIgniter\CodeIgniter))
11 FCPATH\index.php(59): CodeIgniter\Boot::bootWeb(Object(Config\Paths))
12 SYSTEMPATH\rewrite.php(44): require_once('C:\\xampp\\htdocs\\kasirpos\\public\\index.php')
DEBUG - 2026-05-05 14:15:38 --> Session: Class initialized using 'CodeIgniter\Session\Handlers\FileHandler' driver.
CRITICAL - 2026-05-05 21:15:38 --> TypeError: CodeIgniter\Pager\Pager::makeLinks(): Argument #1 ($page) must be of type int, string given, called in C:\xampp\htdocs\kasirpos\app\Views\admin\user_view.php on line 471
[Method: GET, Route: admin/manajemen-user]
in SYSTEMPATH\Pager\Pager.php on line 108.
 1 APPPATH\Views\admin\user_view.php(471): CodeIgniter\Pager\Pager->makeLinks('log', 'default')
 2 SYSTEMPATH\View\View.php(226): include('C:\\xampp\\htdocs\\kasirpos\\app\\Views\\admin\\user_view.php')
 3 SYSTEMPATH\View\View.php(229): CodeIgniter\View\View->CodeIgniter\View\{closure}()
 4 SYSTEMPATH\Common.php(1167): CodeIgniter\View\View->render('admin/user_view', [], true)
 5 APPPATH\Controllers\Admin.php(199): view('admin/user_view', [...])
 6 SYSTEMPATH\CodeIgniter.php(933): App\Controllers\Admin->user()
 7 SYSTEMPATH\CodeIgniter.php(507): CodeIgniter\CodeIgniter->runController(Object(App\Controllers\Admin))
 8 SYSTEMPATH\CodeIgniter.php(354): CodeIgniter\CodeIgniter->handleRequest(null, Object(Config\Cache), false)
 9 SYSTEMPATH\Boot.php(363): CodeIgniter\CodeIgniter->run()
10 SYSTEMPATH\Boot.php(68): CodeIgniter\Boot::runCodeIgniter(Object(CodeIgniter\CodeIgniter))
11 FCPATH\index.php(59): CodeIgniter\Boot::bootWeb(Object(Config\Paths))
12 SYSTEMPATH\rewrite.php(44): require_once('C:\\xampp\\htdocs\\kasirpos\\public\\index.php')
DEBUG - 2026-05-05 14:18:36 --> Session: Class initialized using 'CodeIgniter\Session\Handlers\FileHandler' driver.
CRITICAL - 2026-05-05 21:18:36 --> TypeError: CodeIgniter\Pager\Pager::makeLinks(): Argument #1 ($page) must be of type int, string given, called in C:\xampp\htdocs\kasirpos\app\Views\admin\user_view.php on line 463
[Method: GET, Route: admin/manajemen-user]
in SYSTEMPATH\Pager\Pager.php on line 108.
 1 APPPATH\Views\admin\user_view.php(463): CodeIgniter\Pager\Pager->makeLinks('log', 'default')
 2 SYSTEMPATH\View\View.php(226): include('C:\\xampp\\htdocs\\kasirpos\\app\\Views\\admin\\user_view.php')
 3 SYSTEMPATH\View\View.php(229): CodeIgniter\View\View->CodeIgniter\View\{closure}()
 4 SYSTEMPATH\Common.php(1167): CodeIgniter\View\View->render('admin/user_view', [], true)
 5 APPPATH\Controllers\Admin.php(199): view('admin/user_view', [...])
 6 SYSTEMPATH\CodeIgniter.php(933): App\Controllers\Admin->user()
 7 SYSTEMPATH\CodeIgniter.php(507): CodeIgniter\CodeIgniter->runController(Object(App\Controllers\Admin))
 8 SYSTEMPATH\CodeIgniter.php(354): CodeIgniter\CodeIgniter->handleRequest(null, Object(Config\Cache), false)
 9 SYSTEMPATH\Boot.php(363): CodeIgniter\CodeIgniter->run()
10 SYSTEMPATH\Boot.php(68): CodeIgniter\Boot::runCodeIgniter(Object(CodeIgniter\CodeIgniter))
11 FCPATH\index.php(59): CodeIgniter\Boot::bootWeb(Object(Config\Paths))
12 SYSTEMPATH\rewrite.php(44): require_once('C:\\xampp\\htdocs\\kasirpos\\public\\index.php')
DEBUG - 2026-05-05 14:18:39 --> Session: Class initialized using 'CodeIgniter\Session\Handlers\FileHandler' driver.
CRITICAL - 2026-05-05 21:18:39 --> TypeError: CodeIgniter\Pager\Pager::makeLinks(): Argument #1 ($page) must be of type int, string given, called in C:\xampp\htdocs\kasirpos\app\Views\admin\user_view.php on line 463
[Method: GET, Route: admin/manajemen-user]
in SYSTEMPATH\Pager\Pager.php on line 108.
 1 APPPATH\Views\admin\user_view.php(463): CodeIgniter\Pager\Pager->makeLinks('log', 'default')
 2 SYSTEMPATH\View\View.php(226): include('C:\\xampp\\htdocs\\kasirpos\\app\\Views\\admin\\user_view.php')
 3 SYSTEMPATH\View\View.php(229): CodeIgniter\View\View->CodeIgniter\View\{closure}()
 4 SYSTEMPATH\Common.php(1167): CodeIgniter\View\View->render('admin/user_view', [], true)
 5 APPPATH\Controllers\Admin.php(199): view('admin/user_view', [...])
 6 SYSTEMPATH\CodeIgniter.php(933): App\Controllers\Admin->user()
 7 SYSTEMPATH\CodeIgniter.php(507): CodeIgniter\CodeIgniter->runController(Object(App\Controllers\Admin))
 8 SYSTEMPATH\CodeIgniter.php(354): CodeIgniter\CodeIgniter->handleRequest(null, Object(Config\Cache), false)
 9 SYSTEMPATH\Boot.php(363): CodeIgniter\CodeIgniter->run()
10 SYSTEMPATH\Boot.php(68): CodeIgniter\Boot::runCodeIgniter(Object(CodeIgniter\CodeIgniter))
11 FCPATH\index.php(59): CodeIgniter\Boot::bootWeb(Object(Config\Paths))
12 SYSTEMPATH\rewrite.php(44): require_once('C:\\xampp\\htdocs\\kasirpos\\public\\index.php')
DEBUG - 2026-05-05 14:19:37 --> Session: Class initialized using 'CodeIgniter\Session\Handlers\FileHandler' driver.
CRITICAL - 2026-05-05 21:19:37 --> TypeError: CodeIgniter\Pager\Pager::makeLinks(): Argument #1 ($page) must be of type int, string given, called in C:\xampp\htdocs\kasirpos\app\Views\admin\user_view.php on line 463
[Method: GET, Route: admin/manajemen-user]
in SYSTEMPATH\Pager\Pager.php on line 108.
 1 APPPATH\Views\admin\user_view.php(463): CodeIgniter\Pager\Pager->makeLinks('log', 'default')
 2 SYSTEMPATH\View\View.php(226): include('C:\\xampp\\htdocs\\kasirpos\\app\\Views\\admin\\user_view.php')
 3 SYSTEMPATH\View\View.php(229): CodeIgniter\View\View->CodeIgniter\View\{closure}()
 4 SYSTEMPATH\Common.php(1167): CodeIgniter\View\View->render('admin/user_view', [], true)
 5 APPPATH\Controllers\Admin.php(199): view('admin/user_view', [...])
 6 SYSTEMPATH\CodeIgniter.php(933): App\Controllers\Admin->user()
 7 SYSTEMPATH\CodeIgniter.php(507): CodeIgniter\CodeIgniter->runController(Object(App\Controllers\Admin))
 8 SYSTEMPATH\CodeIgniter.php(354): CodeIgniter\CodeIgniter->handleRequest(null, Object(Config\Cache), false)
 9 SYSTEMPATH\Boot.php(363): CodeIgniter\CodeIgniter->run()
10 SYSTEMPATH\Boot.php(68): CodeIgniter\Boot::runCodeIgniter(Object(CodeIgniter\CodeIgniter))
11 FCPATH\index.php(59): CodeIgniter\Boot::bootWeb(Object(Config\Paths))
12 SYSTEMPATH\rewrite.php(44): require_once('C:\\xampp\\htdocs\\kasirpos\\public\\index.php')
DEBUG - 2026-05-05 21:19:38 --> Session: Class initialized using 'CodeIgniter\Session\Handlers\FileHandler' driver.
DEBUG - 2026-05-05 14:19:40 --> Session: Class initialized using 'CodeIgniter\Session\Handlers\FileHandler' driver.
CRITICAL - 2026-05-05 21:19:40 --> TypeError: CodeIgniter\Pager\Pager::makeLinks(): Argument #1 ($page) must be of type int, string given, called in C:\xampp\htdocs\kasirpos\app\Views\admin\user_view.php on line 463
[Method: GET, Route: admin/manajemen-user]
in SYSTEMPATH\Pager\Pager.php on line 108.
 1 APPPATH\Views\admin\user_view.php(463): CodeIgniter\Pager\Pager->makeLinks('log', 'default')
 2 SYSTEMPATH\View\View.php(226): include('C:\\xampp\\htdocs\\kasirpos\\app\\Views\\admin\\user_view.php')
 3 SYSTEMPATH\View\View.php(229): CodeIgniter\View\View->CodeIgniter\View\{closure}()
 4 SYSTEMPATH\Common.php(1167): CodeIgniter\View\View->render('admin/user_view', [], true)
 5 APPPATH\Controllers\Admin.php(199): view('admin/user_view', [...])
 6 SYSTEMPATH\CodeIgniter.php(933): App\Controllers\Admin->user()
 7 SYSTEMPATH\CodeIgniter.php(507): CodeIgniter\CodeIgniter->runController(Object(App\Controllers\Admin))
 8 SYSTEMPATH\CodeIgniter.php(354): CodeIgniter\CodeIgniter->handleRequest(null, Object(Config\Cache), false)
 9 SYSTEMPATH\Boot.php(363): CodeIgniter\CodeIgniter->run()
10 SYSTEMPATH\Boot.php(68): CodeIgniter\Boot::runCodeIgniter(Object(CodeIgniter\CodeIgniter))
11 FCPATH\index.php(59): CodeIgniter\Boot::bootWeb(Object(Config\Paths))
12 SYSTEMPATH\rewrite.php(44): require_once('C:\\xampp\\htdocs\\kasirpos\\public\\index.php')
DEBUG - 2026-05-05 14:22:58 --> Session: Class initialized using 'CodeIgniter\Session\Handlers\FileHandler' driver.
CRITICAL - 2026-05-05 21:22:58 --> TypeError: CodeIgniter\Pager\Pager::makeLinks(): Argument #1 ($page) must be of type int, string given, called in C:\xampp\htdocs\kasirpos\app\Views\admin\user_view.php on line 463
[Method: GET, Route: admin/manajemen-user]
in SYSTEMPATH\Pager\Pager.php on line 108.
 1 APPPATH\Views\admin\user_view.php(463): CodeIgniter\Pager\Pager->makeLinks('log', 'default')
 2 SYSTEMPATH\View\View.php(226): include('C:\\xampp\\htdocs\\kasirpos\\app\\Views\\admin\\user_view.php')
 3 SYSTEMPATH\View\View.php(229): CodeIgniter\View\View->CodeIgniter\View\{closure}()
 4 SYSTEMPATH\Common.php(1167): CodeIgniter\View\View->render('admin/user_view', [], true)
 5 APPPATH\Controllers\Admin.php(199): view('admin/user_view', [...])
 6 SYSTEMPATH\CodeIgniter.php(933): App\Controllers\Admin->user()
 7 SYSTEMPATH\CodeIgniter.php(507): CodeIgniter\CodeIgniter->runController(Object(App\Controllers\Admin))
 8 SYSTEMPATH\CodeIgniter.php(354): CodeIgniter\CodeIgniter->handleRequest(null, Object(Config\Cache), false)
 9 SYSTEMPATH\Boot.php(363): CodeIgniter\CodeIgniter->run()
10 SYSTEMPATH\Boot.php(68): CodeIgniter\Boot::runCodeIgniter(Object(CodeIgniter\CodeIgniter))
11 FCPATH\index.php(59): CodeIgniter\Boot::bootWeb(Object(Config\Paths))
12 SYSTEMPATH\rewrite.php(44): require_once('C:\\xampp\\htdocs\\kasirpos\\public\\index.php')
DEBUG - 2026-05-05 21:23:05 --> Session: Class initialized using 'CodeIgniter\Session\Handlers\FileHandler' driver.
DEBUG - 2026-05-05 21:23:06 --> Session: Class initialized using 'CodeIgniter\Session\Handlers\FileHandler' driver.
DEBUG - 2026-05-05 21:23:06 --> Session: Class initialized using 'CodeIgniter\Session\Handlers\FileHandler' driver.
DEBUG - 2026-05-05 14:23:08 --> Session: Class initialized using 'CodeIgniter\Session\Handlers\FileHandler' driver.
CRITICAL - 2026-05-05 21:23:08 --> TypeError: CodeIgniter\Pager\Pager::makeLinks(): Argument #1 ($page) must be of type int, string given, called in C:\xampp\htdocs\kasirpos\app\Views\admin\user_view.php on line 463
[Method: GET, Route: admin/manajemen-user]
in SYSTEMPATH\Pager\Pager.php on line 108.
 1 APPPATH\Views\admin\user_view.php(463): CodeIgniter\Pager\Pager->makeLinks('log', 'default')
 2 SYSTEMPATH\View\View.php(226): include('C:\\xampp\\htdocs\\kasirpos\\app\\Views\\admin\\user_view.php')
 3 SYSTEMPATH\View\View.php(229): CodeIgniter\View\View->CodeIgniter\View\{closure}()
 4 SYSTEMPATH\Common.php(1167): CodeIgniter\View\View->render('admin/user_view', [], true)
 5 APPPATH\Controllers\Admin.php(199): view('admin/user_view', [...])
 6 SYSTEMPATH\CodeIgniter.php(933): App\Controllers\Admin->user()
 7 SYSTEMPATH\CodeIgniter.php(507): CodeIgniter\CodeIgniter->runController(Object(App\Controllers\Admin))
 8 SYSTEMPATH\CodeIgniter.php(354): CodeIgniter\CodeIgniter->handleRequest(null, Object(Config\Cache), false)
 9 SYSTEMPATH\Boot.php(363): CodeIgniter\CodeIgniter->run()
10 SYSTEMPATH\Boot.php(68): CodeIgniter\Boot::runCodeIgniter(Object(CodeIgniter\CodeIgniter))
11 FCPATH\index.php(59): CodeIgniter\Boot::bootWeb(Object(Config\Paths))
12 SYSTEMPATH\rewrite.php(44): require_once('C:\\xampp\\htdocs\\kasirpos\\public\\index.php')
DEBUG - 2026-05-05 14:24:03 --> Session: Class initialized using 'CodeIgniter\Session\Handlers\FileHandler' driver.
CRITICAL - 2026-05-05 21:24:03 --> TypeError: CodeIgniter\Pager\Pager::makeLinks(): Argument #1 ($page) must be of type int, string given, called in C:\xampp\htdocs\kasirpos\app\Views\admin\user_view.php on line 463
[Method: GET, Route: admin/manajemen-user]
in SYSTEMPATH\Pager\Pager.php on line 108.
 1 APPPATH\Views\admin\user_view.php(463): CodeIgniter\Pager\Pager->makeLinks('log', 'default')
 2 SYSTEMPATH\View\View.php(226): include('C:\\xampp\\htdocs\\kasirpos\\app\\Views\\admin\\user_view.php')
 3 SYSTEMPATH\View\View.php(229): CodeIgniter\View\View->CodeIgniter\View\{closure}()
 4 SYSTEMPATH\Common.php(1167): CodeIgniter\View\View->render('admin/user_view', [], true)
 5 APPPATH\Controllers\Admin.php(199): view('admin/user_view', [...])
 6 SYSTEMPATH\CodeIgniter.php(933): App\Controllers\Admin->user()
 7 SYSTEMPATH\CodeIgniter.php(507): CodeIgniter\CodeIgniter->runController(Object(App\Controllers\Admin))
 8 SYSTEMPATH\CodeIgniter.php(354): CodeIgniter\CodeIgniter->handleRequest(null, Object(Config\Cache), false)
 9 SYSTEMPATH\Boot.php(363): CodeIgniter\CodeIgniter->run()
10 SYSTEMPATH\Boot.php(68): CodeIgniter\Boot::runCodeIgniter(Object(CodeIgniter\CodeIgniter))
11 FCPATH\index.php(59): CodeIgniter\Boot::bootWeb(Object(Config\Paths))
12 SYSTEMPATH\rewrite.php(44): require_once('C:\\xampp\\htdocs\\kasirpos\\public\\index.php')
DEBUG - 2026-05-05 14:27:43 --> Session: Class initialized using 'CodeIgniter\Session\Handlers\FileHandler' driver.
CRITICAL - 2026-05-05 21:27:43 --> ArgumentCountError: Too few arguments to function CodeIgniter\Pager\Pager::__construct(), 0 passed in C:\xampp\htdocs\kasirpos\system\Config\Factories.php on line 153 and exactly 2 expected
[Method: GET, Route: admin/manajemen-user]
in SYSTEMPATH\Pager\Pager.php on line 72.
 1 SYSTEMPATH\Config\Factories.php(153): CodeIgniter\Pager\Pager->__construct()
 2 SYSTEMPATH\View\Cell.php(187): CodeIgniter\Config\Factories::__callStatic('cells', [])
 3 SYSTEMPATH\View\Cell.php(79): CodeIgniter\View\Cell->determineClass('CodeIgniter\\Pager\\Pager:links')
 4 SYSTEMPATH\Common.php(1183): CodeIgniter\View\Cell->render('CodeIgniter\\Pager\\Pager::links', [...], 0, null)
 5 APPPATH\Views\admin\user_view.php(463): view_cell('CodeIgniter\\Pager\\Pager::links', [...])
 6 SYSTEMPATH\View\View.php(226): include('C:\\xampp\\htdocs\\kasirpos\\app\\Views\\admin\\user_view.php')
 7 SYSTEMPATH\View\View.php(229): CodeIgniter\View\View->CodeIgniter\View\{closure}()
 8 SYSTEMPATH\Common.php(1167): CodeIgniter\View\View->render('admin/user_view', [], true)
 9 APPPATH\Controllers\Admin.php(199): view('admin/user_view', [...])
10 SYSTEMPATH\CodeIgniter.php(933): App\Controllers\Admin->user()
11 SYSTEMPATH\CodeIgniter.php(507): CodeIgniter\CodeIgniter->runController(Object(App\Controllers\Admin))
12 SYSTEMPATH\CodeIgniter.php(354): CodeIgniter\CodeIgniter->handleRequest(null, Object(Config\Cache), false)
13 SYSTEMPATH\Boot.php(363): CodeIgniter\CodeIgniter->run()
14 SYSTEMPATH\Boot.php(68): CodeIgniter\Boot::runCodeIgniter(Object(CodeIgniter\CodeIgniter))
15 FCPATH\index.php(59): CodeIgniter\Boot::bootWeb(Object(Config\Paths))
16 SYSTEMPATH\rewrite.php(44): require_once('C:\\xampp\\htdocs\\kasirpos\\public\\index.php')
DEBUG - 2026-05-05 14:28:38 --> Session: Class initialized using 'CodeIgniter\Session\Handlers\FileHandler' driver.
CRITICAL - 2026-05-05 21:28:38 --> ArgumentCountError: Too few arguments to function CodeIgniter\Pager\Pager::__construct(), 0 passed in C:\xampp\htdocs\kasirpos\system\Config\Factories.php on line 153 and exactly 2 expected
[Method: GET, Route: admin/manajemen-user]
in SYSTEMPATH\Pager\Pager.php on line 72.
 1 SYSTEMPATH\Config\Factories.php(153): CodeIgniter\Pager\Pager->__construct()
 2 SYSTEMPATH\View\Cell.php(187): CodeIgniter\Config\Factories::__callStatic('cells', [])
 3 SYSTEMPATH\View\Cell.php(79): CodeIgniter\View\Cell->determineClass('CodeIgniter\\Pager\\Pager:links')
 4 SYSTEMPATH\Common.php(1183): CodeIgniter\View\Cell->render('CodeIgniter\\Pager\\Pager::links', [...], 0, null)
 5 APPPATH\Views\admin\user_view.php(463): view_cell('CodeIgniter\\Pager\\Pager::links', [...])
 6 SYSTEMPATH\View\View.php(226): include('C:\\xampp\\htdocs\\kasirpos\\app\\Views\\admin\\user_view.php')
 7 SYSTEMPATH\View\View.php(229): CodeIgniter\View\View->CodeIgniter\View\{closure}()
 8 SYSTEMPATH\Common.php(1167): CodeIgniter\View\View->render('admin/user_view', [], true)
 9 APPPATH\Controllers\Admin.php(199): view('admin/user_view', [...])
10 SYSTEMPATH\CodeIgniter.php(933): App\Controllers\Admin->user()
11 SYSTEMPATH\CodeIgniter.php(507): CodeIgniter\CodeIgniter->runController(Object(App\Controllers\Admin))
12 SYSTEMPATH\CodeIgniter.php(354): CodeIgniter\CodeIgniter->handleRequest(null, Object(Config\Cache), false)
13 SYSTEMPATH\Boot.php(363): CodeIgniter\CodeIgniter->run()
14 SYSTEMPATH\Boot.php(68): CodeIgniter\Boot::runCodeIgniter(Object(CodeIgniter\CodeIgniter))
15 FCPATH\index.php(59): CodeIgniter\Boot::bootWeb(Object(Config\Paths))
16 SYSTEMPATH\rewrite.php(44): require_once('C:\\xampp\\htdocs\\kasirpos\\public\\index.php')
DEBUG - 2026-05-05 14:28:39 --> Session: Class initialized using 'CodeIgniter\Session\Handlers\FileHandler' driver.
CRITICAL - 2026-05-05 21:28:39 --> ArgumentCountError: Too few arguments to function CodeIgniter\Pager\Pager::__construct(), 0 passed in C:\xampp\htdocs\kasirpos\system\Config\Factories.php on line 153 and exactly 2 expected
[Method: GET, Route: admin/manajemen-user]
in SYSTEMPATH\Pager\Pager.php on line 72.
 1 SYSTEMPATH\Config\Factories.php(153): CodeIgniter\Pager\Pager->__construct()
 2 SYSTEMPATH\View\Cell.php(187): CodeIgniter\Config\Factories::__callStatic('cells', [])
 3 SYSTEMPATH\View\Cell.php(79): CodeIgniter\View\Cell->determineClass('CodeIgniter\\Pager\\Pager:links')
 4 SYSTEMPATH\Common.php(1183): CodeIgniter\View\Cell->render('CodeIgniter\\Pager\\Pager::links', [...], 0, null)
 5 APPPATH\Views\admin\user_view.php(463): view_cell('CodeIgniter\\Pager\\Pager::links', [...])
 6 SYSTEMPATH\View\View.php(226): include('C:\\xampp\\htdocs\\kasirpos\\app\\Views\\admin\\user_view.php')
 7 SYSTEMPATH\View\View.php(229): CodeIgniter\View\View->CodeIgniter\View\{closure}()
 8 SYSTEMPATH\Common.php(1167): CodeIgniter\View\View->render('admin/user_view', [], true)
 9 APPPATH\Controllers\Admin.php(199): view('admin/user_view', [...])
10 SYSTEMPATH\CodeIgniter.php(933): App\Controllers\Admin->user()
11 SYSTEMPATH\CodeIgniter.php(507): CodeIgniter\CodeIgniter->runController(Object(App\Controllers\Admin))
12 SYSTEMPATH\CodeIgniter.php(354): CodeIgniter\CodeIgniter->handleRequest(null, Object(Config\Cache), false)
13 SYSTEMPATH\Boot.php(363): CodeIgniter\CodeIgniter->run()
14 SYSTEMPATH\Boot.php(68): CodeIgniter\Boot::runCodeIgniter(Object(CodeIgniter\CodeIgniter))
15 FCPATH\index.php(59): CodeIgniter\Boot::bootWeb(Object(Config\Paths))
16 SYSTEMPATH\rewrite.php(44): require_once('C:\\xampp\\htdocs\\kasirpos\\public\\index.php')
DEBUG - 2026-05-05 14:28:39 --> Session: Class initialized using 'CodeIgniter\Session\Handlers\FileHandler' driver.
CRITICAL - 2026-05-05 21:28:39 --> ArgumentCountError: Too few arguments to function CodeIgniter\Pager\Pager::__construct(), 0 passed in C:\xampp\htdocs\kasirpos\system\Config\Factories.php on line 153 and exactly 2 expected
[Method: GET, Route: admin/manajemen-user]
in SYSTEMPATH\Pager\Pager.php on line 72.
 1 SYSTEMPATH\Config\Factories.php(153): CodeIgniter\Pager\Pager->__construct()
 2 SYSTEMPATH\View\Cell.php(187): CodeIgniter\Config\Factories::__callStatic('cells', [])
 3 SYSTEMPATH\View\Cell.php(79): CodeIgniter\View\Cell->determineClass('CodeIgniter\\Pager\\Pager:links')
 4 SYSTEMPATH\Common.php(1183): CodeIgniter\View\Cell->render('CodeIgniter\\Pager\\Pager::links', [...], 0, null)
 5 APPPATH\Views\admin\user_view.php(463): view_cell('CodeIgniter\\Pager\\Pager::links', [...])
 6 SYSTEMPATH\View\View.php(226): include('C:\\xampp\\htdocs\\kasirpos\\app\\Views\\admin\\user_view.php')
 7 SYSTEMPATH\View\View.php(229): CodeIgniter\View\View->CodeIgniter\View\{closure}()
 8 SYSTEMPATH\Common.php(1167): CodeIgniter\View\View->render('admin/user_view', [], true)
 9 APPPATH\Controllers\Admin.php(199): view('admin/user_view', [...])
10 SYSTEMPATH\CodeIgniter.php(933): App\Controllers\Admin->user()
11 SYSTEMPATH\CodeIgniter.php(507): CodeIgniter\CodeIgniter->runController(Object(App\Controllers\Admin))
12 SYSTEMPATH\CodeIgniter.php(354): CodeIgniter\CodeIgniter->handleRequest(null, Object(Config\Cache), false)
13 SYSTEMPATH\Boot.php(363): CodeIgniter\CodeIgniter->run()
14 SYSTEMPATH\Boot.php(68): CodeIgniter\Boot::runCodeIgniter(Object(CodeIgniter\CodeIgniter))
15 FCPATH\index.php(59): CodeIgniter\Boot::bootWeb(Object(Config\Paths))
16 SYSTEMPATH\rewrite.php(44): require_once('C:\\xampp\\htdocs\\kasirpos\\public\\index.php')
DEBUG - 2026-05-05 14:28:39 --> Session: Class initialized using 'CodeIgniter\Session\Handlers\FileHandler' driver.
CRITICAL - 2026-05-05 21:28:39 --> ArgumentCountError: Too few arguments to function CodeIgniter\Pager\Pager::__construct(), 0 passed in C:\xampp\htdocs\kasirpos\system\Config\Factories.php on line 153 and exactly 2 expected
[Method: GET, Route: admin/manajemen-user]
in SYSTEMPATH\Pager\Pager.php on line 72.
 1 SYSTEMPATH\Config\Factories.php(153): CodeIgniter\Pager\Pager->__construct()
 2 SYSTEMPATH\View\Cell.php(187): CodeIgniter\Config\Factories::__callStatic('cells', [])
 3 SYSTEMPATH\View\Cell.php(79): CodeIgniter\View\Cell->determineClass('CodeIgniter\\Pager\\Pager:links')
 4 SYSTEMPATH\Common.php(1183): CodeIgniter\View\Cell->render('CodeIgniter\\Pager\\Pager::links', [...], 0, null)
 5 APPPATH\Views\admin\user_view.php(463): view_cell('CodeIgniter\\Pager\\Pager::links', [...])
 6 SYSTEMPATH\View\View.php(226): include('C:\\xampp\\htdocs\\kasirpos\\app\\Views\\admin\\user_view.php')
 7 SYSTEMPATH\View\View.php(229): CodeIgniter\View\View->CodeIgniter\View\{closure}()
 8 SYSTEMPATH\Common.php(1167): CodeIgniter\View\View->render('admin/user_view', [], true)
 9 APPPATH\Controllers\Admin.php(199): view('admin/user_view', [...])
10 SYSTEMPATH\CodeIgniter.php(933): App\Controllers\Admin->user()
11 SYSTEMPATH\CodeIgniter.php(507): CodeIgniter\CodeIgniter->runController(Object(App\Controllers\Admin))
12 SYSTEMPATH\CodeIgniter.php(354): CodeIgniter\CodeIgniter->handleRequest(null, Object(Config\Cache), false)
13 SYSTEMPATH\Boot.php(363): CodeIgniter\CodeIgniter->run()
14 SYSTEMPATH\Boot.php(68): CodeIgniter\Boot::runCodeIgniter(Object(CodeIgniter\CodeIgniter))
15 FCPATH\index.php(59): CodeIgniter\Boot::bootWeb(Object(Config\Paths))
16 SYSTEMPATH\rewrite.php(44): require_once('C:\\xampp\\htdocs\\kasirpos\\public\\index.php')
DEBUG - 2026-05-05 14:28:40 --> Session: Class initialized using 'CodeIgniter\Session\Handlers\FileHandler' driver.
CRITICAL - 2026-05-05 21:28:40 --> ArgumentCountError: Too few arguments to function CodeIgniter\Pager\Pager::__construct(), 0 passed in C:\xampp\htdocs\kasirpos\system\Config\Factories.php on line 153 and exactly 2 expected
[Method: GET, Route: admin/manajemen-user]
in SYSTEMPATH\Pager\Pager.php on line 72.
 1 SYSTEMPATH\Config\Factories.php(153): CodeIgniter\Pager\Pager->__construct()
 2 SYSTEMPATH\View\Cell.php(187): CodeIgniter\Config\Factories::__callStatic('cells', [])
 3 SYSTEMPATH\View\Cell.php(79): CodeIgniter\View\Cell->determineClass('CodeIgniter\\Pager\\Pager:links')
 4 SYSTEMPATH\Common.php(1183): CodeIgniter\View\Cell->render('CodeIgniter\\Pager\\Pager::links', [...], 0, null)
 5 APPPATH\Views\admin\user_view.php(463): view_cell('CodeIgniter\\Pager\\Pager::links', [...])
 6 SYSTEMPATH\View\View.php(226): include('C:\\xampp\\htdocs\\kasirpos\\app\\Views\\admin\\user_view.php')
 7 SYSTEMPATH\View\View.php(229): CodeIgniter\View\View->CodeIgniter\View\{closure}()
 8 SYSTEMPATH\Common.php(1167): CodeIgniter\View\View->render('admin/user_view', [], true)
 9 APPPATH\Controllers\Admin.php(199): view('admin/user_view', [...])
10 SYSTEMPATH\CodeIgniter.php(933): App\Controllers\Admin->user()
11 SYSTEMPATH\CodeIgniter.php(507): CodeIgniter\CodeIgniter->runController(Object(App\Controllers\Admin))
12 SYSTEMPATH\CodeIgniter.php(354): CodeIgniter\CodeIgniter->handleRequest(null, Object(Config\Cache), false)
13 SYSTEMPATH\Boot.php(363): CodeIgniter\CodeIgniter->run()
14 SYSTEMPATH\Boot.php(68): CodeIgniter\Boot::runCodeIgniter(Object(CodeIgniter\CodeIgniter))
15 FCPATH\index.php(59): CodeIgniter\Boot::bootWeb(Object(Config\Paths))
16 SYSTEMPATH\rewrite.php(44): require_once('C:\\xampp\\htdocs\\kasirpos\\public\\index.php')
DEBUG - 2026-05-05 14:28:40 --> Session: Class initialized using 'CodeIgniter\Session\Handlers\FileHandler' driver.
CRITICAL - 2026-05-05 21:28:40 --> ArgumentCountError: Too few arguments to function CodeIgniter\Pager\Pager::__construct(), 0 passed in C:\xampp\htdocs\kasirpos\system\Config\Factories.php on line 153 and exactly 2 expected
[Method: GET, Route: admin/manajemen-user]
in SYSTEMPATH\Pager\Pager.php on line 72.
 1 SYSTEMPATH\Config\Factories.php(153): CodeIgniter\Pager\Pager->__construct()
 2 SYSTEMPATH\View\Cell.php(187): CodeIgniter\Config\Factories::__callStatic('cells', [])
 3 SYSTEMPATH\View\Cell.php(79): CodeIgniter\View\Cell->determineClass('CodeIgniter\\Pager\\Pager:links')
 4 SYSTEMPATH\Common.php(1183): CodeIgniter\View\Cell->render('CodeIgniter\\Pager\\Pager::links', [...], 0, null)
 5 APPPATH\Views\admin\user_view.php(463): view_cell('CodeIgniter\\Pager\\Pager::links', [...])
 6 SYSTEMPATH\View\View.php(226): include('C:\\xampp\\htdocs\\kasirpos\\app\\Views\\admin\\user_view.php')
 7 SYSTEMPATH\View\View.php(229): CodeIgniter\View\View->CodeIgniter\View\{closure}()
 8 SYSTEMPATH\Common.php(1167): CodeIgniter\View\View->render('admin/user_view', [], true)
 9 APPPATH\Controllers\Admin.php(199): view('admin/user_view', [...])
10 SYSTEMPATH\CodeIgniter.php(933): App\Controllers\Admin->user()
11 SYSTEMPATH\CodeIgniter.php(507): CodeIgniter\CodeIgniter->runController(Object(App\Controllers\Admin))
12 SYSTEMPATH\CodeIgniter.php(354): CodeIgniter\CodeIgniter->handleRequest(null, Object(Config\Cache), false)
13 SYSTEMPATH\Boot.php(363): CodeIgniter\CodeIgniter->run()
14 SYSTEMPATH\Boot.php(68): CodeIgniter\Boot::runCodeIgniter(Object(CodeIgniter\CodeIgniter))
15 FCPATH\index.php(59): CodeIgniter\Boot::bootWeb(Object(Config\Paths))
16 SYSTEMPATH\rewrite.php(44): require_once('C:\\xampp\\htdocs\\kasirpos\\public\\index.php')
DEBUG - 2026-05-05 14:28:40 --> Session: Class initialized using 'CodeIgniter\Session\Handlers\FileHandler' driver.
CRITICAL - 2026-05-05 21:28:40 --> ArgumentCountError: Too few arguments to function CodeIgniter\Pager\Pager::__construct(), 0 passed in C:\xampp\htdocs\kasirpos\system\Config\Factories.php on line 153 and exactly 2 expected
[Method: GET, Route: admin/manajemen-user]
in SYSTEMPATH\Pager\Pager.php on line 72.
 1 SYSTEMPATH\Config\Factories.php(153): CodeIgniter\Pager\Pager->__construct()
 2 SYSTEMPATH\View\Cell.php(187): CodeIgniter\Config\Factories::__callStatic('cells', [])
 3 SYSTEMPATH\View\Cell.php(79): CodeIgniter\View\Cell->determineClass('CodeIgniter\\Pager\\Pager:links')
 4 SYSTEMPATH\Common.php(1183): CodeIgniter\View\Cell->render('CodeIgniter\\Pager\\Pager::links', [...], 0, null)
 5 APPPATH\Views\admin\user_view.php(463): view_cell('CodeIgniter\\Pager\\Pager::links', [...])
 6 SYSTEMPATH\View\View.php(226): include('C:\\xampp\\htdocs\\kasirpos\\app\\Views\\admin\\user_view.php')
 7 SYSTEMPATH\View\View.php(229): CodeIgniter\View\View->CodeIgniter\View\{closure}()
 8 SYSTEMPATH\Common.php(1167): CodeIgniter\View\View->render('admin/user_view', [], true)
 9 APPPATH\Controllers\Admin.php(199): view('admin/user_view', [...])
10 SYSTEMPATH\CodeIgniter.php(933): App\Controllers\Admin->user()
11 SYSTEMPATH\CodeIgniter.php(507): CodeIgniter\CodeIgniter->runController(Object(App\Controllers\Admin))
12 SYSTEMPATH\CodeIgniter.php(354): CodeIgniter\CodeIgniter->handleRequest(null, Object(Config\Cache), false)
13 SYSTEMPATH\Boot.php(363): CodeIgniter\CodeIgniter->run()
14 SYSTEMPATH\Boot.php(68): CodeIgniter\Boot::runCodeIgniter(Object(CodeIgniter\CodeIgniter))
15 FCPATH\index.php(59): CodeIgniter\Boot::bootWeb(Object(Config\Paths))
16 SYSTEMPATH\rewrite.php(44): require_once('C:\\xampp\\htdocs\\kasirpos\\public\\index.php')
DEBUG - 2026-05-05 14:28:41 --> Session: Class initialized using 'CodeIgniter\Session\Handlers\FileHandler' driver.
CRITICAL - 2026-05-05 21:28:41 --> ArgumentCountError: Too few arguments to function CodeIgniter\Pager\Pager::__construct(), 0 passed in C:\xampp\htdocs\kasirpos\system\Config\Factories.php on line 153 and exactly 2 expected
[Method: GET, Route: admin/manajemen-user]
in SYSTEMPATH\Pager\Pager.php on line 72.
 1 SYSTEMPATH\Config\Factories.php(153): CodeIgniter\Pager\Pager->__construct()
 2 SYSTEMPATH\View\Cell.php(187): CodeIgniter\Config\Factories::__callStatic('cells', [])
 3 SYSTEMPATH\View\Cell.php(79): CodeIgniter\View\Cell->determineClass('CodeIgniter\\Pager\\Pager:links')
 4 SYSTEMPATH\Common.php(1183): CodeIgniter\View\Cell->render('CodeIgniter\\Pager\\Pager::links', [...], 0, null)
 5 APPPATH\Views\admin\user_view.php(463): view_cell('CodeIgniter\\Pager\\Pager::links', [...])
 6 SYSTEMPATH\View\View.php(226): include('C:\\xampp\\htdocs\\kasirpos\\app\\Views\\admin\\user_view.php')
 7 SYSTEMPATH\View\View.php(229): CodeIgniter\View\View->CodeIgniter\View\{closure}()
 8 SYSTEMPATH\Common.php(1167): CodeIgniter\View\View->render('admin/user_view', [], true)
 9 APPPATH\Controllers\Admin.php(199): view('admin/user_view', [...])
10 SYSTEMPATH\CodeIgniter.php(933): App\Controllers\Admin->user()
11 SYSTEMPATH\CodeIgniter.php(507): CodeIgniter\CodeIgniter->runController(Object(App\Controllers\Admin))
12 SYSTEMPATH\CodeIgniter.php(354): CodeIgniter\CodeIgniter->handleRequest(null, Object(Config\Cache), false)
13 SYSTEMPATH\Boot.php(363): CodeIgniter\CodeIgniter->run()
14 SYSTEMPATH\Boot.php(68): CodeIgniter\Boot::runCodeIgniter(Object(CodeIgniter\CodeIgniter))
15 FCPATH\index.php(59): CodeIgniter\Boot::bootWeb(Object(Config\Paths))
16 SYSTEMPATH\rewrite.php(44): require_once('C:\\xampp\\htdocs\\kasirpos\\public\\index.php')
DEBUG - 2026-05-05 14:28:43 --> Session: Class initialized using 'CodeIgniter\Session\Handlers\FileHandler' driver.
CRITICAL - 2026-05-05 21:28:43 --> ArgumentCountError: Too few arguments to function CodeIgniter\Pager\Pager::__construct(), 0 passed in C:\xampp\htdocs\kasirpos\system\Config\Factories.php on line 153 and exactly 2 expected
[Method: GET, Route: admin/manajemen-user]
in SYSTEMPATH\Pager\Pager.php on line 72.
 1 SYSTEMPATH\Config\Factories.php(153): CodeIgniter\Pager\Pager->__construct()
 2 SYSTEMPATH\View\Cell.php(187): CodeIgniter\Config\Factories::__callStatic('cells', [])
 3 SYSTEMPATH\View\Cell.php(79): CodeIgniter\View\Cell->determineClass('CodeIgniter\\Pager\\Pager:links')
 4 SYSTEMPATH\Common.php(1183): CodeIgniter\View\Cell->render('CodeIgniter\\Pager\\Pager::links', [...], 0, null)
 5 APPPATH\Views\admin\user_view.php(463): view_cell('CodeIgniter\\Pager\\Pager::links', [...])
 6 SYSTEMPATH\View\View.php(226): include('C:\\xampp\\htdocs\\kasirpos\\app\\Views\\admin\\user_view.php')
 7 SYSTEMPATH\View\View.php(229): CodeIgniter\View\View->CodeIgniter\View\{closure}()
 8 SYSTEMPATH\Common.php(1167): CodeIgniter\View\View->render('admin/user_view', [], true)
 9 APPPATH\Controllers\Admin.php(199): view('admin/user_view', [...])
10 SYSTEMPATH\CodeIgniter.php(933): App\Controllers\Admin->user()
11 SYSTEMPATH\CodeIgniter.php(507): CodeIgniter\CodeIgniter->runController(Object(App\Controllers\Admin))
12 SYSTEMPATH\CodeIgniter.php(354): CodeIgniter\CodeIgniter->handleRequest(null, Object(Config\Cache), false)
13 SYSTEMPATH\Boot.php(363): CodeIgniter\CodeIgniter->run()
14 SYSTEMPATH\Boot.php(68): CodeIgniter\Boot::runCodeIgniter(Object(CodeIgniter\CodeIgniter))
15 FCPATH\index.php(59): CodeIgniter\Boot::bootWeb(Object(Config\Paths))
16 SYSTEMPATH\rewrite.php(44): require_once('C:\\xampp\\htdocs\\kasirpos\\public\\index.php')
DEBUG - 2026-05-05 14:28:43 --> Session: Class initialized using 'CodeIgniter\Session\Handlers\FileHandler' driver.
CRITICAL - 2026-05-05 21:28:43 --> ArgumentCountError: Too few arguments to function CodeIgniter\Pager\Pager::__construct(), 0 passed in C:\xampp\htdocs\kasirpos\system\Config\Factories.php on line 153 and exactly 2 expected
[Method: GET, Route: admin/manajemen-user]
in SYSTEMPATH\Pager\Pager.php on line 72.
 1 SYSTEMPATH\Config\Factories.php(153): CodeIgniter\Pager\Pager->__construct()
 2 SYSTEMPATH\View\Cell.php(187): CodeIgniter\Config\Factories::__callStatic('cells', [])
 3 SYSTEMPATH\View\Cell.php(79): CodeIgniter\View\Cell->determineClass('CodeIgniter\\Pager\\Pager:links')
 4 SYSTEMPATH\Common.php(1183): CodeIgniter\View\Cell->render('CodeIgniter\\Pager\\Pager::links', [...], 0, null)
 5 APPPATH\Views\admin\user_view.php(463): view_cell('CodeIgniter\\Pager\\Pager::links', [...])
 6 SYSTEMPATH\View\View.php(226): include('C:\\xampp\\htdocs\\kasirpos\\app\\Views\\admin\\user_view.php')
 7 SYSTEMPATH\View\View.php(229): CodeIgniter\View\View->CodeIgniter\View\{closure}()
 8 SYSTEMPATH\Common.php(1167): CodeIgniter\View\View->render('admin/user_view', [], true)
 9 APPPATH\Controllers\Admin.php(199): view('admin/user_view', [...])
10 SYSTEMPATH\CodeIgniter.php(933): App\Controllers\Admin->user()
11 SYSTEMPATH\CodeIgniter.php(507): CodeIgniter\CodeIgniter->runController(Object(App\Controllers\Admin))
12 SYSTEMPATH\CodeIgniter.php(354): CodeIgniter\CodeIgniter->handleRequest(null, Object(Config\Cache), false)
13 SYSTEMPATH\Boot.php(363): CodeIgniter\CodeIgniter->run()
14 SYSTEMPATH\Boot.php(68): CodeIgniter\Boot::runCodeIgniter(Object(CodeIgniter\CodeIgniter))
15 FCPATH\index.php(59): CodeIgniter\Boot::bootWeb(Object(Config\Paths))
16 SYSTEMPATH\rewrite.php(44): require_once('C:\\xampp\\htdocs\\kasirpos\\public\\index.php')
DEBUG - 2026-05-05 14:28:56 --> Session: Class initialized using 'CodeIgniter\Session\Handlers\FileHandler' driver.
DEBUG - 2026-05-05 14:28:58 --> Session: Class initialized using 'CodeIgniter\Session\Handlers\FileHandler' driver.
DEBUG - 2026-05-05 14:29:02 --> Session: Class initialized using 'CodeIgniter\Session\Handlers\FileHandler' driver.
DEBUG - 2026-05-05 14:29:47 --> Session: Class initialized using 'CodeIgniter\Session\Handlers\FileHandler' driver.
DEBUG - 2026-05-05 14:29:48 --> Session: Class initialized using 'CodeIgniter\Session\Handlers\FileHandler' driver.
CRITICAL - 2026-05-05 21:29:48 --> CodeIgniter\Pager\Exceptions\PagerException: "custom_pager" is not a valid Pager template.
[Method: GET, Route: admin/transaksi]
in SYSTEMPATH\Pager\Pager.php on line 124.
 1 SYSTEMPATH\Pager\Pager.php(124): CodeIgniter\Pager\Exceptions\PagerException::forInvalidTemplate('custom_pager')
 2 SYSTEMPATH\Pager\Pager.php(87): CodeIgniter\Pager\Pager->displayLinks('transaksi', 'custom_pager')
 3 APPPATH\Views\admin\transaksi_view.php(71): CodeIgniter\Pager\Pager->links('transaksi', 'custom_pager')
 4 SYSTEMPATH\View\View.php(226): include('C:\\xampp\\htdocs\\kasirpos\\app\\Views\\admin\\transaksi_view.php')
 5 SYSTEMPATH\View\View.php(229): CodeIgniter\View\View->CodeIgniter\View\{closure}()
 6 SYSTEMPATH\Common.php(1167): CodeIgniter\View\View->render('admin/transaksi_view', [], true)
 7 APPPATH\Controllers\Admin.php(341): view('admin/transaksi_view', [...])
 8 SYSTEMPATH\CodeIgniter.php(933): App\Controllers\Admin->transaksi()
 9 SYSTEMPATH\CodeIgniter.php(507): CodeIgniter\CodeIgniter->runController(Object(App\Controllers\Admin))
10 SYSTEMPATH\CodeIgniter.php(354): CodeIgniter\CodeIgniter->handleRequest(null, Object(Config\Cache), false)
11 SYSTEMPATH\Boot.php(363): CodeIgniter\CodeIgniter->run()
12 SYSTEMPATH\Boot.php(68): CodeIgniter\Boot::runCodeIgniter(Object(CodeIgniter\CodeIgniter))
13 FCPATH\index.php(59): CodeIgniter\Boot::bootWeb(Object(Config\Paths))
14 SYSTEMPATH\rewrite.php(44): require_once('C:\\xampp\\htdocs\\kasirpos\\public\\index.php')
DEBUG - 2026-05-05 14:29:50 --> Session: Class initialized using 'CodeIgniter\Session\Handlers\FileHandler' driver.
DEBUG - 2026-05-05 14:29:52 --> Session: Class initialized using 'CodeIgniter\Session\Handlers\FileHandler' driver.
DEBUG - 2026-05-05 14:29:54 --> Session: Class initialized using 'CodeIgniter\Session\Handlers\FileHandler' driver.
DEBUG - 2026-05-05 21:29:56 --> Session: Class initialized using 'CodeIgniter\Session\Handlers\FileHandler' driver.
DEBUG - 2026-05-05 21:29:58 --> Session: Class initialized using 'CodeIgniter\Session\Handlers\FileHandler' driver.
DEBUG - 2026-05-05 14:29:59 --> Session: Class initialized using 'CodeIgniter\Session\Handlers\FileHandler' driver.
DEBUG - 2026-05-05 14:30:09 --> Session: Class initialized using 'CodeIgniter\Session\Handlers\FileHandler' driver.
DEBUG - 2026-05-05 14:30:12 --> Session: Class initialized using 'CodeIgniter\Session\Handlers\FileHandler' driver.
DEBUG - 2026-05-05 14:34:15 --> Session: Class initialized using 'CodeIgniter\Session\Handlers\FileHandler' driver.
DEBUG - 2026-05-05 14:34:17 --> Session: Class initialized using 'CodeIgniter\Session\Handlers\FileHandler' driver.
DEBUG - 2026-05-05 14:34:19 --> Session: Class initialized using 'CodeIgniter\Session\Handlers\FileHandler' driver.
DEBUG - 2026-05-05 14:34:21 --> Session: Class initialized using 'CodeIgniter\Session\Handlers\FileHandler' driver.
DEBUG - 2026-05-05 14:35:12 --> Session: Class initialized using 'CodeIgniter\Session\Handlers\FileHandler' driver.
CRITICAL - 2026-05-05 21:35:12 --> ParseError: syntax error, unexpected end of file, expecting "elseif" or "else" or "endif"
[Method: GET, Route: admin/manajemen-user]
in APPPATH\Views\admin\user_view.php on line 871.
 1 SYSTEMPATH\View\View.php(229): CodeIgniter\View\View->CodeIgniter\View\{closure}()
 2 SYSTEMPATH\Common.php(1167): CodeIgniter\View\View->render('admin/user_view', [], true)
 3 APPPATH\Controllers\Admin.php(199): view('admin/user_view', [...])
 4 SYSTEMPATH\CodeIgniter.php(933): App\Controllers\Admin->user()
 5 SYSTEMPATH\CodeIgniter.php(507): CodeIgniter\CodeIgniter->runController(Object(App\Controllers\Admin))
 6 SYSTEMPATH\CodeIgniter.php(354): CodeIgniter\CodeIgniter->handleRequest(null, Object(Config\Cache), false)
 7 SYSTEMPATH\Boot.php(363): CodeIgniter\CodeIgniter->run()
 8 SYSTEMPATH\Boot.php(68): CodeIgniter\Boot::runCodeIgniter(Object(CodeIgniter\CodeIgniter))
 9 FCPATH\index.php(59): CodeIgniter\Boot::bootWeb(Object(Config\Paths))
10 SYSTEMPATH\rewrite.php(44): require_once('C:\\xampp\\htdocs\\kasirpos\\public\\index.php')
DEBUG - 2026-05-05 15:13:52 --> Session: Class initialized using 'CodeIgniter\Session\Handlers\FileHandler' driver.
DEBUG - 2026-05-05 15:17:49 --> Session: Class initialized using 'CodeIgniter\Session\Handlers\FileHandler' driver.
CRITICAL - 2026-05-05 22:17:49 --> Error: Class "App\Models\ShiftTransaksiModel" not found
[Method: GET, Route: admin/manajemen-user]
in APPPATH\Controllers\Admin.php on line 163.
 1 SYSTEMPATH\CodeIgniter.php(933): App\Controllers\Admin->user()
 2 SYSTEMPATH\CodeIgniter.php(507): CodeIgniter\CodeIgniter->runController(Object(App\Controllers\Admin))
 3 SYSTEMPATH\CodeIgniter.php(354): CodeIgniter\CodeIgniter->handleRequest(null, Object(Config\Cache), false)
 4 SYSTEMPATH\Boot.php(363): CodeIgniter\CodeIgniter->run()
 5 SYSTEMPATH\Boot.php(68): CodeIgniter\Boot::runCodeIgniter(Object(CodeIgniter\CodeIgniter))
 6 FCPATH\index.php(59): CodeIgniter\Boot::bootWeb(Object(Config\Paths))
 7 SYSTEMPATH\rewrite.php(44): require_once('C:\\xampp\\htdocs\\kasirpos\\public\\index.php')
DEBUG - 2026-05-05 15:17:59 --> Session: Class initialized using 'CodeIgniter\Session\Handlers\FileHandler' driver.
DEBUG - 2026-05-05 15:19:23 --> Session: Class initialized using 'CodeIgniter\Session\Handlers\FileHandler' driver.
DEBUG - 2026-05-05 15:19:25 --> Session: Class initialized using 'CodeIgniter\Session\Handlers\FileHandler' driver.
DEBUG - 2026-05-05 15:19:30 --> Session: Class initialized using 'CodeIgniter\Session\Handlers\FileHandler' driver.
DEBUG - 2026-05-05 15:20:38 --> Session: Class initialized using 'CodeIgniter\Session\Handlers\FileHandler' driver.
DEBUG - 2026-05-05 15:20:41 --> Session: Class initialized using 'CodeIgniter\Session\Handlers\FileHandler' driver.
DEBUG - 2026-05-05 15:21:36 --> Session: Class initialized using 'CodeIgniter\Session\Handlers\FileHandler' driver.
DEBUG - 2026-05-05 15:21:40 --> Session: Class initialized using 'CodeIgniter\Session\Handlers\FileHandler' driver.
DEBUG - 2026-05-05 15:21:42 --> Session: Class initialized using 'CodeIgniter\Session\Handlers\FileHandler' driver.
DEBUG - 2026-05-05 15:26:43 --> Session: Class initialized using 'CodeIgniter\Session\Handlers\FileHandler' driver.
DEBUG - 2026-05-05 15:26:45 --> Session: Class initialized using 'CodeIgniter\Session\Handlers\FileHandler' driver.
DEBUG - 2026-05-05 15:26:48 --> Session: Class initialized using 'CodeIgniter\Session\Handlers\FileHandler' driver.
DEBUG - 2026-05-05 15:28:25 --> Session: Class initialized using 'CodeIgniter\Session\Handlers\FileHandler' driver.
DEBUG - 2026-05-05 15:28:27 --> Session: Class initialized using 'CodeIgniter\Session\Handlers\FileHandler' driver.
DEBUG - 2026-05-05 15:28:34 --> Session: Class initialized using 'CodeIgniter\Session\Handlers\FileHandler' driver.
DEBUG - 2026-05-05 15:28:54 --> Session: Class initialized using 'CodeIgniter\Session\Handlers\FileHandler' driver.
DEBUG - 2026-05-05 15:30:37 --> Session: Class initialized using 'CodeIgniter\Session\Handlers\FileHandler' driver.
DEBUG - 2026-05-05 15:30:39 --> Session: Class initialized using 'CodeIgniter\Session\Handlers\FileHandler' driver.
DEBUG - 2026-05-05 15:31:16 --> Session: Class initialized using 'CodeIgniter\Session\Handlers\FileHandler' driver.
DEBUG - 2026-05-05 15:31:19 --> Session: Class initialized using 'CodeIgniter\Session\Handlers\FileHandler' driver.
DEBUG - 2026-05-05 15:31:26 --> Session: Class initialized using 'CodeIgniter\Session\Handlers\FileHandler' driver.
DEBUG - 2026-05-05 15:31:27 --> Session: Class initialized using 'CodeIgniter\Session\Handlers\FileHandler' driver.
DEBUG - 2026-05-05 15:31:29 --> Session: Class initialized using 'CodeIgniter\Session\Handlers\FileHandler' driver.
DEBUG - 2026-05-05 15:31:31 --> Session: Class initialized using 'CodeIgniter\Session\Handlers\FileHandler' driver.
DEBUG - 2026-05-05 15:31:34 --> Session: Class initialized using 'CodeIgniter\Session\Handlers\FileHandler' driver.
DEBUG - 2026-05-05 15:31:38 --> Session: Class initialized using 'CodeIgniter\Session\Handlers\FileHandler' driver.
DEBUG - 2026-05-05 15:32:16 --> Session: Class initialized using 'CodeIgniter\Session\Handlers\FileHandler' driver.
DEBUG - 2026-05-05 15:32:17 --> Session: Class initialized using 'CodeIgniter\Session\Handlers\FileHandler' driver.
DEBUG - 2026-05-05 15:32:19 --> Session: Class initialized using 'CodeIgniter\Session\Handlers\FileHandler' driver.
DEBUG - 2026-05-05 15:37:59 --> Session: Class initialized using 'CodeIgniter\Session\Handlers\FileHandler' driver.
DEBUG - 2026-05-05 15:38:01 --> Session: Class initialized using 'CodeIgniter\Session\Handlers\FileHandler' driver.
DEBUG - 2026-05-05 15:38:05 --> Session: Class initialized using 'CodeIgniter\Session\Handlers\FileHandler' driver.
DEBUG - 2026-05-05 15:38:16 --> Session: Class initialized using 'CodeIgniter\Session\Handlers\FileHandler' driver.
DEBUG - 2026-05-05 15:38:17 --> Session: Class initialized using 'CodeIgniter\Session\Handlers\FileHandler' driver.
DEBUG - 2026-05-05 15:38:21 --> Session: Class initialized using 'CodeIgniter\Session\Handlers\FileHandler' driver.
DEBUG - 2026-05-05 15:38:23 --> Session: Class initialized using 'CodeIgniter\Session\Handlers\FileHandler' driver.
DEBUG - 2026-05-05 15:39:15 --> Session: Class initialized using 'CodeIgniter\Session\Handlers\FileHandler' driver.
DEBUG - 2026-05-05 15:39:17 --> Session: Class initialized using 'CodeIgniter\Session\Handlers\FileHandler' driver.
DEBUG - 2026-05-05 15:39:19 --> Session: Class initialized using 'CodeIgniter\Session\Handlers\FileHandler' driver.
DEBUG - 2026-05-05 15:39:21 --> Session: Class initialized using 'CodeIgniter\Session\Handlers\FileHandler' driver.
DEBUG - 2026-05-05 15:39:24 --> Session: Class initialized using 'CodeIgniter\Session\Handlers\FileHandler' driver.
DEBUG - 2026-05-05 15:39:27 --> Session: Class initialized using 'CodeIgniter\Session\Handlers\FileHandler' driver.
DEBUG - 2026-05-05 15:39:29 --> Session: Class initialized using 'CodeIgniter\Session\Handlers\FileHandler' driver.
DEBUG - 2026-05-05 15:39:30 --> Session: Class initialized using 'CodeIgniter\Session\Handlers\FileHandler' driver.
DEBUG - 2026-05-05 15:39:36 --> Session: Class initialized using 'CodeIgniter\Session\Handlers\FileHandler' driver.
DEBUG - 2026-05-05 15:39:39 --> Session: Class initialized using 'CodeIgniter\Session\Handlers\FileHandler' driver.
DEBUG - 2026-05-05 15:39:52 --> Session: Class initialized using 'CodeIgniter\Session\Handlers\FileHandler' driver.
DEBUG - 2026-05-05 22:39:53 --> Session: Class initialized using 'CodeIgniter\Session\Handlers\FileHandler' driver.
DEBUG - 2026-05-05 15:39:54 --> Session: Class initialized using 'CodeIgniter\Session\Handlers\FileHandler' driver.
DEBUG - 2026-05-05 15:39:58 --> Session: Class initialized using 'CodeIgniter\Session\Handlers\FileHandler' driver.
DEBUG - 2026-05-05 15:40:02 --> Session: Class initialized using 'CodeIgniter\Session\Handlers\FileHandler' driver.
DEBUG - 2026-05-05 15:40:04 --> Session: Class initialized using 'CodeIgniter\Session\Handlers\FileHandler' driver.
DEBUG - 2026-05-05 15:40:06 --> Session: Class initialized using 'CodeIgniter\Session\Handlers\FileHandler' driver.
DEBUG - 2026-05-05 15:40:10 --> Session: Class initialized using 'CodeIgniter\Session\Handlers\FileHandler' driver.
DEBUG - 2026-05-05 15:40:12 --> Session: Class initialized using 'CodeIgniter\Session\Handlers\FileHandler' driver.
DEBUG - 2026-05-05 15:40:13 --> Session: Class initialized using 'CodeIgniter\Session\Handlers\FileHandler' driver.
DEBUG - 2026-05-05 15:40:15 --> Session: Class initialized using 'CodeIgniter\Session\Handlers\FileHandler' driver.
DEBUG - 2026-05-05 15:40:22 --> Session: Class initialized using 'CodeIgniter\Session\Handlers\FileHandler' driver.
DEBUG - 2026-05-05 15:42:52 --> Session: Class initialized using 'CodeIgniter\Session\Handlers\FileHandler' driver.
DEBUG - 2026-05-05 15:42:54 --> Session: Class initialized using 'CodeIgniter\Session\Handlers\FileHandler' driver.
DEBUG - 2026-05-05 15:42:56 --> Session: Class initialized using 'CodeIgniter\Session\Handlers\FileHandler' driver.
DEBUG - 2026-05-05 15:42:57 --> Session: Class initialized using 'CodeIgniter\Session\Handlers\FileHandler' driver.
DEBUG - 2026-05-05 15:43:02 --> Session: Class initialized using 'CodeIgniter\Session\Handlers\FileHandler' driver.
DEBUG - 2026-05-05 15:43:07 --> Session: Class initialized using 'CodeIgniter\Session\Handlers\FileHandler' driver.
DEBUG - 2026-05-05 15:43:09 --> Session: Class initialized using 'CodeIgniter\Session\Handlers\FileHandler' driver.
DEBUG - 2026-05-05 15:43:11 --> Session: Class initialized using 'CodeIgniter\Session\Handlers\FileHandler' driver.
DEBUG - 2026-05-05 15:43:13 --> Session: Class initialized using 'CodeIgniter\Session\Handlers\FileHandler' driver.
DEBUG - 2026-05-05 15:43:16 --> Session: Class initialized using 'CodeIgniter\Session\Handlers\FileHandler' driver.
DEBUG - 2026-05-05 15:43:18 --> Session: Class initialized using 'CodeIgniter\Session\Handlers\FileHandler' driver.
DEBUG - 2026-05-05 15:43:22 --> Session: Class initialized using 'CodeIgniter\Session\Handlers\FileHandler' driver.
DEBUG - 2026-05-05 15:43:25 --> Session: Class initialized using 'CodeIgniter\Session\Handlers\FileHandler' driver.
DEBUG - 2026-05-05 15:43:27 --> Session: Class initialized using 'CodeIgniter\Session\Handlers\FileHandler' driver.
DEBUG - 2026-05-05 15:43:29 --> Session: Class initialized using 'CodeIgniter\Session\Handlers\FileHandler' driver.
DEBUG - 2026-05-05 15:43:30 --> Session: Class initialized using 'CodeIgniter\Session\Handlers\FileHandler' driver.
DEBUG - 2026-05-05 15:43:34 --> Session: Class initialized using 'CodeIgniter\Session\Handlers\FileHandler' driver.
DEBUG - 2026-05-05 15:43:51 --> Session: Class initialized using 'CodeIgniter\Session\Handlers\FileHandler' driver.
DEBUG - 2026-05-05 15:43:53 --> Session: Class initialized using 'CodeIgniter\Session\Handlers\FileHandler' driver.
DEBUG - 2026-05-05 15:43:54 --> Session: Class initialized using 'CodeIgniter\Session\Handlers\FileHandler' driver.
DEBUG - 2026-05-05 15:43:56 --> Session: Class initialized using 'CodeIgniter\Session\Handlers\FileHandler' driver.
DEBUG - 2026-05-05 15:44:05 --> Session: Class initialized using 'CodeIgniter\Session\Handlers\FileHandler' driver.
DEBUG - 2026-05-05 15:45:14 --> Session: Class initialized using 'CodeIgniter\Session\Handlers\FileHandler' driver.
DEBUG - 2026-05-05 15:45:16 --> Session: Class initialized using 'CodeIgniter\Session\Handlers\FileHandler' driver.
DEBUG - 2026-05-05 15:45:19 --> Session: Class initialized using 'CodeIgniter\Session\Handlers\FileHandler' driver.
DEBUG - 2026-05-05 15:45:22 --> Session: Class initialized using 'CodeIgniter\Session\Handlers\FileHandler' driver.
DEBUG - 2026-05-05 15:45:24 --> Session: Class initialized using 'CodeIgniter\Session\Handlers\FileHandler' driver.
DEBUG - 2026-05-05 15:46:38 --> Session: Class initialized using 'CodeIgniter\Session\Handlers\FileHandler' driver.
DEBUG - 2026-05-05 15:46:41 --> Session: Class initialized using 'CodeIgniter\Session\Handlers\FileHandler' driver.
DEBUG - 2026-05-05 15:46:45 --> Session: Class initialized using 'CodeIgniter\Session\Handlers\FileHandler' driver.
DEBUG - 2026-05-05 15:46:48 --> Session: Class initialized using 'CodeIgniter\Session\Handlers\FileHandler' driver.
DEBUG - 2026-05-05 15:48:17 --> Session: Class initialized using 'CodeIgniter\Session\Handlers\FileHandler' driver.
DEBUG - 2026-05-05 15:49:40 --> Session: Class initialized using 'CodeIgniter\Session\Handlers\FileHandler' driver.
DEBUG - 2026-05-05 15:49:42 --> Session: Class initialized using 'CodeIgniter\Session\Handlers\FileHandler' driver.
DEBUG - 2026-05-05 15:49:45 --> Session: Class initialized using 'CodeIgniter\Session\Handlers\FileHandler' driver.
DEBUG - 2026-05-05 15:49:46 --> Session: Class initialized using 'CodeIgniter\Session\Handlers\FileHandler' driver.
DEBUG - 2026-05-05 15:49:48 --> Session: Class initialized using 'CodeIgniter\Session\Handlers\FileHandler' driver.
DEBUG - 2026-05-05 15:50:46 --> Session: Class initialized using 'CodeIgniter\Session\Handlers\FileHandler' driver.
DEBUG - 2026-05-05 15:50:48 --> Session: Class initialized using 'CodeIgniter\Session\Handlers\FileHandler' driver.
DEBUG - 2026-05-05 15:50:49 --> Session: Class initialized using 'CodeIgniter\Session\Handlers\FileHandler' driver.
DEBUG - 2026-05-05 15:50:51 --> Session: Class initialized using 'CodeIgniter\Session\Handlers\FileHandler' driver.
DEBUG - 2026-05-05 15:50:53 --> Session: Class initialized using 'CodeIgniter\Session\Handlers\FileHandler' driver.
DEBUG - 2026-05-05 15:51:07 --> Session: Class initialized using 'CodeIgniter\Session\Handlers\FileHandler' driver.
CRITICAL - 2026-05-05 22:51:07 --> CodeIgniter\Pager\Exceptions\PagerException: "custom_pager" is not a valid Pager template.
[Method: GET, Route: admin/transaksi]
in SYSTEMPATH\Pager\Pager.php on line 124.
 1 SYSTEMPATH\Pager\Pager.php(124): CodeIgniter\Pager\Exceptions\PagerException::forInvalidTemplate('custom_pager')
 2 SYSTEMPATH\Pager\Pager.php(87): CodeIgniter\Pager\Pager->displayLinks('transaksi', 'custom_pager')
 3 APPPATH\Views\admin\transaksi_view.php(71): CodeIgniter\Pager\Pager->links('transaksi', 'custom_pager')
 4 SYSTEMPATH\View\View.php(226): include('C:\\xampp\\htdocs\\kasirpos\\app\\Views\\admin\\transaksi_view.php')
 5 SYSTEMPATH\View\View.php(229): CodeIgniter\View\View->CodeIgniter\View\{closure}()
 6 SYSTEMPATH\Common.php(1167): CodeIgniter\View\View->render('admin/transaksi_view', [], true)
 7 APPPATH\Controllers\Admin.php(353): view('admin/transaksi_view', [...])
 8 SYSTEMPATH\CodeIgniter.php(933): App\Controllers\Admin->transaksi()
 9 SYSTEMPATH\CodeIgniter.php(507): CodeIgniter\CodeIgniter->runController(Object(App\Controllers\Admin))
10 SYSTEMPATH\CodeIgniter.php(354): CodeIgniter\CodeIgniter->handleRequest(null, Object(Config\Cache), false)
11 SYSTEMPATH\Boot.php(363): CodeIgniter\CodeIgniter->run()
12 SYSTEMPATH\Boot.php(68): CodeIgniter\Boot::runCodeIgniter(Object(CodeIgniter\CodeIgniter))
13 FCPATH\index.php(59): CodeIgniter\Boot::bootWeb(Object(Config\Paths))
14 SYSTEMPATH\rewrite.php(44): require_once('C:\\xampp\\htdocs\\kasirpos\\public\\index.php')
DEBUG - 2026-05-05 15:52:23 --> Session: Class initialized using 'CodeIgniter\Session\Handlers\FileHandler' driver.
DEBUG - 2026-05-05 15:52:30 --> Session: Class initialized using 'CodeIgniter\Session\Handlers\FileHandler' driver.
DEBUG - 2026-05-05 15:52:32 --> Session: Class initialized using 'CodeIgniter\Session\Handlers\FileHandler' driver.
DEBUG - 2026-05-05 15:53:14 --> Session: Class initialized using 'CodeIgniter\Session\Handlers\FileHandler' driver.
DEBUG - 2026-05-05 15:53:17 --> Session: Class initialized using 'CodeIgniter\Session\Handlers\FileHandler' driver.
DEBUG - 2026-05-05 15:53:19 --> Session: Class initialized using 'CodeIgniter\Session\Handlers\FileHandler' driver.
DEBUG - 2026-05-05 15:53:20 --> Session: Class initialized using 'CodeIgniter\Session\Handlers\FileHandler' driver.
DEBUG - 2026-05-05 15:53:22 --> Session: Class initialized using 'CodeIgniter\Session\Handlers\FileHandler' driver.
DEBUG - 2026-05-05 15:53:50 --> Session: Class initialized using 'CodeIgniter\Session\Handlers\FileHandler' driver.
DEBUG - 2026-05-05 15:53:53 --> Session: Class initialized using 'CodeIgniter\Session\Handlers\FileHandler' driver.
DEBUG - 2026-05-05 15:54:01 --> Session: Class initialized using 'CodeIgniter\Session\Handlers\FileHandler' driver.
DEBUG - 2026-05-05 15:54:03 --> Session: Class initialized using 'CodeIgniter\Session\Handlers\FileHandler' driver.
DEBUG - 2026-05-05 15:54:04 --> Session: Class initialized using 'CodeIgniter\Session\Handlers\FileHandler' driver.
DEBUG - 2026-05-05 15:54:07 --> Session: Class initialized using 'CodeIgniter\Session\Handlers\FileHandler' driver.
DEBUG - 2026-05-05 15:54:12 --> Session: Class initialized using 'CodeIgniter\Session\Handlers\FileHandler' driver.
DEBUG - 2026-05-05 15:54:28 --> Session: Class initialized using 'CodeIgniter\Session\Handlers\FileHandler' driver.
DEBUG - 2026-05-05 15:54:28 --> Session: Class initialized using 'CodeIgniter\Session\Handlers\FileHandler' driver.
DEBUG - 2026-05-05 15:54:33 --> Session: Class initialized using 'CodeIgniter\Session\Handlers\FileHandler' driver.
DEBUG - 2026-05-05 15:54:33 --> Session: Class initialized using 'CodeIgniter\Session\Handlers\FileHandler' driver.
DEBUG - 2026-05-05 22:54:38 --> Session: Class initialized using 'CodeIgniter\Session\Handlers\FileHandler' driver.
DEBUG - 2026-05-05 15:54:39 --> Session: Class initialized using 'CodeIgniter\Session\Handlers\FileHandler' driver.
DEBUG - 2026-05-05 22:54:42 --> Session: Class initialized using 'CodeIgniter\Session\Handlers\FileHandler' driver.
DEBUG - 2026-05-05 15:54:42 --> Session: Class initialized using 'CodeIgniter\Session\Handlers\FileHandler' driver.
DEBUG - 2026-05-05 22:54:56 --> Session: Class initialized using 'CodeIgniter\Session\Handlers\FileHandler' driver.
DEBUG - 2026-05-05 15:54:56 --> Session: Class initialized using 'CodeIgniter\Session\Handlers\FileHandler' driver.
DEBUG - 2026-05-05 15:55:05 --> Session: Class initialized using 'CodeIgniter\Session\Handlers\FileHandler' driver.
DEBUG - 2026-05-05 15:55:11 --> Session: Class initialized using 'CodeIgniter\Session\Handlers\FileHandler' driver.
DEBUG - 2026-05-05 16:03:08 --> Session: Class initialized using 'CodeIgniter\Session\Handlers\FileHandler' driver.
DEBUG - 2026-05-05 23:03:18 --> Session: Class initialized using 'CodeIgniter\Session\Handlers\FileHandler' driver.
DEBUG - 2026-05-05 16:03:18 --> Session: Class initialized using 'CodeIgniter\Session\Handlers\FileHandler' driver.
DEBUG - 2026-05-05 16:04:15 --> Session: Class initialized using 'CodeIgniter\Session\Handlers\FileHandler' driver.
DEBUG - 2026-05-05 16:04:24 --> Session: Class initialized using 'CodeIgniter\Session\Handlers\FileHandler' driver.
DEBUG - 2026-05-05 16:04:24 --> Session: Class initialized using 'CodeIgniter\Session\Handlers\FileHandler' driver.
DEBUG - 2026-05-05 16:04:31 --> Session: Class initialized using 'CodeIgniter\Session\Handlers\FileHandler' driver.
DEBUG - 2026-05-05 16:04:31 --> Session: Class initialized using 'CodeIgniter\Session\Handlers\FileHandler' driver.
DEBUG - 2026-05-05 23:04:38 --> Session: Class initialized using 'CodeIgniter\Session\Handlers\FileHandler' driver.
DEBUG - 2026-05-05 16:04:38 --> Session: Class initialized using 'CodeIgniter\Session\Handlers\FileHandler' driver.
DEBUG - 2026-05-05 23:04:41 --> Session: Class initialized using 'CodeIgniter\Session\Handlers\FileHandler' driver.
DEBUG - 2026-05-05 16:04:41 --> Session: Class initialized using 'CodeIgniter\Session\Handlers\FileHandler' driver.
DEBUG - 2026-05-05 23:04:49 --> Session: Class initialized using 'CodeIgniter\Session\Handlers\FileHandler' driver.
DEBUG - 2026-05-05 16:04:49 --> Session: Class initialized using 'CodeIgniter\Session\Handlers\FileHandler' driver.
DEBUG - 2026-05-05 23:04:56 --> Session: Class initialized using 'CodeIgniter\Session\Handlers\FileHandler' driver.
DEBUG - 2026-05-05 16:04:56 --> Session: Class initialized using 'CodeIgniter\Session\Handlers\FileHandler' driver.
DEBUG - 2026-05-05 16:05:00 --> Session: Class initialized using 'CodeIgniter\Session\Handlers\FileHandler' driver.
DEBUG - 2026-05-05 16:05:02 --> Session: Class initialized using 'CodeIgniter\Session\Handlers\FileHandler' driver.
DEBUG - 2026-05-05 16:05:03 --> Session: Class initialized using 'CodeIgniter\Session\Handlers\FileHandler' driver.
DEBUG - 2026-05-05 16:10:36 --> Session: Class initialized using 'CodeIgniter\Session\Handlers\FileHandler' driver.
DEBUG - 2026-05-05 16:10:37 --> Session: Class initialized using 'CodeIgniter\Session\Handlers\FileHandler' driver.
DEBUG - 2026-05-05 16:10:38 --> Session: Class initialized using 'CodeIgniter\Session\Handlers\FileHandler' driver.
DEBUG - 2026-05-05 16:11:35 --> Session: Class initialized using 'CodeIgniter\Session\Handlers\FileHandler' driver.
CRITICAL - 2026-05-05 23:11:36 --> Error: Call to undefined method CodeIgniter\Pager\Pager::setSurroundCount()
[Method: GET, Route: admin/user]
in APPPATH\Views\admin\user_view.php on line 458.
 1 SYSTEMPATH\View\View.php(226): include()
 2 SYSTEMPATH\View\View.php(229): CodeIgniter\View\View->CodeIgniter\View\{closure}()
 3 SYSTEMPATH\Common.php(1167): CodeIgniter\View\View->render('admin/user_view', [], true)
 4 APPPATH\Controllers\Admin.php(212): view('admin/user_view', [...])
 5 SYSTEMPATH\CodeIgniter.php(933): App\Controllers\Admin->user()
 6 SYSTEMPATH\CodeIgniter.php(507): CodeIgniter\CodeIgniter->runController(Object(App\Controllers\Admin))
 7 SYSTEMPATH\CodeIgniter.php(354): CodeIgniter\CodeIgniter->handleRequest(null, Object(Config\Cache), false)
 8 SYSTEMPATH\Boot.php(363): CodeIgniter\CodeIgniter->run()
 9 SYSTEMPATH\Boot.php(68): CodeIgniter\Boot::runCodeIgniter(Object(CodeIgniter\CodeIgniter))
10 FCPATH\index.php(59): CodeIgniter\Boot::bootWeb(Object(Config\Paths))
11 SYSTEMPATH\rewrite.php(44): require_once('C:\\xampp\\htdocs\\kasirpos\\public\\index.php')
DEBUG - 2026-05-05 16:12:25 --> Session: Class initialized using 'CodeIgniter\Session\Handlers\FileHandler' driver.
DEBUG - 2026-05-05 16:12:35 --> Session: Class initialized using 'CodeIgniter\Session\Handlers\FileHandler' driver.
DEBUG - 2026-05-05 16:12:38 --> Session: Class initialized using 'CodeIgniter\Session\Handlers\FileHandler' driver.
DEBUG - 2026-05-05 16:12:41 --> Session: Class initialized using 'CodeIgniter\Session\Handlers\FileHandler' driver.
DEBUG - 2026-05-05 16:12:45 --> Session: Class initialized using 'CodeIgniter\Session\Handlers\FileHandler' driver.
DEBUG - 2026-05-05 16:12:56 --> Session: Class initialized using 'CodeIgniter\Session\Handlers\FileHandler' driver.
DEBUG - 2026-05-05 16:12:58 --> Session: Class initialized using 'CodeIgniter\Session\Handlers\FileHandler' driver.
DEBUG - 2026-05-05 16:13:00 --> Session: Class initialized using 'CodeIgniter\Session\Handlers\FileHandler' driver.
DEBUG - 2026-05-05 16:13:41 --> Session: Class initialized using 'CodeIgniter\Session\Handlers\FileHandler' driver.
DEBUG - 2026-05-05 16:16:34 --> Session: Class initialized using 'CodeIgniter\Session\Handlers\FileHandler' driver.
CRITICAL - 2026-05-05 23:16:34 --> Error: Call to undefined method CodeIgniter\Pager\Pager::setSurroundCount()
[Method: GET, Route: admin/user]
in APPPATH\Views\admin\user_view.php on line 529.
 1 SYSTEMPATH\View\View.php(226): include()
 2 SYSTEMPATH\View\View.php(229): CodeIgniter\View\View->CodeIgniter\View\{closure}()
 3 SYSTEMPATH\Common.php(1167): CodeIgniter\View\View->render('admin/user_view', [], true)
 4 APPPATH\Controllers\Admin.php(212): view('admin/user_view', [...])
 5 SYSTEMPATH\CodeIgniter.php(933): App\Controllers\Admin->user()
 6 SYSTEMPATH\CodeIgniter.php(507): CodeIgniter\CodeIgniter->runController(Object(App\Controllers\Admin))
 7 SYSTEMPATH\CodeIgniter.php(354): CodeIgniter\CodeIgniter->handleRequest(null, Object(Config\Cache), false)
 8 SYSTEMPATH\Boot.php(363): CodeIgniter\CodeIgniter->run()
 9 SYSTEMPATH\Boot.php(68): CodeIgniter\Boot::runCodeIgniter(Object(CodeIgniter\CodeIgniter))
10 FCPATH\index.php(59): CodeIgniter\Boot::bootWeb(Object(Config\Paths))
11 SYSTEMPATH\rewrite.php(44): require_once('C:\\xampp\\htdocs\\kasirpos\\public\\index.php')
DEBUG - 2026-05-05 16:16:40 --> Session: Class initialized using 'CodeIgniter\Session\Handlers\FileHandler' driver.
DEBUG - 2026-05-05 16:16:51 --> Session: Class initialized using 'CodeIgniter\Session\Handlers\FileHandler' driver.
DEBUG - 2026-05-05 16:16:53 --> Session: Class initialized using 'CodeIgniter\Session\Handlers\FileHandler' driver.
DEBUG - 2026-05-05 16:16:54 --> Session: Class initialized using 'CodeIgniter\Session\Handlers\FileHandler' driver.
DEBUG - 2026-05-05 16:16:56 --> Session: Class initialized using 'CodeIgniter\Session\Handlers\FileHandler' driver.
DEBUG - 2026-05-05 16:16:57 --> Session: Class initialized using 'CodeIgniter\Session\Handlers\FileHandler' driver.
DEBUG - 2026-05-05 16:16:59 --> Session: Class initialized using 'CodeIgniter\Session\Handlers\FileHandler' driver.
DEBUG - 2026-05-05 16:16:59 --> Session: Class initialized using 'CodeIgniter\Session\Handlers\FileHandler' driver.
DEBUG - 2026-05-05 16:17:04 --> Session: Class initialized using 'CodeIgniter\Session\Handlers\FileHandler' driver.
DEBUG - 2026-05-05 16:17:07 --> Session: Class initialized using 'CodeIgniter\Session\Handlers\FileHandler' driver.
DEBUG - 2026-05-05 16:17:10 --> Session: Class initialized using 'CodeIgniter\Session\Handlers\FileHandler' driver.
DEBUG - 2026-05-05 16:17:12 --> Session: Class initialized using 'CodeIgniter\Session\Handlers\FileHandler' driver.
DEBUG - 2026-05-05 23:17:13 --> Session: Class initialized using 'CodeIgniter\Session\Handlers\FileHandler' driver.
DEBUG - 2026-05-05 16:17:15 --> Session: Class initialized using 'CodeIgniter\Session\Handlers\FileHandler' driver.
CRITICAL - 2026-05-05 23:17:15 --> CodeIgniter\Pager\Exceptions\PagerException: "custom_pager" is not a valid Pager template.
[Method: GET, Route: admin/transaksi]
in SYSTEMPATH\Pager\Pager.php on line 124.
 1 SYSTEMPATH\Pager\Pager.php(124): CodeIgniter\Pager\Exceptions\PagerException::forInvalidTemplate('custom_pager')
 2 SYSTEMPATH\Pager\Pager.php(87): CodeIgniter\Pager\Pager->displayLinks('transaksi', 'custom_pager')
 3 APPPATH\Views\admin\transaksi_view.php(71): CodeIgniter\Pager\Pager->links('transaksi', 'custom_pager')
 4 SYSTEMPATH\View\View.php(226): include('C:\\xampp\\htdocs\\kasirpos\\app\\Views\\admin\\transaksi_view.php')
 5 SYSTEMPATH\View\View.php(229): CodeIgniter\View\View->CodeIgniter\View\{closure}()
 6 SYSTEMPATH\Common.php(1167): CodeIgniter\View\View->render('admin/transaksi_view', [], true)
 7 APPPATH\Controllers\Admin.php(354): view('admin/transaksi_view', [...])
 8 SYSTEMPATH\CodeIgniter.php(933): App\Controllers\Admin->transaksi()
 9 SYSTEMPATH\CodeIgniter.php(507): CodeIgniter\CodeIgniter->runController(Object(App\Controllers\Admin))
10 SYSTEMPATH\CodeIgniter.php(354): CodeIgniter\CodeIgniter->handleRequest(null, Object(Config\Cache), false)
11 SYSTEMPATH\Boot.php(363): CodeIgniter\CodeIgniter->run()
12 SYSTEMPATH\Boot.php(68): CodeIgniter\Boot::runCodeIgniter(Object(CodeIgniter\CodeIgniter))
13 FCPATH\index.php(59): CodeIgniter\Boot::bootWeb(Object(Config\Paths))
14 SYSTEMPATH\rewrite.php(44): require_once('C:\\xampp\\htdocs\\kasirpos\\public\\index.php')
DEBUG - 2026-05-05 16:17:37 --> Session: Class initialized using 'CodeIgniter\Session\Handlers\FileHandler' driver.
CRITICAL - 2026-05-05 23:17:37 --> CodeIgniter\Pager\Exceptions\PagerException: "custom_pager" is not a valid Pager template.
[Method: GET, Route: admin/transaksi]
in SYSTEMPATH\Pager\Pager.php on line 124.
 1 SYSTEMPATH\Pager\Pager.php(124): CodeIgniter\Pager\Exceptions\PagerException::forInvalidTemplate('custom_pager')
 2 SYSTEMPATH\Pager\Pager.php(87): CodeIgniter\Pager\Pager->displayLinks('transaksi', 'custom_pager')
 3 APPPATH\Views\admin\transaksi_view.php(71): CodeIgniter\Pager\Pager->links('transaksi', 'custom_pager')
 4 SYSTEMPATH\View\View.php(226): include('C:\\xampp\\htdocs\\kasirpos\\app\\Views\\admin\\transaksi_view.php')
 5 SYSTEMPATH\View\View.php(229): CodeIgniter\View\View->CodeIgniter\View\{closure}()
 6 SYSTEMPATH\Common.php(1167): CodeIgniter\View\View->render('admin/transaksi_view', [], true)
 7 APPPATH\Controllers\Admin.php(354): view('admin/transaksi_view', [...])
 8 SYSTEMPATH\CodeIgniter.php(933): App\Controllers\Admin->transaksi()
 9 SYSTEMPATH\CodeIgniter.php(507): CodeIgniter\CodeIgniter->runController(Object(App\Controllers\Admin))
10 SYSTEMPATH\CodeIgniter.php(354): CodeIgniter\CodeIgniter->handleRequest(null, Object(Config\Cache), false)
11 SYSTEMPATH\Boot.php(363): CodeIgniter\CodeIgniter->run()
12 SYSTEMPATH\Boot.php(68): CodeIgniter\Boot::runCodeIgniter(Object(CodeIgniter\CodeIgniter))
13 FCPATH\index.php(59): CodeIgniter\Boot::bootWeb(Object(Config\Paths))
14 SYSTEMPATH\rewrite.php(44): require_once('C:\\xampp\\htdocs\\kasirpos\\public\\index.php')
DEBUG - 2026-05-05 23:22:50 --> Session: Class initialized using 'CodeIgniter\Session\Handlers\FileHandler' driver.
DEBUG - 2026-05-05 16:22:52 --> Session: Class initialized using 'CodeIgniter\Session\Handlers\FileHandler' driver.
DEBUG - 2026-05-05 16:22:54 --> Session: Class initialized using 'CodeIgniter\Session\Handlers\FileHandler' driver.
DEBUG - 2026-05-05 16:22:56 --> Session: Class initialized using 'CodeIgniter\Session\Handlers\FileHandler' driver.
DEBUG - 2026-05-05 16:23:03 --> Session: Class initialized using 'CodeIgniter\Session\Handlers\FileHandler' driver.
DEBUG - 2026-05-05 16:23:09 --> Session: Class initialized using 'CodeIgniter\Session\Handlers\FileHandler' driver.
DEBUG - 2026-05-05 16:23:17 --> Session: Class initialized using 'CodeIgniter\Session\Handlers\FileHandler' driver.
DEBUG - 2026-05-05 16:25:07 --> Session: Class initialized using 'CodeIgniter\Session\Handlers\FileHandler' driver.
DEBUG - 2026-05-05 16:27:33 --> Session: Class initialized using 'CodeIgniter\Session\Handlers\FileHandler' driver.
DEBUG - 2026-05-05 16:27:36 --> Session: Class initialized using 'CodeIgniter\Session\Handlers\FileHandler' driver.
DEBUG - 2026-05-05 16:27:39 --> Session: Class initialized using 'CodeIgniter\Session\Handlers\FileHandler' driver.
DEBUG - 2026-05-05 16:27:43 --> Session: Class initialized using 'CodeIgniter\Session\Handlers\FileHandler' driver.
DEBUG - 2026-05-05 16:27:50 --> Session: Class initialized using 'CodeIgniter\Session\Handlers\FileHandler' driver.
DEBUG - 2026-05-05 16:27:54 --> Session: Class initialized using 'CodeIgniter\Session\Handlers\FileHandler' driver.
DEBUG - 2026-05-05 16:28:27 --> Session: Class initialized using 'CodeIgniter\Session\Handlers\FileHandler' driver.
