DEBUG - 2026-05-14 00:09:05 --> Session: Class initialized using 'CodeIgniter\Session\Handlers\FileHandler' driver.
DEBUG - 2026-05-14 00:09:12 --> Session: Class initialized using 'CodeIgniter\Session\Handlers\FileHandler' driver.
DEBUG - 2026-05-14 00:10:00 --> Session: Class initialized using 'CodeIgniter\Session\Handlers\FileHandler' driver.
DEBUG - 2026-05-14 00:10:00 --> Session: Class initialized using 'CodeIgniter\Session\Handlers\FileHandler' driver.
CRITICAL - 2026-05-14 00:25:28 --> Error: Class "App\Models\PengaturanModel" not found
[Method: GET, Route: admin/dashboard]
in APPPATH\Controllers\Admin.php on line 180.
 1 SYSTEMPATH\CodeIgniter.php(933): App\Controllers\Admin->index()
 2 SYSTEMPATH\CodeIgniter.php(507): CodeIgniter\CodeIgniter->runController(Object(App\Controllers\Admin))
 3 SYSTEMPATH\CodeIgniter.php(354): CodeIgniter\CodeIgniter->handleRequest(null, Object(Config\Cache), false)
 4 SYSTEMPATH\Boot.php(363): CodeIgniter\CodeIgniter->run()
 5 SYSTEMPATH\Boot.php(68): CodeIgniter\Boot::runCodeIgniter(Object(CodeIgniter\CodeIgniter))
 6 FCPATH\index.php(59): CodeIgniter\Boot::bootWeb(Object(Config\Paths))
 7 SYSTEMPATH\rewrite.php(44): require_once('C:\\xampp\\htdocs\\kasirpos\\public\\index.php')
CRITICAL - 2026-05-14 00:47:38 --> ErrorException: Undefined variable $tgl_expire
[Method: POST, Route: admin/penerimaan/simpan]
in APPPATH\Controllers\Admin.php on line 473.
 1 APPPATH\Controllers\Admin.php(473): CodeIgniter\Debug\Exceptions->errorHandler(2, 'Undefined variable $tgl_expire', 'C:\\xampp\\htdocs\\kasirpos\\app\\Controllers\\Admin.php', 473)
 2 SYSTEMPATH\CodeIgniter.php(933): App\Controllers\Admin->simpanPenerimaan()
 3 SYSTEMPATH\CodeIgniter.php(507): CodeIgniter\CodeIgniter->runController(Object(App\Controllers\Admin))
 4 SYSTEMPATH\CodeIgniter.php(354): CodeIgniter\CodeIgniter->handleRequest(null, Object(Config\Cache), false)
 5 SYSTEMPATH\Boot.php(363): CodeIgniter\CodeIgniter->run()
 6 SYSTEMPATH\Boot.php(68): CodeIgniter\Boot::runCodeIgniter(Object(CodeIgniter\CodeIgniter))
 7 FCPATH\index.php(59): CodeIgniter\Boot::bootWeb(Object(Config\Paths))
 8 SYSTEMPATH\rewrite.php(44): require_once('C:\\xampp\\htdocs\\kasirpos\\public\\index.php')
CRITICAL - 2026-05-14 00:47:47 --> ErrorException: Undefined variable $tgl_expire
[Method: POST, Route: admin/penerimaan/simpan]
in APPPATH\Controllers\Admin.php on line 473.
 1 APPPATH\Controllers\Admin.php(473): CodeIgniter\Debug\Exceptions->errorHandler(2, 'Undefined variable $tgl_expire', 'C:\\xampp\\htdocs\\kasirpos\\app\\Controllers\\Admin.php', 473)
 2 SYSTEMPATH\CodeIgniter.php(933): App\Controllers\Admin->simpanPenerimaan()
 3 SYSTEMPATH\CodeIgniter.php(507): CodeIgniter\CodeIgniter->runController(Object(App\Controllers\Admin))
 4 SYSTEMPATH\CodeIgniter.php(354): CodeIgniter\CodeIgniter->handleRequest(null, Object(Config\Cache), false)
 5 SYSTEMPATH\Boot.php(363): CodeIgniter\CodeIgniter->run()
 6 SYSTEMPATH\Boot.php(68): CodeIgniter\Boot::runCodeIgniter(Object(CodeIgniter\CodeIgniter))
 7 FCPATH\index.php(59): CodeIgniter\Boot::bootWeb(Object(Config\Paths))
 8 SYSTEMPATH\rewrite.php(44): require_once('C:\\xampp\\htdocs\\kasirpos\\public\\index.php')
CRITICAL - 2026-05-14 00:48:24 --> ErrorException: Undefined variable $tgl_expire
[Method: POST, Route: admin/penerimaan/simpan]
in APPPATH\Controllers\Admin.php on line 473.
 1 APPPATH\Controllers\Admin.php(473): CodeIgniter\Debug\Exceptions->errorHandler(2, 'Undefined variable $tgl_expire', 'C:\\xampp\\htdocs\\kasirpos\\app\\Controllers\\Admin.php', 473)
 2 SYSTEMPATH\CodeIgniter.php(933): App\Controllers\Admin->simpanPenerimaan()
 3 SYSTEMPATH\CodeIgniter.php(507): CodeIgniter\CodeIgniter->runController(Object(App\Controllers\Admin))
 4 SYSTEMPATH\CodeIgniter.php(354): CodeIgniter\CodeIgniter->handleRequest(null, Object(Config\Cache), false)
 5 SYSTEMPATH\Boot.php(363): CodeIgniter\CodeIgniter->run()
 6 SYSTEMPATH\Boot.php(68): CodeIgniter\Boot::runCodeIgniter(Object(CodeIgniter\CodeIgniter))
 7 FCPATH\index.php(59): CodeIgniter\Boot::bootWeb(Object(Config\Paths))
 8 SYSTEMPATH\rewrite.php(44): require_once('C:\\xampp\\htdocs\\kasirpos\\public\\index.php')
CRITICAL - 2026-05-14 00:48:28 --> ErrorException: Undefined variable $tgl_expire
[Method: POST, Route: admin/penerimaan/simpan]
in APPPATH\Controllers\Admin.php on line 473.
 1 APPPATH\Controllers\Admin.php(473): CodeIgniter\Debug\Exceptions->errorHandler(2, 'Undefined variable $tgl_expire', 'C:\\xampp\\htdocs\\kasirpos\\app\\Controllers\\Admin.php', 473)
 2 SYSTEMPATH\CodeIgniter.php(933): App\Controllers\Admin->simpanPenerimaan()
 3 SYSTEMPATH\CodeIgniter.php(507): CodeIgniter\CodeIgniter->runController(Object(App\Controllers\Admin))
 4 SYSTEMPATH\CodeIgniter.php(354): CodeIgniter\CodeIgniter->handleRequest(null, Object(Config\Cache), false)
 5 SYSTEMPATH\Boot.php(363): CodeIgniter\CodeIgniter->run()
 6 SYSTEMPATH\Boot.php(68): CodeIgniter\Boot::runCodeIgniter(Object(CodeIgniter\CodeIgniter))
 7 FCPATH\index.php(59): CodeIgniter\Boot::bootWeb(Object(Config\Paths))
 8 SYSTEMPATH\rewrite.php(44): require_once('C:\\xampp\\htdocs\\kasirpos\\public\\index.php')
CRITICAL - 2026-05-14 00:48:39 --> ErrorException: Undefined variable $tgl_expired
[Method: POST, Route: admin/penerimaan/simpan]
in APPPATH\Controllers\Admin.php on line 473.
 1 APPPATH\Controllers\Admin.php(473): CodeIgniter\Debug\Exceptions->errorHandler(2, 'Undefined variable $tgl_expired', 'C:\\xampp\\htdocs\\kasirpos\\app\\Controllers\\Admin.php', 473)
 2 SYSTEMPATH\CodeIgniter.php(933): App\Controllers\Admin->simpanPenerimaan()
 3 SYSTEMPATH\CodeIgniter.php(507): CodeIgniter\CodeIgniter->runController(Object(App\Controllers\Admin))
 4 SYSTEMPATH\CodeIgniter.php(354): CodeIgniter\CodeIgniter->handleRequest(null, Object(Config\Cache), false)
 5 SYSTEMPATH\Boot.php(363): CodeIgniter\CodeIgniter->run()
 6 SYSTEMPATH\Boot.php(68): CodeIgniter\Boot::runCodeIgniter(Object(CodeIgniter\CodeIgniter))
 7 FCPATH\index.php(59): CodeIgniter\Boot::bootWeb(Object(Config\Paths))
 8 SYSTEMPATH\rewrite.php(44): require_once('C:\\xampp\\htdocs\\kasirpos\\public\\index.php')
CRITICAL - 2026-05-14 00:49:17 --> ErrorException: Undefined variable $tgl_expired
[Method: POST, Route: admin/penerimaan/simpan]
in APPPATH\Controllers\Admin.php on line 473.
 1 APPPATH\Controllers\Admin.php(473): CodeIgniter\Debug\Exceptions->errorHandler(2, 'Undefined variable $tgl_expired', 'C:\\xampp\\htdocs\\kasirpos\\app\\Controllers\\Admin.php', 473)
 2 SYSTEMPATH\CodeIgniter.php(933): App\Controllers\Admin->simpanPenerimaan()
 3 SYSTEMPATH\CodeIgniter.php(507): CodeIgniter\CodeIgniter->runController(Object(App\Controllers\Admin))
 4 SYSTEMPATH\CodeIgniter.php(354): CodeIgniter\CodeIgniter->handleRequest(null, Object(Config\Cache), false)
 5 SYSTEMPATH\Boot.php(363): CodeIgniter\CodeIgniter->run()
 6 SYSTEMPATH\Boot.php(68): CodeIgniter\Boot::runCodeIgniter(Object(CodeIgniter\CodeIgniter))
 7 FCPATH\index.php(59): CodeIgniter\Boot::bootWeb(Object(Config\Paths))
 8 SYSTEMPATH\rewrite.php(44): require_once('C:\\xampp\\htdocs\\kasirpos\\public\\index.php')
CRITICAL - 2026-05-14 00:51:10 --> ErrorException: Undefined variable $tgl_expired
[Method: POST, Route: admin/penerimaan/simpan]
in APPPATH\Controllers\Admin.php on line 484.
 1 APPPATH\Controllers\Admin.php(484): CodeIgniter\Debug\Exceptions->errorHandler(2, 'Undefined variable $tgl_expired', 'C:\\xampp\\htdocs\\kasirpos\\app\\Controllers\\Admin.php', 484)
 2 SYSTEMPATH\CodeIgniter.php(933): App\Controllers\Admin->simpanPenerimaan()
 3 SYSTEMPATH\CodeIgniter.php(507): CodeIgniter\CodeIgniter->runController(Object(App\Controllers\Admin))
 4 SYSTEMPATH\CodeIgniter.php(354): CodeIgniter\CodeIgniter->handleRequest(null, Object(Config\Cache), false)
 5 SYSTEMPATH\Boot.php(363): CodeIgniter\CodeIgniter->run()
 6 SYSTEMPATH\Boot.php(68): CodeIgniter\Boot::runCodeIgniter(Object(CodeIgniter\CodeIgniter))
 7 FCPATH\index.php(59): CodeIgniter\Boot::bootWeb(Object(Config\Paths))
 8 SYSTEMPATH\rewrite.php(44): require_once('C:\\xampp\\htdocs\\kasirpos\\public\\index.php')
ERROR - 2026-05-14 00:53:36 --> mysqli_sql_exception: Unknown column 'pd.tgl_expire' in 'field list' in C:\xampp\htdocs\kasirpos\system\Database\MySQLi\Connection.php:327
Stack trace:
#0 C:\xampp\htdocs\kasirpos\system\Database\MySQLi\Connection.php(327): mysqli->query('SELECT `p`.`nam...', 0)
#1 C:\xampp\htdocs\kasirpos\system\Database\BaseConnection.php(729): CodeIgniter\Database\MySQLi\Connection->execute('SELECT `p`.`nam...')
#2 C:\xampp\htdocs\kasirpos\system\Database\BaseConnection.php(646): CodeIgniter\Database\BaseConnection->simpleQuery('SELECT `p`.`nam...')
#3 C:\xampp\htdocs\kasirpos\system\Database\BaseBuilder.php(1649): CodeIgniter\Database\BaseConnection->query('SELECT `p`.`nam...', Array, false)
#4 C:\xampp\htdocs\kasirpos\app\Controllers\Admin.php(205): CodeIgniter\Database\BaseBuilder->get()
#5 C:\xampp\htdocs\kasirpos\system\CodeIgniter.php(933): App\Controllers\Admin->index()
#6 C:\xampp\htdocs\kasirpos\system\CodeIgniter.php(507): CodeIgniter\CodeIgniter->runController(Object(App\Controllers\Admin))
#7 C:\xampp\htdocs\kasirpos\system\CodeIgniter.php(354): CodeIgniter\CodeIgniter->handleRequest(NULL, Object(Config\Cache), false)
#8 C:\xampp\htdocs\kasirpos\system\Boot.php(363): CodeIgniter\CodeIgniter->run()
#9 C:\xampp\htdocs\kasirpos\system\Boot.php(68): CodeIgniter\Boot::runCodeIgniter(Object(CodeIgniter\CodeIgniter))
#10 C:\xampp\htdocs\kasirpos\public\index.php(59): CodeIgniter\Boot::bootWeb(Object(Config\Paths))
#11 C:\xampp\htdocs\kasirpos\system\rewrite.php(44): require_once('C:\\xampp\\htdocs...')
#12 {main}
CRITICAL - 2026-05-14 00:53:36 --> CodeIgniter\Database\Exceptions\DatabaseException: Unknown column 'pd.tgl_expire' in 'field list'
[Method: GET, Route: admin/dashboard]
in SYSTEMPATH\Database\BaseConnection.php on line 684.
 1 SYSTEMPATH\Database\BaseBuilder.php(1649): CodeIgniter\Database\BaseConnection->query('SELECT `p`.`nama_produk`, `pd`.`tgl_expire`, `pd`.`jumlah_masuk`
FROM `penerimaan_detail` `pd`
JOIN `produk` `p` ON `p`.`produk_id` = `pd`.`produk_id`
WHERE `pd`.`tgl_expired` <= :pd.tgl_expired:
AND `pd`.`tgl_expired` >= :pd.tgl_expired.1:
ORDER BY `pd`.`tgl_expired` ASC
 LIMIT 5', [...], false)
 2 APPPATH\Controllers\Admin.php(205): CodeIgniter\Database\BaseBuilder->get()
 3 SYSTEMPATH\CodeIgniter.php(933): App\Controllers\Admin->index()
 4 SYSTEMPATH\CodeIgniter.php(507): CodeIgniter\CodeIgniter->runController(Object(App\Controllers\Admin))
 5 SYSTEMPATH\CodeIgniter.php(354): CodeIgniter\CodeIgniter->handleRequest(null, Object(Config\Cache), false)
 6 SYSTEMPATH\Boot.php(363): CodeIgniter\CodeIgniter->run()
 7 SYSTEMPATH\Boot.php(68): CodeIgniter\Boot::runCodeIgniter(Object(CodeIgniter\CodeIgniter))
 8 FCPATH\index.php(59): CodeIgniter\Boot::bootWeb(Object(Config\Paths))
 9 SYSTEMPATH\rewrite.php(44): require_once('C:\\xampp\\htdocs\\kasirpos\\public\\index.php')
CRITICAL - 2026-05-14 00:53:36 --> [Caused by] CodeIgniter\Database\Exceptions\DatabaseException: Unknown column 'pd.tgl_expire' in 'field list'
in SYSTEMPATH\Database\MySQLi\Connection.php on line 332.
 1 SYSTEMPATH\Database\BaseConnection.php(729): CodeIgniter\Database\MySQLi\Connection->execute('SELECT `p`.`nama_produk`, `pd`.`tgl_expire`, `pd`.`jumlah_masuk`
FROM `penerimaan_detail` `pd`
JOIN `produk` `p` ON `p`.`produk_id` = `pd`.`produk_id`
WHERE `pd`.`tgl_expired` <= \'2026-05-24\'
AND `pd`.`tgl_expired` >= \'2026-05-14\'
ORDER BY `pd`.`tgl_expired` ASC
 LIMIT 5')
 2 SYSTEMPATH\Database\BaseConnection.php(646): CodeIgniter\Database\BaseConnection->simpleQuery('SELECT `p`.`nama_produk`, `pd`.`tgl_expire`, `pd`.`jumlah_masuk`
FROM `penerimaan_detail` `pd`
JOIN `produk` `p` ON `p`.`produk_id` = `pd`.`produk_id`
WHERE `pd`.`tgl_expired` <= \'2026-05-24\'
AND `pd`.`tgl_expired` >= \'2026-05-14\'
ORDER BY `pd`.`tgl_expired` ASC
 LIMIT 5')
 3 SYSTEMPATH\Database\BaseBuilder.php(1649): CodeIgniter\Database\BaseConnection->query('SELECT `p`.`nama_produk`, `pd`.`tgl_expire`, `pd`.`jumlah_masuk`
FROM `penerimaan_detail` `pd`
JOIN `produk` `p` ON `p`.`produk_id` = `pd`.`produk_id`
WHERE `pd`.`tgl_expired` <= :pd.tgl_expired:
AND `pd`.`tgl_expired` >= :pd.tgl_expired.1:
ORDER BY `pd`.`tgl_expired` ASC
 LIMIT 5', [...], false)
 4 APPPATH\Controllers\Admin.php(205): CodeIgniter\Database\BaseBuilder->get()
 5 SYSTEMPATH\CodeIgniter.php(933): App\Controllers\Admin->index()
 6 SYSTEMPATH\CodeIgniter.php(507): CodeIgniter\CodeIgniter->runController(Object(App\Controllers\Admin))
 7 SYSTEMPATH\CodeIgniter.php(354): CodeIgniter\CodeIgniter->handleRequest(null, Object(Config\Cache), false)
 8 SYSTEMPATH\Boot.php(363): CodeIgniter\CodeIgniter->run()
 9 SYSTEMPATH\Boot.php(68): CodeIgniter\Boot::runCodeIgniter(Object(CodeIgniter\CodeIgniter))
10 FCPATH\index.php(59): CodeIgniter\Boot::bootWeb(Object(Config\Paths))
11 SYSTEMPATH\rewrite.php(44): require_once('C:\\xampp\\htdocs\\kasirpos\\public\\index.php')
CRITICAL - 2026-05-14 00:53:36 --> [Caused by] mysqli_sql_exception: Unknown column 'pd.tgl_expire' in 'field list'
in SYSTEMPATH\Database\MySQLi\Connection.php on line 327.
 1 SYSTEMPATH\Database\MySQLi\Connection.php(327): mysqli->query('SELECT `p`.`nama_produk`, `pd`.`tgl_expire`, `pd`.`jumlah_masuk`
FROM `penerimaan_detail` `pd`
JOIN `produk` `p` ON `p`.`produk_id` = `pd`.`produk_id`
WHERE `pd`.`tgl_expired` <= \'2026-05-24\'
AND `pd`.`tgl_expired` >= \'2026-05-14\'
ORDER BY `pd`.`tgl_expired` ASC
 LIMIT 5', 0)
 2 SYSTEMPATH\Database\BaseConnection.php(729): CodeIgniter\Database\MySQLi\Connection->execute('SELECT `p`.`nama_produk`, `pd`.`tgl_expire`, `pd`.`jumlah_masuk`
FROM `penerimaan_detail` `pd`
JOIN `produk` `p` ON `p`.`produk_id` = `pd`.`produk_id`
WHERE `pd`.`tgl_expired` <= \'2026-05-24\'
AND `pd`.`tgl_expired` >= \'2026-05-14\'
ORDER BY `pd`.`tgl_expired` ASC
 LIMIT 5')
 3 SYSTEMPATH\Database\BaseConnection.php(646): CodeIgniter\Database\BaseConnection->simpleQuery('SELECT `p`.`nama_produk`, `pd`.`tgl_expire`, `pd`.`jumlah_masuk`
FROM `penerimaan_detail` `pd`
JOIN `produk` `p` ON `p`.`produk_id` = `pd`.`produk_id`
WHERE `pd`.`tgl_expired` <= \'2026-05-24\'
AND `pd`.`tgl_expired` >= \'2026-05-14\'
ORDER BY `pd`.`tgl_expired` ASC
 LIMIT 5')
 4 SYSTEMPATH\Database\BaseBuilder.php(1649): CodeIgniter\Database\BaseConnection->query('SELECT `p`.`nama_produk`, `pd`.`tgl_expire`, `pd`.`jumlah_masuk`
FROM `penerimaan_detail` `pd`
JOIN `produk` `p` ON `p`.`produk_id` = `pd`.`produk_id`
WHERE `pd`.`tgl_expired` <= :pd.tgl_expired:
AND `pd`.`tgl_expired` >= :pd.tgl_expired.1:
ORDER BY `pd`.`tgl_expired` ASC
 LIMIT 5', [...], false)
 5 APPPATH\Controllers\Admin.php(205): CodeIgniter\Database\BaseBuilder->get()
 6 SYSTEMPATH\CodeIgniter.php(933): App\Controllers\Admin->index()
 7 SYSTEMPATH\CodeIgniter.php(507): CodeIgniter\CodeIgniter->runController(Object(App\Controllers\Admin))
 8 SYSTEMPATH\CodeIgniter.php(354): CodeIgniter\CodeIgniter->handleRequest(null, Object(Config\Cache), false)
 9 SYSTEMPATH\Boot.php(363): CodeIgniter\CodeIgniter->run()
10 SYSTEMPATH\Boot.php(68): CodeIgniter\Boot::runCodeIgniter(Object(CodeIgniter\CodeIgniter))
11 FCPATH\index.php(59): CodeIgniter\Boot::bootWeb(Object(Config\Paths))
12 SYSTEMPATH\rewrite.php(44): require_once('C:\\xampp\\htdocs\\kasirpos\\public\\index.php')
ERROR - 2026-05-14 00:53:40 --> mysqli_sql_exception: Unknown column 'pd.tgl_expire' in 'field list' in C:\xampp\htdocs\kasirpos\system\Database\MySQLi\Connection.php:327
Stack trace:
#0 C:\xampp\htdocs\kasirpos\system\Database\MySQLi\Connection.php(327): mysqli->query('SELECT `p`.`nam...', 0)
#1 C:\xampp\htdocs\kasirpos\system\Database\BaseConnection.php(729): CodeIgniter\Database\MySQLi\Connection->execute('SELECT `p`.`nam...')
#2 C:\xampp\htdocs\kasirpos\system\Database\BaseConnection.php(646): CodeIgniter\Database\BaseConnection->simpleQuery('SELECT `p`.`nam...')
#3 C:\xampp\htdocs\kasirpos\system\Database\BaseBuilder.php(1649): CodeIgniter\Database\BaseConnection->query('SELECT `p`.`nam...', Array, false)
#4 C:\xampp\htdocs\kasirpos\app\Controllers\Admin.php(205): CodeIgniter\Database\BaseBuilder->get()
#5 C:\xampp\htdocs\kasirpos\system\CodeIgniter.php(933): App\Controllers\Admin->index()
#6 C:\xampp\htdocs\kasirpos\system\CodeIgniter.php(507): CodeIgniter\CodeIgniter->runController(Object(App\Controllers\Admin))
#7 C:\xampp\htdocs\kasirpos\system\CodeIgniter.php(354): CodeIgniter\CodeIgniter->handleRequest(NULL, Object(Config\Cache), false)
#8 C:\xampp\htdocs\kasirpos\system\Boot.php(363): CodeIgniter\CodeIgniter->run()
#9 C:\xampp\htdocs\kasirpos\system\Boot.php(68): CodeIgniter\Boot::runCodeIgniter(Object(CodeIgniter\CodeIgniter))
#10 C:\xampp\htdocs\kasirpos\public\index.php(59): CodeIgniter\Boot::bootWeb(Object(Config\Paths))
#11 C:\xampp\htdocs\kasirpos\system\rewrite.php(44): require_once('C:\\xampp\\htdocs...')
#12 {main}
CRITICAL - 2026-05-14 00:53:40 --> CodeIgniter\Database\Exceptions\DatabaseException: Unknown column 'pd.tgl_expire' in 'field list'
[Method: GET, Route: admin/dashboard]
in SYSTEMPATH\Database\BaseConnection.php on line 684.
 1 SYSTEMPATH\Database\BaseBuilder.php(1649): CodeIgniter\Database\BaseConnection->query('SELECT `p`.`nama_produk`, `pd`.`tgl_expire`, `pd`.`jumlah_masuk`
FROM `penerimaan_detail` `pd`
JOIN `produk` `p` ON `p`.`produk_id` = `pd`.`produk_id`
WHERE `pd`.`tgl_expired` <= :pd.tgl_expired:
AND `pd`.`tgl_expired` >= :pd.tgl_expired.1:
ORDER BY `pd`.`tgl_expired` ASC
 LIMIT 5', [...], false)
 2 APPPATH\Controllers\Admin.php(205): CodeIgniter\Database\BaseBuilder->get()
 3 SYSTEMPATH\CodeIgniter.php(933): App\Controllers\Admin->index()
 4 SYSTEMPATH\CodeIgniter.php(507): CodeIgniter\CodeIgniter->runController(Object(App\Controllers\Admin))
 5 SYSTEMPATH\CodeIgniter.php(354): CodeIgniter\CodeIgniter->handleRequest(null, Object(Config\Cache), false)
 6 SYSTEMPATH\Boot.php(363): CodeIgniter\CodeIgniter->run()
 7 SYSTEMPATH\Boot.php(68): CodeIgniter\Boot::runCodeIgniter(Object(CodeIgniter\CodeIgniter))
 8 FCPATH\index.php(59): CodeIgniter\Boot::bootWeb(Object(Config\Paths))
 9 SYSTEMPATH\rewrite.php(44): require_once('C:\\xampp\\htdocs\\kasirpos\\public\\index.php')
CRITICAL - 2026-05-14 00:53:40 --> [Caused by] CodeIgniter\Database\Exceptions\DatabaseException: Unknown column 'pd.tgl_expire' in 'field list'
in SYSTEMPATH\Database\MySQLi\Connection.php on line 332.
 1 SYSTEMPATH\Database\BaseConnection.php(729): CodeIgniter\Database\MySQLi\Connection->execute('SELECT `p`.`nama_produk`, `pd`.`tgl_expire`, `pd`.`jumlah_masuk`
FROM `penerimaan_detail` `pd`
JOIN `produk` `p` ON `p`.`produk_id` = `pd`.`produk_id`
WHERE `pd`.`tgl_expired` <= \'2026-05-24\'
AND `pd`.`tgl_expired` >= \'2026-05-14\'
ORDER BY `pd`.`tgl_expired` ASC
 LIMIT 5')
 2 SYSTEMPATH\Database\BaseConnection.php(646): CodeIgniter\Database\BaseConnection->simpleQuery('SELECT `p`.`nama_produk`, `pd`.`tgl_expire`, `pd`.`jumlah_masuk`
FROM `penerimaan_detail` `pd`
JOIN `produk` `p` ON `p`.`produk_id` = `pd`.`produk_id`
WHERE `pd`.`tgl_expired` <= \'2026-05-24\'
AND `pd`.`tgl_expired` >= \'2026-05-14\'
ORDER BY `pd`.`tgl_expired` ASC
 LIMIT 5')
 3 SYSTEMPATH\Database\BaseBuilder.php(1649): CodeIgniter\Database\BaseConnection->query('SELECT `p`.`nama_produk`, `pd`.`tgl_expire`, `pd`.`jumlah_masuk`
FROM `penerimaan_detail` `pd`
JOIN `produk` `p` ON `p`.`produk_id` = `pd`.`produk_id`
WHERE `pd`.`tgl_expired` <= :pd.tgl_expired:
AND `pd`.`tgl_expired` >= :pd.tgl_expired.1:
ORDER BY `pd`.`tgl_expired` ASC
 LIMIT 5', [...], false)
 4 APPPATH\Controllers\Admin.php(205): CodeIgniter\Database\BaseBuilder->get()
 5 SYSTEMPATH\CodeIgniter.php(933): App\Controllers\Admin->index()
 6 SYSTEMPATH\CodeIgniter.php(507): CodeIgniter\CodeIgniter->runController(Object(App\Controllers\Admin))
 7 SYSTEMPATH\CodeIgniter.php(354): CodeIgniter\CodeIgniter->handleRequest(null, Object(Config\Cache), false)
 8 SYSTEMPATH\Boot.php(363): CodeIgniter\CodeIgniter->run()
 9 SYSTEMPATH\Boot.php(68): CodeIgniter\Boot::runCodeIgniter(Object(CodeIgniter\CodeIgniter))
10 FCPATH\index.php(59): CodeIgniter\Boot::bootWeb(Object(Config\Paths))
11 SYSTEMPATH\rewrite.php(44): require_once('C:\\xampp\\htdocs\\kasirpos\\public\\index.php')
CRITICAL - 2026-05-14 00:53:40 --> [Caused by] mysqli_sql_exception: Unknown column 'pd.tgl_expire' in 'field list'
in SYSTEMPATH\Database\MySQLi\Connection.php on line 327.
 1 SYSTEMPATH\Database\MySQLi\Connection.php(327): mysqli->query('SELECT `p`.`nama_produk`, `pd`.`tgl_expire`, `pd`.`jumlah_masuk`
FROM `penerimaan_detail` `pd`
JOIN `produk` `p` ON `p`.`produk_id` = `pd`.`produk_id`
WHERE `pd`.`tgl_expired` <= \'2026-05-24\'
AND `pd`.`tgl_expired` >= \'2026-05-14\'
ORDER BY `pd`.`tgl_expired` ASC
 LIMIT 5', 0)
 2 SYSTEMPATH\Database\BaseConnection.php(729): CodeIgniter\Database\MySQLi\Connection->execute('SELECT `p`.`nama_produk`, `pd`.`tgl_expire`, `pd`.`jumlah_masuk`
FROM `penerimaan_detail` `pd`
JOIN `produk` `p` ON `p`.`produk_id` = `pd`.`produk_id`
WHERE `pd`.`tgl_expired` <= \'2026-05-24\'
AND `pd`.`tgl_expired` >= \'2026-05-14\'
ORDER BY `pd`.`tgl_expired` ASC
 LIMIT 5')
 3 SYSTEMPATH\Database\BaseConnection.php(646): CodeIgniter\Database\BaseConnection->simpleQuery('SELECT `p`.`nama_produk`, `pd`.`tgl_expire`, `pd`.`jumlah_masuk`
FROM `penerimaan_detail` `pd`
JOIN `produk` `p` ON `p`.`produk_id` = `pd`.`produk_id`
WHERE `pd`.`tgl_expired` <= \'2026-05-24\'
AND `pd`.`tgl_expired` >= \'2026-05-14\'
ORDER BY `pd`.`tgl_expired` ASC
 LIMIT 5')
 4 SYSTEMPATH\Database\BaseBuilder.php(1649): CodeIgniter\Database\BaseConnection->query('SELECT `p`.`nama_produk`, `pd`.`tgl_expire`, `pd`.`jumlah_masuk`
FROM `penerimaan_detail` `pd`
JOIN `produk` `p` ON `p`.`produk_id` = `pd`.`produk_id`
WHERE `pd`.`tgl_expired` <= :pd.tgl_expired:
AND `pd`.`tgl_expired` >= :pd.tgl_expired.1:
ORDER BY `pd`.`tgl_expired` ASC
 LIMIT 5', [...], false)
 5 APPPATH\Controllers\Admin.php(205): CodeIgniter\Database\BaseBuilder->get()
 6 SYSTEMPATH\CodeIgniter.php(933): App\Controllers\Admin->index()
 7 SYSTEMPATH\CodeIgniter.php(507): CodeIgniter\CodeIgniter->runController(Object(App\Controllers\Admin))
 8 SYSTEMPATH\CodeIgniter.php(354): CodeIgniter\CodeIgniter->handleRequest(null, Object(Config\Cache), false)
 9 SYSTEMPATH\Boot.php(363): CodeIgniter\CodeIgniter->run()
10 SYSTEMPATH\Boot.php(68): CodeIgniter\Boot::runCodeIgniter(Object(CodeIgniter\CodeIgniter))
11 FCPATH\index.php(59): CodeIgniter\Boot::bootWeb(Object(Config\Paths))
12 SYSTEMPATH\rewrite.php(44): require_once('C:\\xampp\\htdocs\\kasirpos\\public\\index.php')
ERROR - 2026-05-14 00:53:43 --> mysqli_sql_exception: Unknown column 'pd.tgl_expire' in 'field list' in C:\xampp\htdocs\kasirpos\system\Database\MySQLi\Connection.php:327
Stack trace:
#0 C:\xampp\htdocs\kasirpos\system\Database\MySQLi\Connection.php(327): mysqli->query('SELECT `p`.`nam...', 0)
#1 C:\xampp\htdocs\kasirpos\system\Database\BaseConnection.php(729): CodeIgniter\Database\MySQLi\Connection->execute('SELECT `p`.`nam...')
#2 C:\xampp\htdocs\kasirpos\system\Database\BaseConnection.php(646): CodeIgniter\Database\BaseConnection->simpleQuery('SELECT `p`.`nam...')
#3 C:\xampp\htdocs\kasirpos\system\Database\BaseBuilder.php(1649): CodeIgniter\Database\BaseConnection->query('SELECT `p`.`nam...', Array, false)
#4 C:\xampp\htdocs\kasirpos\app\Controllers\Admin.php(205): CodeIgniter\Database\BaseBuilder->get()
#5 C:\xampp\htdocs\kasirpos\system\CodeIgniter.php(933): App\Controllers\Admin->index()
#6 C:\xampp\htdocs\kasirpos\system\CodeIgniter.php(507): CodeIgniter\CodeIgniter->runController(Object(App\Controllers\Admin))
#7 C:\xampp\htdocs\kasirpos\system\CodeIgniter.php(354): CodeIgniter\CodeIgniter->handleRequest(NULL, Object(Config\Cache), false)
#8 C:\xampp\htdocs\kasirpos\system\Boot.php(363): CodeIgniter\CodeIgniter->run()
#9 C:\xampp\htdocs\kasirpos\system\Boot.php(68): CodeIgniter\Boot::runCodeIgniter(Object(CodeIgniter\CodeIgniter))
#10 C:\xampp\htdocs\kasirpos\public\index.php(59): CodeIgniter\Boot::bootWeb(Object(Config\Paths))
#11 C:\xampp\htdocs\kasirpos\system\rewrite.php(44): require_once('C:\\xampp\\htdocs...')
#12 {main}
CRITICAL - 2026-05-14 00:53:43 --> CodeIgniter\Database\Exceptions\DatabaseException: Unknown column 'pd.tgl_expire' in 'field list'
[Method: GET, Route: admin/dashboard]
in SYSTEMPATH\Database\BaseConnection.php on line 684.
 1 SYSTEMPATH\Database\BaseBuilder.php(1649): CodeIgniter\Database\BaseConnection->query('SELECT `p`.`nama_produk`, `pd`.`tgl_expire`, `pd`.`jumlah_masuk`
FROM `penerimaan_detail` `pd`
JOIN `produk` `p` ON `p`.`produk_id` = `pd`.`produk_id`
WHERE `pd`.`tgl_expired` <= :pd.tgl_expired:
AND `pd`.`tgl_expired` >= :pd.tgl_expired.1:
ORDER BY `pd`.`tgl_expired` ASC
 LIMIT 5', [...], false)
 2 APPPATH\Controllers\Admin.php(205): CodeIgniter\Database\BaseBuilder->get()
 3 SYSTEMPATH\CodeIgniter.php(933): App\Controllers\Admin->index()
 4 SYSTEMPATH\CodeIgniter.php(507): CodeIgniter\CodeIgniter->runController(Object(App\Controllers\Admin))
 5 SYSTEMPATH\CodeIgniter.php(354): CodeIgniter\CodeIgniter->handleRequest(null, Object(Config\Cache), false)
 6 SYSTEMPATH\Boot.php(363): CodeIgniter\CodeIgniter->run()
 7 SYSTEMPATH\Boot.php(68): CodeIgniter\Boot::runCodeIgniter(Object(CodeIgniter\CodeIgniter))
 8 FCPATH\index.php(59): CodeIgniter\Boot::bootWeb(Object(Config\Paths))
 9 SYSTEMPATH\rewrite.php(44): require_once('C:\\xampp\\htdocs\\kasirpos\\public\\index.php')
CRITICAL - 2026-05-14 00:53:43 --> [Caused by] CodeIgniter\Database\Exceptions\DatabaseException: Unknown column 'pd.tgl_expire' in 'field list'
in SYSTEMPATH\Database\MySQLi\Connection.php on line 332.
 1 SYSTEMPATH\Database\BaseConnection.php(729): CodeIgniter\Database\MySQLi\Connection->execute('SELECT `p`.`nama_produk`, `pd`.`tgl_expire`, `pd`.`jumlah_masuk`
FROM `penerimaan_detail` `pd`
JOIN `produk` `p` ON `p`.`produk_id` = `pd`.`produk_id`
WHERE `pd`.`tgl_expired` <= \'2026-05-24\'
AND `pd`.`tgl_expired` >= \'2026-05-14\'
ORDER BY `pd`.`tgl_expired` ASC
 LIMIT 5')
 2 SYSTEMPATH\Database\BaseConnection.php(646): CodeIgniter\Database\BaseConnection->simpleQuery('SELECT `p`.`nama_produk`, `pd`.`tgl_expire`, `pd`.`jumlah_masuk`
FROM `penerimaan_detail` `pd`
JOIN `produk` `p` ON `p`.`produk_id` = `pd`.`produk_id`
WHERE `pd`.`tgl_expired` <= \'2026-05-24\'
AND `pd`.`tgl_expired` >= \'2026-05-14\'
ORDER BY `pd`.`tgl_expired` ASC
 LIMIT 5')
 3 SYSTEMPATH\Database\BaseBuilder.php(1649): CodeIgniter\Database\BaseConnection->query('SELECT `p`.`nama_produk`, `pd`.`tgl_expire`, `pd`.`jumlah_masuk`
FROM `penerimaan_detail` `pd`
JOIN `produk` `p` ON `p`.`produk_id` = `pd`.`produk_id`
WHERE `pd`.`tgl_expired` <= :pd.tgl_expired:
AND `pd`.`tgl_expired` >= :pd.tgl_expired.1:
ORDER BY `pd`.`tgl_expired` ASC
 LIMIT 5', [...], false)
 4 APPPATH\Controllers\Admin.php(205): CodeIgniter\Database\BaseBuilder->get()
 5 SYSTEMPATH\CodeIgniter.php(933): App\Controllers\Admin->index()
 6 SYSTEMPATH\CodeIgniter.php(507): CodeIgniter\CodeIgniter->runController(Object(App\Controllers\Admin))
 7 SYSTEMPATH\CodeIgniter.php(354): CodeIgniter\CodeIgniter->handleRequest(null, Object(Config\Cache), false)
 8 SYSTEMPATH\Boot.php(363): CodeIgniter\CodeIgniter->run()
 9 SYSTEMPATH\Boot.php(68): CodeIgniter\Boot::runCodeIgniter(Object(CodeIgniter\CodeIgniter))
10 FCPATH\index.php(59): CodeIgniter\Boot::bootWeb(Object(Config\Paths))
11 SYSTEMPATH\rewrite.php(44): require_once('C:\\xampp\\htdocs\\kasirpos\\public\\index.php')
CRITICAL - 2026-05-14 00:53:43 --> [Caused by] mysqli_sql_exception: Unknown column 'pd.tgl_expire' in 'field list'
in SYSTEMPATH\Database\MySQLi\Connection.php on line 327.
 1 SYSTEMPATH\Database\MySQLi\Connection.php(327): mysqli->query('SELECT `p`.`nama_produk`, `pd`.`tgl_expire`, `pd`.`jumlah_masuk`
FROM `penerimaan_detail` `pd`
JOIN `produk` `p` ON `p`.`produk_id` = `pd`.`produk_id`
WHERE `pd`.`tgl_expired` <= \'2026-05-24\'
AND `pd`.`tgl_expired` >= \'2026-05-14\'
ORDER BY `pd`.`tgl_expired` ASC
 LIMIT 5', 0)
 2 SYSTEMPATH\Database\BaseConnection.php(729): CodeIgniter\Database\MySQLi\Connection->execute('SELECT `p`.`nama_produk`, `pd`.`tgl_expire`, `pd`.`jumlah_masuk`
FROM `penerimaan_detail` `pd`
JOIN `produk` `p` ON `p`.`produk_id` = `pd`.`produk_id`
WHERE `pd`.`tgl_expired` <= \'2026-05-24\'
AND `pd`.`tgl_expired` >= \'2026-05-14\'
ORDER BY `pd`.`tgl_expired` ASC
 LIMIT 5')
 3 SYSTEMPATH\Database\BaseConnection.php(646): CodeIgniter\Database\BaseConnection->simpleQuery('SELECT `p`.`nama_produk`, `pd`.`tgl_expire`, `pd`.`jumlah_masuk`
FROM `penerimaan_detail` `pd`
JOIN `produk` `p` ON `p`.`produk_id` = `pd`.`produk_id`
WHERE `pd`.`tgl_expired` <= \'2026-05-24\'
AND `pd`.`tgl_expired` >= \'2026-05-14\'
ORDER BY `pd`.`tgl_expired` ASC
 LIMIT 5')
 4 SYSTEMPATH\Database\BaseBuilder.php(1649): CodeIgniter\Database\BaseConnection->query('SELECT `p`.`nama_produk`, `pd`.`tgl_expire`, `pd`.`jumlah_masuk`
FROM `penerimaan_detail` `pd`
JOIN `produk` `p` ON `p`.`produk_id` = `pd`.`produk_id`
WHERE `pd`.`tgl_expired` <= :pd.tgl_expired:
AND `pd`.`tgl_expired` >= :pd.tgl_expired.1:
ORDER BY `pd`.`tgl_expired` ASC
 LIMIT 5', [...], false)
 5 APPPATH\Controllers\Admin.php(205): CodeIgniter\Database\BaseBuilder->get()
 6 SYSTEMPATH\CodeIgniter.php(933): App\Controllers\Admin->index()
 7 SYSTEMPATH\CodeIgniter.php(507): CodeIgniter\CodeIgniter->runController(Object(App\Controllers\Admin))
 8 SYSTEMPATH\CodeIgniter.php(354): CodeIgniter\CodeIgniter->handleRequest(null, Object(Config\Cache), false)
 9 SYSTEMPATH\Boot.php(363): CodeIgniter\CodeIgniter->run()
10 SYSTEMPATH\Boot.php(68): CodeIgniter\Boot::runCodeIgniter(Object(CodeIgniter\CodeIgniter))
11 FCPATH\index.php(59): CodeIgniter\Boot::bootWeb(Object(Config\Paths))
12 SYSTEMPATH\rewrite.php(44): require_once('C:\\xampp\\htdocs\\kasirpos\\public\\index.php')
ERROR - 2026-05-14 00:53:46 --> mysqli_sql_exception: Unknown column 'pd.tgl_expire' in 'field list' in C:\xampp\htdocs\kasirpos\system\Database\MySQLi\Connection.php:327
Stack trace:
#0 C:\xampp\htdocs\kasirpos\system\Database\MySQLi\Connection.php(327): mysqli->query('SELECT `p`.`nam...', 0)
#1 C:\xampp\htdocs\kasirpos\system\Database\BaseConnection.php(729): CodeIgniter\Database\MySQLi\Connection->execute('SELECT `p`.`nam...')
#2 C:\xampp\htdocs\kasirpos\system\Database\BaseConnection.php(646): CodeIgniter\Database\BaseConnection->simpleQuery('SELECT `p`.`nam...')
#3 C:\xampp\htdocs\kasirpos\system\Database\BaseBuilder.php(1649): CodeIgniter\Database\BaseConnection->query('SELECT `p`.`nam...', Array, false)
#4 C:\xampp\htdocs\kasirpos\app\Controllers\Admin.php(205): CodeIgniter\Database\BaseBuilder->get()
#5 C:\xampp\htdocs\kasirpos\system\CodeIgniter.php(933): App\Controllers\Admin->index()
#6 C:\xampp\htdocs\kasirpos\system\CodeIgniter.php(507): CodeIgniter\CodeIgniter->runController(Object(App\Controllers\Admin))
#7 C:\xampp\htdocs\kasirpos\system\CodeIgniter.php(354): CodeIgniter\CodeIgniter->handleRequest(NULL, Object(Config\Cache), false)
#8 C:\xampp\htdocs\kasirpos\system\Boot.php(363): CodeIgniter\CodeIgniter->run()
#9 C:\xampp\htdocs\kasirpos\system\Boot.php(68): CodeIgniter\Boot::runCodeIgniter(Object(CodeIgniter\CodeIgniter))
#10 C:\xampp\htdocs\kasirpos\public\index.php(59): CodeIgniter\Boot::bootWeb(Object(Config\Paths))
#11 C:\xampp\htdocs\kasirpos\system\rewrite.php(44): require_once('C:\\xampp\\htdocs...')
#12 {main}
CRITICAL - 2026-05-14 00:53:46 --> CodeIgniter\Database\Exceptions\DatabaseException: Unknown column 'pd.tgl_expire' in 'field list'
[Method: GET, Route: admin/dashboard]
in SYSTEMPATH\Database\BaseConnection.php on line 684.
 1 SYSTEMPATH\Database\BaseBuilder.php(1649): CodeIgniter\Database\BaseConnection->query('SELECT `p`.`nama_produk`, `pd`.`tgl_expire`, `pd`.`jumlah_masuk`
FROM `penerimaan_detail` `pd`
JOIN `produk` `p` ON `p`.`produk_id` = `pd`.`produk_id`
WHERE `pd`.`tgl_expired` <= :pd.tgl_expired:
AND `pd`.`tgl_expired` >= :pd.tgl_expired.1:
ORDER BY `pd`.`tgl_expired` ASC
 LIMIT 5', [...], false)
 2 APPPATH\Controllers\Admin.php(205): CodeIgniter\Database\BaseBuilder->get()
 3 SYSTEMPATH\CodeIgniter.php(933): App\Controllers\Admin->index()
 4 SYSTEMPATH\CodeIgniter.php(507): CodeIgniter\CodeIgniter->runController(Object(App\Controllers\Admin))
 5 SYSTEMPATH\CodeIgniter.php(354): CodeIgniter\CodeIgniter->handleRequest(null, Object(Config\Cache), false)
 6 SYSTEMPATH\Boot.php(363): CodeIgniter\CodeIgniter->run()
 7 SYSTEMPATH\Boot.php(68): CodeIgniter\Boot::runCodeIgniter(Object(CodeIgniter\CodeIgniter))
 8 FCPATH\index.php(59): CodeIgniter\Boot::bootWeb(Object(Config\Paths))
 9 SYSTEMPATH\rewrite.php(44): require_once('C:\\xampp\\htdocs\\kasirpos\\public\\index.php')
CRITICAL - 2026-05-14 00:53:46 --> [Caused by] CodeIgniter\Database\Exceptions\DatabaseException: Unknown column 'pd.tgl_expire' in 'field list'
in SYSTEMPATH\Database\MySQLi\Connection.php on line 332.
 1 SYSTEMPATH\Database\BaseConnection.php(729): CodeIgniter\Database\MySQLi\Connection->execute('SELECT `p`.`nama_produk`, `pd`.`tgl_expire`, `pd`.`jumlah_masuk`
FROM `penerimaan_detail` `pd`
JOIN `produk` `p` ON `p`.`produk_id` = `pd`.`produk_id`
WHERE `pd`.`tgl_expired` <= \'2026-05-24\'
AND `pd`.`tgl_expired` >= \'2026-05-14\'
ORDER BY `pd`.`tgl_expired` ASC
 LIMIT 5')
 2 SYSTEMPATH\Database\BaseConnection.php(646): CodeIgniter\Database\BaseConnection->simpleQuery('SELECT `p`.`nama_produk`, `pd`.`tgl_expire`, `pd`.`jumlah_masuk`
FROM `penerimaan_detail` `pd`
JOIN `produk` `p` ON `p`.`produk_id` = `pd`.`produk_id`
WHERE `pd`.`tgl_expired` <= \'2026-05-24\'
AND `pd`.`tgl_expired` >= \'2026-05-14\'
ORDER BY `pd`.`tgl_expired` ASC
 LIMIT 5')
 3 SYSTEMPATH\Database\BaseBuilder.php(1649): CodeIgniter\Database\BaseConnection->query('SELECT `p`.`nama_produk`, `pd`.`tgl_expire`, `pd`.`jumlah_masuk`
FROM `penerimaan_detail` `pd`
JOIN `produk` `p` ON `p`.`produk_id` = `pd`.`produk_id`
WHERE `pd`.`tgl_expired` <= :pd.tgl_expired:
AND `pd`.`tgl_expired` >= :pd.tgl_expired.1:
ORDER BY `pd`.`tgl_expired` ASC
 LIMIT 5', [...], false)
 4 APPPATH\Controllers\Admin.php(205): CodeIgniter\Database\BaseBuilder->get()
 5 SYSTEMPATH\CodeIgniter.php(933): App\Controllers\Admin->index()
 6 SYSTEMPATH\CodeIgniter.php(507): CodeIgniter\CodeIgniter->runController(Object(App\Controllers\Admin))
 7 SYSTEMPATH\CodeIgniter.php(354): CodeIgniter\CodeIgniter->handleRequest(null, Object(Config\Cache), false)
 8 SYSTEMPATH\Boot.php(363): CodeIgniter\CodeIgniter->run()
 9 SYSTEMPATH\Boot.php(68): CodeIgniter\Boot::runCodeIgniter(Object(CodeIgniter\CodeIgniter))
10 FCPATH\index.php(59): CodeIgniter\Boot::bootWeb(Object(Config\Paths))
11 SYSTEMPATH\rewrite.php(44): require_once('C:\\xampp\\htdocs\\kasirpos\\public\\index.php')
CRITICAL - 2026-05-14 00:53:46 --> [Caused by] mysqli_sql_exception: Unknown column 'pd.tgl_expire' in 'field list'
in SYSTEMPATH\Database\MySQLi\Connection.php on line 327.
 1 SYSTEMPATH\Database\MySQLi\Connection.php(327): mysqli->query('SELECT `p`.`nama_produk`, `pd`.`tgl_expire`, `pd`.`jumlah_masuk`
FROM `penerimaan_detail` `pd`
JOIN `produk` `p` ON `p`.`produk_id` = `pd`.`produk_id`
WHERE `pd`.`tgl_expired` <= \'2026-05-24\'
AND `pd`.`tgl_expired` >= \'2026-05-14\'
ORDER BY `pd`.`tgl_expired` ASC
 LIMIT 5', 0)
 2 SYSTEMPATH\Database\BaseConnection.php(729): CodeIgniter\Database\MySQLi\Connection->execute('SELECT `p`.`nama_produk`, `pd`.`tgl_expire`, `pd`.`jumlah_masuk`
FROM `penerimaan_detail` `pd`
JOIN `produk` `p` ON `p`.`produk_id` = `pd`.`produk_id`
WHERE `pd`.`tgl_expired` <= \'2026-05-24\'
AND `pd`.`tgl_expired` >= \'2026-05-14\'
ORDER BY `pd`.`tgl_expired` ASC
 LIMIT 5')
 3 SYSTEMPATH\Database\BaseConnection.php(646): CodeIgniter\Database\BaseConnection->simpleQuery('SELECT `p`.`nama_produk`, `pd`.`tgl_expire`, `pd`.`jumlah_masuk`
FROM `penerimaan_detail` `pd`
JOIN `produk` `p` ON `p`.`produk_id` = `pd`.`produk_id`
WHERE `pd`.`tgl_expired` <= \'2026-05-24\'
AND `pd`.`tgl_expired` >= \'2026-05-14\'
ORDER BY `pd`.`tgl_expired` ASC
 LIMIT 5')
 4 SYSTEMPATH\Database\BaseBuilder.php(1649): CodeIgniter\Database\BaseConnection->query('SELECT `p`.`nama_produk`, `pd`.`tgl_expire`, `pd`.`jumlah_masuk`
FROM `penerimaan_detail` `pd`
JOIN `produk` `p` ON `p`.`produk_id` = `pd`.`produk_id`
WHERE `pd`.`tgl_expired` <= :pd.tgl_expired:
AND `pd`.`tgl_expired` >= :pd.tgl_expired.1:
ORDER BY `pd`.`tgl_expired` ASC
 LIMIT 5', [...], false)
 5 APPPATH\Controllers\Admin.php(205): CodeIgniter\Database\BaseBuilder->get()
 6 SYSTEMPATH\CodeIgniter.php(933): App\Controllers\Admin->index()
 7 SYSTEMPATH\CodeIgniter.php(507): CodeIgniter\CodeIgniter->runController(Object(App\Controllers\Admin))
 8 SYSTEMPATH\CodeIgniter.php(354): CodeIgniter\CodeIgniter->handleRequest(null, Object(Config\Cache), false)
 9 SYSTEMPATH\Boot.php(363): CodeIgniter\CodeIgniter->run()
10 SYSTEMPATH\Boot.php(68): CodeIgniter\Boot::runCodeIgniter(Object(CodeIgniter\CodeIgniter))
11 FCPATH\index.php(59): CodeIgniter\Boot::bootWeb(Object(Config\Paths))
12 SYSTEMPATH\rewrite.php(44): require_once('C:\\xampp\\htdocs\\kasirpos\\public\\index.php')
ERROR - 2026-05-14 00:55:08 --> mysqli_sql_exception: Unknown column 'pd.tgl_expire' in 'field list' in C:\xampp\htdocs\kasirpos\system\Database\MySQLi\Connection.php:327
Stack trace:
#0 C:\xampp\htdocs\kasirpos\system\Database\MySQLi\Connection.php(327): mysqli->query('SELECT `p`.`nam...', 0)
#1 C:\xampp\htdocs\kasirpos\system\Database\BaseConnection.php(729): CodeIgniter\Database\MySQLi\Connection->execute('SELECT `p`.`nam...')
#2 C:\xampp\htdocs\kasirpos\system\Database\BaseConnection.php(646): CodeIgniter\Database\BaseConnection->simpleQuery('SELECT `p`.`nam...')
#3 C:\xampp\htdocs\kasirpos\system\Database\BaseBuilder.php(1649): CodeIgniter\Database\BaseConnection->query('SELECT `p`.`nam...', Array, false)
#4 C:\xampp\htdocs\kasirpos\app\Controllers\Admin.php(205): CodeIgniter\Database\BaseBuilder->get()
#5 C:\xampp\htdocs\kasirpos\system\CodeIgniter.php(933): App\Controllers\Admin->index()
#6 C:\xampp\htdocs\kasirpos\system\CodeIgniter.php(507): CodeIgniter\CodeIgniter->runController(Object(App\Controllers\Admin))
#7 C:\xampp\htdocs\kasirpos\system\CodeIgniter.php(354): CodeIgniter\CodeIgniter->handleRequest(NULL, Object(Config\Cache), false)
#8 C:\xampp\htdocs\kasirpos\system\Boot.php(363): CodeIgniter\CodeIgniter->run()
#9 C:\xampp\htdocs\kasirpos\system\Boot.php(68): CodeIgniter\Boot::runCodeIgniter(Object(CodeIgniter\CodeIgniter))
#10 C:\xampp\htdocs\kasirpos\public\index.php(59): CodeIgniter\Boot::bootWeb(Object(Config\Paths))
#11 C:\xampp\htdocs\kasirpos\system\rewrite.php(44): require_once('C:\\xampp\\htdocs...')
#12 {main}
CRITICAL - 2026-05-14 00:55:08 --> CodeIgniter\Database\Exceptions\DatabaseException: Unknown column 'pd.tgl_expire' in 'field list'
[Method: GET, Route: admin/dashboard]
in SYSTEMPATH\Database\BaseConnection.php on line 684.
 1 SYSTEMPATH\Database\BaseBuilder.php(1649): CodeIgniter\Database\BaseConnection->query('SELECT `p`.`nama_produk`, `pd`.`tgl_expire`, `pd`.`jumlah_masuk`
FROM `penerimaan_detail` `pd`
JOIN `produk` `p` ON `p`.`produk_id` = `pd`.`produk_id`
WHERE `pd`.`tgl_expired` <= :pd.tgl_expired:
AND `pd`.`tgl_expired` >= :pd.tgl_expired.1:
ORDER BY `pd`.`tgl_expired` ASC
 LIMIT 5', [...], false)
 2 APPPATH\Controllers\Admin.php(205): CodeIgniter\Database\BaseBuilder->get()
 3 SYSTEMPATH\CodeIgniter.php(933): App\Controllers\Admin->index()
 4 SYSTEMPATH\CodeIgniter.php(507): CodeIgniter\CodeIgniter->runController(Object(App\Controllers\Admin))
 5 SYSTEMPATH\CodeIgniter.php(354): CodeIgniter\CodeIgniter->handleRequest(null, Object(Config\Cache), false)
 6 SYSTEMPATH\Boot.php(363): CodeIgniter\CodeIgniter->run()
 7 SYSTEMPATH\Boot.php(68): CodeIgniter\Boot::runCodeIgniter(Object(CodeIgniter\CodeIgniter))
 8 FCPATH\index.php(59): CodeIgniter\Boot::bootWeb(Object(Config\Paths))
 9 SYSTEMPATH\rewrite.php(44): require_once('C:\\xampp\\htdocs\\kasirpos\\public\\index.php')
CRITICAL - 2026-05-14 00:55:08 --> [Caused by] CodeIgniter\Database\Exceptions\DatabaseException: Unknown column 'pd.tgl_expire' in 'field list'
in SYSTEMPATH\Database\MySQLi\Connection.php on line 332.
 1 SYSTEMPATH\Database\BaseConnection.php(729): CodeIgniter\Database\MySQLi\Connection->execute('SELECT `p`.`nama_produk`, `pd`.`tgl_expire`, `pd`.`jumlah_masuk`
FROM `penerimaan_detail` `pd`
JOIN `produk` `p` ON `p`.`produk_id` = `pd`.`produk_id`
WHERE `pd`.`tgl_expired` <= \'2026-05-24\'
AND `pd`.`tgl_expired` >= \'2026-05-14\'
ORDER BY `pd`.`tgl_expired` ASC
 LIMIT 5')
 2 SYSTEMPATH\Database\BaseConnection.php(646): CodeIgniter\Database\BaseConnection->simpleQuery('SELECT `p`.`nama_produk`, `pd`.`tgl_expire`, `pd`.`jumlah_masuk`
FROM `penerimaan_detail` `pd`
JOIN `produk` `p` ON `p`.`produk_id` = `pd`.`produk_id`
WHERE `pd`.`tgl_expired` <= \'2026-05-24\'
AND `pd`.`tgl_expired` >= \'2026-05-14\'
ORDER BY `pd`.`tgl_expired` ASC
 LIMIT 5')
 3 SYSTEMPATH\Database\BaseBuilder.php(1649): CodeIgniter\Database\BaseConnection->query('SELECT `p`.`nama_produk`, `pd`.`tgl_expire`, `pd`.`jumlah_masuk`
FROM `penerimaan_detail` `pd`
JOIN `produk` `p` ON `p`.`produk_id` = `pd`.`produk_id`
WHERE `pd`.`tgl_expired` <= :pd.tgl_expired:
AND `pd`.`tgl_expired` >= :pd.tgl_expired.1:
ORDER BY `pd`.`tgl_expired` ASC
 LIMIT 5', [...], false)
 4 APPPATH\Controllers\Admin.php(205): CodeIgniter\Database\BaseBuilder->get()
 5 SYSTEMPATH\CodeIgniter.php(933): App\Controllers\Admin->index()
 6 SYSTEMPATH\CodeIgniter.php(507): CodeIgniter\CodeIgniter->runController(Object(App\Controllers\Admin))
 7 SYSTEMPATH\CodeIgniter.php(354): CodeIgniter\CodeIgniter->handleRequest(null, Object(Config\Cache), false)
 8 SYSTEMPATH\Boot.php(363): CodeIgniter\CodeIgniter->run()
 9 SYSTEMPATH\Boot.php(68): CodeIgniter\Boot::runCodeIgniter(Object(CodeIgniter\CodeIgniter))
10 FCPATH\index.php(59): CodeIgniter\Boot::bootWeb(Object(Config\Paths))
11 SYSTEMPATH\rewrite.php(44): require_once('C:\\xampp\\htdocs\\kasirpos\\public\\index.php')
CRITICAL - 2026-05-14 00:55:08 --> [Caused by] mysqli_sql_exception: Unknown column 'pd.tgl_expire' in 'field list'
in SYSTEMPATH\Database\MySQLi\Connection.php on line 327.
 1 SYSTEMPATH\Database\MySQLi\Connection.php(327): mysqli->query('SELECT `p`.`nama_produk`, `pd`.`tgl_expire`, `pd`.`jumlah_masuk`
FROM `penerimaan_detail` `pd`
JOIN `produk` `p` ON `p`.`produk_id` = `pd`.`produk_id`
WHERE `pd`.`tgl_expired` <= \'2026-05-24\'
AND `pd`.`tgl_expired` >= \'2026-05-14\'
ORDER BY `pd`.`tgl_expired` ASC
 LIMIT 5', 0)
 2 SYSTEMPATH\Database\BaseConnection.php(729): CodeIgniter\Database\MySQLi\Connection->execute('SELECT `p`.`nama_produk`, `pd`.`tgl_expire`, `pd`.`jumlah_masuk`
FROM `penerimaan_detail` `pd`
JOIN `produk` `p` ON `p`.`produk_id` = `pd`.`produk_id`
WHERE `pd`.`tgl_expired` <= \'2026-05-24\'
AND `pd`.`tgl_expired` >= \'2026-05-14\'
ORDER BY `pd`.`tgl_expired` ASC
 LIMIT 5')
 3 SYSTEMPATH\Database\BaseConnection.php(646): CodeIgniter\Database\BaseConnection->simpleQuery('SELECT `p`.`nama_produk`, `pd`.`tgl_expire`, `pd`.`jumlah_masuk`
FROM `penerimaan_detail` `pd`
JOIN `produk` `p` ON `p`.`produk_id` = `pd`.`produk_id`
WHERE `pd`.`tgl_expired` <= \'2026-05-24\'
AND `pd`.`tgl_expired` >= \'2026-05-14\'
ORDER BY `pd`.`tgl_expired` ASC
 LIMIT 5')
 4 SYSTEMPATH\Database\BaseBuilder.php(1649): CodeIgniter\Database\BaseConnection->query('SELECT `p`.`nama_produk`, `pd`.`tgl_expire`, `pd`.`jumlah_masuk`
FROM `penerimaan_detail` `pd`
JOIN `produk` `p` ON `p`.`produk_id` = `pd`.`produk_id`
WHERE `pd`.`tgl_expired` <= :pd.tgl_expired:
AND `pd`.`tgl_expired` >= :pd.tgl_expired.1:
ORDER BY `pd`.`tgl_expired` ASC
 LIMIT 5', [...], false)
 5 APPPATH\Controllers\Admin.php(205): CodeIgniter\Database\BaseBuilder->get()
 6 SYSTEMPATH\CodeIgniter.php(933): App\Controllers\Admin->index()
 7 SYSTEMPATH\CodeIgniter.php(507): CodeIgniter\CodeIgniter->runController(Object(App\Controllers\Admin))
 8 SYSTEMPATH\CodeIgniter.php(354): CodeIgniter\CodeIgniter->handleRequest(null, Object(Config\Cache), false)
 9 SYSTEMPATH\Boot.php(363): CodeIgniter\CodeIgniter->run()
10 SYSTEMPATH\Boot.php(68): CodeIgniter\Boot::runCodeIgniter(Object(CodeIgniter\CodeIgniter))
11 FCPATH\index.php(59): CodeIgniter\Boot::bootWeb(Object(Config\Paths))
12 SYSTEMPATH\rewrite.php(44): require_once('C:\\xampp\\htdocs\\kasirpos\\public\\index.php')
ERROR - 2026-05-14 00:55:52 --> mysqli_sql_exception: Unknown column 'tgl_expired' in 'field list' in C:\xampp\htdocs\kasirpos\system\Database\MySQLi\Connection.php:327
Stack trace:
#0 C:\xampp\htdocs\kasirpos\system\Database\MySQLi\Connection.php(327): mysqli->query('INSERT INTO `pe...', 0)
#1 C:\xampp\htdocs\kasirpos\system\Database\BaseConnection.php(729): CodeIgniter\Database\MySQLi\Connection->execute('INSERT INTO `pe...')
#2 C:\xampp\htdocs\kasirpos\system\Database\BaseConnection.php(646): CodeIgniter\Database\BaseConnection->simpleQuery('INSERT INTO `pe...')
#3 C:\xampp\htdocs\kasirpos\system\Database\BaseBuilder.php(2345): CodeIgniter\Database\BaseConnection->query('INSERT INTO `pe...', Array, false)
#4 C:\xampp\htdocs\kasirpos\app\Controllers\Admin.php(489): CodeIgniter\Database\BaseBuilder->insert(Array)
#5 C:\xampp\htdocs\kasirpos\system\CodeIgniter.php(933): App\Controllers\Admin->simpanPenerimaan()
#6 C:\xampp\htdocs\kasirpos\system\CodeIgniter.php(507): CodeIgniter\CodeIgniter->runController(Object(App\Controllers\Admin))
#7 C:\xampp\htdocs\kasirpos\system\CodeIgniter.php(354): CodeIgniter\CodeIgniter->handleRequest(NULL, Object(Config\Cache), false)
#8 C:\xampp\htdocs\kasirpos\system\Boot.php(363): CodeIgniter\CodeIgniter->run()
#9 C:\xampp\htdocs\kasirpos\system\Boot.php(68): CodeIgniter\Boot::runCodeIgniter(Object(CodeIgniter\CodeIgniter))
#10 C:\xampp\htdocs\kasirpos\public\index.php(59): CodeIgniter\Boot::bootWeb(Object(Config\Paths))
#11 C:\xampp\htdocs\kasirpos\system\rewrite.php(44): require_once('C:\\xampp\\htdocs...')
#12 {main}
CRITICAL - 2026-05-14 00:55:52 --> CodeIgniter\Database\Exceptions\DatabaseException: Unknown column 'tgl_expired' in 'field list'
[Method: POST, Route: admin/penerimaan/simpan]
in SYSTEMPATH\Database\BaseConnection.php on line 684.
 1 SYSTEMPATH\Database\BaseBuilder.php(2345): CodeIgniter\Database\BaseConnection->query('INSERT INTO `penerimaan_barang` (`kode_penerimaan`, `tanggal_masuk`, `tgl_expired`, `supplier`, `status`, `created_at`) VALUES (:kode_penerimaan:, :tanggal_masuk:, :tgl_expired:, :supplier:, :status:, :created_at:)', [...], false)
 2 APPPATH\Controllers\Admin.php(489): CodeIgniter\Database\BaseBuilder->insert([...])
 3 SYSTEMPATH\CodeIgniter.php(933): App\Controllers\Admin->simpanPenerimaan()
 4 SYSTEMPATH\CodeIgniter.php(507): CodeIgniter\CodeIgniter->runController(Object(App\Controllers\Admin))
 5 SYSTEMPATH\CodeIgniter.php(354): CodeIgniter\CodeIgniter->handleRequest(null, Object(Config\Cache), false)
 6 SYSTEMPATH\Boot.php(363): CodeIgniter\CodeIgniter->run()
 7 SYSTEMPATH\Boot.php(68): CodeIgniter\Boot::runCodeIgniter(Object(CodeIgniter\CodeIgniter))
 8 FCPATH\index.php(59): CodeIgniter\Boot::bootWeb(Object(Config\Paths))
 9 SYSTEMPATH\rewrite.php(44): require_once('C:\\xampp\\htdocs\\kasirpos\\public\\index.php')
CRITICAL - 2026-05-14 00:55:52 --> [Caused by] CodeIgniter\Database\Exceptions\DatabaseException: Unknown column 'tgl_expired' in 'field list'
in SYSTEMPATH\Database\MySQLi\Connection.php on line 332.
 1 SYSTEMPATH\Database\BaseConnection.php(729): CodeIgniter\Database\MySQLi\Connection->execute('INSERT INTO `penerimaan_barang` (`kode_penerimaan`, `tanggal_masuk`, `tgl_expired`, `supplier`, `status`, `created_at`) VALUES (\'PN-20260514005552\', \'2026-05-14\', NULL, \'PT AXA\', \'Pending\', \'2026-05-14 00:55:52\')')
 2 SYSTEMPATH\Database\BaseConnection.php(646): CodeIgniter\Database\BaseConnection->simpleQuery('INSERT INTO `penerimaan_barang` (`kode_penerimaan`, `tanggal_masuk`, `tgl_expired`, `supplier`, `status`, `created_at`) VALUES (\'PN-20260514005552\', \'2026-05-14\', NULL, \'PT AXA\', \'Pending\', \'2026-05-14 00:55:52\')')
 3 SYSTEMPATH\Database\BaseBuilder.php(2345): CodeIgniter\Database\BaseConnection->query('INSERT INTO `penerimaan_barang` (`kode_penerimaan`, `tanggal_masuk`, `tgl_expired`, `supplier`, `status`, `created_at`) VALUES (:kode_penerimaan:, :tanggal_masuk:, :tgl_expired:, :supplier:, :status:, :created_at:)', [...], false)
 4 APPPATH\Controllers\Admin.php(489): CodeIgniter\Database\BaseBuilder->insert([...])
 5 SYSTEMPATH\CodeIgniter.php(933): App\Controllers\Admin->simpanPenerimaan()
 6 SYSTEMPATH\CodeIgniter.php(507): CodeIgniter\CodeIgniter->runController(Object(App\Controllers\Admin))
 7 SYSTEMPATH\CodeIgniter.php(354): CodeIgniter\CodeIgniter->handleRequest(null, Object(Config\Cache), false)
 8 SYSTEMPATH\Boot.php(363): CodeIgniter\CodeIgniter->run()
 9 SYSTEMPATH\Boot.php(68): CodeIgniter\Boot::runCodeIgniter(Object(CodeIgniter\CodeIgniter))
10 FCPATH\index.php(59): CodeIgniter\Boot::bootWeb(Object(Config\Paths))
11 SYSTEMPATH\rewrite.php(44): require_once('C:\\xampp\\htdocs\\kasirpos\\public\\index.php')
CRITICAL - 2026-05-14 00:55:52 --> [Caused by] mysqli_sql_exception: Unknown column 'tgl_expired' in 'field list'
in SYSTEMPATH\Database\MySQLi\Connection.php on line 327.
 1 SYSTEMPATH\Database\MySQLi\Connection.php(327): mysqli->query('INSERT INTO `penerimaan_barang` (`kode_penerimaan`, `tanggal_masuk`, `tgl_expired`, `supplier`, `status`, `created_at`) VALUES (\'PN-20260514005552\', \'2026-05-14\', NULL, \'PT AXA\', \'Pending\', \'2026-05-14 00:55:52\')', 0)
 2 SYSTEMPATH\Database\BaseConnection.php(729): CodeIgniter\Database\MySQLi\Connection->execute('INSERT INTO `penerimaan_barang` (`kode_penerimaan`, `tanggal_masuk`, `tgl_expired`, `supplier`, `status`, `created_at`) VALUES (\'PN-20260514005552\', \'2026-05-14\', NULL, \'PT AXA\', \'Pending\', \'2026-05-14 00:55:52\')')
 3 SYSTEMPATH\Database\BaseConnection.php(646): CodeIgniter\Database\BaseConnection->simpleQuery('INSERT INTO `penerimaan_barang` (`kode_penerimaan`, `tanggal_masuk`, `tgl_expired`, `supplier`, `status`, `created_at`) VALUES (\'PN-20260514005552\', \'2026-05-14\', NULL, \'PT AXA\', \'Pending\', \'2026-05-14 00:55:52\')')
 4 SYSTEMPATH\Database\BaseBuilder.php(2345): CodeIgniter\Database\BaseConnection->query('INSERT INTO `penerimaan_barang` (`kode_penerimaan`, `tanggal_masuk`, `tgl_expired`, `supplier`, `status`, `created_at`) VALUES (:kode_penerimaan:, :tanggal_masuk:, :tgl_expired:, :supplier:, :status:, :created_at:)', [...], false)
 5 APPPATH\Controllers\Admin.php(489): CodeIgniter\Database\BaseBuilder->insert([...])
 6 SYSTEMPATH\CodeIgniter.php(933): App\Controllers\Admin->simpanPenerimaan()
 7 SYSTEMPATH\CodeIgniter.php(507): CodeIgniter\CodeIgniter->runController(Object(App\Controllers\Admin))
 8 SYSTEMPATH\CodeIgniter.php(354): CodeIgniter\CodeIgniter->handleRequest(null, Object(Config\Cache), false)
 9 SYSTEMPATH\Boot.php(363): CodeIgniter\CodeIgniter->run()
10 SYSTEMPATH\Boot.php(68): CodeIgniter\Boot::runCodeIgniter(Object(CodeIgniter\CodeIgniter))
11 FCPATH\index.php(59): CodeIgniter\Boot::bootWeb(Object(Config\Paths))
12 SYSTEMPATH\rewrite.php(44): require_once('C:\\xampp\\htdocs\\kasirpos\\public\\index.php')
ERROR - 2026-05-14 00:59:07 --> mysqli_sql_exception: Unknown column 'pd.tgl_expire' in 'field list' in C:\xampp\htdocs\kasirpos\system\Database\MySQLi\Connection.php:327
Stack trace:
#0 C:\xampp\htdocs\kasirpos\system\Database\MySQLi\Connection.php(327): mysqli->query('SELECT `p`.`nam...', 0)
#1 C:\xampp\htdocs\kasirpos\system\Database\BaseConnection.php(729): CodeIgniter\Database\MySQLi\Connection->execute('SELECT `p`.`nam...')
#2 C:\xampp\htdocs\kasirpos\system\Database\BaseConnection.php(646): CodeIgniter\Database\BaseConnection->simpleQuery('SELECT `p`.`nam...')
#3 C:\xampp\htdocs\kasirpos\system\Database\BaseBuilder.php(1649): CodeIgniter\Database\BaseConnection->query('SELECT `p`.`nam...', Array, false)
#4 C:\xampp\htdocs\kasirpos\app\Controllers\Admin.php(205): CodeIgniter\Database\BaseBuilder->get()
#5 C:\xampp\htdocs\kasirpos\system\CodeIgniter.php(933): App\Controllers\Admin->index()
#6 C:\xampp\htdocs\kasirpos\system\CodeIgniter.php(507): CodeIgniter\CodeIgniter->runController(Object(App\Controllers\Admin))
#7 C:\xampp\htdocs\kasirpos\system\CodeIgniter.php(354): CodeIgniter\CodeIgniter->handleRequest(NULL, Object(Config\Cache), false)
#8 C:\xampp\htdocs\kasirpos\system\Boot.php(363): CodeIgniter\CodeIgniter->run()
#9 C:\xampp\htdocs\kasirpos\system\Boot.php(68): CodeIgniter\Boot::runCodeIgniter(Object(CodeIgniter\CodeIgniter))
#10 C:\xampp\htdocs\kasirpos\public\index.php(59): CodeIgniter\Boot::bootWeb(Object(Config\Paths))
#11 C:\xampp\htdocs\kasirpos\system\rewrite.php(44): require_once('C:\\xampp\\htdocs...')
#12 {main}
CRITICAL - 2026-05-14 00:59:07 --> CodeIgniter\Database\Exceptions\DatabaseException: Unknown column 'pd.tgl_expire' in 'field list'
[Method: GET, Route: admin/dashboard]
in SYSTEMPATH\Database\BaseConnection.php on line 684.
 1 SYSTEMPATH\Database\BaseBuilder.php(1649): CodeIgniter\Database\BaseConnection->query('SELECT `p`.`nama_produk`, `pd`.`tgl_expire`, `pd`.`jumlah_masuk`
FROM `penerimaan_detail` `pd`
JOIN `produk` `p` ON `p`.`produk_id` = `pd`.`produk_id`
WHERE `pd`.`tgl_expired` <= :pd.tgl_expired:
AND `pd`.`tgl_expired` >= :pd.tgl_expired.1:
ORDER BY `pd`.`tgl_expired` ASC
 LIMIT 5', [...], false)
 2 APPPATH\Controllers\Admin.php(205): CodeIgniter\Database\BaseBuilder->get()
 3 SYSTEMPATH\CodeIgniter.php(933): App\Controllers\Admin->index()
 4 SYSTEMPATH\CodeIgniter.php(507): CodeIgniter\CodeIgniter->runController(Object(App\Controllers\Admin))
 5 SYSTEMPATH\CodeIgniter.php(354): CodeIgniter\CodeIgniter->handleRequest(null, Object(Config\Cache), false)
 6 SYSTEMPATH\Boot.php(363): CodeIgniter\CodeIgniter->run()
 7 SYSTEMPATH\Boot.php(68): CodeIgniter\Boot::runCodeIgniter(Object(CodeIgniter\CodeIgniter))
 8 FCPATH\index.php(59): CodeIgniter\Boot::bootWeb(Object(Config\Paths))
 9 SYSTEMPATH\rewrite.php(44): require_once('C:\\xampp\\htdocs\\kasirpos\\public\\index.php')
CRITICAL - 2026-05-14 00:59:07 --> [Caused by] CodeIgniter\Database\Exceptions\DatabaseException: Unknown column 'pd.tgl_expire' in 'field list'
in SYSTEMPATH\Database\MySQLi\Connection.php on line 332.
 1 SYSTEMPATH\Database\BaseConnection.php(729): CodeIgniter\Database\MySQLi\Connection->execute('SELECT `p`.`nama_produk`, `pd`.`tgl_expire`, `pd`.`jumlah_masuk`
FROM `penerimaan_detail` `pd`
JOIN `produk` `p` ON `p`.`produk_id` = `pd`.`produk_id`
WHERE `pd`.`tgl_expired` <= \'2026-05-24\'
AND `pd`.`tgl_expired` >= \'2026-05-14\'
ORDER BY `pd`.`tgl_expired` ASC
 LIMIT 5')
 2 SYSTEMPATH\Database\BaseConnection.php(646): CodeIgniter\Database\BaseConnection->simpleQuery('SELECT `p`.`nama_produk`, `pd`.`tgl_expire`, `pd`.`jumlah_masuk`
FROM `penerimaan_detail` `pd`
JOIN `produk` `p` ON `p`.`produk_id` = `pd`.`produk_id`
WHERE `pd`.`tgl_expired` <= \'2026-05-24\'
AND `pd`.`tgl_expired` >= \'2026-05-14\'
ORDER BY `pd`.`tgl_expired` ASC
 LIMIT 5')
 3 SYSTEMPATH\Database\BaseBuilder.php(1649): CodeIgniter\Database\BaseConnection->query('SELECT `p`.`nama_produk`, `pd`.`tgl_expire`, `pd`.`jumlah_masuk`
FROM `penerimaan_detail` `pd`
JOIN `produk` `p` ON `p`.`produk_id` = `pd`.`produk_id`
WHERE `pd`.`tgl_expired` <= :pd.tgl_expired:
AND `pd`.`tgl_expired` >= :pd.tgl_expired.1:
ORDER BY `pd`.`tgl_expired` ASC
 LIMIT 5', [...], false)
 4 APPPATH\Controllers\Admin.php(205): CodeIgniter\Database\BaseBuilder->get()
 5 SYSTEMPATH\CodeIgniter.php(933): App\Controllers\Admin->index()
 6 SYSTEMPATH\CodeIgniter.php(507): CodeIgniter\CodeIgniter->runController(Object(App\Controllers\Admin))
 7 SYSTEMPATH\CodeIgniter.php(354): CodeIgniter\CodeIgniter->handleRequest(null, Object(Config\Cache), false)
 8 SYSTEMPATH\Boot.php(363): CodeIgniter\CodeIgniter->run()
 9 SYSTEMPATH\Boot.php(68): CodeIgniter\Boot::runCodeIgniter(Object(CodeIgniter\CodeIgniter))
10 FCPATH\index.php(59): CodeIgniter\Boot::bootWeb(Object(Config\Paths))
11 SYSTEMPATH\rewrite.php(44): require_once('C:\\xampp\\htdocs\\kasirpos\\public\\index.php')
CRITICAL - 2026-05-14 00:59:07 --> [Caused by] mysqli_sql_exception: Unknown column 'pd.tgl_expire' in 'field list'
in SYSTEMPATH\Database\MySQLi\Connection.php on line 327.
 1 SYSTEMPATH\Database\MySQLi\Connection.php(327): mysqli->query('SELECT `p`.`nama_produk`, `pd`.`tgl_expire`, `pd`.`jumlah_masuk`
FROM `penerimaan_detail` `pd`
JOIN `produk` `p` ON `p`.`produk_id` = `pd`.`produk_id`
WHERE `pd`.`tgl_expired` <= \'2026-05-24\'
AND `pd`.`tgl_expired` >= \'2026-05-14\'
ORDER BY `pd`.`tgl_expired` ASC
 LIMIT 5', 0)
 2 SYSTEMPATH\Database\BaseConnection.php(729): CodeIgniter\Database\MySQLi\Connection->execute('SELECT `p`.`nama_produk`, `pd`.`tgl_expire`, `pd`.`jumlah_masuk`
FROM `penerimaan_detail` `pd`
JOIN `produk` `p` ON `p`.`produk_id` = `pd`.`produk_id`
WHERE `pd`.`tgl_expired` <= \'2026-05-24\'
AND `pd`.`tgl_expired` >= \'2026-05-14\'
ORDER BY `pd`.`tgl_expired` ASC
 LIMIT 5')
 3 SYSTEMPATH\Database\BaseConnection.php(646): CodeIgniter\Database\BaseConnection->simpleQuery('SELECT `p`.`nama_produk`, `pd`.`tgl_expire`, `pd`.`jumlah_masuk`
FROM `penerimaan_detail` `pd`
JOIN `produk` `p` ON `p`.`produk_id` = `pd`.`produk_id`
WHERE `pd`.`tgl_expired` <= \'2026-05-24\'
AND `pd`.`tgl_expired` >= \'2026-05-14\'
ORDER BY `pd`.`tgl_expired` ASC
 LIMIT 5')
 4 SYSTEMPATH\Database\BaseBuilder.php(1649): CodeIgniter\Database\BaseConnection->query('SELECT `p`.`nama_produk`, `pd`.`tgl_expire`, `pd`.`jumlah_masuk`
FROM `penerimaan_detail` `pd`
JOIN `produk` `p` ON `p`.`produk_id` = `pd`.`produk_id`
WHERE `pd`.`tgl_expired` <= :pd.tgl_expired:
AND `pd`.`tgl_expired` >= :pd.tgl_expired.1:
ORDER BY `pd`.`tgl_expired` ASC
 LIMIT 5', [...], false)
 5 APPPATH\Controllers\Admin.php(205): CodeIgniter\Database\BaseBuilder->get()
 6 SYSTEMPATH\CodeIgniter.php(933): App\Controllers\Admin->index()
 7 SYSTEMPATH\CodeIgniter.php(507): CodeIgniter\CodeIgniter->runController(Object(App\Controllers\Admin))
 8 SYSTEMPATH\CodeIgniter.php(354): CodeIgniter\CodeIgniter->handleRequest(null, Object(Config\Cache), false)
 9 SYSTEMPATH\Boot.php(363): CodeIgniter\CodeIgniter->run()
10 SYSTEMPATH\Boot.php(68): CodeIgniter\Boot::runCodeIgniter(Object(CodeIgniter\CodeIgniter))
11 FCPATH\index.php(59): CodeIgniter\Boot::bootWeb(Object(Config\Paths))
12 SYSTEMPATH\rewrite.php(44): require_once('C:\\xampp\\htdocs\\kasirpos\\public\\index.php')
DEBUG - 2026-05-14 01:18:18 --> Session: Class initialized using 'CodeIgniter\Session\Handlers\FileHandler' driver.
DEBUG - 2026-05-14 01:18:18 --> Session: Class initialized using 'CodeIgniter\Session\Handlers\FileHandler' driver.
DEBUG - 2026-05-14 01:18:18 --> Session: Class initialized using 'CodeIgniter\Session\Handlers\FileHandler' driver.
DEBUG - 2026-05-14 01:18:20 --> Session: Class initialized using 'CodeIgniter\Session\Handlers\FileHandler' driver.
DEBUG - 2026-05-14 01:18:23 --> Session: Class initialized using 'CodeIgniter\Session\Handlers\FileHandler' driver.
DEBUG - 2026-05-14 01:18:24 --> Session: Class initialized using 'CodeIgniter\Session\Handlers\FileHandler' driver.
DEBUG - 2026-05-14 01:18:26 --> Session: Class initialized using 'CodeIgniter\Session\Handlers\FileHandler' driver.
DEBUG - 2026-05-14 01:18:26 --> Session: Class initialized using 'CodeIgniter\Session\Handlers\FileHandler' driver.
DEBUG - 2026-05-14 01:18:26 --> Session: Class initialized using 'CodeIgniter\Session\Handlers\FileHandler' driver.
DEBUG - 2026-05-14 01:18:28 --> Session: Class initialized using 'CodeIgniter\Session\Handlers\FileHandler' driver.
DEBUG - 2026-05-14 01:18:28 --> Session: Class initialized using 'CodeIgniter\Session\Handlers\FileHandler' driver.
DEBUG - 2026-05-14 01:18:55 --> Session: Class initialized using 'CodeIgniter\Session\Handlers\FileHandler' driver.
DEBUG - 2026-05-14 01:19:05 --> Session: Class initialized using 'CodeIgniter\Session\Handlers\FileHandler' driver.
CRITICAL - 2026-05-14 01:22:25 --> ParseError: syntax error, unexpected token "endforeach"
[Method: GET, Route: admin/dashboard]
in APPPATH\Views\admin\admin_view.php on line 253.
 1 SYSTEMPATH\View\View.php(229): CodeIgniter\View\View->CodeIgniter\View\{closure}()
 2 SYSTEMPATH\Common.php(1167): CodeIgniter\View\View->render('admin/admin_view', [], true)
 3 APPPATH\Controllers\Admin.php(217): view('admin/admin_view', [...])
 4 SYSTEMPATH\CodeIgniter.php(933): App\Controllers\Admin->index()
 5 SYSTEMPATH\CodeIgniter.php(507): CodeIgniter\CodeIgniter->runController(Object(App\Controllers\Admin))
 6 SYSTEMPATH\CodeIgniter.php(354): CodeIgniter\CodeIgniter->handleRequest(null, Object(Config\Cache), false)
 7 SYSTEMPATH\Boot.php(363): CodeIgniter\CodeIgniter->run()
 8 SYSTEMPATH\Boot.php(68): CodeIgniter\Boot::runCodeIgniter(Object(CodeIgniter\CodeIgniter))
 9 FCPATH\index.php(59): CodeIgniter\Boot::bootWeb(Object(Config\Paths))
10 SYSTEMPATH\rewrite.php(44): require_once('C:\\xampp\\htdocs\\kasirpos\\public\\index.php')
CRITICAL - 2026-05-14 01:23:50 --> ErrorException: Undefined variable $metode_populer
[Method: GET, Route: admin/dashboard]
in APPPATH\Views\admin\admin_view.php on line 284.
 1 APPPATH\Views\admin\admin_view.php(284): CodeIgniter\Debug\Exceptions->errorHandler(2, 'Undefined variable $metode_populer', 'C:\\xampp\\htdocs\\kasirpos\\app\\Views\\admin\\admin_view.php', 284)
 2 SYSTEMPATH\View\View.php(226): include('C:\\xampp\\htdocs\\kasirpos\\app\\Views\\admin\\admin_view.php')
 3 SYSTEMPATH\View\View.php(229): CodeIgniter\View\View->CodeIgniter\View\{closure}()
 4 SYSTEMPATH\Common.php(1167): CodeIgniter\View\View->render('admin/admin_view', [], true)
 5 APPPATH\Controllers\Admin.php(217): view('admin/admin_view', [...])
 6 SYSTEMPATH\CodeIgniter.php(933): App\Controllers\Admin->index()
 7 SYSTEMPATH\CodeIgniter.php(507): CodeIgniter\CodeIgniter->runController(Object(App\Controllers\Admin))
 8 SYSTEMPATH\CodeIgniter.php(354): CodeIgniter\CodeIgniter->handleRequest(null, Object(Config\Cache), false)
 9 SYSTEMPATH\Boot.php(363): CodeIgniter\CodeIgniter->run()
10 SYSTEMPATH\Boot.php(68): CodeIgniter\Boot::runCodeIgniter(Object(CodeIgniter\CodeIgniter))
11 FCPATH\index.php(59): CodeIgniter\Boot::bootWeb(Object(Config\Paths))
12 SYSTEMPATH\rewrite.php(44): require_once('C:\\xampp\\htdocs\\kasirpos\\public\\index.php')
CRITICAL - 2026-05-14 01:24:32 --> ErrorException: Undefined variable $metode_populer
[Method: GET, Route: admin/dashboard]
in APPPATH\Views\admin\admin_view.php on line 285.
 1 APPPATH\Views\admin\admin_view.php(285): CodeIgniter\Debug\Exceptions->errorHandler(2, 'Undefined variable $metode_populer', 'C:\\xampp\\htdocs\\kasirpos\\app\\Views\\admin\\admin_view.php', 285)
 2 SYSTEMPATH\View\View.php(226): include('C:\\xampp\\htdocs\\kasirpos\\app\\Views\\admin\\admin_view.php')
 3 SYSTEMPATH\View\View.php(229): CodeIgniter\View\View->CodeIgniter\View\{closure}()
 4 SYSTEMPATH\Common.php(1167): CodeIgniter\View\View->render('admin/admin_view', [], true)
 5 APPPATH\Controllers\Admin.php(217): view('admin/admin_view', [...])
 6 SYSTEMPATH\CodeIgniter.php(933): App\Controllers\Admin->index()
 7 SYSTEMPATH\CodeIgniter.php(507): CodeIgniter\CodeIgniter->runController(Object(App\Controllers\Admin))
 8 SYSTEMPATH\CodeIgniter.php(354): CodeIgniter\CodeIgniter->handleRequest(null, Object(Config\Cache), false)
 9 SYSTEMPATH\Boot.php(363): CodeIgniter\CodeIgniter->run()
10 SYSTEMPATH\Boot.php(68): CodeIgniter\Boot::runCodeIgniter(Object(CodeIgniter\CodeIgniter))
11 FCPATH\index.php(59): CodeIgniter\Boot::bootWeb(Object(Config\Paths))
12 SYSTEMPATH\rewrite.php(44): require_once('C:\\xampp\\htdocs\\kasirpos\\public\\index.php')
CRITICAL - 2026-05-14 01:25:51 --> ErrorException: Undefined variable $metode_populer
[Method: GET, Route: admin/dashboard]
in APPPATH\Views\admin\admin_view.php on line 285.
 1 APPPATH\Views\admin\admin_view.php(285): CodeIgniter\Debug\Exceptions->errorHandler(2, 'Undefined variable $metode_populer', 'C:\\xampp\\htdocs\\kasirpos\\app\\Views\\admin\\admin_view.php', 285)
 2 SYSTEMPATH\View\View.php(226): include('C:\\xampp\\htdocs\\kasirpos\\app\\Views\\admin\\admin_view.php')
 3 SYSTEMPATH\View\View.php(229): CodeIgniter\View\View->CodeIgniter\View\{closure}()
 4 SYSTEMPATH\Common.php(1167): CodeIgniter\View\View->render('admin/admin_view', [], true)
 5 APPPATH\Controllers\Admin.php(217): view('admin/admin_view', [...])
 6 SYSTEMPATH\CodeIgniter.php(933): App\Controllers\Admin->index()
 7 SYSTEMPATH\CodeIgniter.php(507): CodeIgniter\CodeIgniter->runController(Object(App\Controllers\Admin))
 8 SYSTEMPATH\CodeIgniter.php(354): CodeIgniter\CodeIgniter->handleRequest(null, Object(Config\Cache), false)
 9 SYSTEMPATH\Boot.php(363): CodeIgniter\CodeIgniter->run()
10 SYSTEMPATH\Boot.php(68): CodeIgniter\Boot::runCodeIgniter(Object(CodeIgniter\CodeIgniter))
11 FCPATH\index.php(59): CodeIgniter\Boot::bootWeb(Object(Config\Paths))
12 SYSTEMPATH\rewrite.php(44): require_once('C:\\xampp\\htdocs\\kasirpos\\public\\index.php')
DEBUG - 2026-05-14 01:44:33 --> Session: Class initialized using 'CodeIgniter\Session\Handlers\FileHandler' driver.
DEBUG - 2026-05-14 01:44:33 --> Session: Class initialized using 'CodeIgniter\Session\Handlers\FileHandler' driver.
DEBUG - 2026-05-14 01:43:03 --> Session: Class initialized using 'CodeIgniter\Session\Handlers\FileHandler' driver.
DEBUG - 2026-05-14 08:43:03 --> Session: Class initialized using 'CodeIgniter\Session\Handlers\FileHandler' driver.
DEBUG - 2026-05-14 08:43:07 --> Session: Class initialized using 'CodeIgniter\Session\Handlers\FileHandler' driver.
DEBUG - 2026-05-14 01:43:07 --> Session: Class initialized using 'CodeIgniter\Session\Handlers\FileHandler' driver.
DEBUG - 2026-05-14 01:43:21 --> Session: Class initialized using 'CodeIgniter\Session\Handlers\FileHandler' driver.
DEBUG - 2026-05-14 01:48:15 --> Session: Class initialized using 'CodeIgniter\Session\Handlers\FileHandler' driver.
DEBUG - 2026-05-14 01:48:26 --> Session: Class initialized using 'CodeIgniter\Session\Handlers\FileHandler' driver.
DEBUG - 2026-05-14 08:48:26 --> Session: Class initialized using 'CodeIgniter\Session\Handlers\FileHandler' driver.
DEBUG - 2026-05-14 08:48:27 --> Session: Class initialized using 'CodeIgniter\Session\Handlers\FileHandler' driver.
DEBUG - 2026-05-14 01:48:29 --> Session: Class initialized using 'CodeIgniter\Session\Handlers\FileHandler' driver.
DEBUG - 2026-05-14 01:48:37 --> Session: Class initialized using 'CodeIgniter\Session\Handlers\FileHandler' driver.
DEBUG - 2026-05-14 01:48:37 --> Session: Class initialized using 'CodeIgniter\Session\Handlers\FileHandler' driver.
DEBUG - 2026-05-14 01:48:43 --> Session: Class initialized using 'CodeIgniter\Session\Handlers\FileHandler' driver.
DEBUG - 2026-05-14 01:49:08 --> Session: Class initialized using 'CodeIgniter\Session\Handlers\FileHandler' driver.
DEBUG - 2026-05-14 01:49:08 --> Session: Class initialized using 'CodeIgniter\Session\Handlers\FileHandler' driver.
DEBUG - 2026-05-14 01:49:11 --> Session: Class initialized using 'CodeIgniter\Session\Handlers\FileHandler' driver.
DEBUG - 2026-05-14 01:49:11 --> Session: Class initialized using 'CodeIgniter\Session\Handlers\FileHandler' driver.
DEBUG - 2026-05-14 01:49:13 --> Session: Class initialized using 'CodeIgniter\Session\Handlers\FileHandler' driver.
DEBUG - 2026-05-14 01:49:15 --> Session: Class initialized using 'CodeIgniter\Session\Handlers\FileHandler' driver.
DEBUG - 2026-05-14 01:49:23 --> Session: Class initialized using 'CodeIgniter\Session\Handlers\FileHandler' driver.
DEBUG - 2026-05-14 01:50:07 --> Session: Class initialized using 'CodeIgniter\Session\Handlers\FileHandler' driver.
DEBUG - 2026-05-14 01:50:07 --> Session: Class initialized using 'CodeIgniter\Session\Handlers\FileHandler' driver.
DEBUG - 2026-05-14 01:51:48 --> Session: Class initialized using 'CodeIgniter\Session\Handlers\FileHandler' driver.
DEBUG - 2026-05-14 01:51:49 --> Session: Class initialized using 'CodeIgniter\Session\Handlers\FileHandler' driver.
DEBUG - 2026-05-14 01:51:51 --> Session: Class initialized using 'CodeIgniter\Session\Handlers\FileHandler' driver.
DEBUG - 2026-05-14 01:51:51 --> Session: Class initialized using 'CodeIgniter\Session\Handlers\FileHandler' driver.
DEBUG - 2026-05-14 01:52:20 --> Session: Class initialized using 'CodeIgniter\Session\Handlers\FileHandler' driver.
DEBUG - 2026-05-14 01:52:20 --> Session: Class initialized using 'CodeIgniter\Session\Handlers\FileHandler' driver.
DEBUG - 2026-05-14 01:53:04 --> Session: Class initialized using 'CodeIgniter\Session\Handlers\FileHandler' driver.
DEBUG - 2026-05-14 01:53:05 --> Session: Class initialized using 'CodeIgniter\Session\Handlers\FileHandler' driver.
DEBUG - 2026-05-14 01:53:39 --> Session: Class initialized using 'CodeIgniter\Session\Handlers\FileHandler' driver.
DEBUG - 2026-05-14 01:55:16 --> Session: Class initialized using 'CodeIgniter\Session\Handlers\FileHandler' driver.
DEBUG - 2026-05-14 01:55:20 --> Session: Class initialized using 'CodeIgniter\Session\Handlers\FileHandler' driver.
DEBUG - 2026-05-14 01:55:20 --> Session: Class initialized using 'CodeIgniter\Session\Handlers\FileHandler' driver.
DEBUG - 2026-05-14 01:56:43 --> Session: Class initialized using 'CodeIgniter\Session\Handlers\FileHandler' driver.
DEBUG - 2026-05-14 01:56:49 --> Session: Class initialized using 'CodeIgniter\Session\Handlers\FileHandler' driver.
DEBUG - 2026-05-14 01:56:49 --> Session: Class initialized using 'CodeIgniter\Session\Handlers\FileHandler' driver.
DEBUG - 2026-05-14 01:56:52 --> Session: Class initialized using 'CodeIgniter\Session\Handlers\FileHandler' driver.
DEBUG - 2026-05-14 01:56:53 --> Session: Class initialized using 'CodeIgniter\Session\Handlers\FileHandler' driver.
DEBUG - 2026-05-14 01:57:45 --> Session: Class initialized using 'CodeIgniter\Session\Handlers\FileHandler' driver.
DEBUG - 2026-05-14 01:59:30 --> Session: Class initialized using 'CodeIgniter\Session\Handlers\FileHandler' driver.
DEBUG - 2026-05-14 01:59:32 --> Session: Class initialized using 'CodeIgniter\Session\Handlers\FileHandler' driver.
DEBUG - 2026-05-14 01:59:33 --> Session: Class initialized using 'CodeIgniter\Session\Handlers\FileHandler' driver.
DEBUG - 2026-05-14 02:03:52 --> Session: Class initialized using 'CodeIgniter\Session\Handlers\FileHandler' driver.
DEBUG - 2026-05-14 02:09:05 --> Session: Class initialized using 'CodeIgniter\Session\Handlers\FileHandler' driver.
DEBUG - 2026-05-14 02:09:13 --> Session: Class initialized using 'CodeIgniter\Session\Handlers\FileHandler' driver.
DEBUG - 2026-05-14 02:09:13 --> Session: Class initialized using 'CodeIgniter\Session\Handlers\FileHandler' driver.
DEBUG - 2026-05-14 02:09:16 --> Session: Class initialized using 'CodeIgniter\Session\Handlers\FileHandler' driver.
DEBUG - 2026-05-14 02:09:16 --> Session: Class initialized using 'CodeIgniter\Session\Handlers\FileHandler' driver.
DEBUG - 2026-05-14 02:09:22 --> Session: Class initialized using 'CodeIgniter\Session\Handlers\FileHandler' driver.
DEBUG - 2026-05-14 02:09:22 --> Session: Class initialized using 'CodeIgniter\Session\Handlers\FileHandler' driver.
DEBUG - 2026-05-14 02:09:24 --> Session: Class initialized using 'CodeIgniter\Session\Handlers\FileHandler' driver.
DEBUG - 2026-05-14 02:09:24 --> Session: Class initialized using 'CodeIgniter\Session\Handlers\FileHandler' driver.
DEBUG - 2026-05-14 02:09:26 --> Session: Class initialized using 'CodeIgniter\Session\Handlers\FileHandler' driver.
DEBUG - 2026-05-14 02:09:26 --> Session: Class initialized using 'CodeIgniter\Session\Handlers\FileHandler' driver.
DEBUG - 2026-05-14 02:09:53 --> Session: Class initialized using 'CodeIgniter\Session\Handlers\FileHandler' driver.
DEBUG - 2026-05-14 02:09:55 --> Session: Class initialized using 'CodeIgniter\Session\Handlers\FileHandler' driver.
DEBUG - 2026-05-14 02:09:55 --> Session: Class initialized using 'CodeIgniter\Session\Handlers\FileHandler' driver.
DEBUG - 2026-05-14 02:11:52 --> Session: Class initialized using 'CodeIgniter\Session\Handlers\FileHandler' driver.
DEBUG - 2026-05-14 02:11:54 --> Session: Class initialized using 'CodeIgniter\Session\Handlers\FileHandler' driver.
DEBUG - 2026-05-14 02:11:54 --> Session: Class initialized using 'CodeIgniter\Session\Handlers\FileHandler' driver.
DEBUG - 2026-05-14 09:11:59 --> Session: Class initialized using 'CodeIgniter\Session\Handlers\FileHandler' driver.
DEBUG - 2026-05-14 09:12:03 --> Session: Class initialized using 'CodeIgniter\Session\Handlers\FileHandler' driver.
DEBUG - 2026-05-14 02:12:03 --> Session: Class initialized using 'CodeIgniter\Session\Handlers\FileHandler' driver.
DEBUG - 2026-05-14 09:12:03 --> Session: Class initialized using 'CodeIgniter\Session\Handlers\FileHandler' driver.
DEBUG - 2026-05-14 09:12:03 --> Session: Class initialized using 'CodeIgniter\Session\Handlers\FileHandler' driver.
DEBUG - 2026-05-14 09:12:06 --> Session: Class initialized using 'CodeIgniter\Session\Handlers\FileHandler' driver.
DEBUG - 2026-05-14 02:12:15 --> Session: Class initialized using 'CodeIgniter\Session\Handlers\FileHandler' driver.
DEBUG - 2026-05-14 02:12:16 --> Session: Class initialized using 'CodeIgniter\Session\Handlers\FileHandler' driver.
DEBUG - 2026-05-14 02:12:35 --> Session: Class initialized using 'CodeIgniter\Session\Handlers\FileHandler' driver.
DEBUG - 2026-05-14 09:12:42 --> Session: Class initialized using 'CodeIgniter\Session\Handlers\FileHandler' driver.
DEBUG - 2026-05-14 02:12:42 --> Session: Class initialized using 'CodeIgniter\Session\Handlers\FileHandler' driver.
DEBUG - 2026-05-14 09:12:42 --> Session: Class initialized using 'CodeIgniter\Session\Handlers\FileHandler' driver.
DEBUG - 2026-05-14 09:12:42 --> Session: Class initialized using 'CodeIgniter\Session\Handlers\FileHandler' driver.
DEBUG - 2026-05-14 02:16:13 --> Session: Class initialized using 'CodeIgniter\Session\Handlers\FileHandler' driver.
DEBUG - 2026-05-14 02:16:13 --> Session: Class initialized using 'CodeIgniter\Session\Handlers\FileHandler' driver.
DEBUG - 2026-05-14 02:16:20 --> Session: Class initialized using 'CodeIgniter\Session\Handlers\FileHandler' driver.
DEBUG - 2026-05-14 02:16:21 --> Session: Class initialized using 'CodeIgniter\Session\Handlers\FileHandler' driver.
DEBUG - 2026-05-14 09:16:25 --> Session: Class initialized using 'CodeIgniter\Session\Handlers\FileHandler' driver.
DEBUG - 2026-05-14 09:16:28 --> Session: Class initialized using 'CodeIgniter\Session\Handlers\FileHandler' driver.
DEBUG - 2026-05-14 02:16:28 --> Session: Class initialized using 'CodeIgniter\Session\Handlers\FileHandler' driver.
DEBUG - 2026-05-14 09:16:29 --> Session: Class initialized using 'CodeIgniter\Session\Handlers\FileHandler' driver.
DEBUG - 2026-05-14 09:16:29 --> Session: Class initialized using 'CodeIgniter\Session\Handlers\FileHandler' driver.
DEBUG - 2026-05-14 02:22:58 --> Session: Class initialized using 'CodeIgniter\Session\Handlers\FileHandler' driver.
DEBUG - 2026-05-14 02:22:59 --> Session: Class initialized using 'CodeIgniter\Session\Handlers\FileHandler' driver.
DEBUG - 2026-05-14 09:23:09 --> Session: Class initialized using 'CodeIgniter\Session\Handlers\FileHandler' driver.
DEBUG - 2026-05-14 02:23:09 --> Session: Class initialized using 'CodeIgniter\Session\Handlers\FileHandler' driver.
DEBUG - 2026-05-14 09:23:09 --> Session: Class initialized using 'CodeIgniter\Session\Handlers\FileHandler' driver.
DEBUG - 2026-05-14 09:23:09 --> Session: Class initialized using 'CodeIgniter\Session\Handlers\FileHandler' driver.
DEBUG - 2026-05-14 09:23:11 --> Session: Class initialized using 'CodeIgniter\Session\Handlers\FileHandler' driver.
DEBUG - 2026-05-14 09:23:11 --> Session: Class initialized using 'CodeIgniter\Session\Handlers\FileHandler' driver.
DEBUG - 2026-05-14 09:23:11 --> Session: Class initialized using 'CodeIgniter\Session\Handlers\FileHandler' driver.
DEBUG - 2026-05-14 09:23:14 --> Session: Class initialized using 'CodeIgniter\Session\Handlers\FileHandler' driver.
DEBUG - 2026-05-14 09:23:14 --> Session: Class initialized using 'CodeIgniter\Session\Handlers\FileHandler' driver.
DEBUG - 2026-05-14 09:23:21 --> Session: Class initialized using 'CodeIgniter\Session\Handlers\FileHandler' driver.
DEBUG - 2026-05-14 09:23:25 --> Session: Class initialized using 'CodeIgniter\Session\Handlers\FileHandler' driver.
DEBUG - 2026-05-14 09:23:26 --> Session: Class initialized using 'CodeIgniter\Session\Handlers\FileHandler' driver.
DEBUG - 2026-05-14 09:23:28 --> Session: Class initialized using 'CodeIgniter\Session\Handlers\FileHandler' driver.
DEBUG - 2026-05-14 02:23:28 --> Session: Class initialized using 'CodeIgniter\Session\Handlers\FileHandler' driver.
DEBUG - 2026-05-14 09:23:28 --> Session: Class initialized using 'CodeIgniter\Session\Handlers\FileHandler' driver.
DEBUG - 2026-05-14 09:23:28 --> Session: Class initialized using 'CodeIgniter\Session\Handlers\FileHandler' driver.
DEBUG - 2026-05-14 09:23:30 --> Session: Class initialized using 'CodeIgniter\Session\Handlers\FileHandler' driver.
DEBUG - 2026-05-14 09:23:33 --> Session: Class initialized using 'CodeIgniter\Session\Handlers\FileHandler' driver.
DEBUG - 2026-05-14 09:23:33 --> Session: Class initialized using 'CodeIgniter\Session\Handlers\FileHandler' driver.
DEBUG - 2026-05-14 09:23:33 --> Session: Class initialized using 'CodeIgniter\Session\Handlers\FileHandler' driver.
DEBUG - 2026-05-14 09:23:40 --> Session: Class initialized using 'CodeIgniter\Session\Handlers\FileHandler' driver.
DEBUG - 2026-05-14 09:24:08 --> Session: Class initialized using 'CodeIgniter\Session\Handlers\FileHandler' driver.
DEBUG - 2026-05-14 02:24:08 --> Session: Class initialized using 'CodeIgniter\Session\Handlers\FileHandler' driver.
DEBUG - 2026-05-14 09:24:08 --> Session: Class initialized using 'CodeIgniter\Session\Handlers\FileHandler' driver.
DEBUG - 2026-05-14 09:24:08 --> Session: Class initialized using 'CodeIgniter\Session\Handlers\FileHandler' driver.
DEBUG - 2026-05-14 09:24:09 --> Session: Class initialized using 'CodeIgniter\Session\Handlers\FileHandler' driver.
DEBUG - 2026-05-14 09:24:09 --> Session: Class initialized using 'CodeIgniter\Session\Handlers\FileHandler' driver.
DEBUG - 2026-05-14 09:24:10 --> Session: Class initialized using 'CodeIgniter\Session\Handlers\FileHandler' driver.
DEBUG - 2026-05-14 09:24:12 --> Session: Class initialized using 'CodeIgniter\Session\Handlers\FileHandler' driver.
DEBUG - 2026-05-14 09:24:12 --> Session: Class initialized using 'CodeIgniter\Session\Handlers\FileHandler' driver.
DEBUG - 2026-05-14 09:28:13 --> Session: Class initialized using 'CodeIgniter\Session\Handlers\FileHandler' driver.
DEBUG - 2026-05-14 09:28:18 --> Session: Class initialized using 'CodeIgniter\Session\Handlers\FileHandler' driver.
DEBUG - 2026-05-14 02:28:18 --> Session: Class initialized using 'CodeIgniter\Session\Handlers\FileHandler' driver.
DEBUG - 2026-05-14 09:28:18 --> Session: Class initialized using 'CodeIgniter\Session\Handlers\FileHandler' driver.
DEBUG - 2026-05-14 09:28:18 --> Session: Class initialized using 'CodeIgniter\Session\Handlers\FileHandler' driver.
DEBUG - 2026-05-14 09:30:08 --> Session: Class initialized using 'CodeIgniter\Session\Handlers\FileHandler' driver.
DEBUG - 2026-05-14 09:30:09 --> Session: Class initialized using 'CodeIgniter\Session\Handlers\FileHandler' driver.
DEBUG - 2026-05-14 09:30:13 --> Session: Class initialized using 'CodeIgniter\Session\Handlers\FileHandler' driver.
DEBUG - 2026-05-14 02:30:13 --> Session: Class initialized using 'CodeIgniter\Session\Handlers\FileHandler' driver.
DEBUG - 2026-05-14 09:30:13 --> Session: Class initialized using 'CodeIgniter\Session\Handlers\FileHandler' driver.
DEBUG - 2026-05-14 09:30:13 --> Session: Class initialized using 'CodeIgniter\Session\Handlers\FileHandler' driver.
DEBUG - 2026-05-14 09:38:15 --> Session: Class initialized using 'CodeIgniter\Session\Handlers\FileHandler' driver.
DEBUG - 2026-05-14 09:38:18 --> Session: Class initialized using 'CodeIgniter\Session\Handlers\FileHandler' driver.
DEBUG - 2026-05-14 02:38:18 --> Session: Class initialized using 'CodeIgniter\Session\Handlers\FileHandler' driver.
DEBUG - 2026-05-14 09:38:18 --> Session: Class initialized using 'CodeIgniter\Session\Handlers\FileHandler' driver.
DEBUG - 2026-05-14 09:38:18 --> Session: Class initialized using 'CodeIgniter\Session\Handlers\FileHandler' driver.
DEBUG - 2026-05-14 02:38:30 --> Session: Class initialized using 'CodeIgniter\Session\Handlers\FileHandler' driver.
DEBUG - 2026-05-14 02:38:30 --> Session: Class initialized using 'CodeIgniter\Session\Handlers\FileHandler' driver.
DEBUG - 2026-05-14 09:38:31 --> Session: Class initialized using 'CodeIgniter\Session\Handlers\FileHandler' driver.
DEBUG - 2026-05-14 09:38:31 --> Session: Class initialized using 'CodeIgniter\Session\Handlers\FileHandler' driver.
DEBUG - 2026-05-14 02:38:36 --> Session: Class initialized using 'CodeIgniter\Session\Handlers\FileHandler' driver.
DEBUG - 2026-05-14 02:38:41 --> Session: Class initialized using 'CodeIgniter\Session\Handlers\FileHandler' driver.
DEBUG - 2026-05-14 02:38:41 --> Session: Class initialized using 'CodeIgniter\Session\Handlers\FileHandler' driver.
DEBUG - 2026-05-14 09:38:49 --> Session: Class initialized using 'CodeIgniter\Session\Handlers\FileHandler' driver.
DEBUG - 2026-05-14 09:38:53 --> Session: Class initialized using 'CodeIgniter\Session\Handlers\FileHandler' driver.
DEBUG - 2026-05-14 02:38:53 --> Session: Class initialized using 'CodeIgniter\Session\Handlers\FileHandler' driver.
DEBUG - 2026-05-14 02:39:09 --> Session: Class initialized using 'CodeIgniter\Session\Handlers\FileHandler' driver.
DEBUG - 2026-05-14 02:39:10 --> Session: Class initialized using 'CodeIgniter\Session\Handlers\FileHandler' driver.
DEBUG - 2026-05-14 02:39:11 --> Session: Class initialized using 'CodeIgniter\Session\Handlers\FileHandler' driver.
DEBUG - 2026-05-14 02:39:11 --> Session: Class initialized using 'CodeIgniter\Session\Handlers\FileHandler' driver.
DEBUG - 2026-05-14 02:39:11 --> Session: Class initialized using 'CodeIgniter\Session\Handlers\FileHandler' driver.
DEBUG - 2026-05-14 09:39:14 --> Session: Class initialized using 'CodeIgniter\Session\Handlers\FileHandler' driver.
DEBUG - 2026-05-14 09:39:14 --> Session: Class initialized using 'CodeIgniter\Session\Handlers\FileHandler' driver.
DEBUG - 2026-05-14 02:39:18 --> Session: Class initialized using 'CodeIgniter\Session\Handlers\FileHandler' driver.
DEBUG - 2026-05-14 02:39:18 --> Session: Class initialized using 'CodeIgniter\Session\Handlers\FileHandler' driver.
DEBUG - 2026-05-14 02:39:21 --> Session: Class initialized using 'CodeIgniter\Session\Handlers\FileHandler' driver.
DEBUG - 2026-05-14 02:39:21 --> Session: Class initialized using 'CodeIgniter\Session\Handlers\FileHandler' driver.
DEBUG - 2026-05-14 02:39:41 --> Session: Class initialized using 'CodeIgniter\Session\Handlers\FileHandler' driver.
DEBUG - 2026-05-14 02:39:41 --> Session: Class initialized using 'CodeIgniter\Session\Handlers\FileHandler' driver.
DEBUG - 2026-05-14 09:39:45 --> Session: Class initialized using 'CodeIgniter\Session\Handlers\FileHandler' driver.
DEBUG - 2026-05-14 09:39:46 --> Session: Class initialized using 'CodeIgniter\Session\Handlers\FileHandler' driver.
DEBUG - 2026-05-14 09:39:48 --> Session: Class initialized using 'CodeIgniter\Session\Handlers\FileHandler' driver.
DEBUG - 2026-05-14 02:39:49 --> Session: Class initialized using 'CodeIgniter\Session\Handlers\FileHandler' driver.
DEBUG - 2026-05-14 09:39:59 --> Session: Class initialized using 'CodeIgniter\Session\Handlers\FileHandler' driver.
DEBUG - 2026-05-14 09:39:59 --> Session: Class initialized using 'CodeIgniter\Session\Handlers\FileHandler' driver.
DEBUG - 2026-05-14 09:40:02 --> Session: Class initialized using 'CodeIgniter\Session\Handlers\FileHandler' driver.
DEBUG - 2026-05-14 02:40:02 --> Session: Class initialized using 'CodeIgniter\Session\Handlers\FileHandler' driver.
DEBUG - 2026-05-14 09:40:05 --> Session: Class initialized using 'CodeIgniter\Session\Handlers\FileHandler' driver.
DEBUG - 2026-05-14 09:40:05 --> Session: Class initialized using 'CodeIgniter\Session\Handlers\FileHandler' driver.
DEBUG - 2026-05-14 09:40:12 --> Session: Class initialized using 'CodeIgniter\Session\Handlers\FileHandler' driver.
DEBUG - 2026-05-14 02:40:12 --> Session: Class initialized using 'CodeIgniter\Session\Handlers\FileHandler' driver.
DEBUG - 2026-05-14 02:40:13 --> Session: Class initialized using 'CodeIgniter\Session\Handlers\FileHandler' driver.
DEBUG - 2026-05-14 02:40:22 --> Session: Class initialized using 'CodeIgniter\Session\Handlers\FileHandler' driver.
DEBUG - 2026-05-14 02:40:22 --> Session: Class initialized using 'CodeIgniter\Session\Handlers\FileHandler' driver.
DEBUG - 2026-05-14 09:40:24 --> Session: Class initialized using 'CodeIgniter\Session\Handlers\FileHandler' driver.
DEBUG - 2026-05-14 09:40:25 --> Session: Class initialized using 'CodeIgniter\Session\Handlers\FileHandler' driver.
DEBUG - 2026-05-14 09:40:27 --> Session: Class initialized using 'CodeIgniter\Session\Handlers\FileHandler' driver.
DEBUG - 2026-05-14 09:40:27 --> Session: Class initialized using 'CodeIgniter\Session\Handlers\FileHandler' driver.
DEBUG - 2026-05-14 02:40:36 --> Session: Class initialized using 'CodeIgniter\Session\Handlers\FileHandler' driver.
DEBUG - 2026-05-14 02:40:40 --> Session: Class initialized using 'CodeIgniter\Session\Handlers\FileHandler' driver.
DEBUG - 2026-05-14 02:40:41 --> Session: Class initialized using 'CodeIgniter\Session\Handlers\FileHandler' driver.
DEBUG - 2026-05-14 02:40:42 --> Session: Class initialized using 'CodeIgniter\Session\Handlers\FileHandler' driver.
DEBUG - 2026-05-14 09:40:48 --> Session: Class initialized using 'CodeIgniter\Session\Handlers\FileHandler' driver.
DEBUG - 2026-05-14 02:40:49 --> Session: Class initialized using 'CodeIgniter\Session\Handlers\FileHandler' driver.
DEBUG - 2026-05-14 09:40:49 --> Session: Class initialized using 'CodeIgniter\Session\Handlers\FileHandler' driver.
DEBUG - 2026-05-14 09:40:49 --> Session: Class initialized using 'CodeIgniter\Session\Handlers\FileHandler' driver.
DEBUG - 2026-05-14 02:44:40 --> Session: Class initialized using 'CodeIgniter\Session\Handlers\FileHandler' driver.
DEBUG - 2026-05-14 09:44:47 --> Session: Class initialized using 'CodeIgniter\Session\Handlers\FileHandler' driver.
DEBUG - 2026-05-14 09:44:47 --> Session: Class initialized using 'CodeIgniter\Session\Handlers\FileHandler' driver.
DEBUG - 2026-05-14 09:44:49 --> Session: Class initialized using 'CodeIgniter\Session\Handlers\FileHandler' driver.
DEBUG - 2026-05-14 02:44:50 --> Session: Class initialized using 'CodeIgniter\Session\Handlers\FileHandler' driver.
DEBUG - 2026-05-14 09:44:50 --> Session: Class initialized using 'CodeIgniter\Session\Handlers\FileHandler' driver.
DEBUG - 2026-05-14 09:44:50 --> Session: Class initialized using 'CodeIgniter\Session\Handlers\FileHandler' driver.
DEBUG - 2026-05-14 09:45:01 --> Session: Class initialized using 'CodeIgniter\Session\Handlers\FileHandler' driver.
DEBUG - 2026-05-14 02:45:01 --> Session: Class initialized using 'CodeIgniter\Session\Handlers\FileHandler' driver.
DEBUG - 2026-05-14 09:45:04 --> Session: Class initialized using 'CodeIgniter\Session\Handlers\FileHandler' driver.
DEBUG - 2026-05-14 09:45:04 --> Session: Class initialized using 'CodeIgniter\Session\Handlers\FileHandler' driver.
DEBUG - 2026-05-14 09:46:17 --> Session: Class initialized using 'CodeIgniter\Session\Handlers\FileHandler' driver.
DEBUG - 2026-05-14 09:46:19 --> Session: Class initialized using 'CodeIgniter\Session\Handlers\FileHandler' driver.
DEBUG - 2026-05-14 09:46:19 --> Session: Class initialized using 'CodeIgniter\Session\Handlers\FileHandler' driver.
DEBUG - 2026-05-14 02:46:20 --> Session: Class initialized using 'CodeIgniter\Session\Handlers\FileHandler' driver.
DEBUG - 2026-05-14 09:46:20 --> Session: Class initialized using 'CodeIgniter\Session\Handlers\FileHandler' driver.
DEBUG - 2026-05-14 09:46:20 --> Session: Class initialized using 'CodeIgniter\Session\Handlers\FileHandler' driver.
DEBUG - 2026-05-14 09:46:21 --> Session: Class initialized using 'CodeIgniter\Session\Handlers\FileHandler' driver.
DEBUG - 2026-05-14 09:46:21 --> Session: Class initialized using 'CodeIgniter\Session\Handlers\FileHandler' driver.
DEBUG - 2026-05-14 09:46:23 --> Session: Class initialized using 'CodeIgniter\Session\Handlers\FileHandler' driver.
DEBUG - 2026-05-14 09:46:25 --> Session: Class initialized using 'CodeIgniter\Session\Handlers\FileHandler' driver.
DEBUG - 2026-05-14 09:46:27 --> Session: Class initialized using 'CodeIgniter\Session\Handlers\FileHandler' driver.
DEBUG - 2026-05-14 02:46:27 --> Session: Class initialized using 'CodeIgniter\Session\Handlers\FileHandler' driver.
DEBUG - 2026-05-14 02:46:48 --> Session: Class initialized using 'CodeIgniter\Session\Handlers\FileHandler' driver.
DEBUG - 2026-05-14 09:46:49 --> Session: Class initialized using 'CodeIgniter\Session\Handlers\FileHandler' driver.
DEBUG - 2026-05-14 09:46:49 --> Session: Class initialized using 'CodeIgniter\Session\Handlers\FileHandler' driver.
DEBUG - 2026-05-14 09:46:50 --> Session: Class initialized using 'CodeIgniter\Session\Handlers\FileHandler' driver.
DEBUG - 2026-05-14 09:46:50 --> Session: Class initialized using 'CodeIgniter\Session\Handlers\FileHandler' driver.
DEBUG - 2026-05-14 09:46:52 --> Session: Class initialized using 'CodeIgniter\Session\Handlers\FileHandler' driver.
DEBUG - 2026-05-14 02:46:52 --> Session: Class initialized using 'CodeIgniter\Session\Handlers\FileHandler' driver.
DEBUG - 2026-05-14 09:46:52 --> Session: Class initialized using 'CodeIgniter\Session\Handlers\FileHandler' driver.
DEBUG - 2026-05-14 09:46:52 --> Session: Class initialized using 'CodeIgniter\Session\Handlers\FileHandler' driver.
DEBUG - 2026-05-14 09:51:37 --> Session: Class initialized using 'CodeIgniter\Session\Handlers\FileHandler' driver.
DEBUG - 2026-05-14 09:51:40 --> Session: Class initialized using 'CodeIgniter\Session\Handlers\FileHandler' driver.
DEBUG - 2026-05-14 02:51:40 --> Session: Class initialized using 'CodeIgniter\Session\Handlers\FileHandler' driver.
DEBUG - 2026-05-14 09:51:40 --> Session: Class initialized using 'CodeIgniter\Session\Handlers\FileHandler' driver.
DEBUG - 2026-05-14 09:51:43 --> Session: Class initialized using 'CodeIgniter\Session\Handlers\FileHandler' driver.
DEBUG - 2026-05-14 02:51:43 --> Session: Class initialized using 'CodeIgniter\Session\Handlers\FileHandler' driver.
DEBUG - 2026-05-14 09:51:43 --> Session: Class initialized using 'CodeIgniter\Session\Handlers\FileHandler' driver.
DEBUG - 2026-05-14 09:51:51 --> Session: Class initialized using 'CodeIgniter\Session\Handlers\FileHandler' driver.
DEBUG - 2026-05-14 02:51:52 --> Session: Class initialized using 'CodeIgniter\Session\Handlers\FileHandler' driver.
DEBUG - 2026-05-14 09:51:52 --> Session: Class initialized using 'CodeIgniter\Session\Handlers\FileHandler' driver.
DEBUG - 2026-05-14 09:51:57 --> Session: Class initialized using 'CodeIgniter\Session\Handlers\FileHandler' driver.
DEBUG - 2026-05-14 02:51:57 --> Session: Class initialized using 'CodeIgniter\Session\Handlers\FileHandler' driver.
DEBUG - 2026-05-14 09:51:57 --> Session: Class initialized using 'CodeIgniter\Session\Handlers\FileHandler' driver.
DEBUG - 2026-05-14 09:52:02 --> Session: Class initialized using 'CodeIgniter\Session\Handlers\FileHandler' driver.
DEBUG - 2026-05-14 09:52:02 --> Session: Class initialized using 'CodeIgniter\Session\Handlers\FileHandler' driver.
DEBUG - 2026-05-14 09:52:06 --> Session: Class initialized using 'CodeIgniter\Session\Handlers\FileHandler' driver.
DEBUG - 2026-05-14 09:52:07 --> Session: Class initialized using 'CodeIgniter\Session\Handlers\FileHandler' driver.
DEBUG - 2026-05-14 09:52:12 --> Session: Class initialized using 'CodeIgniter\Session\Handlers\FileHandler' driver.
DEBUG - 2026-05-14 09:52:12 --> Session: Class initialized using 'CodeIgniter\Session\Handlers\FileHandler' driver.
DEBUG - 2026-05-14 09:52:16 --> Session: Class initialized using 'CodeIgniter\Session\Handlers\FileHandler' driver.
DEBUG - 2026-05-14 09:52:20 --> Session: Class initialized using 'CodeIgniter\Session\Handlers\FileHandler' driver.
DEBUG - 2026-05-14 02:52:20 --> Session: Class initialized using 'CodeIgniter\Session\Handlers\FileHandler' driver.
DEBUG - 2026-05-14 09:52:21 --> Session: Class initialized using 'CodeIgniter\Session\Handlers\FileHandler' driver.
DEBUG - 2026-05-14 09:53:27 --> Session: Class initialized using 'CodeIgniter\Session\Handlers\FileHandler' driver.
DEBUG - 2026-05-14 09:53:30 --> Session: Class initialized using 'CodeIgniter\Session\Handlers\FileHandler' driver.
DEBUG - 2026-05-14 09:53:30 --> Session: Class initialized using 'CodeIgniter\Session\Handlers\FileHandler' driver.
DEBUG - 2026-05-14 09:53:33 --> Session: Class initialized using 'CodeIgniter\Session\Handlers\FileHandler' driver.
DEBUG - 2026-05-14 09:53:33 --> Session: Class initialized using 'CodeIgniter\Session\Handlers\FileHandler' driver.
DEBUG - 2026-05-14 09:53:34 --> Session: Class initialized using 'CodeIgniter\Session\Handlers\FileHandler' driver.
DEBUG - 2026-05-14 09:53:37 --> Session: Class initialized using 'CodeIgniter\Session\Handlers\FileHandler' driver.
DEBUG - 2026-05-14 02:53:37 --> Session: Class initialized using 'CodeIgniter\Session\Handlers\FileHandler' driver.
DEBUG - 2026-05-14 09:53:38 --> Session: Class initialized using 'CodeIgniter\Session\Handlers\FileHandler' driver.
DEBUG - 2026-05-14 09:53:38 --> Session: Class initialized using 'CodeIgniter\Session\Handlers\FileHandler' driver.
DEBUG - 2026-05-14 09:53:41 --> Session: Class initialized using 'CodeIgniter\Session\Handlers\FileHandler' driver.
DEBUG - 2026-05-14 09:53:44 --> Session: Class initialized using 'CodeIgniter\Session\Handlers\FileHandler' driver.
DEBUG - 2026-05-14 02:53:44 --> Session: Class initialized using 'CodeIgniter\Session\Handlers\FileHandler' driver.
DEBUG - 2026-05-14 02:55:11 --> Session: Class initialized using 'CodeIgniter\Session\Handlers\FileHandler' driver.
DEBUG - 2026-05-14 09:55:12 --> Session: Class initialized using 'CodeIgniter\Session\Handlers\FileHandler' driver.
DEBUG - 2026-05-14 09:55:12 --> Session: Class initialized using 'CodeIgniter\Session\Handlers\FileHandler' driver.
DEBUG - 2026-05-14 09:55:15 --> Session: Class initialized using 'CodeIgniter\Session\Handlers\FileHandler' driver.
DEBUG - 2026-05-14 02:55:15 --> Session: Class initialized using 'CodeIgniter\Session\Handlers\FileHandler' driver.
DEBUG - 2026-05-14 02:55:20 --> Session: Class initialized using 'CodeIgniter\Session\Handlers\FileHandler' driver.
DEBUG - 2026-05-14 02:55:23 --> Session: Class initialized using 'CodeIgniter\Session\Handlers\FileHandler' driver.
WARNING - 2026-05-14 09:55:23 --> [DEPRECATED] number_format(): Passing null to parameter #1 ($num) of type float is deprecated in APPPATH\Views\admin\closing_view.php on line 19.
 1 APPPATH\Views\admin\closing_view.php(19): number_format(null, 0, ',', '.')
 2 SYSTEMPATH\View\View.php(226): include('C:\\xampp\\htdocs\\kasirpos\\app\\Views\\admin\\closing_view.php')
 3 SYSTEMPATH\View\View.php(229): CodeIgniter\View\View->CodeIgniter\View\{closure}()
 4 SYSTEMPATH\Common.php(1167): CodeIgniter\View\View->render('admin/closing_view', [], true)
 5 APPPATH\Controllers\Admin.php(883): view('admin/closing_view', [...])
 6 SYSTEMPATH\CodeIgniter.php(933): App\Controllers\Admin->closing_kasir()
 7 SYSTEMPATH\CodeIgniter.php(507): CodeIgniter\CodeIgniter->runController(Object(App\Controllers\Admin))
 8 SYSTEMPATH\CodeIgniter.php(354): CodeIgniter\CodeIgniter->handleRequest(null, Object(Config\Cache), false)
 9 SYSTEMPATH\Boot.php(363): CodeIgniter\CodeIgniter->run()
10 SYSTEMPATH\Boot.php(68): CodeIgniter\Boot::runCodeIgniter(Object(CodeIgniter\CodeIgniter))
11 FCPATH\index.php(59): CodeIgniter\Boot::bootWeb(Object(Config\Paths))
12 SYSTEMPATH\rewrite.php(44): require_once('C:\\xampp\\htdocs\\kasirpos\\public\\index.php')
WARNING - 2026-05-14 09:55:23 --> [DEPRECATED] number_format(): Passing null to parameter #1 ($num) of type float is deprecated in APPPATH\Views\admin\closing_view.php on line 45.
 1 APPPATH\Views\admin\closing_view.php(45): number_format(null, 0, ',', '.')
 2 SYSTEMPATH\View\View.php(226): include('C:\\xampp\\htdocs\\kasirpos\\app\\Views\\admin\\closing_view.php')
 3 SYSTEMPATH\View\View.php(229): CodeIgniter\View\View->CodeIgniter\View\{closure}()
 4 SYSTEMPATH\Common.php(1167): CodeIgniter\View\View->render('admin/closing_view', [], true)
 5 APPPATH\Controllers\Admin.php(883): view('admin/closing_view', [...])
 6 SYSTEMPATH\CodeIgniter.php(933): App\Controllers\Admin->closing_kasir()
 7 SYSTEMPATH\CodeIgniter.php(507): CodeIgniter\CodeIgniter->runController(Object(App\Controllers\Admin))
 8 SYSTEMPATH\CodeIgniter.php(354): CodeIgniter\CodeIgniter->handleRequest(null, Object(Config\Cache), false)
 9 SYSTEMPATH\Boot.php(363): CodeIgniter\CodeIgniter->run()
10 SYSTEMPATH\Boot.php(68): CodeIgniter\Boot::runCodeIgniter(Object(CodeIgniter\CodeIgniter))
11 FCPATH\index.php(59): CodeIgniter\Boot::bootWeb(Object(Config\Paths))
12 SYSTEMPATH\rewrite.php(44): require_once('C:\\xampp\\htdocs\\kasirpos\\public\\index.php')
DEBUG - 2026-05-14 02:55:24 --> Session: Class initialized using 'CodeIgniter\Session\Handlers\FileHandler' driver.
DEBUG - 2026-05-14 02:55:27 --> Session: Class initialized using 'CodeIgniter\Session\Handlers\FileHandler' driver.
DEBUG - 2026-05-14 02:55:29 --> Session: Class initialized using 'CodeIgniter\Session\Handlers\FileHandler' driver.
DEBUG - 2026-05-14 02:55:31 --> Session: Class initialized using 'CodeIgniter\Session\Handlers\FileHandler' driver.
DEBUG - 2026-05-14 02:55:32 --> Session: Class initialized using 'CodeIgniter\Session\Handlers\FileHandler' driver.
DEBUG - 2026-05-14 09:56:20 --> Session: Class initialized using 'CodeIgniter\Session\Handlers\FileHandler' driver.
DEBUG - 2026-05-14 09:56:20 --> Session: Class initialized using 'CodeIgniter\Session\Handlers\FileHandler' driver.
DEBUG - 2026-05-14 02:56:22 --> Session: Class initialized using 'CodeIgniter\Session\Handlers\FileHandler' driver.
DEBUG - 2026-05-14 06:25:46 --> Session: Class initialized using 'CodeIgniter\Session\Handlers\FileHandler' driver.
DEBUG - 2026-05-14 13:25:46 --> Session: Class initialized using 'CodeIgniter\Session\Handlers\FileHandler' driver.
DEBUG - 2026-05-14 13:25:52 --> Session: Class initialized using 'CodeIgniter\Session\Handlers\FileHandler' driver.
DEBUG - 2026-05-14 06:25:52 --> Session: Class initialized using 'CodeIgniter\Session\Handlers\FileHandler' driver.
DEBUG - 2026-05-14 13:25:55 --> Session: Class initialized using 'CodeIgniter\Session\Handlers\FileHandler' driver.
DEBUG - 2026-05-14 13:25:55 --> Session: Class initialized using 'CodeIgniter\Session\Handlers\FileHandler' driver.
DEBUG - 2026-05-14 13:25:58 --> Session: Class initialized using 'CodeIgniter\Session\Handlers\FileHandler' driver.
DEBUG - 2026-05-14 06:25:58 --> Session: Class initialized using 'CodeIgniter\Session\Handlers\FileHandler' driver.
DEBUG - 2026-05-14 06:26:15 --> Session: Class initialized using 'CodeIgniter\Session\Handlers\FileHandler' driver.
DEBUG - 2026-05-14 06:26:17 --> Session: Class initialized using 'CodeIgniter\Session\Handlers\FileHandler' driver.
DEBUG - 2026-05-14 06:27:04 --> Session: Class initialized using 'CodeIgniter\Session\Handlers\FileHandler' driver.
DEBUG - 2026-05-14 13:27:04 --> Session: Class initialized using 'CodeIgniter\Session\Handlers\FileHandler' driver.
DEBUG - 2026-05-14 13:27:07 --> Session: Class initialized using 'CodeIgniter\Session\Handlers\FileHandler' driver.
DEBUG - 2026-05-14 06:27:08 --> Session: Class initialized using 'CodeIgniter\Session\Handlers\FileHandler' driver.
DEBUG - 2026-05-14 06:27:10 --> Session: Class initialized using 'CodeIgniter\Session\Handlers\FileHandler' driver.
DEBUG - 2026-05-14 06:27:13 --> Session: Class initialized using 'CodeIgniter\Session\Handlers\FileHandler' driver.
DEBUG - 2026-05-14 06:27:13 --> Session: Class initialized using 'CodeIgniter\Session\Handlers\FileHandler' driver.
DEBUG - 2026-05-14 06:27:16 --> Session: Class initialized using 'CodeIgniter\Session\Handlers\FileHandler' driver.
DEBUG - 2026-05-14 06:27:16 --> Session: Class initialized using 'CodeIgniter\Session\Handlers\FileHandler' driver.
DEBUG - 2026-05-14 06:27:20 --> Session: Class initialized using 'CodeIgniter\Session\Handlers\FileHandler' driver.
DEBUG - 2026-05-14 06:27:22 --> Session: Class initialized using 'CodeIgniter\Session\Handlers\FileHandler' driver.
DEBUG - 2026-05-14 06:27:25 --> Session: Class initialized using 'CodeIgniter\Session\Handlers\FileHandler' driver.
DEBUG - 2026-05-14 06:27:54 --> Session: Class initialized using 'CodeIgniter\Session\Handlers\FileHandler' driver.
DEBUG - 2026-05-14 06:27:54 --> Session: Class initialized using 'CodeIgniter\Session\Handlers\FileHandler' driver.
DEBUG - 2026-05-14 06:27:58 --> Session: Class initialized using 'CodeIgniter\Session\Handlers\FileHandler' driver.
DEBUG - 2026-05-14 06:27:58 --> Session: Class initialized using 'CodeIgniter\Session\Handlers\FileHandler' driver.
DEBUG - 2026-05-14 06:33:07 --> Session: Class initialized using 'CodeIgniter\Session\Handlers\FileHandler' driver.
DEBUG - 2026-05-14 06:33:09 --> Session: Class initialized using 'CodeIgniter\Session\Handlers\FileHandler' driver.
DEBUG - 2026-05-14 06:33:13 --> Session: Class initialized using 'CodeIgniter\Session\Handlers\FileHandler' driver.
DEBUG - 2026-05-14 06:33:13 --> Session: Class initialized using 'CodeIgniter\Session\Handlers\FileHandler' driver.
DEBUG - 2026-05-14 06:33:17 --> Session: Class initialized using 'CodeIgniter\Session\Handlers\FileHandler' driver.
DEBUG - 2026-05-14 06:33:17 --> Session: Class initialized using 'CodeIgniter\Session\Handlers\FileHandler' driver.
DEBUG - 2026-05-14 06:33:19 --> Session: Class initialized using 'CodeIgniter\Session\Handlers\FileHandler' driver.
DEBUG - 2026-05-14 06:33:19 --> Session: Class initialized using 'CodeIgniter\Session\Handlers\FileHandler' driver.
DEBUG - 2026-05-14 06:33:22 --> Session: Class initialized using 'CodeIgniter\Session\Handlers\FileHandler' driver.
DEBUG - 2026-05-14 06:33:23 --> Session: Class initialized using 'CodeIgniter\Session\Handlers\FileHandler' driver.
DEBUG - 2026-05-14 06:33:25 --> Session: Class initialized using 'CodeIgniter\Session\Handlers\FileHandler' driver.
DEBUG - 2026-05-14 06:33:25 --> Session: Class initialized using 'CodeIgniter\Session\Handlers\FileHandler' driver.
DEBUG - 2026-05-14 06:33:27 --> Session: Class initialized using 'CodeIgniter\Session\Handlers\FileHandler' driver.
DEBUG - 2026-05-14 06:33:27 --> Session: Class initialized using 'CodeIgniter\Session\Handlers\FileHandler' driver.
DEBUG - 2026-05-14 06:33:31 --> Session: Class initialized using 'CodeIgniter\Session\Handlers\FileHandler' driver.
DEBUG - 2026-05-14 06:33:31 --> Session: Class initialized using 'CodeIgniter\Session\Handlers\FileHandler' driver.
DEBUG - 2026-05-14 06:33:34 --> Session: Class initialized using 'CodeIgniter\Session\Handlers\FileHandler' driver.
DEBUG - 2026-05-14 06:33:34 --> Session: Class initialized using 'CodeIgniter\Session\Handlers\FileHandler' driver.
DEBUG - 2026-05-14 06:33:36 --> Session: Class initialized using 'CodeIgniter\Session\Handlers\FileHandler' driver.
DEBUG - 2026-05-14 06:33:36 --> Session: Class initialized using 'CodeIgniter\Session\Handlers\FileHandler' driver.
DEBUG - 2026-05-14 06:33:41 --> Session: Class initialized using 'CodeIgniter\Session\Handlers\FileHandler' driver.
DEBUG - 2026-05-14 06:33:42 --> Session: Class initialized using 'CodeIgniter\Session\Handlers\FileHandler' driver.
DEBUG - 2026-05-14 06:33:54 --> Session: Class initialized using 'CodeIgniter\Session\Handlers\FileHandler' driver.
DEBUG - 2026-05-14 06:33:54 --> Session: Class initialized using 'CodeIgniter\Session\Handlers\FileHandler' driver.
DEBUG - 2026-05-14 06:40:06 --> Session: Class initialized using 'CodeIgniter\Session\Handlers\FileHandler' driver.
DEBUG - 2026-05-14 06:40:08 --> Session: Class initialized using 'CodeIgniter\Session\Handlers\FileHandler' driver.
DEBUG - 2026-05-14 06:40:08 --> Session: Class initialized using 'CodeIgniter\Session\Handlers\FileHandler' driver.
DEBUG - 2026-05-14 06:40:10 --> Session: Class initialized using 'CodeIgniter\Session\Handlers\FileHandler' driver.
DEBUG - 2026-05-14 06:40:10 --> Session: Class initialized using 'CodeIgniter\Session\Handlers\FileHandler' driver.
DEBUG - 2026-05-14 06:40:16 --> Session: Class initialized using 'CodeIgniter\Session\Handlers\FileHandler' driver.
DEBUG - 2026-05-14 06:40:17 --> Session: Class initialized using 'CodeIgniter\Session\Handlers\FileHandler' driver.
DEBUG - 2026-05-14 06:40:21 --> Session: Class initialized using 'CodeIgniter\Session\Handlers\FileHandler' driver.
DEBUG - 2026-05-14 06:40:21 --> Session: Class initialized using 'CodeIgniter\Session\Handlers\FileHandler' driver.
DEBUG - 2026-05-14 06:40:22 --> Session: Class initialized using 'CodeIgniter\Session\Handlers\FileHandler' driver.
DEBUG - 2026-05-14 06:40:22 --> Session: Class initialized using 'CodeIgniter\Session\Handlers\FileHandler' driver.
DEBUG - 2026-05-14 06:43:12 --> Session: Class initialized using 'CodeIgniter\Session\Handlers\FileHandler' driver.
DEBUG - 2026-05-14 06:43:19 --> Session: Class initialized using 'CodeIgniter\Session\Handlers\FileHandler' driver.
DEBUG - 2026-05-14 06:43:19 --> Session: Class initialized using 'CodeIgniter\Session\Handlers\FileHandler' driver.
DEBUG - 2026-05-14 06:43:26 --> Session: Class initialized using 'CodeIgniter\Session\Handlers\FileHandler' driver.
DEBUG - 2026-05-14 06:43:26 --> Session: Class initialized using 'CodeIgniter\Session\Handlers\FileHandler' driver.
DEBUG - 2026-05-14 06:45:02 --> Session: Class initialized using 'CodeIgniter\Session\Handlers\FileHandler' driver.
DEBUG - 2026-05-14 06:45:06 --> Session: Class initialized using 'CodeIgniter\Session\Handlers\FileHandler' driver.
DEBUG - 2026-05-14 06:45:06 --> Session: Class initialized using 'CodeIgniter\Session\Handlers\FileHandler' driver.
DEBUG - 2026-05-14 06:45:08 --> Session: Class initialized using 'CodeIgniter\Session\Handlers\FileHandler' driver.
DEBUG - 2026-05-14 06:45:08 --> Session: Class initialized using 'CodeIgniter\Session\Handlers\FileHandler' driver.
DEBUG - 2026-05-14 06:45:39 --> Session: Class initialized using 'CodeIgniter\Session\Handlers\FileHandler' driver.
DEBUG - 2026-05-14 06:45:40 --> Session: Class initialized using 'CodeIgniter\Session\Handlers\FileHandler' driver.
DEBUG - 2026-05-14 06:45:40 --> Session: Class initialized using 'CodeIgniter\Session\Handlers\FileHandler' driver.
DEBUG - 2026-05-14 06:45:43 --> Session: Class initialized using 'CodeIgniter\Session\Handlers\FileHandler' driver.
DEBUG - 2026-05-14 06:45:43 --> Session: Class initialized using 'CodeIgniter\Session\Handlers\FileHandler' driver.
DEBUG - 2026-05-14 06:47:52 --> Session: Class initialized using 'CodeIgniter\Session\Handlers\FileHandler' driver.
DEBUG - 2026-05-14 06:47:54 --> Session: Class initialized using 'CodeIgniter\Session\Handlers\FileHandler' driver.
DEBUG - 2026-05-14 06:47:54 --> Session: Class initialized using 'CodeIgniter\Session\Handlers\FileHandler' driver.
DEBUG - 2026-05-14 06:48:24 --> Session: Class initialized using 'CodeIgniter\Session\Handlers\FileHandler' driver.
DEBUG - 2026-05-14 06:48:26 --> Session: Class initialized using 'CodeIgniter\Session\Handlers\FileHandler' driver.
DEBUG - 2026-05-14 06:48:27 --> Session: Class initialized using 'CodeIgniter\Session\Handlers\FileHandler' driver.
DEBUG - 2026-05-14 06:48:49 --> Session: Class initialized using 'CodeIgniter\Session\Handlers\FileHandler' driver.
DEBUG - 2026-05-14 06:48:49 --> Session: Class initialized using 'CodeIgniter\Session\Handlers\FileHandler' driver.
DEBUG - 2026-05-14 06:48:53 --> Session: Class initialized using 'CodeIgniter\Session\Handlers\FileHandler' driver.
DEBUG - 2026-05-14 06:48:53 --> Session: Class initialized using 'CodeIgniter\Session\Handlers\FileHandler' driver.
DEBUG - 2026-05-14 13:48:57 --> Session: Class initialized using 'CodeIgniter\Session\Handlers\FileHandler' driver.
DEBUG - 2026-05-14 13:48:58 --> Session: Class initialized using 'CodeIgniter\Session\Handlers\FileHandler' driver.
DEBUG - 2026-05-14 13:49:02 --> Session: Class initialized using 'CodeIgniter\Session\Handlers\FileHandler' driver.
DEBUG - 2026-05-14 13:49:02 --> Session: Class initialized using 'CodeIgniter\Session\Handlers\FileHandler' driver.
DEBUG - 2026-05-14 13:49:05 --> Session: Class initialized using 'CodeIgniter\Session\Handlers\FileHandler' driver.
DEBUG - 2026-05-14 06:49:05 --> Session: Class initialized using 'CodeIgniter\Session\Handlers\FileHandler' driver.
DEBUG - 2026-05-14 06:49:17 --> Session: Class initialized using 'CodeIgniter\Session\Handlers\FileHandler' driver.
DEBUG - 2026-05-14 06:49:17 --> Session: Class initialized using 'CodeIgniter\Session\Handlers\FileHandler' driver.
DEBUG - 2026-05-14 06:49:18 --> Session: Class initialized using 'CodeIgniter\Session\Handlers\FileHandler' driver.
DEBUG - 2026-05-14 06:49:21 --> Session: Class initialized using 'CodeIgniter\Session\Handlers\FileHandler' driver.
DEBUG - 2026-05-14 06:49:22 --> Session: Class initialized using 'CodeIgniter\Session\Handlers\FileHandler' driver.
DEBUG - 2026-05-14 06:49:23 --> Session: Class initialized using 'CodeIgniter\Session\Handlers\FileHandler' driver.
DEBUG - 2026-05-14 06:49:27 --> Session: Class initialized using 'CodeIgniter\Session\Handlers\FileHandler' driver.
DEBUG - 2026-05-14 06:49:30 --> Session: Class initialized using 'CodeIgniter\Session\Handlers\FileHandler' driver.
DEBUG - 2026-05-14 06:49:32 --> Session: Class initialized using 'CodeIgniter\Session\Handlers\FileHandler' driver.
DEBUG - 2026-05-14 06:52:12 --> Session: Class initialized using 'CodeIgniter\Session\Handlers\FileHandler' driver.
DEBUG - 2026-05-14 06:55:37 --> Session: Class initialized using 'CodeIgniter\Session\Handlers\FileHandler' driver.
DEBUG - 2026-05-14 06:57:16 --> Session: Class initialized using 'CodeIgniter\Session\Handlers\FileHandler' driver.
DEBUG - 2026-05-14 06:57:22 --> Session: Class initialized using 'CodeIgniter\Session\Handlers\FileHandler' driver.
DEBUG - 2026-05-14 07:02:04 --> Session: Class initialized using 'CodeIgniter\Session\Handlers\FileHandler' driver.
DEBUG - 2026-05-14 07:02:09 --> Session: Class initialized using 'CodeIgniter\Session\Handlers\FileHandler' driver.
DEBUG - 2026-05-14 07:02:10 --> Session: Class initialized using 'CodeIgniter\Session\Handlers\FileHandler' driver.
DEBUG - 2026-05-14 07:02:12 --> Session: Class initialized using 'CodeIgniter\Session\Handlers\FileHandler' driver.
DEBUG - 2026-05-14 07:02:15 --> Session: Class initialized using 'CodeIgniter\Session\Handlers\FileHandler' driver.
DEBUG - 2026-05-14 07:02:17 --> Session: Class initialized using 'CodeIgniter\Session\Handlers\FileHandler' driver.
DEBUG - 2026-05-14 07:02:32 --> Session: Class initialized using 'CodeIgniter\Session\Handlers\FileHandler' driver.
WARNING - 2026-05-14 14:02:32 --> [DEPRECATED] number_format(): Passing null to parameter #1 ($num) of type float is deprecated in APPPATH\Views\admin\closing_view.php on line 19.
 1 APPPATH\Views\admin\closing_view.php(19): number_format(null, 0, ',', '.')
 2 SYSTEMPATH\View\View.php(226): include('C:\\xampp\\htdocs\\kasirpos\\app\\Views\\admin\\closing_view.php')
 3 SYSTEMPATH\View\View.php(229): CodeIgniter\View\View->CodeIgniter\View\{closure}()
 4 SYSTEMPATH\Common.php(1167): CodeIgniter\View\View->render('admin/closing_view', [], true)
 5 APPPATH\Controllers\Admin.php(884): view('admin/closing_view', [...])
 6 SYSTEMPATH\CodeIgniter.php(933): App\Controllers\Admin->closing_kasir()
 7 SYSTEMPATH\CodeIgniter.php(507): CodeIgniter\CodeIgniter->runController(Object(App\Controllers\Admin))
 8 SYSTEMPATH\CodeIgniter.php(354): CodeIgniter\CodeIgniter->handleRequest(null, Object(Config\Cache), false)
 9 SYSTEMPATH\Boot.php(363): CodeIgniter\CodeIgniter->run()
10 SYSTEMPATH\Boot.php(68): CodeIgniter\Boot::runCodeIgniter(Object(CodeIgniter\CodeIgniter))
11 FCPATH\index.php(59): CodeIgniter\Boot::bootWeb(Object(Config\Paths))
12 SYSTEMPATH\rewrite.php(44): require_once('C:\\xampp\\htdocs\\kasirpos\\public\\index.php')
WARNING - 2026-05-14 14:02:32 --> [DEPRECATED] number_format(): Passing null to parameter #1 ($num) of type float is deprecated in APPPATH\Views\admin\closing_view.php on line 45.
 1 APPPATH\Views\admin\closing_view.php(45): number_format(null, 0, ',', '.')
 2 SYSTEMPATH\View\View.php(226): include('C:\\xampp\\htdocs\\kasirpos\\app\\Views\\admin\\closing_view.php')
 3 SYSTEMPATH\View\View.php(229): CodeIgniter\View\View->CodeIgniter\View\{closure}()
 4 SYSTEMPATH\Common.php(1167): CodeIgniter\View\View->render('admin/closing_view', [], true)
 5 APPPATH\Controllers\Admin.php(884): view('admin/closing_view', [...])
 6 SYSTEMPATH\CodeIgniter.php(933): App\Controllers\Admin->closing_kasir()
 7 SYSTEMPATH\CodeIgniter.php(507): CodeIgniter\CodeIgniter->runController(Object(App\Controllers\Admin))
 8 SYSTEMPATH\CodeIgniter.php(354): CodeIgniter\CodeIgniter->handleRequest(null, Object(Config\Cache), false)
 9 SYSTEMPATH\Boot.php(363): CodeIgniter\CodeIgniter->run()
10 SYSTEMPATH\Boot.php(68): CodeIgniter\Boot::runCodeIgniter(Object(CodeIgniter\CodeIgniter))
11 FCPATH\index.php(59): CodeIgniter\Boot::bootWeb(Object(Config\Paths))
12 SYSTEMPATH\rewrite.php(44): require_once('C:\\xampp\\htdocs\\kasirpos\\public\\index.php')
DEBUG - 2026-05-14 14:02:36 --> Session: Class initialized using 'CodeIgniter\Session\Handlers\FileHandler' driver.
DEBUG - 2026-05-14 14:02:36 --> Session: Class initialized using 'CodeIgniter\Session\Handlers\FileHandler' driver.
DEBUG - 2026-05-14 07:02:37 --> Session: Class initialized using 'CodeIgniter\Session\Handlers\FileHandler' driver.
WARNING - 2026-05-14 14:02:37 --> [DEPRECATED] number_format(): Passing null to parameter #1 ($num) of type float is deprecated in APPPATH\Views\admin\closing_view.php on line 19.
 1 APPPATH\Views\admin\closing_view.php(19): number_format(null, 0, ',', '.')
 2 SYSTEMPATH\View\View.php(226): include('C:\\xampp\\htdocs\\kasirpos\\app\\Views\\admin\\closing_view.php')
 3 SYSTEMPATH\View\View.php(229): CodeIgniter\View\View->CodeIgniter\View\{closure}()
 4 SYSTEMPATH\Common.php(1167): CodeIgniter\View\View->render('admin/closing_view', [], true)
 5 APPPATH\Controllers\Admin.php(884): view('admin/closing_view', [...])
 6 SYSTEMPATH\CodeIgniter.php(933): App\Controllers\Admin->closing_kasir()
 7 SYSTEMPATH\CodeIgniter.php(507): CodeIgniter\CodeIgniter->runController(Object(App\Controllers\Admin))
 8 SYSTEMPATH\CodeIgniter.php(354): CodeIgniter\CodeIgniter->handleRequest(null, Object(Config\Cache), false)
 9 SYSTEMPATH\Boot.php(363): CodeIgniter\CodeIgniter->run()
10 SYSTEMPATH\Boot.php(68): CodeIgniter\Boot::runCodeIgniter(Object(CodeIgniter\CodeIgniter))
11 FCPATH\index.php(59): CodeIgniter\Boot::bootWeb(Object(Config\Paths))
12 SYSTEMPATH\rewrite.php(44): require_once('C:\\xampp\\htdocs\\kasirpos\\public\\index.php')
WARNING - 2026-05-14 14:02:37 --> [DEPRECATED] number_format(): Passing null to parameter #1 ($num) of type float is deprecated in APPPATH\Views\admin\closing_view.php on line 45.
 1 APPPATH\Views\admin\closing_view.php(45): number_format(null, 0, ',', '.')
 2 SYSTEMPATH\View\View.php(226): include('C:\\xampp\\htdocs\\kasirpos\\app\\Views\\admin\\closing_view.php')
 3 SYSTEMPATH\View\View.php(229): CodeIgniter\View\View->CodeIgniter\View\{closure}()
 4 SYSTEMPATH\Common.php(1167): CodeIgniter\View\View->render('admin/closing_view', [], true)
 5 APPPATH\Controllers\Admin.php(884): view('admin/closing_view', [...])
 6 SYSTEMPATH\CodeIgniter.php(933): App\Controllers\Admin->closing_kasir()
 7 SYSTEMPATH\CodeIgniter.php(507): CodeIgniter\CodeIgniter->runController(Object(App\Controllers\Admin))
 8 SYSTEMPATH\CodeIgniter.php(354): CodeIgniter\CodeIgniter->handleRequest(null, Object(Config\Cache), false)
 9 SYSTEMPATH\Boot.php(363): CodeIgniter\CodeIgniter->run()
10 SYSTEMPATH\Boot.php(68): CodeIgniter\Boot::runCodeIgniter(Object(CodeIgniter\CodeIgniter))
11 FCPATH\index.php(59): CodeIgniter\Boot::bootWeb(Object(Config\Paths))
12 SYSTEMPATH\rewrite.php(44): require_once('C:\\xampp\\htdocs\\kasirpos\\public\\index.php')
DEBUG - 2026-05-14 07:02:47 --> Session: Class initialized using 'CodeIgniter\Session\Handlers\FileHandler' driver.
DEBUG - 2026-05-14 07:02:48 --> Session: Class initialized using 'CodeIgniter\Session\Handlers\FileHandler' driver.
DEBUG - 2026-05-14 07:02:49 --> Session: Class initialized using 'CodeIgniter\Session\Handlers\FileHandler' driver.
DEBUG - 2026-05-14 07:02:56 --> Session: Class initialized using 'CodeIgniter\Session\Handlers\FileHandler' driver.
DEBUG - 2026-05-14 07:02:56 --> Session: Class initialized using 'CodeIgniter\Session\Handlers\FileHandler' driver.
DEBUG - 2026-05-14 07:02:59 --> Session: Class initialized using 'CodeIgniter\Session\Handlers\FileHandler' driver.
DEBUG - 2026-05-14 07:03:08 --> Session: Class initialized using 'CodeIgniter\Session\Handlers\FileHandler' driver.
DEBUG - 2026-05-14 07:03:08 --> Session: Class initialized using 'CodeIgniter\Session\Handlers\FileHandler' driver.
DEBUG - 2026-05-14 07:03:09 --> Session: Class initialized using 'CodeIgniter\Session\Handlers\FileHandler' driver.
DEBUG - 2026-05-14 07:03:12 --> Session: Class initialized using 'CodeIgniter\Session\Handlers\FileHandler' driver.
DEBUG - 2026-05-14 07:03:12 --> Session: Class initialized using 'CodeIgniter\Session\Handlers\FileHandler' driver.
DEBUG - 2026-05-14 07:03:13 --> Session: Class initialized using 'CodeIgniter\Session\Handlers\FileHandler' driver.
DEBUG - 2026-05-14 14:03:16 --> Session: Class initialized using 'CodeIgniter\Session\Handlers\FileHandler' driver.
DEBUG - 2026-05-14 14:03:16 --> Session: Class initialized using 'CodeIgniter\Session\Handlers\FileHandler' driver.
DEBUG - 2026-05-14 07:03:20 --> Session: Class initialized using 'CodeIgniter\Session\Handlers\FileHandler' driver.
DEBUG - 2026-05-14 07:03:21 --> Session: Class initialized using 'CodeIgniter\Session\Handlers\FileHandler' driver.
DEBUG - 2026-05-14 07:03:21 --> Session: Class initialized using 'CodeIgniter\Session\Handlers\FileHandler' driver.
DEBUG - 2026-05-14 07:03:22 --> Session: Class initialized using 'CodeIgniter\Session\Handlers\FileHandler' driver.
DEBUG - 2026-05-14 07:03:22 --> Session: Class initialized using 'CodeIgniter\Session\Handlers\FileHandler' driver.
DEBUG - 2026-05-14 07:03:23 --> Session: Class initialized using 'CodeIgniter\Session\Handlers\FileHandler' driver.
DEBUG - 2026-05-14 07:03:23 --> Session: Class initialized using 'CodeIgniter\Session\Handlers\FileHandler' driver.
DEBUG - 2026-05-14 07:03:23 --> Session: Class initialized using 'CodeIgniter\Session\Handlers\FileHandler' driver.
DEBUG - 2026-05-14 07:03:24 --> Session: Class initialized using 'CodeIgniter\Session\Handlers\FileHandler' driver.
DEBUG - 2026-05-14 07:03:25 --> Session: Class initialized using 'CodeIgniter\Session\Handlers\FileHandler' driver.
DEBUG - 2026-05-14 14:03:44 --> Session: Class initialized using 'CodeIgniter\Session\Handlers\FileHandler' driver.
DEBUG - 2026-05-14 14:03:44 --> Session: Class initialized using 'CodeIgniter\Session\Handlers\FileHandler' driver.
DEBUG - 2026-05-14 07:03:47 --> Session: Class initialized using 'CodeIgniter\Session\Handlers\FileHandler' driver.
DEBUG - 2026-05-14 07:03:48 --> Session: Class initialized using 'CodeIgniter\Session\Handlers\FileHandler' driver.
DEBUG - 2026-05-14 07:03:49 --> Session: Class initialized using 'CodeIgniter\Session\Handlers\FileHandler' driver.
DEBUG - 2026-05-14 07:03:51 --> Session: Class initialized using 'CodeIgniter\Session\Handlers\FileHandler' driver.
DEBUG - 2026-05-14 07:03:53 --> Session: Class initialized using 'CodeIgniter\Session\Handlers\FileHandler' driver.
DEBUG - 2026-05-14 07:03:54 --> Session: Class initialized using 'CodeIgniter\Session\Handlers\FileHandler' driver.
DEBUG - 2026-05-14 07:04:12 --> Session: Class initialized using 'CodeIgniter\Session\Handlers\FileHandler' driver.
DEBUG - 2026-05-14 07:04:25 --> Session: Class initialized using 'CodeIgniter\Session\Handlers\FileHandler' driver.
DEBUG - 2026-05-14 07:04:27 --> Session: Class initialized using 'CodeIgniter\Session\Handlers\FileHandler' driver.
DEBUG - 2026-05-14 07:04:29 --> Session: Class initialized using 'CodeIgniter\Session\Handlers\FileHandler' driver.
DEBUG - 2026-05-14 07:04:32 --> Session: Class initialized using 'CodeIgniter\Session\Handlers\FileHandler' driver.
DEBUG - 2026-05-14 07:04:46 --> Session: Class initialized using 'CodeIgniter\Session\Handlers\FileHandler' driver.
DEBUG - 2026-05-14 07:04:46 --> Session: Class initialized using 'CodeIgniter\Session\Handlers\FileHandler' driver.
DEBUG - 2026-05-14 14:04:58 --> Session: Class initialized using 'CodeIgniter\Session\Handlers\FileHandler' driver.
DEBUG - 2026-05-14 14:04:58 --> Session: Class initialized using 'CodeIgniter\Session\Handlers\FileHandler' driver.
DEBUG - 2026-05-14 14:05:03 --> Session: Class initialized using 'CodeIgniter\Session\Handlers\FileHandler' driver.
DEBUG - 2026-05-14 14:05:03 --> Session: Class initialized using 'CodeIgniter\Session\Handlers\FileHandler' driver.
DEBUG - 2026-05-14 14:05:06 --> Session: Class initialized using 'CodeIgniter\Session\Handlers\FileHandler' driver.
DEBUG - 2026-05-14 14:05:06 --> Session: Class initialized using 'CodeIgniter\Session\Handlers\FileHandler' driver.
DEBUG - 2026-05-14 14:05:07 --> Session: Class initialized using 'CodeIgniter\Session\Handlers\FileHandler' driver.
DEBUG - 2026-05-14 14:05:10 --> Session: Class initialized using 'CodeIgniter\Session\Handlers\FileHandler' driver.
DEBUG - 2026-05-14 14:05:10 --> Session: Class initialized using 'CodeIgniter\Session\Handlers\FileHandler' driver.
DEBUG - 2026-05-14 14:05:25 --> Session: Class initialized using 'CodeIgniter\Session\Handlers\FileHandler' driver.
DEBUG - 2026-05-14 14:05:39 --> Session: Class initialized using 'CodeIgniter\Session\Handlers\FileHandler' driver.
DEBUG - 2026-05-14 07:05:42 --> Session: Class initialized using 'CodeIgniter\Session\Handlers\FileHandler' driver.
DEBUG - 2026-05-14 07:06:06 --> Session: Class initialized using 'CodeIgniter\Session\Handlers\FileHandler' driver.
DEBUG - 2026-05-14 07:06:08 --> Session: Class initialized using 'CodeIgniter\Session\Handlers\FileHandler' driver.
DEBUG - 2026-05-14 07:06:13 --> Session: Class initialized using 'CodeIgniter\Session\Handlers\FileHandler' driver.
DEBUG - 2026-05-14 07:06:18 --> Session: Class initialized using 'CodeIgniter\Session\Handlers\FileHandler' driver.
DEBUG - 2026-05-14 07:06:19 --> Session: Class initialized using 'CodeIgniter\Session\Handlers\FileHandler' driver.
DEBUG - 2026-05-14 07:06:34 --> Session: Class initialized using 'CodeIgniter\Session\Handlers\FileHandler' driver.
DEBUG - 2026-05-14 14:06:44 --> Session: Class initialized using 'CodeIgniter\Session\Handlers\FileHandler' driver.
DEBUG - 2026-05-14 14:06:44 --> Session: Class initialized using 'CodeIgniter\Session\Handlers\FileHandler' driver.
DEBUG - 2026-05-14 14:06:46 --> Session: Class initialized using 'CodeIgniter\Session\Handlers\FileHandler' driver.
DEBUG - 2026-05-14 14:06:46 --> Session: Class initialized using 'CodeIgniter\Session\Handlers\FileHandler' driver.
DEBUG - 2026-05-14 14:06:47 --> Session: Class initialized using 'CodeIgniter\Session\Handlers\FileHandler' driver.
DEBUG - 2026-05-14 14:06:47 --> Session: Class initialized using 'CodeIgniter\Session\Handlers\FileHandler' driver.
DEBUG - 2026-05-14 14:06:49 --> Session: Class initialized using 'CodeIgniter\Session\Handlers\FileHandler' driver.
DEBUG - 2026-05-14 07:07:02 --> Session: Class initialized using 'CodeIgniter\Session\Handlers\FileHandler' driver.
DEBUG - 2026-05-14 07:59:23 --> Session: Class initialized using 'CodeIgniter\Session\Handlers\FileHandler' driver.
DEBUG - 2026-05-14 07:59:24 --> Session: Class initialized using 'CodeIgniter\Session\Handlers\FileHandler' driver.
DEBUG - 2026-05-14 07:59:25 --> Session: Class initialized using 'CodeIgniter\Session\Handlers\FileHandler' driver.
DEBUG - 2026-05-14 07:59:35 --> Session: Class initialized using 'CodeIgniter\Session\Handlers\FileHandler' driver.
DEBUG - 2026-05-14 07:59:49 --> Session: Class initialized using 'CodeIgniter\Session\Handlers\FileHandler' driver.
DEBUG - 2026-05-14 07:59:50 --> Session: Class initialized using 'CodeIgniter\Session\Handlers\FileHandler' driver.
DEBUG - 2026-05-14 07:59:50 --> Session: Class initialized using 'CodeIgniter\Session\Handlers\FileHandler' driver.
DEBUG - 2026-05-14 07:59:51 --> Session: Class initialized using 'CodeIgniter\Session\Handlers\FileHandler' driver.
DEBUG - 2026-05-14 07:59:51 --> Session: Class initialized using 'CodeIgniter\Session\Handlers\FileHandler' driver.
DEBUG - 2026-05-14 08:00:33 --> Session: Class initialized using 'CodeIgniter\Session\Handlers\FileHandler' driver.
DEBUG - 2026-05-14 08:00:33 --> Session: Class initialized using 'CodeIgniter\Session\Handlers\FileHandler' driver.
DEBUG - 2026-05-14 08:00:34 --> Session: Class initialized using 'CodeIgniter\Session\Handlers\FileHandler' driver.
DEBUG - 2026-05-14 08:00:34 --> Session: Class initialized using 'CodeIgniter\Session\Handlers\FileHandler' driver.
DEBUG - 2026-05-14 08:02:14 --> Session: Class initialized using 'CodeIgniter\Session\Handlers\FileHandler' driver.
DEBUG - 2026-05-14 08:03:36 --> Session: Class initialized using 'CodeIgniter\Session\Handlers\FileHandler' driver.
DEBUG - 2026-05-14 08:03:36 --> Session: Class initialized using 'CodeIgniter\Session\Handlers\FileHandler' driver.
DEBUG - 2026-05-14 08:03:37 --> Session: Class initialized using 'CodeIgniter\Session\Handlers\FileHandler' driver.
DEBUG - 2026-05-14 08:03:37 --> Session: Class initialized using 'CodeIgniter\Session\Handlers\FileHandler' driver.
DEBUG - 2026-05-14 08:03:38 --> Session: Class initialized using 'CodeIgniter\Session\Handlers\FileHandler' driver.
ERROR - 2026-05-14 15:03:38 --> mysqli_sql_exception: Table 'db_kasir.users' doesn't exist in C:\xampp\htdocs\kasirpos\system\Database\MySQLi\Connection.php:327
Stack trace:
#0 C:\xampp\htdocs\kasirpos\system\Database\MySQLi\Connection.php(327): mysqli->query('SELECT `a`.*, `...', 0)
#1 C:\xampp\htdocs\kasirpos\system\Database\BaseConnection.php(729): CodeIgniter\Database\MySQLi\Connection->execute('SELECT `a`.*, `...')
#2 C:\xampp\htdocs\kasirpos\system\Database\BaseConnection.php(646): CodeIgniter\Database\BaseConnection->simpleQuery('SELECT `a`.*, `...')
#3 C:\xampp\htdocs\kasirpos\system\Database\BaseBuilder.php(1649): CodeIgniter\Database\BaseConnection->query('SELECT `a`.*, `...', Array, false)
#4 C:\xampp\htdocs\kasirpos\app\Controllers\Absensi.php(30): CodeIgniter\Database\BaseBuilder->get()
#5 C:\xampp\htdocs\kasirpos\system\CodeIgniter.php(933): App\Controllers\Absensi->export_excel_native()
#6 C:\xampp\htdocs\kasirpos\system\CodeIgniter.php(507): CodeIgniter\CodeIgniter->runController(Object(App\Controllers\Absensi))
#7 C:\xampp\htdocs\kasirpos\system\CodeIgniter.php(354): CodeIgniter\CodeIgniter->handleRequest(NULL, Object(Config\Cache), false)
#8 C:\xampp\htdocs\kasirpos\system\Boot.php(363): CodeIgniter\CodeIgniter->run()
#9 C:\xampp\htdocs\kasirpos\system\Boot.php(68): CodeIgniter\Boot::runCodeIgniter(Object(CodeIgniter\CodeIgniter))
#10 C:\xampp\htdocs\kasirpos\public\index.php(59): CodeIgniter\Boot::bootWeb(Object(Config\Paths))
#11 C:\xampp\htdocs\kasirpos\system\rewrite.php(44): require_once('C:\\xampp\\htdocs...')
#12 {main}
CRITICAL - 2026-05-14 15:03:38 --> CodeIgniter\Database\Exceptions\DatabaseException: Table 'db_kasir.users' doesn't exist
[Method: GET, Route: admin/absensi/export_excel_native]
in SYSTEMPATH\Database\BaseConnection.php on line 684.
 1 SYSTEMPATH\Database\BaseBuilder.php(1649): CodeIgniter\Database\BaseConnection->query('SELECT `a`.*, `u`.`username`, `s`.`nama_shift`
FROM `absensi` `a`
JOIN `users` `u` ON `u`.`id_user` = `a`.`id_user`
JOIN `shift` `s` ON `s`.`id_shift` = `a`.`id_shift`
WHERE `a`.`tanggal` >= :a.tanggal:
AND `a`.`tanggal` <= :a.tanggal.1:
ORDER BY `a`.`tanggal` DESC', [...], false)
 2 APPPATH\Controllers\Absensi.php(30): CodeIgniter\Database\BaseBuilder->get()
 3 SYSTEMPATH\CodeIgniter.php(933): App\Controllers\Absensi->export_excel_native()
 4 SYSTEMPATH\CodeIgniter.php(507): CodeIgniter\CodeIgniter->runController(Object(App\Controllers\Absensi))
 5 SYSTEMPATH\CodeIgniter.php(354): CodeIgniter\CodeIgniter->handleRequest(null, Object(Config\Cache), false)
 6 SYSTEMPATH\Boot.php(363): CodeIgniter\CodeIgniter->run()
 7 SYSTEMPATH\Boot.php(68): CodeIgniter\Boot::runCodeIgniter(Object(CodeIgniter\CodeIgniter))
 8 FCPATH\index.php(59): CodeIgniter\Boot::bootWeb(Object(Config\Paths))
 9 SYSTEMPATH\rewrite.php(44): require_once('C:\\xampp\\htdocs\\kasirpos\\public\\index.php')
CRITICAL - 2026-05-14 15:03:38 --> [Caused by] CodeIgniter\Database\Exceptions\DatabaseException: Table 'db_kasir.users' doesn't exist
in SYSTEMPATH\Database\MySQLi\Connection.php on line 332.
 1 SYSTEMPATH\Database\BaseConnection.php(729): CodeIgniter\Database\MySQLi\Connection->execute('SELECT `a`.*, `u`.`username`, `s`.`nama_shift`
FROM `absensi` `a`
JOIN `users` `u` ON `u`.`id_user` = `a`.`id_user`
JOIN `shift` `s` ON `s`.`id_shift` = `a`.`id_shift`
WHERE `a`.`tanggal` >= \'2026-05-01\'
AND `a`.`tanggal` <= \'2026-05-14\'
ORDER BY `a`.`tanggal` DESC')
 2 SYSTEMPATH\Database\BaseConnection.php(646): CodeIgniter\Database\BaseConnection->simpleQuery('SELECT `a`.*, `u`.`username`, `s`.`nama_shift`
FROM `absensi` `a`
JOIN `users` `u` ON `u`.`id_user` = `a`.`id_user`
JOIN `shift` `s` ON `s`.`id_shift` = `a`.`id_shift`
WHERE `a`.`tanggal` >= \'2026-05-01\'
AND `a`.`tanggal` <= \'2026-05-14\'
ORDER BY `a`.`tanggal` DESC')
 3 SYSTEMPATH\Database\BaseBuilder.php(1649): CodeIgniter\Database\BaseConnection->query('SELECT `a`.*, `u`.`username`, `s`.`nama_shift`
FROM `absensi` `a`
JOIN `users` `u` ON `u`.`id_user` = `a`.`id_user`
JOIN `shift` `s` ON `s`.`id_shift` = `a`.`id_shift`
WHERE `a`.`tanggal` >= :a.tanggal:
AND `a`.`tanggal` <= :a.tanggal.1:
ORDER BY `a`.`tanggal` DESC', [...], false)
 4 APPPATH\Controllers\Absensi.php(30): CodeIgniter\Database\BaseBuilder->get()
 5 SYSTEMPATH\CodeIgniter.php(933): App\Controllers\Absensi->export_excel_native()
 6 SYSTEMPATH\CodeIgniter.php(507): CodeIgniter\CodeIgniter->runController(Object(App\Controllers\Absensi))
 7 SYSTEMPATH\CodeIgniter.php(354): CodeIgniter\CodeIgniter->handleRequest(null, Object(Config\Cache), false)
 8 SYSTEMPATH\Boot.php(363): CodeIgniter\CodeIgniter->run()
 9 SYSTEMPATH\Boot.php(68): CodeIgniter\Boot::runCodeIgniter(Object(CodeIgniter\CodeIgniter))
10 FCPATH\index.php(59): CodeIgniter\Boot::bootWeb(Object(Config\Paths))
11 SYSTEMPATH\rewrite.php(44): require_once('C:\\xampp\\htdocs\\kasirpos\\public\\index.php')
CRITICAL - 2026-05-14 15:03:38 --> [Caused by] mysqli_sql_exception: Table 'db_kasir.users' doesn't exist
in SYSTEMPATH\Database\MySQLi\Connection.php on line 327.
 1 SYSTEMPATH\Database\MySQLi\Connection.php(327): mysqli->query('SELECT `a`.*, `u`.`username`, `s`.`nama_shift`
FROM `absensi` `a`
JOIN `users` `u` ON `u`.`id_user` = `a`.`id_user`
JOIN `shift` `s` ON `s`.`id_shift` = `a`.`id_shift`
WHERE `a`.`tanggal` >= \'2026-05-01\'
AND `a`.`tanggal` <= \'2026-05-14\'
ORDER BY `a`.`tanggal` DESC', 0)
 2 SYSTEMPATH\Database\BaseConnection.php(729): CodeIgniter\Database\MySQLi\Connection->execute('SELECT `a`.*, `u`.`username`, `s`.`nama_shift`
FROM `absensi` `a`
JOIN `users` `u` ON `u`.`id_user` = `a`.`id_user`
JOIN `shift` `s` ON `s`.`id_shift` = `a`.`id_shift`
WHERE `a`.`tanggal` >= \'2026-05-01\'
AND `a`.`tanggal` <= \'2026-05-14\'
ORDER BY `a`.`tanggal` DESC')
 3 SYSTEMPATH\Database\BaseConnection.php(646): CodeIgniter\Database\BaseConnection->simpleQuery('SELECT `a`.*, `u`.`username`, `s`.`nama_shift`
FROM `absensi` `a`
JOIN `users` `u` ON `u`.`id_user` = `a`.`id_user`
JOIN `shift` `s` ON `s`.`id_shift` = `a`.`id_shift`
WHERE `a`.`tanggal` >= \'2026-05-01\'
AND `a`.`tanggal` <= \'2026-05-14\'
ORDER BY `a`.`tanggal` DESC')
 4 SYSTEMPATH\Database\BaseBuilder.php(1649): CodeIgniter\Database\BaseConnection->query('SELECT `a`.*, `u`.`username`, `s`.`nama_shift`
FROM `absensi` `a`
JOIN `users` `u` ON `u`.`id_user` = `a`.`id_user`
JOIN `shift` `s` ON `s`.`id_shift` = `a`.`id_shift`
WHERE `a`.`tanggal` >= :a.tanggal:
AND `a`.`tanggal` <= :a.tanggal.1:
ORDER BY `a`.`tanggal` DESC', [...], false)
 5 APPPATH\Controllers\Absensi.php(30): CodeIgniter\Database\BaseBuilder->get()
 6 SYSTEMPATH\CodeIgniter.php(933): App\Controllers\Absensi->export_excel_native()
 7 SYSTEMPATH\CodeIgniter.php(507): CodeIgniter\CodeIgniter->runController(Object(App\Controllers\Absensi))
 8 SYSTEMPATH\CodeIgniter.php(354): CodeIgniter\CodeIgniter->handleRequest(null, Object(Config\Cache), false)
 9 SYSTEMPATH\Boot.php(363): CodeIgniter\CodeIgniter->run()
10 SYSTEMPATH\Boot.php(68): CodeIgniter\Boot::runCodeIgniter(Object(CodeIgniter\CodeIgniter))
11 FCPATH\index.php(59): CodeIgniter\Boot::bootWeb(Object(Config\Paths))
12 SYSTEMPATH\rewrite.php(44): require_once('C:\\xampp\\htdocs\\kasirpos\\public\\index.php')
DEBUG - 2026-05-14 08:04:21 --> Session: Class initialized using 'CodeIgniter\Session\Handlers\FileHandler' driver.
ERROR - 2026-05-14 15:04:21 --> mysqli_sql_exception: Table 'db_kasir.shift' doesn't exist in C:\xampp\htdocs\kasirpos\system\Database\MySQLi\Connection.php:327
Stack trace:
#0 C:\xampp\htdocs\kasirpos\system\Database\MySQLi\Connection.php(327): mysqli->query('SELECT `a`.*, `...', 0)
#1 C:\xampp\htdocs\kasirpos\system\Database\BaseConnection.php(729): CodeIgniter\Database\MySQLi\Connection->execute('SELECT `a`.*, `...')
#2 C:\xampp\htdocs\kasirpos\system\Database\BaseConnection.php(646): CodeIgniter\Database\BaseConnection->simpleQuery('SELECT `a`.*, `...')
#3 C:\xampp\htdocs\kasirpos\system\Database\BaseBuilder.php(1649): CodeIgniter\Database\BaseConnection->query('SELECT `a`.*, `...', Array, false)
#4 C:\xampp\htdocs\kasirpos\app\Controllers\Absensi.php(30): CodeIgniter\Database\BaseBuilder->get()
#5 C:\xampp\htdocs\kasirpos\system\CodeIgniter.php(933): App\Controllers\Absensi->export_excel_native()
#6 C:\xampp\htdocs\kasirpos\system\CodeIgniter.php(507): CodeIgniter\CodeIgniter->runController(Object(App\Controllers\Absensi))
#7 C:\xampp\htdocs\kasirpos\system\CodeIgniter.php(354): CodeIgniter\CodeIgniter->handleRequest(NULL, Object(Config\Cache), false)
#8 C:\xampp\htdocs\kasirpos\system\Boot.php(363): CodeIgniter\CodeIgniter->run()
#9 C:\xampp\htdocs\kasirpos\system\Boot.php(68): CodeIgniter\Boot::runCodeIgniter(Object(CodeIgniter\CodeIgniter))
#10 C:\xampp\htdocs\kasirpos\public\index.php(59): CodeIgniter\Boot::bootWeb(Object(Config\Paths))
#11 C:\xampp\htdocs\kasirpos\system\rewrite.php(44): require_once('C:\\xampp\\htdocs...')
#12 {main}
CRITICAL - 2026-05-14 15:04:21 --> CodeIgniter\Database\Exceptions\DatabaseException: Table 'db_kasir.shift' doesn't exist
[Method: GET, Route: admin/absensi/export_excel_native]
in SYSTEMPATH\Database\BaseConnection.php on line 684.
 1 SYSTEMPATH\Database\BaseBuilder.php(1649): CodeIgniter\Database\BaseConnection->query('SELECT `a`.*, `u`.`username`, `s`.`nama_shift`
FROM `absensi` `a`
JOIN `user` `u` ON `u`.`id_user` = `a`.`id_user`
JOIN `shift` `s` ON `s`.`id_shift` = `a`.`id_shift`
WHERE `a`.`tanggal` >= :a.tanggal:
AND `a`.`tanggal` <= :a.tanggal.1:
ORDER BY `a`.`tanggal` DESC', [...], false)
 2 APPPATH\Controllers\Absensi.php(30): CodeIgniter\Database\BaseBuilder->get()
 3 SYSTEMPATH\CodeIgniter.php(933): App\Controllers\Absensi->export_excel_native()
 4 SYSTEMPATH\CodeIgniter.php(507): CodeIgniter\CodeIgniter->runController(Object(App\Controllers\Absensi))
 5 SYSTEMPATH\CodeIgniter.php(354): CodeIgniter\CodeIgniter->handleRequest(null, Object(Config\Cache), false)
 6 SYSTEMPATH\Boot.php(363): CodeIgniter\CodeIgniter->run()
 7 SYSTEMPATH\Boot.php(68): CodeIgniter\Boot::runCodeIgniter(Object(CodeIgniter\CodeIgniter))
 8 FCPATH\index.php(59): CodeIgniter\Boot::bootWeb(Object(Config\Paths))
 9 SYSTEMPATH\rewrite.php(44): require_once('C:\\xampp\\htdocs\\kasirpos\\public\\index.php')
CRITICAL - 2026-05-14 15:04:21 --> [Caused by] CodeIgniter\Database\Exceptions\DatabaseException: Table 'db_kasir.shift' doesn't exist
in SYSTEMPATH\Database\MySQLi\Connection.php on line 332.
 1 SYSTEMPATH\Database\BaseConnection.php(729): CodeIgniter\Database\MySQLi\Connection->execute('SELECT `a`.*, `u`.`username`, `s`.`nama_shift`
FROM `absensi` `a`
JOIN `user` `u` ON `u`.`id_user` = `a`.`id_user`
JOIN `shift` `s` ON `s`.`id_shift` = `a`.`id_shift`
WHERE `a`.`tanggal` >= \'2026-05-01\'
AND `a`.`tanggal` <= \'2026-05-14\'
ORDER BY `a`.`tanggal` DESC')
 2 SYSTEMPATH\Database\BaseConnection.php(646): CodeIgniter\Database\BaseConnection->simpleQuery('SELECT `a`.*, `u`.`username`, `s`.`nama_shift`
FROM `absensi` `a`
JOIN `user` `u` ON `u`.`id_user` = `a`.`id_user`
JOIN `shift` `s` ON `s`.`id_shift` = `a`.`id_shift`
WHERE `a`.`tanggal` >= \'2026-05-01\'
AND `a`.`tanggal` <= \'2026-05-14\'
ORDER BY `a`.`tanggal` DESC')
 3 SYSTEMPATH\Database\BaseBuilder.php(1649): CodeIgniter\Database\BaseConnection->query('SELECT `a`.*, `u`.`username`, `s`.`nama_shift`
FROM `absensi` `a`
JOIN `user` `u` ON `u`.`id_user` = `a`.`id_user`
JOIN `shift` `s` ON `s`.`id_shift` = `a`.`id_shift`
WHERE `a`.`tanggal` >= :a.tanggal:
AND `a`.`tanggal` <= :a.tanggal.1:
ORDER BY `a`.`tanggal` DESC', [...], false)
 4 APPPATH\Controllers\Absensi.php(30): CodeIgniter\Database\BaseBuilder->get()
 5 SYSTEMPATH\CodeIgniter.php(933): App\Controllers\Absensi->export_excel_native()
 6 SYSTEMPATH\CodeIgniter.php(507): CodeIgniter\CodeIgniter->runController(Object(App\Controllers\Absensi))
 7 SYSTEMPATH\CodeIgniter.php(354): CodeIgniter\CodeIgniter->handleRequest(null, Object(Config\Cache), false)
 8 SYSTEMPATH\Boot.php(363): CodeIgniter\CodeIgniter->run()
 9 SYSTEMPATH\Boot.php(68): CodeIgniter\Boot::runCodeIgniter(Object(CodeIgniter\CodeIgniter))
10 FCPATH\index.php(59): CodeIgniter\Boot::bootWeb(Object(Config\Paths))
11 SYSTEMPATH\rewrite.php(44): require_once('C:\\xampp\\htdocs\\kasirpos\\public\\index.php')
CRITICAL - 2026-05-14 15:04:21 --> [Caused by] mysqli_sql_exception: Table 'db_kasir.shift' doesn't exist
in SYSTEMPATH\Database\MySQLi\Connection.php on line 327.
 1 SYSTEMPATH\Database\MySQLi\Connection.php(327): mysqli->query('SELECT `a`.*, `u`.`username`, `s`.`nama_shift`
FROM `absensi` `a`
JOIN `user` `u` ON `u`.`id_user` = `a`.`id_user`
JOIN `shift` `s` ON `s`.`id_shift` = `a`.`id_shift`
WHERE `a`.`tanggal` >= \'2026-05-01\'
AND `a`.`tanggal` <= \'2026-05-14\'
ORDER BY `a`.`tanggal` DESC', 0)
 2 SYSTEMPATH\Database\BaseConnection.php(729): CodeIgniter\Database\MySQLi\Connection->execute('SELECT `a`.*, `u`.`username`, `s`.`nama_shift`
FROM `absensi` `a`
JOIN `user` `u` ON `u`.`id_user` = `a`.`id_user`
JOIN `shift` `s` ON `s`.`id_shift` = `a`.`id_shift`
WHERE `a`.`tanggal` >= \'2026-05-01\'
AND `a`.`tanggal` <= \'2026-05-14\'
ORDER BY `a`.`tanggal` DESC')
 3 SYSTEMPATH\Database\BaseConnection.php(646): CodeIgniter\Database\BaseConnection->simpleQuery('SELECT `a`.*, `u`.`username`, `s`.`nama_shift`
FROM `absensi` `a`
JOIN `user` `u` ON `u`.`id_user` = `a`.`id_user`
JOIN `shift` `s` ON `s`.`id_shift` = `a`.`id_shift`
WHERE `a`.`tanggal` >= \'2026-05-01\'
AND `a`.`tanggal` <= \'2026-05-14\'
ORDER BY `a`.`tanggal` DESC')
 4 SYSTEMPATH\Database\BaseBuilder.php(1649): CodeIgniter\Database\BaseConnection->query('SELECT `a`.*, `u`.`username`, `s`.`nama_shift`
FROM `absensi` `a`
JOIN `user` `u` ON `u`.`id_user` = `a`.`id_user`
JOIN `shift` `s` ON `s`.`id_shift` = `a`.`id_shift`
WHERE `a`.`tanggal` >= :a.tanggal:
AND `a`.`tanggal` <= :a.tanggal.1:
ORDER BY `a`.`tanggal` DESC', [...], false)
 5 APPPATH\Controllers\Absensi.php(30): CodeIgniter\Database\BaseBuilder->get()
 6 SYSTEMPATH\CodeIgniter.php(933): App\Controllers\Absensi->export_excel_native()
 7 SYSTEMPATH\CodeIgniter.php(507): CodeIgniter\CodeIgniter->runController(Object(App\Controllers\Absensi))
 8 SYSTEMPATH\CodeIgniter.php(354): CodeIgniter\CodeIgniter->handleRequest(null, Object(Config\Cache), false)
 9 SYSTEMPATH\Boot.php(363): CodeIgniter\CodeIgniter->run()
10 SYSTEMPATH\Boot.php(68): CodeIgniter\Boot::runCodeIgniter(Object(CodeIgniter\CodeIgniter))
11 FCPATH\index.php(59): CodeIgniter\Boot::bootWeb(Object(Config\Paths))
12 SYSTEMPATH\rewrite.php(44): require_once('C:\\xampp\\htdocs\\kasirpos\\public\\index.php')
DEBUG - 2026-05-14 08:04:34 --> Session: Class initialized using 'CodeIgniter\Session\Handlers\FileHandler' driver.
ERROR - 2026-05-14 15:04:34 --> mysqli_sql_exception: Table 'db_kasir.shift' doesn't exist in C:\xampp\htdocs\kasirpos\system\Database\MySQLi\Connection.php:327
Stack trace:
#0 C:\xampp\htdocs\kasirpos\system\Database\MySQLi\Connection.php(327): mysqli->query('SELECT `a`.*, `...', 0)
#1 C:\xampp\htdocs\kasirpos\system\Database\BaseConnection.php(729): CodeIgniter\Database\MySQLi\Connection->execute('SELECT `a`.*, `...')
#2 C:\xampp\htdocs\kasirpos\system\Database\BaseConnection.php(646): CodeIgniter\Database\BaseConnection->simpleQuery('SELECT `a`.*, `...')
#3 C:\xampp\htdocs\kasirpos\system\Database\BaseBuilder.php(1649): CodeIgniter\Database\BaseConnection->query('SELECT `a`.*, `...', Array, false)
#4 C:\xampp\htdocs\kasirpos\app\Controllers\Absensi.php(30): CodeIgniter\Database\BaseBuilder->get()
#5 C:\xampp\htdocs\kasirpos\system\CodeIgniter.php(933): App\Controllers\Absensi->export_excel_native()
#6 C:\xampp\htdocs\kasirpos\system\CodeIgniter.php(507): CodeIgniter\CodeIgniter->runController(Object(App\Controllers\Absensi))
#7 C:\xampp\htdocs\kasirpos\system\CodeIgniter.php(354): CodeIgniter\CodeIgniter->handleRequest(NULL, Object(Config\Cache), false)
#8 C:\xampp\htdocs\kasirpos\system\Boot.php(363): CodeIgniter\CodeIgniter->run()
#9 C:\xampp\htdocs\kasirpos\system\Boot.php(68): CodeIgniter\Boot::runCodeIgniter(Object(CodeIgniter\CodeIgniter))
#10 C:\xampp\htdocs\kasirpos\public\index.php(59): CodeIgniter\Boot::bootWeb(Object(Config\Paths))
#11 C:\xampp\htdocs\kasirpos\system\rewrite.php(44): require_once('C:\\xampp\\htdocs...')
#12 {main}
CRITICAL - 2026-05-14 15:04:34 --> CodeIgniter\Database\Exceptions\DatabaseException: Table 'db_kasir.shift' doesn't exist
[Method: GET, Route: admin/absensi/export_excel_native]
in SYSTEMPATH\Database\BaseConnection.php on line 684.
 1 SYSTEMPATH\Database\BaseBuilder.php(1649): CodeIgniter\Database\BaseConnection->query('SELECT `a`.*, `u`.`username`, `s`.`nama_shift`
FROM `absensi` `a`
JOIN `user` `u` ON `u`.`id_user` = `a`.`id_user`
JOIN `shift` `s` ON `s`.`id_shift` = `a`.`id_shift`
WHERE `a`.`tanggal` >= :a.tanggal:
AND `a`.`tanggal` <= :a.tanggal.1:
ORDER BY `a`.`tanggal` DESC', [...], false)
 2 APPPATH\Controllers\Absensi.php(30): CodeIgniter\Database\BaseBuilder->get()
 3 SYSTEMPATH\CodeIgniter.php(933): App\Controllers\Absensi->export_excel_native()
 4 SYSTEMPATH\CodeIgniter.php(507): CodeIgniter\CodeIgniter->runController(Object(App\Controllers\Absensi))
 5 SYSTEMPATH\CodeIgniter.php(354): CodeIgniter\CodeIgniter->handleRequest(null, Object(Config\Cache), false)
 6 SYSTEMPATH\Boot.php(363): CodeIgniter\CodeIgniter->run()
 7 SYSTEMPATH\Boot.php(68): CodeIgniter\Boot::runCodeIgniter(Object(CodeIgniter\CodeIgniter))
 8 FCPATH\index.php(59): CodeIgniter\Boot::bootWeb(Object(Config\Paths))
 9 SYSTEMPATH\rewrite.php(44): require_once('C:\\xampp\\htdocs\\kasirpos\\public\\index.php')
CRITICAL - 2026-05-14 15:04:34 --> [Caused by] CodeIgniter\Database\Exceptions\DatabaseException: Table 'db_kasir.shift' doesn't exist
in SYSTEMPATH\Database\MySQLi\Connection.php on line 332.
 1 SYSTEMPATH\Database\BaseConnection.php(729): CodeIgniter\Database\MySQLi\Connection->execute('SELECT `a`.*, `u`.`username`, `s`.`nama_shift`
FROM `absensi` `a`
JOIN `user` `u` ON `u`.`id_user` = `a`.`id_user`
JOIN `shift` `s` ON `s`.`id_shift` = `a`.`id_shift`
WHERE `a`.`tanggal` >= \'2026-05-01\'
AND `a`.`tanggal` <= \'2026-05-14\'
ORDER BY `a`.`tanggal` DESC')
 2 SYSTEMPATH\Database\BaseConnection.php(646): CodeIgniter\Database\BaseConnection->simpleQuery('SELECT `a`.*, `u`.`username`, `s`.`nama_shift`
FROM `absensi` `a`
JOIN `user` `u` ON `u`.`id_user` = `a`.`id_user`
JOIN `shift` `s` ON `s`.`id_shift` = `a`.`id_shift`
WHERE `a`.`tanggal` >= \'2026-05-01\'
AND `a`.`tanggal` <= \'2026-05-14\'
ORDER BY `a`.`tanggal` DESC')
 3 SYSTEMPATH\Database\BaseBuilder.php(1649): CodeIgniter\Database\BaseConnection->query('SELECT `a`.*, `u`.`username`, `s`.`nama_shift`
FROM `absensi` `a`
JOIN `user` `u` ON `u`.`id_user` = `a`.`id_user`
JOIN `shift` `s` ON `s`.`id_shift` = `a`.`id_shift`
WHERE `a`.`tanggal` >= :a.tanggal:
AND `a`.`tanggal` <= :a.tanggal.1:
ORDER BY `a`.`tanggal` DESC', [...], false)
 4 APPPATH\Controllers\Absensi.php(30): CodeIgniter\Database\BaseBuilder->get()
 5 SYSTEMPATH\CodeIgniter.php(933): App\Controllers\Absensi->export_excel_native()
 6 SYSTEMPATH\CodeIgniter.php(507): CodeIgniter\CodeIgniter->runController(Object(App\Controllers\Absensi))
 7 SYSTEMPATH\CodeIgniter.php(354): CodeIgniter\CodeIgniter->handleRequest(null, Object(Config\Cache), false)
 8 SYSTEMPATH\Boot.php(363): CodeIgniter\CodeIgniter->run()
 9 SYSTEMPATH\Boot.php(68): CodeIgniter\Boot::runCodeIgniter(Object(CodeIgniter\CodeIgniter))
10 FCPATH\index.php(59): CodeIgniter\Boot::bootWeb(Object(Config\Paths))
11 SYSTEMPATH\rewrite.php(44): require_once('C:\\xampp\\htdocs\\kasirpos\\public\\index.php')
CRITICAL - 2026-05-14 15:04:34 --> [Caused by] mysqli_sql_exception: Table 'db_kasir.shift' doesn't exist
in SYSTEMPATH\Database\MySQLi\Connection.php on line 327.
 1 SYSTEMPATH\Database\MySQLi\Connection.php(327): mysqli->query('SELECT `a`.*, `u`.`username`, `s`.`nama_shift`
FROM `absensi` `a`
JOIN `user` `u` ON `u`.`id_user` = `a`.`id_user`
JOIN `shift` `s` ON `s`.`id_shift` = `a`.`id_shift`
WHERE `a`.`tanggal` >= \'2026-05-01\'
AND `a`.`tanggal` <= \'2026-05-14\'
ORDER BY `a`.`tanggal` DESC', 0)
 2 SYSTEMPATH\Database\BaseConnection.php(729): CodeIgniter\Database\MySQLi\Connection->execute('SELECT `a`.*, `u`.`username`, `s`.`nama_shift`
FROM `absensi` `a`
JOIN `user` `u` ON `u`.`id_user` = `a`.`id_user`
JOIN `shift` `s` ON `s`.`id_shift` = `a`.`id_shift`
WHERE `a`.`tanggal` >= \'2026-05-01\'
AND `a`.`tanggal` <= \'2026-05-14\'
ORDER BY `a`.`tanggal` DESC')
 3 SYSTEMPATH\Database\BaseConnection.php(646): CodeIgniter\Database\BaseConnection->simpleQuery('SELECT `a`.*, `u`.`username`, `s`.`nama_shift`
FROM `absensi` `a`
JOIN `user` `u` ON `u`.`id_user` = `a`.`id_user`
JOIN `shift` `s` ON `s`.`id_shift` = `a`.`id_shift`
WHERE `a`.`tanggal` >= \'2026-05-01\'
AND `a`.`tanggal` <= \'2026-05-14\'
ORDER BY `a`.`tanggal` DESC')
 4 SYSTEMPATH\Database\BaseBuilder.php(1649): CodeIgniter\Database\BaseConnection->query('SELECT `a`.*, `u`.`username`, `s`.`nama_shift`
FROM `absensi` `a`
JOIN `user` `u` ON `u`.`id_user` = `a`.`id_user`
JOIN `shift` `s` ON `s`.`id_shift` = `a`.`id_shift`
WHERE `a`.`tanggal` >= :a.tanggal:
AND `a`.`tanggal` <= :a.tanggal.1:
ORDER BY `a`.`tanggal` DESC', [...], false)
 5 APPPATH\Controllers\Absensi.php(30): CodeIgniter\Database\BaseBuilder->get()
 6 SYSTEMPATH\CodeIgniter.php(933): App\Controllers\Absensi->export_excel_native()
 7 SYSTEMPATH\CodeIgniter.php(507): CodeIgniter\CodeIgniter->runController(Object(App\Controllers\Absensi))
 8 SYSTEMPATH\CodeIgniter.php(354): CodeIgniter\CodeIgniter->handleRequest(null, Object(Config\Cache), false)
 9 SYSTEMPATH\Boot.php(363): CodeIgniter\CodeIgniter->run()
10 SYSTEMPATH\Boot.php(68): CodeIgniter\Boot::runCodeIgniter(Object(CodeIgniter\CodeIgniter))
11 FCPATH\index.php(59): CodeIgniter\Boot::bootWeb(Object(Config\Paths))
12 SYSTEMPATH\rewrite.php(44): require_once('C:\\xampp\\htdocs\\kasirpos\\public\\index.php')
DEBUG - 2026-05-14 08:04:37 --> Session: Class initialized using 'CodeIgniter\Session\Handlers\FileHandler' driver.
DEBUG - 2026-05-14 08:04:38 --> Session: Class initialized using 'CodeIgniter\Session\Handlers\FileHandler' driver.
ERROR - 2026-05-14 15:04:38 --> mysqli_sql_exception: Table 'db_kasir.shift' doesn't exist in C:\xampp\htdocs\kasirpos\system\Database\MySQLi\Connection.php:327
Stack trace:
#0 C:\xampp\htdocs\kasirpos\system\Database\MySQLi\Connection.php(327): mysqli->query('SELECT `a`.*, `...', 0)
#1 C:\xampp\htdocs\kasirpos\system\Database\BaseConnection.php(729): CodeIgniter\Database\MySQLi\Connection->execute('SELECT `a`.*, `...')
#2 C:\xampp\htdocs\kasirpos\system\Database\BaseConnection.php(646): CodeIgniter\Database\BaseConnection->simpleQuery('SELECT `a`.*, `...')
#3 C:\xampp\htdocs\kasirpos\system\Database\BaseBuilder.php(1649): CodeIgniter\Database\BaseConnection->query('SELECT `a`.*, `...', Array, false)
#4 C:\xampp\htdocs\kasirpos\app\Controllers\Absensi.php(30): CodeIgniter\Database\BaseBuilder->get()
#5 C:\xampp\htdocs\kasirpos\system\CodeIgniter.php(933): App\Controllers\Absensi->export_excel_native()
#6 C:\xampp\htdocs\kasirpos\system\CodeIgniter.php(507): CodeIgniter\CodeIgniter->runController(Object(App\Controllers\Absensi))
#7 C:\xampp\htdocs\kasirpos\system\CodeIgniter.php(354): CodeIgniter\CodeIgniter->handleRequest(NULL, Object(Config\Cache), false)
#8 C:\xampp\htdocs\kasirpos\system\Boot.php(363): CodeIgniter\CodeIgniter->run()
#9 C:\xampp\htdocs\kasirpos\system\Boot.php(68): CodeIgniter\Boot::runCodeIgniter(Object(CodeIgniter\CodeIgniter))
#10 C:\xampp\htdocs\kasirpos\public\index.php(59): CodeIgniter\Boot::bootWeb(Object(Config\Paths))
#11 C:\xampp\htdocs\kasirpos\system\rewrite.php(44): require_once('C:\\xampp\\htdocs...')
#12 {main}
CRITICAL - 2026-05-14 15:04:38 --> CodeIgniter\Database\Exceptions\DatabaseException: Table 'db_kasir.shift' doesn't exist
[Method: GET, Route: admin/absensi/export_excel_native]
in SYSTEMPATH\Database\BaseConnection.php on line 684.
 1 SYSTEMPATH\Database\BaseBuilder.php(1649): CodeIgniter\Database\BaseConnection->query('SELECT `a`.*, `u`.`username`, `s`.`nama_shift`
FROM `absensi` `a`
JOIN `user` `u` ON `u`.`id_user` = `a`.`id_user`
JOIN `shift` `s` ON `s`.`id_shift` = `a`.`id_shift`
WHERE `a`.`tanggal` >= :a.tanggal:
AND `a`.`tanggal` <= :a.tanggal.1:
ORDER BY `a`.`tanggal` DESC', [...], false)
 2 APPPATH\Controllers\Absensi.php(30): CodeIgniter\Database\BaseBuilder->get()
 3 SYSTEMPATH\CodeIgniter.php(933): App\Controllers\Absensi->export_excel_native()
 4 SYSTEMPATH\CodeIgniter.php(507): CodeIgniter\CodeIgniter->runController(Object(App\Controllers\Absensi))
 5 SYSTEMPATH\CodeIgniter.php(354): CodeIgniter\CodeIgniter->handleRequest(null, Object(Config\Cache), false)
 6 SYSTEMPATH\Boot.php(363): CodeIgniter\CodeIgniter->run()
 7 SYSTEMPATH\Boot.php(68): CodeIgniter\Boot::runCodeIgniter(Object(CodeIgniter\CodeIgniter))
 8 FCPATH\index.php(59): CodeIgniter\Boot::bootWeb(Object(Config\Paths))
 9 SYSTEMPATH\rewrite.php(44): require_once('C:\\xampp\\htdocs\\kasirpos\\public\\index.php')
CRITICAL - 2026-05-14 15:04:38 --> [Caused by] CodeIgniter\Database\Exceptions\DatabaseException: Table 'db_kasir.shift' doesn't exist
in SYSTEMPATH\Database\MySQLi\Connection.php on line 332.
 1 SYSTEMPATH\Database\BaseConnection.php(729): CodeIgniter\Database\MySQLi\Connection->execute('SELECT `a`.*, `u`.`username`, `s`.`nama_shift`
FROM `absensi` `a`
JOIN `user` `u` ON `u`.`id_user` = `a`.`id_user`
JOIN `shift` `s` ON `s`.`id_shift` = `a`.`id_shift`
WHERE `a`.`tanggal` >= \'2026-05-01\'
AND `a`.`tanggal` <= \'2026-05-14\'
ORDER BY `a`.`tanggal` DESC')
 2 SYSTEMPATH\Database\BaseConnection.php(646): CodeIgniter\Database\BaseConnection->simpleQuery('SELECT `a`.*, `u`.`username`, `s`.`nama_shift`
FROM `absensi` `a`
JOIN `user` `u` ON `u`.`id_user` = `a`.`id_user`
JOIN `shift` `s` ON `s`.`id_shift` = `a`.`id_shift`
WHERE `a`.`tanggal` >= \'2026-05-01\'
AND `a`.`tanggal` <= \'2026-05-14\'
ORDER BY `a`.`tanggal` DESC')
 3 SYSTEMPATH\Database\BaseBuilder.php(1649): CodeIgniter\Database\BaseConnection->query('SELECT `a`.*, `u`.`username`, `s`.`nama_shift`
FROM `absensi` `a`
JOIN `user` `u` ON `u`.`id_user` = `a`.`id_user`
JOIN `shift` `s` ON `s`.`id_shift` = `a`.`id_shift`
WHERE `a`.`tanggal` >= :a.tanggal:
AND `a`.`tanggal` <= :a.tanggal.1:
ORDER BY `a`.`tanggal` DESC', [...], false)
 4 APPPATH\Controllers\Absensi.php(30): CodeIgniter\Database\BaseBuilder->get()
 5 SYSTEMPATH\CodeIgniter.php(933): App\Controllers\Absensi->export_excel_native()
 6 SYSTEMPATH\CodeIgniter.php(507): CodeIgniter\CodeIgniter->runController(Object(App\Controllers\Absensi))
 7 SYSTEMPATH\CodeIgniter.php(354): CodeIgniter\CodeIgniter->handleRequest(null, Object(Config\Cache), false)
 8 SYSTEMPATH\Boot.php(363): CodeIgniter\CodeIgniter->run()
 9 SYSTEMPATH\Boot.php(68): CodeIgniter\Boot::runCodeIgniter(Object(CodeIgniter\CodeIgniter))
10 FCPATH\index.php(59): CodeIgniter\Boot::bootWeb(Object(Config\Paths))
11 SYSTEMPATH\rewrite.php(44): require_once('C:\\xampp\\htdocs\\kasirpos\\public\\index.php')
CRITICAL - 2026-05-14 15:04:38 --> [Caused by] mysqli_sql_exception: Table 'db_kasir.shift' doesn't exist
in SYSTEMPATH\Database\MySQLi\Connection.php on line 327.
 1 SYSTEMPATH\Database\MySQLi\Connection.php(327): mysqli->query('SELECT `a`.*, `u`.`username`, `s`.`nama_shift`
FROM `absensi` `a`
JOIN `user` `u` ON `u`.`id_user` = `a`.`id_user`
JOIN `shift` `s` ON `s`.`id_shift` = `a`.`id_shift`
WHERE `a`.`tanggal` >= \'2026-05-01\'
AND `a`.`tanggal` <= \'2026-05-14\'
ORDER BY `a`.`tanggal` DESC', 0)
 2 SYSTEMPATH\Database\BaseConnection.php(729): CodeIgniter\Database\MySQLi\Connection->execute('SELECT `a`.*, `u`.`username`, `s`.`nama_shift`
FROM `absensi` `a`
JOIN `user` `u` ON `u`.`id_user` = `a`.`id_user`
JOIN `shift` `s` ON `s`.`id_shift` = `a`.`id_shift`
WHERE `a`.`tanggal` >= \'2026-05-01\'
AND `a`.`tanggal` <= \'2026-05-14\'
ORDER BY `a`.`tanggal` DESC')
 3 SYSTEMPATH\Database\BaseConnection.php(646): CodeIgniter\Database\BaseConnection->simpleQuery('SELECT `a`.*, `u`.`username`, `s`.`nama_shift`
FROM `absensi` `a`
JOIN `user` `u` ON `u`.`id_user` = `a`.`id_user`
JOIN `shift` `s` ON `s`.`id_shift` = `a`.`id_shift`
WHERE `a`.`tanggal` >= \'2026-05-01\'
AND `a`.`tanggal` <= \'2026-05-14\'
ORDER BY `a`.`tanggal` DESC')
 4 SYSTEMPATH\Database\BaseBuilder.php(1649): CodeIgniter\Database\BaseConnection->query('SELECT `a`.*, `u`.`username`, `s`.`nama_shift`
FROM `absensi` `a`
JOIN `user` `u` ON `u`.`id_user` = `a`.`id_user`
JOIN `shift` `s` ON `s`.`id_shift` = `a`.`id_shift`
WHERE `a`.`tanggal` >= :a.tanggal:
AND `a`.`tanggal` <= :a.tanggal.1:
ORDER BY `a`.`tanggal` DESC', [...], false)
 5 APPPATH\Controllers\Absensi.php(30): CodeIgniter\Database\BaseBuilder->get()
 6 SYSTEMPATH\CodeIgniter.php(933): App\Controllers\Absensi->export_excel_native()
 7 SYSTEMPATH\CodeIgniter.php(507): CodeIgniter\CodeIgniter->runController(Object(App\Controllers\Absensi))
 8 SYSTEMPATH\CodeIgniter.php(354): CodeIgniter\CodeIgniter->handleRequest(null, Object(Config\Cache), false)
 9 SYSTEMPATH\Boot.php(363): CodeIgniter\CodeIgniter->run()
10 SYSTEMPATH\Boot.php(68): CodeIgniter\Boot::runCodeIgniter(Object(CodeIgniter\CodeIgniter))
11 FCPATH\index.php(59): CodeIgniter\Boot::bootWeb(Object(Config\Paths))
12 SYSTEMPATH\rewrite.php(44): require_once('C:\\xampp\\htdocs\\kasirpos\\public\\index.php')
DEBUG - 2026-05-14 08:05:10 --> Session: Class initialized using 'CodeIgniter\Session\Handlers\FileHandler' driver.
ERROR - 2026-05-14 15:05:10 --> mysqli_sql_exception: Table 'db_kasir.shift' doesn't exist in C:\xampp\htdocs\kasirpos\system\Database\MySQLi\Connection.php:327
Stack trace:
#0 C:\xampp\htdocs\kasirpos\system\Database\MySQLi\Connection.php(327): mysqli->query('SELECT `a`.*, `...', 0)
#1 C:\xampp\htdocs\kasirpos\system\Database\BaseConnection.php(729): CodeIgniter\Database\MySQLi\Connection->execute('SELECT `a`.*, `...')
#2 C:\xampp\htdocs\kasirpos\system\Database\BaseConnection.php(646): CodeIgniter\Database\BaseConnection->simpleQuery('SELECT `a`.*, `...')
#3 C:\xampp\htdocs\kasirpos\system\Database\BaseBuilder.php(1649): CodeIgniter\Database\BaseConnection->query('SELECT `a`.*, `...', Array, false)
#4 C:\xampp\htdocs\kasirpos\app\Controllers\Absensi.php(30): CodeIgniter\Database\BaseBuilder->get()
#5 C:\xampp\htdocs\kasirpos\system\CodeIgniter.php(933): App\Controllers\Absensi->export_excel_native()
#6 C:\xampp\htdocs\kasirpos\system\CodeIgniter.php(507): CodeIgniter\CodeIgniter->runController(Object(App\Controllers\Absensi))
#7 C:\xampp\htdocs\kasirpos\system\CodeIgniter.php(354): CodeIgniter\CodeIgniter->handleRequest(NULL, Object(Config\Cache), false)
#8 C:\xampp\htdocs\kasirpos\system\Boot.php(363): CodeIgniter\CodeIgniter->run()
#9 C:\xampp\htdocs\kasirpos\system\Boot.php(68): CodeIgniter\Boot::runCodeIgniter(Object(CodeIgniter\CodeIgniter))
#10 C:\xampp\htdocs\kasirpos\public\index.php(59): CodeIgniter\Boot::bootWeb(Object(Config\Paths))
#11 C:\xampp\htdocs\kasirpos\system\rewrite.php(44): require_once('C:\\xampp\\htdocs...')
#12 {main}
CRITICAL - 2026-05-14 15:05:10 --> CodeIgniter\Database\Exceptions\DatabaseException: Table 'db_kasir.shift' doesn't exist
[Method: GET, Route: admin/absensi/export_excel_native]
in SYSTEMPATH\Database\BaseConnection.php on line 684.
 1 SYSTEMPATH\Database\BaseBuilder.php(1649): CodeIgniter\Database\BaseConnection->query('SELECT `a`.*, `u`.`username`, `s`.`nama_shift`
FROM `absensi` `a`
JOIN `user` `u` ON `u`.`id_user` = `a`.`id_user`
JOIN `shift` `s` ON `s`.`id_shift` = `a`.`id_shift`
WHERE `a`.`tanggal` >= :a.tanggal:
AND `a`.`tanggal` <= :a.tanggal.1:
ORDER BY `a`.`tanggal` DESC', [...], false)
 2 APPPATH\Controllers\Absensi.php(30): CodeIgniter\Database\BaseBuilder->get()
 3 SYSTEMPATH\CodeIgniter.php(933): App\Controllers\Absensi->export_excel_native()
 4 SYSTEMPATH\CodeIgniter.php(507): CodeIgniter\CodeIgniter->runController(Object(App\Controllers\Absensi))
 5 SYSTEMPATH\CodeIgniter.php(354): CodeIgniter\CodeIgniter->handleRequest(null, Object(Config\Cache), false)
 6 SYSTEMPATH\Boot.php(363): CodeIgniter\CodeIgniter->run()
 7 SYSTEMPATH\Boot.php(68): CodeIgniter\Boot::runCodeIgniter(Object(CodeIgniter\CodeIgniter))
 8 FCPATH\index.php(59): CodeIgniter\Boot::bootWeb(Object(Config\Paths))
 9 SYSTEMPATH\rewrite.php(44): require_once('C:\\xampp\\htdocs\\kasirpos\\public\\index.php')
CRITICAL - 2026-05-14 15:05:10 --> [Caused by] CodeIgniter\Database\Exceptions\DatabaseException: Table 'db_kasir.shift' doesn't exist
in SYSTEMPATH\Database\MySQLi\Connection.php on line 332.
 1 SYSTEMPATH\Database\BaseConnection.php(729): CodeIgniter\Database\MySQLi\Connection->execute('SELECT `a`.*, `u`.`username`, `s`.`nama_shift`
FROM `absensi` `a`
JOIN `user` `u` ON `u`.`id_user` = `a`.`id_user`
JOIN `shift` `s` ON `s`.`id_shift` = `a`.`id_shift`
WHERE `a`.`tanggal` >= \'2026-05-01\'
AND `a`.`tanggal` <= \'2026-05-14\'
ORDER BY `a`.`tanggal` DESC')
 2 SYSTEMPATH\Database\BaseConnection.php(646): CodeIgniter\Database\BaseConnection->simpleQuery('SELECT `a`.*, `u`.`username`, `s`.`nama_shift`
FROM `absensi` `a`
JOIN `user` `u` ON `u`.`id_user` = `a`.`id_user`
JOIN `shift` `s` ON `s`.`id_shift` = `a`.`id_shift`
WHERE `a`.`tanggal` >= \'2026-05-01\'
AND `a`.`tanggal` <= \'2026-05-14\'
ORDER BY `a`.`tanggal` DESC')
 3 SYSTEMPATH\Database\BaseBuilder.php(1649): CodeIgniter\Database\BaseConnection->query('SELECT `a`.*, `u`.`username`, `s`.`nama_shift`
FROM `absensi` `a`
JOIN `user` `u` ON `u`.`id_user` = `a`.`id_user`
JOIN `shift` `s` ON `s`.`id_shift` = `a`.`id_shift`
WHERE `a`.`tanggal` >= :a.tanggal:
AND `a`.`tanggal` <= :a.tanggal.1:
ORDER BY `a`.`tanggal` DESC', [...], false)
 4 APPPATH\Controllers\Absensi.php(30): CodeIgniter\Database\BaseBuilder->get()
 5 SYSTEMPATH\CodeIgniter.php(933): App\Controllers\Absensi->export_excel_native()
 6 SYSTEMPATH\CodeIgniter.php(507): CodeIgniter\CodeIgniter->runController(Object(App\Controllers\Absensi))
 7 SYSTEMPATH\CodeIgniter.php(354): CodeIgniter\CodeIgniter->handleRequest(null, Object(Config\Cache), false)
 8 SYSTEMPATH\Boot.php(363): CodeIgniter\CodeIgniter->run()
 9 SYSTEMPATH\Boot.php(68): CodeIgniter\Boot::runCodeIgniter(Object(CodeIgniter\CodeIgniter))
10 FCPATH\index.php(59): CodeIgniter\Boot::bootWeb(Object(Config\Paths))
11 SYSTEMPATH\rewrite.php(44): require_once('C:\\xampp\\htdocs\\kasirpos\\public\\index.php')
CRITICAL - 2026-05-14 15:05:10 --> [Caused by] mysqli_sql_exception: Table 'db_kasir.shift' doesn't exist
in SYSTEMPATH\Database\MySQLi\Connection.php on line 327.
 1 SYSTEMPATH\Database\MySQLi\Connection.php(327): mysqli->query('SELECT `a`.*, `u`.`username`, `s`.`nama_shift`
FROM `absensi` `a`
JOIN `user` `u` ON `u`.`id_user` = `a`.`id_user`
JOIN `shift` `s` ON `s`.`id_shift` = `a`.`id_shift`
WHERE `a`.`tanggal` >= \'2026-05-01\'
AND `a`.`tanggal` <= \'2026-05-14\'
ORDER BY `a`.`tanggal` DESC', 0)
 2 SYSTEMPATH\Database\BaseConnection.php(729): CodeIgniter\Database\MySQLi\Connection->execute('SELECT `a`.*, `u`.`username`, `s`.`nama_shift`
FROM `absensi` `a`
JOIN `user` `u` ON `u`.`id_user` = `a`.`id_user`
JOIN `shift` `s` ON `s`.`id_shift` = `a`.`id_shift`
WHERE `a`.`tanggal` >= \'2026-05-01\'
AND `a`.`tanggal` <= \'2026-05-14\'
ORDER BY `a`.`tanggal` DESC')
 3 SYSTEMPATH\Database\BaseConnection.php(646): CodeIgniter\Database\BaseConnection->simpleQuery('SELECT `a`.*, `u`.`username`, `s`.`nama_shift`
FROM `absensi` `a`
JOIN `user` `u` ON `u`.`id_user` = `a`.`id_user`
JOIN `shift` `s` ON `s`.`id_shift` = `a`.`id_shift`
WHERE `a`.`tanggal` >= \'2026-05-01\'
AND `a`.`tanggal` <= \'2026-05-14\'
ORDER BY `a`.`tanggal` DESC')
 4 SYSTEMPATH\Database\BaseBuilder.php(1649): CodeIgniter\Database\BaseConnection->query('SELECT `a`.*, `u`.`username`, `s`.`nama_shift`
FROM `absensi` `a`
JOIN `user` `u` ON `u`.`id_user` = `a`.`id_user`
JOIN `shift` `s` ON `s`.`id_shift` = `a`.`id_shift`
WHERE `a`.`tanggal` >= :a.tanggal:
AND `a`.`tanggal` <= :a.tanggal.1:
ORDER BY `a`.`tanggal` DESC', [...], false)
 5 APPPATH\Controllers\Absensi.php(30): CodeIgniter\Database\BaseBuilder->get()
 6 SYSTEMPATH\CodeIgniter.php(933): App\Controllers\Absensi->export_excel_native()
 7 SYSTEMPATH\CodeIgniter.php(507): CodeIgniter\CodeIgniter->runController(Object(App\Controllers\Absensi))
 8 SYSTEMPATH\CodeIgniter.php(354): CodeIgniter\CodeIgniter->handleRequest(null, Object(Config\Cache), false)
 9 SYSTEMPATH\Boot.php(363): CodeIgniter\CodeIgniter->run()
10 SYSTEMPATH\Boot.php(68): CodeIgniter\Boot::runCodeIgniter(Object(CodeIgniter\CodeIgniter))
11 FCPATH\index.php(59): CodeIgniter\Boot::bootWeb(Object(Config\Paths))
12 SYSTEMPATH\rewrite.php(44): require_once('C:\\xampp\\htdocs\\kasirpos\\public\\index.php')
DEBUG - 2026-05-14 08:07:55 --> Session: Class initialized using 'CodeIgniter\Session\Handlers\FileHandler' driver.
DEBUG - 2026-05-14 08:07:56 --> Session: Class initialized using 'CodeIgniter\Session\Handlers\FileHandler' driver.
DEBUG - 2026-05-14 23:17:59 --> Session: Class initialized using 'CodeIgniter\Session\Handlers\FileHandler' driver.
DEBUG - 2026-05-14 23:21:02 --> Session: Class initialized using 'CodeIgniter\Session\Handlers\FileHandler' driver.
DEBUG - 2026-05-14 23:21:02 --> Session: Class initialized using 'CodeIgniter\Session\Handlers\FileHandler' driver.
DEBUG - 2026-05-14 23:21:07 --> Session: Class initialized using 'CodeIgniter\Session\Handlers\FileHandler' driver.
DEBUG - 2026-05-14 23:21:07 --> Session: Class initialized using 'CodeIgniter\Session\Handlers\FileHandler' driver.
DEBUG - 2026-05-14 23:21:07 --> Session: Class initialized using 'CodeIgniter\Session\Handlers\FileHandler' driver.
DEBUG - 2026-05-14 23:21:14 --> Session: Class initialized using 'CodeIgniter\Session\Handlers\FileHandler' driver.
DEBUG - 2026-05-14 23:21:14 --> Session: Class initialized using 'CodeIgniter\Session\Handlers\FileHandler' driver.
DEBUG - 2026-05-14 23:24:11 --> Session: Class initialized using 'CodeIgniter\Session\Handlers\FileHandler' driver.
DEBUG - 2026-05-14 23:42:31 --> Session: Class initialized using 'CodeIgniter\Session\Handlers\FileHandler' driver.
DEBUG - 2026-05-14 23:45:27 --> Session: Class initialized using 'CodeIgniter\Session\Handlers\FileHandler' driver.
DEBUG - 2026-05-14 23:49:42 --> Session: Class initialized using 'CodeIgniter\Session\Handlers\FileHandler' driver.
DEBUG - 2026-05-14 23:49:43 --> Session: Class initialized using 'CodeIgniter\Session\Handlers\FileHandler' driver.
DEBUG - 2026-05-14 23:49:52 --> Session: Class initialized using 'CodeIgniter\Session\Handlers\FileHandler' driver.
ERROR - 2026-05-14 23:49:52 --> mysqli_sql_exception: Unknown column 'pin_user' in 'where clause' in C:\xampp\htdocs\kasirpos\system\Database\MySQLi\Connection.php:327
Stack trace:
#0 C:\xampp\htdocs\kasirpos\system\Database\MySQLi\Connection.php(327): mysqli->query('SELECT *\nFROM `...', 0)
#1 C:\xampp\htdocs\kasirpos\system\Database\BaseConnection.php(729): CodeIgniter\Database\MySQLi\Connection->execute('SELECT *\nFROM `...')
#2 C:\xampp\htdocs\kasirpos\system\Database\BaseConnection.php(646): CodeIgniter\Database\BaseConnection->simpleQuery('SELECT *\nFROM `...')
#3 C:\xampp\htdocs\kasirpos\system\Database\BaseBuilder.php(1649): CodeIgniter\Database\BaseConnection->query('SELECT *\nFROM `...', Array, false)
#4 C:\xampp\htdocs\kasirpos\app\Controllers\Absensi.php(25): CodeIgniter\Database\BaseBuilder->get()
#5 C:\xampp\htdocs\kasirpos\system\CodeIgniter.php(933): App\Controllers\Absensi->absen_pakai_pin()
#6 C:\xampp\htdocs\kasirpos\system\CodeIgniter.php(507): CodeIgniter\CodeIgniter->runController(Object(App\Controllers\Absensi))
#7 C:\xampp\htdocs\kasirpos\system\CodeIgniter.php(354): CodeIgniter\CodeIgniter->handleRequest(NULL, Object(Config\Cache), false)
#8 C:\xampp\htdocs\kasirpos\system\Boot.php(363): CodeIgniter\CodeIgniter->run()
#9 C:\xampp\htdocs\kasirpos\system\Boot.php(68): CodeIgniter\Boot::runCodeIgniter(Object(CodeIgniter\CodeIgniter))
#10 C:\xampp\htdocs\kasirpos\public\index.php(59): CodeIgniter\Boot::bootWeb(Object(Config\Paths))
#11 C:\xampp\htdocs\kasirpos\system\rewrite.php(44): require_once('C:\\xampp\\htdocs...')
#12 {main}
CRITICAL - 2026-05-14 23:49:52 --> CodeIgniter\Database\Exceptions\DatabaseException: Unknown column 'pin_user' in 'where clause'
[Method: POST, Route: admin/absensi/absen_pakai_pin]
in SYSTEMPATH\Database\BaseConnection.php on line 684.
 1 SYSTEMPATH\Database\BaseBuilder.php(1649): CodeIgniter\Database\BaseConnection->query('SELECT *
FROM `user`
WHERE `pin_user` = :pin_user:', [...], false)
 2 APPPATH\Controllers\Absensi.php(25): CodeIgniter\Database\BaseBuilder->get()
 3 SYSTEMPATH\CodeIgniter.php(933): App\Controllers\Absensi->absen_pakai_pin()
 4 SYSTEMPATH\CodeIgniter.php(507): CodeIgniter\CodeIgniter->runController(Object(App\Controllers\Absensi))
 5 SYSTEMPATH\CodeIgniter.php(354): CodeIgniter\CodeIgniter->handleRequest(null, Object(Config\Cache), false)
 6 SYSTEMPATH\Boot.php(363): CodeIgniter\CodeIgniter->run()
 7 SYSTEMPATH\Boot.php(68): CodeIgniter\Boot::runCodeIgniter(Object(CodeIgniter\CodeIgniter))
 8 FCPATH\index.php(59): CodeIgniter\Boot::bootWeb(Object(Config\Paths))
 9 SYSTEMPATH\rewrite.php(44): require_once('C:\\xampp\\htdocs\\kasirpos\\public\\index.php')
CRITICAL - 2026-05-14 23:49:52 --> [Caused by] CodeIgniter\Database\Exceptions\DatabaseException: Unknown column 'pin_user' in 'where clause'
in SYSTEMPATH\Database\MySQLi\Connection.php on line 332.
 1 SYSTEMPATH\Database\BaseConnection.php(729): CodeIgniter\Database\MySQLi\Connection->execute('SELECT *
FROM `user`
WHERE `pin_user` = \'123\'')
 2 SYSTEMPATH\Database\BaseConnection.php(646): CodeIgniter\Database\BaseConnection->simpleQuery('SELECT *
FROM `user`
WHERE `pin_user` = \'123\'')
 3 SYSTEMPATH\Database\BaseBuilder.php(1649): CodeIgniter\Database\BaseConnection->query('SELECT *
FROM `user`
WHERE `pin_user` = :pin_user:', [...], false)
 4 APPPATH\Controllers\Absensi.php(25): CodeIgniter\Database\BaseBuilder->get()
 5 SYSTEMPATH\CodeIgniter.php(933): App\Controllers\Absensi->absen_pakai_pin()
 6 SYSTEMPATH\CodeIgniter.php(507): CodeIgniter\CodeIgniter->runController(Object(App\Controllers\Absensi))
 7 SYSTEMPATH\CodeIgniter.php(354): CodeIgniter\CodeIgniter->handleRequest(null, Object(Config\Cache), false)
 8 SYSTEMPATH\Boot.php(363): CodeIgniter\CodeIgniter->run()
 9 SYSTEMPATH\Boot.php(68): CodeIgniter\Boot::runCodeIgniter(Object(CodeIgniter\CodeIgniter))
10 FCPATH\index.php(59): CodeIgniter\Boot::bootWeb(Object(Config\Paths))
11 SYSTEMPATH\rewrite.php(44): require_once('C:\\xampp\\htdocs\\kasirpos\\public\\index.php')
CRITICAL - 2026-05-14 23:49:52 --> [Caused by] mysqli_sql_exception: Unknown column 'pin_user' in 'where clause'
in SYSTEMPATH\Database\MySQLi\Connection.php on line 327.
 1 SYSTEMPATH\Database\MySQLi\Connection.php(327): mysqli->query('SELECT *
FROM `user`
WHERE `pin_user` = \'123\'', 0)
 2 SYSTEMPATH\Database\BaseConnection.php(729): CodeIgniter\Database\MySQLi\Connection->execute('SELECT *
FROM `user`
WHERE `pin_user` = \'123\'')
 3 SYSTEMPATH\Database\BaseConnection.php(646): CodeIgniter\Database\BaseConnection->simpleQuery('SELECT *
FROM `user`
WHERE `pin_user` = \'123\'')
 4 SYSTEMPATH\Database\BaseBuilder.php(1649): CodeIgniter\Database\BaseConnection->query('SELECT *
FROM `user`
WHERE `pin_user` = :pin_user:', [...], false)
 5 APPPATH\Controllers\Absensi.php(25): CodeIgniter\Database\BaseBuilder->get()
 6 SYSTEMPATH\CodeIgniter.php(933): App\Controllers\Absensi->absen_pakai_pin()
 7 SYSTEMPATH\CodeIgniter.php(507): CodeIgniter\CodeIgniter->runController(Object(App\Controllers\Absensi))
 8 SYSTEMPATH\CodeIgniter.php(354): CodeIgniter\CodeIgniter->handleRequest(null, Object(Config\Cache), false)
 9 SYSTEMPATH\Boot.php(363): CodeIgniter\CodeIgniter->run()
10 SYSTEMPATH\Boot.php(68): CodeIgniter\Boot::runCodeIgniter(Object(CodeIgniter\CodeIgniter))
11 FCPATH\index.php(59): CodeIgniter\Boot::bootWeb(Object(Config\Paths))
12 SYSTEMPATH\rewrite.php(44): require_once('C:\\xampp\\htdocs\\kasirpos\\public\\index.php')
DEBUG - 2026-05-14 23:50:43 --> Session: Class initialized using 'CodeIgniter\Session\Handlers\FileHandler' driver.
DEBUG - 2026-05-14 23:50:56 --> Session: Class initialized using 'CodeIgniter\Session\Handlers\FileHandler' driver.
DEBUG - 2026-05-14 23:50:56 --> Session: Class initialized using 'CodeIgniter\Session\Handlers\FileHandler' driver.
DEBUG - 2026-05-14 23:51:08 --> Session: Class initialized using 'CodeIgniter\Session\Handlers\FileHandler' driver.
DEBUG - 2026-05-14 23:51:08 --> Session: Class initialized using 'CodeIgniter\Session\Handlers\FileHandler' driver.
DEBUG - 2026-05-14 23:51:21 --> Session: Class initialized using 'CodeIgniter\Session\Handlers\FileHandler' driver.
DEBUG - 2026-05-14 23:51:21 --> Session: Class initialized using 'CodeIgniter\Session\Handlers\FileHandler' driver.
DEBUG - 2026-05-14 23:51:33 --> Session: Class initialized using 'CodeIgniter\Session\Handlers\FileHandler' driver.
DEBUG - 2026-05-14 23:51:33 --> Session: Class initialized using 'CodeIgniter\Session\Handlers\FileHandler' driver.
DEBUG - 2026-05-14 23:52:14 --> Session: Class initialized using 'CodeIgniter\Session\Handlers\FileHandler' driver.
DEBUG - 2026-05-14 16:52:14 --> Session: Class initialized using 'CodeIgniter\Session\Handlers\FileHandler' driver.
DEBUG - 2026-05-14 16:52:21 --> Session: Class initialized using 'CodeIgniter\Session\Handlers\FileHandler' driver.
DEBUG - 2026-05-14 16:52:45 --> Session: Class initialized using 'CodeIgniter\Session\Handlers\FileHandler' driver.
DEBUG - 2026-05-14 16:52:45 --> Session: Class initialized using 'CodeIgniter\Session\Handlers\FileHandler' driver.
DEBUG - 2026-05-14 16:53:23 --> Session: Class initialized using 'CodeIgniter\Session\Handlers\FileHandler' driver.
DEBUG - 2026-05-14 16:53:23 --> Session: Class initialized using 'CodeIgniter\Session\Handlers\FileHandler' driver.
DEBUG - 2026-05-14 23:57:16 --> Session: Class initialized using 'CodeIgniter\Session\Handlers\FileHandler' driver.
DEBUG - 2026-05-14 23:57:24 --> Session: Class initialized using 'CodeIgniter\Session\Handlers\FileHandler' driver.
DEBUG - 2026-05-14 23:57:24 --> Session: Class initialized using 'CodeIgniter\Session\Handlers\FileHandler' driver.
DEBUG - 2026-05-14 23:57:29 --> Session: Class initialized using 'CodeIgniter\Session\Handlers\FileHandler' driver.
DEBUG - 2026-05-14 23:57:29 --> Session: Class initialized using 'CodeIgniter\Session\Handlers\FileHandler' driver.
DEBUG - 2026-05-14 23:57:39 --> Session: Class initialized using 'CodeIgniter\Session\Handlers\FileHandler' driver.
DEBUG - 2026-05-14 23:57:39 --> Session: Class initialized using 'CodeIgniter\Session\Handlers\FileHandler' driver.
DEBUG - 2026-05-14 23:58:33 --> Session: Class initialized using 'CodeIgniter\Session\Handlers\FileHandler' driver.
DEBUG - 2026-05-14 23:58:33 --> Session: Class initialized using 'CodeIgniter\Session\Handlers\FileHandler' driver.
DEBUG - 2026-05-14 23:59:06 --> Session: Class initialized using 'CodeIgniter\Session\Handlers\FileHandler' driver.
DEBUG - 2026-05-14 23:59:06 --> Session: Class initialized using 'CodeIgniter\Session\Handlers\FileHandler' driver.
DEBUG - 2026-05-14 23:59:34 --> Session: Class initialized using 'CodeIgniter\Session\Handlers\FileHandler' driver.
DEBUG - 2026-05-14 23:59:34 --> Session: Class initialized using 'CodeIgniter\Session\Handlers\FileHandler' driver.
DEBUG - 2026-05-14 17:06:54 --> Session: Class initialized using 'CodeIgniter\Session\Handlers\FileHandler' driver.
DEBUG - 2026-05-14 17:07:17 --> Session: Class initialized using 'CodeIgniter\Session\Handlers\FileHandler' driver.
DEBUG - 2026-05-14 17:07:21 --> Session: Class initialized using 'CodeIgniter\Session\Handlers\FileHandler' driver.
DEBUG - 2026-05-14 17:07:44 --> Session: Class initialized using 'CodeIgniter\Session\Handlers\FileHandler' driver.
DEBUG - 2026-05-14 17:07:44 --> Session: Class initialized using 'CodeIgniter\Session\Handlers\FileHandler' driver.
