ERROR - 2026-04-28 01:44:24 --> mysqli_sql_exception: Unknown column 'bayar' in 'field list' in C:\xampp\htdocs\kasirpos\system\Database\MySQLi\Connection.php:327
Stack trace:
#0 C:\xampp\htdocs\kasirpos\system\Database\MySQLi\Connection.php(327): mysqli->query('INSERT INTO `tr...', 0)
#1 C:\xampp\htdocs\kasirpos\system\Database\BaseConnection.php(729): CodeIgniter\Database\MySQLi\Connection->execute('INSERT INTO `tr...')
#2 C:\xampp\htdocs\kasirpos\system\Database\BaseConnection.php(646): CodeIgniter\Database\BaseConnection->simpleQuery('INSERT INTO `tr...')
#3 C:\xampp\htdocs\kasirpos\system\Database\BaseBuilder.php(2345): CodeIgniter\Database\BaseConnection->query('INSERT INTO `tr...', Array, false)
#4 C:\xampp\htdocs\kasirpos\app\Controllers\Kasir.php(39): CodeIgniter\Database\BaseBuilder->insert(Array)
#5 C:\xampp\htdocs\kasirpos\system\CodeIgniter.php(933): App\Controllers\Kasir->bayar()
#6 C:\xampp\htdocs\kasirpos\system\CodeIgniter.php(507): CodeIgniter\CodeIgniter->runController(Object(App\Controllers\Kasir))
#7 C:\xampp\htdocs\kasirpos\system\CodeIgniter.php(354): CodeIgniter\CodeIgniter->handleRequest(NULL, Object(Config\Cache), false)
#8 C:\xampp\htdocs\kasirpos\system\Boot.php(363): CodeIgniter\CodeIgniter->run()
#9 C:\xampp\htdocs\kasirpos\system\Boot.php(68): CodeIgniter\Boot::runCodeIgniter(Object(CodeIgniter\CodeIgniter))
#10 C:\xampp\htdocs\kasirpos\public\index.php(59): CodeIgniter\Boot::bootWeb(Object(Config\Paths))
#11 C:\xampp\htdocs\kasirpos\system\rewrite.php(44): require_once('C:\\xampp\\htdocs...')
#12 {main}
ERROR - 2026-04-28 01:44:24 --> mysqli_sql_exception: Unknown column 'transaksi_id' in 'field list' in C:\xampp\htdocs\kasirpos\system\Database\MySQLi\Connection.php:327
Stack trace:
#0 C:\xampp\htdocs\kasirpos\system\Database\MySQLi\Connection.php(327): mysqli->query('INSERT INTO `tr...', 0)
#1 C:\xampp\htdocs\kasirpos\system\Database\BaseConnection.php(729): CodeIgniter\Database\MySQLi\Connection->execute('INSERT INTO `tr...')
#2 C:\xampp\htdocs\kasirpos\system\Database\BaseConnection.php(646): CodeIgniter\Database\BaseConnection->simpleQuery('INSERT INTO `tr...')
#3 C:\xampp\htdocs\kasirpos\system\Database\BaseBuilder.php(2345): CodeIgniter\Database\BaseConnection->query('INSERT INTO `tr...', Array, false)
#4 C:\xampp\htdocs\kasirpos\app\Controllers\Kasir.php(51): CodeIgniter\Database\BaseBuilder->insert(Array)
#5 C:\xampp\htdocs\kasirpos\system\CodeIgniter.php(933): App\Controllers\Kasir->bayar()
#6 C:\xampp\htdocs\kasirpos\system\CodeIgniter.php(507): CodeIgniter\CodeIgniter->runController(Object(App\Controllers\Kasir))
#7 C:\xampp\htdocs\kasirpos\system\CodeIgniter.php(354): CodeIgniter\CodeIgniter->handleRequest(NULL, Object(Config\Cache), false)
#8 C:\xampp\htdocs\kasirpos\system\Boot.php(363): CodeIgniter\CodeIgniter->run()
#9 C:\xampp\htdocs\kasirpos\system\Boot.php(68): CodeIgniter\Boot::runCodeIgniter(Object(CodeIgniter\CodeIgniter))
#10 C:\xampp\htdocs\kasirpos\public\index.php(59): CodeIgniter\Boot::bootWeb(Object(Config\Paths))
#11 C:\xampp\htdocs\kasirpos\system\rewrite.php(44): require_once('C:\\xampp\\htdocs...')
#12 {main}
ERROR - 2026-04-28 01:44:24 --> mysqli_sql_exception: Unknown column 'transaksi_id' in 'field list' in C:\xampp\htdocs\kasirpos\system\Database\MySQLi\Connection.php:327
Stack trace:
#0 C:\xampp\htdocs\kasirpos\system\Database\MySQLi\Connection.php(327): mysqli->query('INSERT INTO `tr...', 0)
#1 C:\xampp\htdocs\kasirpos\system\Database\BaseConnection.php(729): CodeIgniter\Database\MySQLi\Connection->execute('INSERT INTO `tr...')
#2 C:\xampp\htdocs\kasirpos\system\Database\BaseConnection.php(646): CodeIgniter\Database\BaseConnection->simpleQuery('INSERT INTO `tr...')
#3 C:\xampp\htdocs\kasirpos\system\Database\BaseBuilder.php(2345): CodeIgniter\Database\BaseConnection->query('INSERT INTO `tr...', Array, false)
#4 C:\xampp\htdocs\kasirpos\app\Controllers\Kasir.php(51): CodeIgniter\Database\BaseBuilder->insert(Array)
#5 C:\xampp\htdocs\kasirpos\system\CodeIgniter.php(933): App\Controllers\Kasir->bayar()
#6 C:\xampp\htdocs\kasirpos\system\CodeIgniter.php(507): CodeIgniter\CodeIgniter->runController(Object(App\Controllers\Kasir))
#7 C:\xampp\htdocs\kasirpos\system\CodeIgniter.php(354): CodeIgniter\CodeIgniter->handleRequest(NULL, Object(Config\Cache), false)
#8 C:\xampp\htdocs\kasirpos\system\Boot.php(363): CodeIgniter\CodeIgniter->run()
#9 C:\xampp\htdocs\kasirpos\system\Boot.php(68): CodeIgniter\Boot::runCodeIgniter(Object(CodeIgniter\CodeIgniter))
#10 C:\xampp\htdocs\kasirpos\public\index.php(59): CodeIgniter\Boot::bootWeb(Object(Config\Paths))
#11 C:\xampp\htdocs\kasirpos\system\rewrite.php(44): require_once('C:\\xampp\\htdocs...')
#12 {main}
ERROR - 2026-04-28 01:44:24 --> mysqli_sql_exception: Unknown column 'transaksi_id' in 'field list' in C:\xampp\htdocs\kasirpos\system\Database\MySQLi\Connection.php:327
Stack trace:
#0 C:\xampp\htdocs\kasirpos\system\Database\MySQLi\Connection.php(327): mysqli->query('INSERT INTO `tr...', 0)
#1 C:\xampp\htdocs\kasirpos\system\Database\BaseConnection.php(729): CodeIgniter\Database\MySQLi\Connection->execute('INSERT INTO `tr...')
#2 C:\xampp\htdocs\kasirpos\system\Database\BaseConnection.php(646): CodeIgniter\Database\BaseConnection->simpleQuery('INSERT INTO `tr...')
#3 C:\xampp\htdocs\kasirpos\system\Database\BaseBuilder.php(2345): CodeIgniter\Database\BaseConnection->query('INSERT INTO `tr...', Array, false)
#4 C:\xampp\htdocs\kasirpos\app\Controllers\Kasir.php(51): CodeIgniter\Database\BaseBuilder->insert(Array)
#5 C:\xampp\htdocs\kasirpos\system\CodeIgniter.php(933): App\Controllers\Kasir->bayar()
#6 C:\xampp\htdocs\kasirpos\system\CodeIgniter.php(507): CodeIgniter\CodeIgniter->runController(Object(App\Controllers\Kasir))
#7 C:\xampp\htdocs\kasirpos\system\CodeIgniter.php(354): CodeIgniter\CodeIgniter->handleRequest(NULL, Object(Config\Cache), false)
#8 C:\xampp\htdocs\kasirpos\system\Boot.php(363): CodeIgniter\CodeIgniter->run()
#9 C:\xampp\htdocs\kasirpos\system\Boot.php(68): CodeIgniter\Boot::runCodeIgniter(Object(CodeIgniter\CodeIgniter))
#10 C:\xampp\htdocs\kasirpos\public\index.php(59): CodeIgniter\Boot::bootWeb(Object(Config\Paths))
#11 C:\xampp\htdocs\kasirpos\system\rewrite.php(44): require_once('C:\\xampp\\htdocs...')
#12 {main}
ERROR - 2026-04-28 01:44:42 --> mysqli_sql_exception: Unknown column 'bayar' in 'field list' in C:\xampp\htdocs\kasirpos\system\Database\MySQLi\Connection.php:327
Stack trace:
#0 C:\xampp\htdocs\kasirpos\system\Database\MySQLi\Connection.php(327): mysqli->query('INSERT INTO `tr...', 0)
#1 C:\xampp\htdocs\kasirpos\system\Database\BaseConnection.php(729): CodeIgniter\Database\MySQLi\Connection->execute('INSERT INTO `tr...')
#2 C:\xampp\htdocs\kasirpos\system\Database\BaseConnection.php(646): CodeIgniter\Database\BaseConnection->simpleQuery('INSERT INTO `tr...')
#3 C:\xampp\htdocs\kasirpos\system\Database\BaseBuilder.php(2345): CodeIgniter\Database\BaseConnection->query('INSERT INTO `tr...', Array, false)
#4 C:\xampp\htdocs\kasirpos\app\Controllers\Kasir.php(39): CodeIgniter\Database\BaseBuilder->insert(Array)
#5 C:\xampp\htdocs\kasirpos\system\CodeIgniter.php(933): App\Controllers\Kasir->bayar()
#6 C:\xampp\htdocs\kasirpos\system\CodeIgniter.php(507): CodeIgniter\CodeIgniter->runController(Object(App\Controllers\Kasir))
#7 C:\xampp\htdocs\kasirpos\system\CodeIgniter.php(354): CodeIgniter\CodeIgniter->handleRequest(NULL, Object(Config\Cache), false)
#8 C:\xampp\htdocs\kasirpos\system\Boot.php(363): CodeIgniter\CodeIgniter->run()
#9 C:\xampp\htdocs\kasirpos\system\Boot.php(68): CodeIgniter\Boot::runCodeIgniter(Object(CodeIgniter\CodeIgniter))
#10 C:\xampp\htdocs\kasirpos\public\index.php(59): CodeIgniter\Boot::bootWeb(Object(Config\Paths))
#11 C:\xampp\htdocs\kasirpos\system\rewrite.php(44): require_once('C:\\xampp\\htdocs...')
#12 {main}
ERROR - 2026-04-28 01:44:42 --> mysqli_sql_exception: Unknown column 'transaksi_id' in 'field list' in C:\xampp\htdocs\kasirpos\system\Database\MySQLi\Connection.php:327
Stack trace:
#0 C:\xampp\htdocs\kasirpos\system\Database\MySQLi\Connection.php(327): mysqli->query('INSERT INTO `tr...', 0)
#1 C:\xampp\htdocs\kasirpos\system\Database\BaseConnection.php(729): CodeIgniter\Database\MySQLi\Connection->execute('INSERT INTO `tr...')
#2 C:\xampp\htdocs\kasirpos\system\Database\BaseConnection.php(646): CodeIgniter\Database\BaseConnection->simpleQuery('INSERT INTO `tr...')
#3 C:\xampp\htdocs\kasirpos\system\Database\BaseBuilder.php(2345): CodeIgniter\Database\BaseConnection->query('INSERT INTO `tr...', Array, false)
#4 C:\xampp\htdocs\kasirpos\app\Controllers\Kasir.php(51): CodeIgniter\Database\BaseBuilder->insert(Array)
#5 C:\xampp\htdocs\kasirpos\system\CodeIgniter.php(933): App\Controllers\Kasir->bayar()
#6 C:\xampp\htdocs\kasirpos\system\CodeIgniter.php(507): CodeIgniter\CodeIgniter->runController(Object(App\Controllers\Kasir))
#7 C:\xampp\htdocs\kasirpos\system\CodeIgniter.php(354): CodeIgniter\CodeIgniter->handleRequest(NULL, Object(Config\Cache), false)
#8 C:\xampp\htdocs\kasirpos\system\Boot.php(363): CodeIgniter\CodeIgniter->run()
#9 C:\xampp\htdocs\kasirpos\system\Boot.php(68): CodeIgniter\Boot::runCodeIgniter(Object(CodeIgniter\CodeIgniter))
#10 C:\xampp\htdocs\kasirpos\public\index.php(59): CodeIgniter\Boot::bootWeb(Object(Config\Paths))
#11 C:\xampp\htdocs\kasirpos\system\rewrite.php(44): require_once('C:\\xampp\\htdocs...')
#12 {main}
ERROR - 2026-04-28 01:44:42 --> mysqli_sql_exception: Unknown column 'transaksi_id' in 'field list' in C:\xampp\htdocs\kasirpos\system\Database\MySQLi\Connection.php:327
Stack trace:
#0 C:\xampp\htdocs\kasirpos\system\Database\MySQLi\Connection.php(327): mysqli->query('INSERT INTO `tr...', 0)
#1 C:\xampp\htdocs\kasirpos\system\Database\BaseConnection.php(729): CodeIgniter\Database\MySQLi\Connection->execute('INSERT INTO `tr...')
#2 C:\xampp\htdocs\kasirpos\system\Database\BaseConnection.php(646): CodeIgniter\Database\BaseConnection->simpleQuery('INSERT INTO `tr...')
#3 C:\xampp\htdocs\kasirpos\system\Database\BaseBuilder.php(2345): CodeIgniter\Database\BaseConnection->query('INSERT INTO `tr...', Array, false)
#4 C:\xampp\htdocs\kasirpos\app\Controllers\Kasir.php(51): CodeIgniter\Database\BaseBuilder->insert(Array)
#5 C:\xampp\htdocs\kasirpos\system\CodeIgniter.php(933): App\Controllers\Kasir->bayar()
#6 C:\xampp\htdocs\kasirpos\system\CodeIgniter.php(507): CodeIgniter\CodeIgniter->runController(Object(App\Controllers\Kasir))
#7 C:\xampp\htdocs\kasirpos\system\CodeIgniter.php(354): CodeIgniter\CodeIgniter->handleRequest(NULL, Object(Config\Cache), false)
#8 C:\xampp\htdocs\kasirpos\system\Boot.php(363): CodeIgniter\CodeIgniter->run()
#9 C:\xampp\htdocs\kasirpos\system\Boot.php(68): CodeIgniter\Boot::runCodeIgniter(Object(CodeIgniter\CodeIgniter))
#10 C:\xampp\htdocs\kasirpos\public\index.php(59): CodeIgniter\Boot::bootWeb(Object(Config\Paths))
#11 C:\xampp\htdocs\kasirpos\system\rewrite.php(44): require_once('C:\\xampp\\htdocs...')
#12 {main}
ERROR - 2026-04-28 01:44:42 --> mysqli_sql_exception: Unknown column 'transaksi_id' in 'field list' in C:\xampp\htdocs\kasirpos\system\Database\MySQLi\Connection.php:327
Stack trace:
#0 C:\xampp\htdocs\kasirpos\system\Database\MySQLi\Connection.php(327): mysqli->query('INSERT INTO `tr...', 0)
#1 C:\xampp\htdocs\kasirpos\system\Database\BaseConnection.php(729): CodeIgniter\Database\MySQLi\Connection->execute('INSERT INTO `tr...')
#2 C:\xampp\htdocs\kasirpos\system\Database\BaseConnection.php(646): CodeIgniter\Database\BaseConnection->simpleQuery('INSERT INTO `tr...')
#3 C:\xampp\htdocs\kasirpos\system\Database\BaseBuilder.php(2345): CodeIgniter\Database\BaseConnection->query('INSERT INTO `tr...', Array, false)
#4 C:\xampp\htdocs\kasirpos\app\Controllers\Kasir.php(51): CodeIgniter\Database\BaseBuilder->insert(Array)
#5 C:\xampp\htdocs\kasirpos\system\CodeIgniter.php(933): App\Controllers\Kasir->bayar()
#6 C:\xampp\htdocs\kasirpos\system\CodeIgniter.php(507): CodeIgniter\CodeIgniter->runController(Object(App\Controllers\Kasir))
#7 C:\xampp\htdocs\kasirpos\system\CodeIgniter.php(354): CodeIgniter\CodeIgniter->handleRequest(NULL, Object(Config\Cache), false)
#8 C:\xampp\htdocs\kasirpos\system\Boot.php(363): CodeIgniter\CodeIgniter->run()
#9 C:\xampp\htdocs\kasirpos\system\Boot.php(68): CodeIgniter\Boot::runCodeIgniter(Object(CodeIgniter\CodeIgniter))
#10 C:\xampp\htdocs\kasirpos\public\index.php(59): CodeIgniter\Boot::bootWeb(Object(Config\Paths))
#11 C:\xampp\htdocs\kasirpos\system\rewrite.php(44): require_once('C:\\xampp\\htdocs...')
#12 {main}
ERROR - 2026-04-28 01:44:45 --> mysqli_sql_exception: Unknown column 'bayar' in 'field list' in C:\xampp\htdocs\kasirpos\system\Database\MySQLi\Connection.php:327
Stack trace:
#0 C:\xampp\htdocs\kasirpos\system\Database\MySQLi\Connection.php(327): mysqli->query('INSERT INTO `tr...', 0)
#1 C:\xampp\htdocs\kasirpos\system\Database\BaseConnection.php(729): CodeIgniter\Database\MySQLi\Connection->execute('INSERT INTO `tr...')
#2 C:\xampp\htdocs\kasirpos\system\Database\BaseConnection.php(646): CodeIgniter\Database\BaseConnection->simpleQuery('INSERT INTO `tr...')
#3 C:\xampp\htdocs\kasirpos\system\Database\BaseBuilder.php(2345): CodeIgniter\Database\BaseConnection->query('INSERT INTO `tr...', Array, false)
#4 C:\xampp\htdocs\kasirpos\app\Controllers\Kasir.php(39): CodeIgniter\Database\BaseBuilder->insert(Array)
#5 C:\xampp\htdocs\kasirpos\system\CodeIgniter.php(933): App\Controllers\Kasir->bayar()
#6 C:\xampp\htdocs\kasirpos\system\CodeIgniter.php(507): CodeIgniter\CodeIgniter->runController(Object(App\Controllers\Kasir))
#7 C:\xampp\htdocs\kasirpos\system\CodeIgniter.php(354): CodeIgniter\CodeIgniter->handleRequest(NULL, Object(Config\Cache), false)
#8 C:\xampp\htdocs\kasirpos\system\Boot.php(363): CodeIgniter\CodeIgniter->run()
#9 C:\xampp\htdocs\kasirpos\system\Boot.php(68): CodeIgniter\Boot::runCodeIgniter(Object(CodeIgniter\CodeIgniter))
#10 C:\xampp\htdocs\kasirpos\public\index.php(59): CodeIgniter\Boot::bootWeb(Object(Config\Paths))
#11 C:\xampp\htdocs\kasirpos\system\rewrite.php(44): require_once('C:\\xampp\\htdocs...')
#12 {main}
ERROR - 2026-04-28 01:44:45 --> mysqli_sql_exception: Unknown column 'transaksi_id' in 'field list' in C:\xampp\htdocs\kasirpos\system\Database\MySQLi\Connection.php:327
Stack trace:
#0 C:\xampp\htdocs\kasirpos\system\Database\MySQLi\Connection.php(327): mysqli->query('INSERT INTO `tr...', 0)
#1 C:\xampp\htdocs\kasirpos\system\Database\BaseConnection.php(729): CodeIgniter\Database\MySQLi\Connection->execute('INSERT INTO `tr...')
#2 C:\xampp\htdocs\kasirpos\system\Database\BaseConnection.php(646): CodeIgniter\Database\BaseConnection->simpleQuery('INSERT INTO `tr...')
#3 C:\xampp\htdocs\kasirpos\system\Database\BaseBuilder.php(2345): CodeIgniter\Database\BaseConnection->query('INSERT INTO `tr...', Array, false)
#4 C:\xampp\htdocs\kasirpos\app\Controllers\Kasir.php(51): CodeIgniter\Database\BaseBuilder->insert(Array)
#5 C:\xampp\htdocs\kasirpos\system\CodeIgniter.php(933): App\Controllers\Kasir->bayar()
#6 C:\xampp\htdocs\kasirpos\system\CodeIgniter.php(507): CodeIgniter\CodeIgniter->runController(Object(App\Controllers\Kasir))
#7 C:\xampp\htdocs\kasirpos\system\CodeIgniter.php(354): CodeIgniter\CodeIgniter->handleRequest(NULL, Object(Config\Cache), false)
#8 C:\xampp\htdocs\kasirpos\system\Boot.php(363): CodeIgniter\CodeIgniter->run()
#9 C:\xampp\htdocs\kasirpos\system\Boot.php(68): CodeIgniter\Boot::runCodeIgniter(Object(CodeIgniter\CodeIgniter))
#10 C:\xampp\htdocs\kasirpos\public\index.php(59): CodeIgniter\Boot::bootWeb(Object(Config\Paths))
#11 C:\xampp\htdocs\kasirpos\system\rewrite.php(44): require_once('C:\\xampp\\htdocs...')
#12 {main}
ERROR - 2026-04-28 01:44:45 --> mysqli_sql_exception: Unknown column 'transaksi_id' in 'field list' in C:\xampp\htdocs\kasirpos\system\Database\MySQLi\Connection.php:327
Stack trace:
#0 C:\xampp\htdocs\kasirpos\system\Database\MySQLi\Connection.php(327): mysqli->query('INSERT INTO `tr...', 0)
#1 C:\xampp\htdocs\kasirpos\system\Database\BaseConnection.php(729): CodeIgniter\Database\MySQLi\Connection->execute('INSERT INTO `tr...')
#2 C:\xampp\htdocs\kasirpos\system\Database\BaseConnection.php(646): CodeIgniter\Database\BaseConnection->simpleQuery('INSERT INTO `tr...')
#3 C:\xampp\htdocs\kasirpos\system\Database\BaseBuilder.php(2345): CodeIgniter\Database\BaseConnection->query('INSERT INTO `tr...', Array, false)
#4 C:\xampp\htdocs\kasirpos\app\Controllers\Kasir.php(51): CodeIgniter\Database\BaseBuilder->insert(Array)
#5 C:\xampp\htdocs\kasirpos\system\CodeIgniter.php(933): App\Controllers\Kasir->bayar()
#6 C:\xampp\htdocs\kasirpos\system\CodeIgniter.php(507): CodeIgniter\CodeIgniter->runController(Object(App\Controllers\Kasir))
#7 C:\xampp\htdocs\kasirpos\system\CodeIgniter.php(354): CodeIgniter\CodeIgniter->handleRequest(NULL, Object(Config\Cache), false)
#8 C:\xampp\htdocs\kasirpos\system\Boot.php(363): CodeIgniter\CodeIgniter->run()
#9 C:\xampp\htdocs\kasirpos\system\Boot.php(68): CodeIgniter\Boot::runCodeIgniter(Object(CodeIgniter\CodeIgniter))
#10 C:\xampp\htdocs\kasirpos\public\index.php(59): CodeIgniter\Boot::bootWeb(Object(Config\Paths))
#11 C:\xampp\htdocs\kasirpos\system\rewrite.php(44): require_once('C:\\xampp\\htdocs...')
#12 {main}
ERROR - 2026-04-28 01:44:45 --> mysqli_sql_exception: Unknown column 'transaksi_id' in 'field list' in C:\xampp\htdocs\kasirpos\system\Database\MySQLi\Connection.php:327
Stack trace:
#0 C:\xampp\htdocs\kasirpos\system\Database\MySQLi\Connection.php(327): mysqli->query('INSERT INTO `tr...', 0)
#1 C:\xampp\htdocs\kasirpos\system\Database\BaseConnection.php(729): CodeIgniter\Database\MySQLi\Connection->execute('INSERT INTO `tr...')
#2 C:\xampp\htdocs\kasirpos\system\Database\BaseConnection.php(646): CodeIgniter\Database\BaseConnection->simpleQuery('INSERT INTO `tr...')
#3 C:\xampp\htdocs\kasirpos\system\Database\BaseBuilder.php(2345): CodeIgniter\Database\BaseConnection->query('INSERT INTO `tr...', Array, false)
#4 C:\xampp\htdocs\kasirpos\app\Controllers\Kasir.php(51): CodeIgniter\Database\BaseBuilder->insert(Array)
#5 C:\xampp\htdocs\kasirpos\system\CodeIgniter.php(933): App\Controllers\Kasir->bayar()
#6 C:\xampp\htdocs\kasirpos\system\CodeIgniter.php(507): CodeIgniter\CodeIgniter->runController(Object(App\Controllers\Kasir))
#7 C:\xampp\htdocs\kasirpos\system\CodeIgniter.php(354): CodeIgniter\CodeIgniter->handleRequest(NULL, Object(Config\Cache), false)
#8 C:\xampp\htdocs\kasirpos\system\Boot.php(363): CodeIgniter\CodeIgniter->run()
#9 C:\xampp\htdocs\kasirpos\system\Boot.php(68): CodeIgniter\Boot::runCodeIgniter(Object(CodeIgniter\CodeIgniter))
#10 C:\xampp\htdocs\kasirpos\public\index.php(59): CodeIgniter\Boot::bootWeb(Object(Config\Paths))
#11 C:\xampp\htdocs\kasirpos\system\rewrite.php(44): require_once('C:\\xampp\\htdocs...')
#12 {main}
ERROR - 2026-04-28 01:46:59 --> mysqli_sql_exception: Unknown column 'total_harga' in 'field list' in C:\xampp\htdocs\kasirpos\system\Database\MySQLi\Connection.php:327
Stack trace:
#0 C:\xampp\htdocs\kasirpos\system\Database\MySQLi\Connection.php(327): mysqli->query('INSERT INTO `tr...', 0)
#1 C:\xampp\htdocs\kasirpos\system\Database\BaseConnection.php(729): CodeIgniter\Database\MySQLi\Connection->execute('INSERT INTO `tr...')
#2 C:\xampp\htdocs\kasirpos\system\Database\BaseConnection.php(646): CodeIgniter\Database\BaseConnection->simpleQuery('INSERT INTO `tr...')
#3 C:\xampp\htdocs\kasirpos\system\Database\BaseBuilder.php(2345): CodeIgniter\Database\BaseConnection->query('INSERT INTO `tr...', Array, false)
#4 C:\xampp\htdocs\kasirpos\app\Controllers\Kasir.php(36): CodeIgniter\Database\BaseBuilder->insert(Array)
#5 C:\xampp\htdocs\kasirpos\system\CodeIgniter.php(933): App\Controllers\Kasir->bayar()
#6 C:\xampp\htdocs\kasirpos\system\CodeIgniter.php(507): CodeIgniter\CodeIgniter->runController(Object(App\Controllers\Kasir))
#7 C:\xampp\htdocs\kasirpos\system\CodeIgniter.php(354): CodeIgniter\CodeIgniter->handleRequest(NULL, Object(Config\Cache), false)
#8 C:\xampp\htdocs\kasirpos\system\Boot.php(363): CodeIgniter\CodeIgniter->run()
#9 C:\xampp\htdocs\kasirpos\system\Boot.php(68): CodeIgniter\Boot::runCodeIgniter(Object(CodeIgniter\CodeIgniter))
#10 C:\xampp\htdocs\kasirpos\public\index.php(59): CodeIgniter\Boot::bootWeb(Object(Config\Paths))
#11 C:\xampp\htdocs\kasirpos\system\rewrite.php(44): require_once('C:\\xampp\\htdocs...')
#12 {main}
ERROR - 2026-04-28 01:46:59 --> mysqli_sql_exception: Unknown column 'transaksi_id' in 'field list' in C:\xampp\htdocs\kasirpos\system\Database\MySQLi\Connection.php:327
Stack trace:
#0 C:\xampp\htdocs\kasirpos\system\Database\MySQLi\Connection.php(327): mysqli->query('INSERT INTO `tr...', 0)
#1 C:\xampp\htdocs\kasirpos\system\Database\BaseConnection.php(729): CodeIgniter\Database\MySQLi\Connection->execute('INSERT INTO `tr...')
#2 C:\xampp\htdocs\kasirpos\system\Database\BaseConnection.php(646): CodeIgniter\Database\BaseConnection->simpleQuery('INSERT INTO `tr...')
#3 C:\xampp\htdocs\kasirpos\system\Database\BaseBuilder.php(2345): CodeIgniter\Database\BaseConnection->query('INSERT INTO `tr...', Array, false)
#4 C:\xampp\htdocs\kasirpos\app\Controllers\Kasir.php(47): CodeIgniter\Database\BaseBuilder->insert(Array)
#5 C:\xampp\htdocs\kasirpos\system\CodeIgniter.php(933): App\Controllers\Kasir->bayar()
#6 C:\xampp\htdocs\kasirpos\system\CodeIgniter.php(507): CodeIgniter\CodeIgniter->runController(Object(App\Controllers\Kasir))
#7 C:\xampp\htdocs\kasirpos\system\CodeIgniter.php(354): CodeIgniter\CodeIgniter->handleRequest(NULL, Object(Config\Cache), false)
#8 C:\xampp\htdocs\kasirpos\system\Boot.php(363): CodeIgniter\CodeIgniter->run()
#9 C:\xampp\htdocs\kasirpos\system\Boot.php(68): CodeIgniter\Boot::runCodeIgniter(Object(CodeIgniter\CodeIgniter))
#10 C:\xampp\htdocs\kasirpos\public\index.php(59): CodeIgniter\Boot::bootWeb(Object(Config\Paths))
#11 C:\xampp\htdocs\kasirpos\system\rewrite.php(44): require_once('C:\\xampp\\htdocs...')
#12 {main}
ERROR - 2026-04-28 01:48:28 --> mysqli_sql_exception: Unknown column 'total_harga' in 'field list' in C:\xampp\htdocs\kasirpos\system\Database\MySQLi\Connection.php:327
Stack trace:
#0 C:\xampp\htdocs\kasirpos\system\Database\MySQLi\Connection.php(327): mysqli->query('INSERT INTO `tr...', 0)
#1 C:\xampp\htdocs\kasirpos\system\Database\BaseConnection.php(729): CodeIgniter\Database\MySQLi\Connection->execute('INSERT INTO `tr...')
#2 C:\xampp\htdocs\kasirpos\system\Database\BaseConnection.php(646): CodeIgniter\Database\BaseConnection->simpleQuery('INSERT INTO `tr...')
#3 C:\xampp\htdocs\kasirpos\system\Database\BaseBuilder.php(2345): CodeIgniter\Database\BaseConnection->query('INSERT INTO `tr...', Array, false)
#4 C:\xampp\htdocs\kasirpos\app\Controllers\Kasir.php(43): CodeIgniter\Database\BaseBuilder->insert(Array)
#5 C:\xampp\htdocs\kasirpos\system\CodeIgniter.php(933): App\Controllers\Kasir->bayar()
#6 C:\xampp\htdocs\kasirpos\system\CodeIgniter.php(507): CodeIgniter\CodeIgniter->runController(Object(App\Controllers\Kasir))
#7 C:\xampp\htdocs\kasirpos\system\CodeIgniter.php(354): CodeIgniter\CodeIgniter->handleRequest(NULL, Object(Config\Cache), false)
#8 C:\xampp\htdocs\kasirpos\system\Boot.php(363): CodeIgniter\CodeIgniter->run()
#9 C:\xampp\htdocs\kasirpos\system\Boot.php(68): CodeIgniter\Boot::runCodeIgniter(Object(CodeIgniter\CodeIgniter))
#10 C:\xampp\htdocs\kasirpos\public\index.php(59): CodeIgniter\Boot::bootWeb(Object(Config\Paths))
#11 C:\xampp\htdocs\kasirpos\system\rewrite.php(44): require_once('C:\\xampp\\htdocs...')
#12 {main}
ERROR - 2026-04-28 01:48:28 --> mysqli_sql_exception: Unknown column 'transaksi_id' in 'field list' in C:\xampp\htdocs\kasirpos\system\Database\MySQLi\Connection.php:327
Stack trace:
#0 C:\xampp\htdocs\kasirpos\system\Database\MySQLi\Connection.php(327): mysqli->query('INSERT INTO `tr...', 0)
#1 C:\xampp\htdocs\kasirpos\system\Database\BaseConnection.php(729): CodeIgniter\Database\MySQLi\Connection->execute('INSERT INTO `tr...')
#2 C:\xampp\htdocs\kasirpos\system\Database\BaseConnection.php(646): CodeIgniter\Database\BaseConnection->simpleQuery('INSERT INTO `tr...')
#3 C:\xampp\htdocs\kasirpos\system\Database\BaseBuilder.php(2345): CodeIgniter\Database\BaseConnection->query('INSERT INTO `tr...', Array, false)
#4 C:\xampp\htdocs\kasirpos\app\Controllers\Kasir.php(54): CodeIgniter\Database\BaseBuilder->insert(Array)
#5 C:\xampp\htdocs\kasirpos\system\CodeIgniter.php(933): App\Controllers\Kasir->bayar()
#6 C:\xampp\htdocs\kasirpos\system\CodeIgniter.php(507): CodeIgniter\CodeIgniter->runController(Object(App\Controllers\Kasir))
#7 C:\xampp\htdocs\kasirpos\system\CodeIgniter.php(354): CodeIgniter\CodeIgniter->handleRequest(NULL, Object(Config\Cache), false)
#8 C:\xampp\htdocs\kasirpos\system\Boot.php(363): CodeIgniter\CodeIgniter->run()
#9 C:\xampp\htdocs\kasirpos\system\Boot.php(68): CodeIgniter\Boot::runCodeIgniter(Object(CodeIgniter\CodeIgniter))
#10 C:\xampp\htdocs\kasirpos\public\index.php(59): CodeIgniter\Boot::bootWeb(Object(Config\Paths))
#11 C:\xampp\htdocs\kasirpos\system\rewrite.php(44): require_once('C:\\xampp\\htdocs...')
#12 {main}
ERROR - 2026-04-28 01:48:51 --> mysqli_sql_exception: Unknown column 'total_harga' in 'field list' in C:\xampp\htdocs\kasirpos\system\Database\MySQLi\Connection.php:327
Stack trace:
#0 C:\xampp\htdocs\kasirpos\system\Database\MySQLi\Connection.php(327): mysqli->query('INSERT INTO `tr...', 0)
#1 C:\xampp\htdocs\kasirpos\system\Database\BaseConnection.php(729): CodeIgniter\Database\MySQLi\Connection->execute('INSERT INTO `tr...')
#2 C:\xampp\htdocs\kasirpos\system\Database\BaseConnection.php(646): CodeIgniter\Database\BaseConnection->simpleQuery('INSERT INTO `tr...')
#3 C:\xampp\htdocs\kasirpos\system\Database\BaseBuilder.php(2345): CodeIgniter\Database\BaseConnection->query('INSERT INTO `tr...', Array, false)
#4 C:\xampp\htdocs\kasirpos\app\Controllers\Kasir.php(43): CodeIgniter\Database\BaseBuilder->insert(Array)
#5 C:\xampp\htdocs\kasirpos\system\CodeIgniter.php(933): App\Controllers\Kasir->bayar()
#6 C:\xampp\htdocs\kasirpos\system\CodeIgniter.php(507): CodeIgniter\CodeIgniter->runController(Object(App\Controllers\Kasir))
#7 C:\xampp\htdocs\kasirpos\system\CodeIgniter.php(354): CodeIgniter\CodeIgniter->handleRequest(NULL, Object(Config\Cache), false)
#8 C:\xampp\htdocs\kasirpos\system\Boot.php(363): CodeIgniter\CodeIgniter->run()
#9 C:\xampp\htdocs\kasirpos\system\Boot.php(68): CodeIgniter\Boot::runCodeIgniter(Object(CodeIgniter\CodeIgniter))
#10 C:\xampp\htdocs\kasirpos\public\index.php(59): CodeIgniter\Boot::bootWeb(Object(Config\Paths))
#11 C:\xampp\htdocs\kasirpos\system\rewrite.php(44): require_once('C:\\xampp\\htdocs...')
#12 {main}
ERROR - 2026-04-28 01:48:51 --> mysqli_sql_exception: Unknown column 'transaksi_id' in 'field list' in C:\xampp\htdocs\kasirpos\system\Database\MySQLi\Connection.php:327
Stack trace:
#0 C:\xampp\htdocs\kasirpos\system\Database\MySQLi\Connection.php(327): mysqli->query('INSERT INTO `tr...', 0)
#1 C:\xampp\htdocs\kasirpos\system\Database\BaseConnection.php(729): CodeIgniter\Database\MySQLi\Connection->execute('INSERT INTO `tr...')
#2 C:\xampp\htdocs\kasirpos\system\Database\BaseConnection.php(646): CodeIgniter\Database\BaseConnection->simpleQuery('INSERT INTO `tr...')
#3 C:\xampp\htdocs\kasirpos\system\Database\BaseBuilder.php(2345): CodeIgniter\Database\BaseConnection->query('INSERT INTO `tr...', Array, false)
#4 C:\xampp\htdocs\kasirpos\app\Controllers\Kasir.php(54): CodeIgniter\Database\BaseBuilder->insert(Array)
#5 C:\xampp\htdocs\kasirpos\system\CodeIgniter.php(933): App\Controllers\Kasir->bayar()
#6 C:\xampp\htdocs\kasirpos\system\CodeIgniter.php(507): CodeIgniter\CodeIgniter->runController(Object(App\Controllers\Kasir))
#7 C:\xampp\htdocs\kasirpos\system\CodeIgniter.php(354): CodeIgniter\CodeIgniter->handleRequest(NULL, Object(Config\Cache), false)
#8 C:\xampp\htdocs\kasirpos\system\Boot.php(363): CodeIgniter\CodeIgniter->run()
#9 C:\xampp\htdocs\kasirpos\system\Boot.php(68): CodeIgniter\Boot::runCodeIgniter(Object(CodeIgniter\CodeIgniter))
#10 C:\xampp\htdocs\kasirpos\public\index.php(59): CodeIgniter\Boot::bootWeb(Object(Config\Paths))
#11 C:\xampp\htdocs\kasirpos\system\rewrite.php(44): require_once('C:\\xampp\\htdocs...')
#12 {main}
ERROR - 2026-04-28 01:50:00 --> mysqli_sql_exception: Unknown column 'total_harga' in 'field list' in C:\xampp\htdocs\kasirpos\system\Database\MySQLi\Connection.php:327
Stack trace:
#0 C:\xampp\htdocs\kasirpos\system\Database\MySQLi\Connection.php(327): mysqli->query('INSERT INTO `tr...', 0)
#1 C:\xampp\htdocs\kasirpos\system\Database\BaseConnection.php(729): CodeIgniter\Database\MySQLi\Connection->execute('INSERT INTO `tr...')
#2 C:\xampp\htdocs\kasirpos\system\Database\BaseConnection.php(646): CodeIgniter\Database\BaseConnection->simpleQuery('INSERT INTO `tr...')
#3 C:\xampp\htdocs\kasirpos\system\Database\BaseBuilder.php(2345): CodeIgniter\Database\BaseConnection->query('INSERT INTO `tr...', Array, false)
#4 C:\xampp\htdocs\kasirpos\app\Controllers\Kasir.php(43): CodeIgniter\Database\BaseBuilder->insert(Array)
#5 C:\xampp\htdocs\kasirpos\system\CodeIgniter.php(933): App\Controllers\Kasir->bayar()
#6 C:\xampp\htdocs\kasirpos\system\CodeIgniter.php(507): CodeIgniter\CodeIgniter->runController(Object(App\Controllers\Kasir))
#7 C:\xampp\htdocs\kasirpos\system\CodeIgniter.php(354): CodeIgniter\CodeIgniter->handleRequest(NULL, Object(Config\Cache), false)
#8 C:\xampp\htdocs\kasirpos\system\Boot.php(363): CodeIgniter\CodeIgniter->run()
#9 C:\xampp\htdocs\kasirpos\system\Boot.php(68): CodeIgniter\Boot::runCodeIgniter(Object(CodeIgniter\CodeIgniter))
#10 C:\xampp\htdocs\kasirpos\public\index.php(59): CodeIgniter\Boot::bootWeb(Object(Config\Paths))
#11 C:\xampp\htdocs\kasirpos\system\rewrite.php(44): require_once('C:\\xampp\\htdocs...')
#12 {main}
ERROR - 2026-04-28 01:50:00 --> mysqli_sql_exception: Unknown column 'transaksi_id' in 'field list' in C:\xampp\htdocs\kasirpos\system\Database\MySQLi\Connection.php:327
Stack trace:
#0 C:\xampp\htdocs\kasirpos\system\Database\MySQLi\Connection.php(327): mysqli->query('INSERT INTO `tr...', 0)
#1 C:\xampp\htdocs\kasirpos\system\Database\BaseConnection.php(729): CodeIgniter\Database\MySQLi\Connection->execute('INSERT INTO `tr...')
#2 C:\xampp\htdocs\kasirpos\system\Database\BaseConnection.php(646): CodeIgniter\Database\BaseConnection->simpleQuery('INSERT INTO `tr...')
#3 C:\xampp\htdocs\kasirpos\system\Database\BaseBuilder.php(2345): CodeIgniter\Database\BaseConnection->query('INSERT INTO `tr...', Array, false)
#4 C:\xampp\htdocs\kasirpos\app\Controllers\Kasir.php(54): CodeIgniter\Database\BaseBuilder->insert(Array)
#5 C:\xampp\htdocs\kasirpos\system\CodeIgniter.php(933): App\Controllers\Kasir->bayar()
#6 C:\xampp\htdocs\kasirpos\system\CodeIgniter.php(507): CodeIgniter\CodeIgniter->runController(Object(App\Controllers\Kasir))
#7 C:\xampp\htdocs\kasirpos\system\CodeIgniter.php(354): CodeIgniter\CodeIgniter->handleRequest(NULL, Object(Config\Cache), false)
#8 C:\xampp\htdocs\kasirpos\system\Boot.php(363): CodeIgniter\CodeIgniter->run()
#9 C:\xampp\htdocs\kasirpos\system\Boot.php(68): CodeIgniter\Boot::runCodeIgniter(Object(CodeIgniter\CodeIgniter))
#10 C:\xampp\htdocs\kasirpos\public\index.php(59): CodeIgniter\Boot::bootWeb(Object(Config\Paths))
#11 C:\xampp\htdocs\kasirpos\system\rewrite.php(44): require_once('C:\\xampp\\htdocs...')
#12 {main}
ERROR - 2026-04-28 01:51:23 --> mysqli_sql_exception: Unknown column 'total_harga' in 'field list' in C:\xampp\htdocs\kasirpos\system\Database\MySQLi\Connection.php:327
Stack trace:
#0 C:\xampp\htdocs\kasirpos\system\Database\MySQLi\Connection.php(327): mysqli->query('INSERT INTO `tr...', 0)
#1 C:\xampp\htdocs\kasirpos\system\Database\BaseConnection.php(729): CodeIgniter\Database\MySQLi\Connection->execute('INSERT INTO `tr...')
#2 C:\xampp\htdocs\kasirpos\system\Database\BaseConnection.php(646): CodeIgniter\Database\BaseConnection->simpleQuery('INSERT INTO `tr...')
#3 C:\xampp\htdocs\kasirpos\system\Database\BaseBuilder.php(2345): CodeIgniter\Database\BaseConnection->query('INSERT INTO `tr...', Array, false)
#4 C:\xampp\htdocs\kasirpos\app\Controllers\Kasir.php(43): CodeIgniter\Database\BaseBuilder->insert(Array)
#5 C:\xampp\htdocs\kasirpos\system\CodeIgniter.php(933): App\Controllers\Kasir->bayar()
#6 C:\xampp\htdocs\kasirpos\system\CodeIgniter.php(507): CodeIgniter\CodeIgniter->runController(Object(App\Controllers\Kasir))
#7 C:\xampp\htdocs\kasirpos\system\CodeIgniter.php(354): CodeIgniter\CodeIgniter->handleRequest(NULL, Object(Config\Cache), false)
#8 C:\xampp\htdocs\kasirpos\system\Boot.php(363): CodeIgniter\CodeIgniter->run()
#9 C:\xampp\htdocs\kasirpos\system\Boot.php(68): CodeIgniter\Boot::runCodeIgniter(Object(CodeIgniter\CodeIgniter))
#10 C:\xampp\htdocs\kasirpos\public\index.php(59): CodeIgniter\Boot::bootWeb(Object(Config\Paths))
#11 C:\xampp\htdocs\kasirpos\system\rewrite.php(44): require_once('C:\\xampp\\htdocs...')
#12 {main}
ERROR - 2026-04-28 01:51:26 --> mysqli_sql_exception: Unknown column 'total_harga' in 'field list' in C:\xampp\htdocs\kasirpos\system\Database\MySQLi\Connection.php:327
Stack trace:
#0 C:\xampp\htdocs\kasirpos\system\Database\MySQLi\Connection.php(327): mysqli->query('INSERT INTO `tr...', 0)
#1 C:\xampp\htdocs\kasirpos\system\Database\BaseConnection.php(729): CodeIgniter\Database\MySQLi\Connection->execute('INSERT INTO `tr...')
#2 C:\xampp\htdocs\kasirpos\system\Database\BaseConnection.php(646): CodeIgniter\Database\BaseConnection->simpleQuery('INSERT INTO `tr...')
#3 C:\xampp\htdocs\kasirpos\system\Database\BaseBuilder.php(2345): CodeIgniter\Database\BaseConnection->query('INSERT INTO `tr...', Array, false)
#4 C:\xampp\htdocs\kasirpos\app\Controllers\Kasir.php(43): CodeIgniter\Database\BaseBuilder->insert(Array)
#5 C:\xampp\htdocs\kasirpos\system\CodeIgniter.php(933): App\Controllers\Kasir->bayar()
#6 C:\xampp\htdocs\kasirpos\system\CodeIgniter.php(507): CodeIgniter\CodeIgniter->runController(Object(App\Controllers\Kasir))
#7 C:\xampp\htdocs\kasirpos\system\CodeIgniter.php(354): CodeIgniter\CodeIgniter->handleRequest(NULL, Object(Config\Cache), false)
#8 C:\xampp\htdocs\kasirpos\system\Boot.php(363): CodeIgniter\CodeIgniter->run()
#9 C:\xampp\htdocs\kasirpos\system\Boot.php(68): CodeIgniter\Boot::runCodeIgniter(Object(CodeIgniter\CodeIgniter))
#10 C:\xampp\htdocs\kasirpos\public\index.php(59): CodeIgniter\Boot::bootWeb(Object(Config\Paths))
#11 C:\xampp\htdocs\kasirpos\system\rewrite.php(44): require_once('C:\\xampp\\htdocs...')
#12 {main}
ERROR - 2026-04-28 01:51:49 --> mysqli_sql_exception: Unknown column 'total_harga' in 'field list' in C:\xampp\htdocs\kasirpos\system\Database\MySQLi\Connection.php:327
Stack trace:
#0 C:\xampp\htdocs\kasirpos\system\Database\MySQLi\Connection.php(327): mysqli->query('INSERT INTO `tr...', 0)
#1 C:\xampp\htdocs\kasirpos\system\Database\BaseConnection.php(729): CodeIgniter\Database\MySQLi\Connection->execute('INSERT INTO `tr...')
#2 C:\xampp\htdocs\kasirpos\system\Database\BaseConnection.php(646): CodeIgniter\Database\BaseConnection->simpleQuery('INSERT INTO `tr...')
#3 C:\xampp\htdocs\kasirpos\system\Database\BaseBuilder.php(2345): CodeIgniter\Database\BaseConnection->query('INSERT INTO `tr...', Array, false)
#4 C:\xampp\htdocs\kasirpos\app\Controllers\Kasir.php(43): CodeIgniter\Database\BaseBuilder->insert(Array)
#5 C:\xampp\htdocs\kasirpos\system\CodeIgniter.php(933): App\Controllers\Kasir->bayar()
#6 C:\xampp\htdocs\kasirpos\system\CodeIgniter.php(507): CodeIgniter\CodeIgniter->runController(Object(App\Controllers\Kasir))
#7 C:\xampp\htdocs\kasirpos\system\CodeIgniter.php(354): CodeIgniter\CodeIgniter->handleRequest(NULL, Object(Config\Cache), false)
#8 C:\xampp\htdocs\kasirpos\system\Boot.php(363): CodeIgniter\CodeIgniter->run()
#9 C:\xampp\htdocs\kasirpos\system\Boot.php(68): CodeIgniter\Boot::runCodeIgniter(Object(CodeIgniter\CodeIgniter))
#10 C:\xampp\htdocs\kasirpos\public\index.php(59): CodeIgniter\Boot::bootWeb(Object(Config\Paths))
#11 C:\xampp\htdocs\kasirpos\system\rewrite.php(44): require_once('C:\\xampp\\htdocs...')
#12 {main}
ERROR - 2026-04-28 01:53:06 --> mysqli_sql_exception: Unknown column 'total' in 'field list' in C:\xampp\htdocs\kasirpos\system\Database\MySQLi\Connection.php:327
Stack trace:
#0 C:\xampp\htdocs\kasirpos\system\Database\MySQLi\Connection.php(327): mysqli->query('INSERT INTO `tr...', 0)
#1 C:\xampp\htdocs\kasirpos\system\Database\BaseConnection.php(729): CodeIgniter\Database\MySQLi\Connection->execute('INSERT INTO `tr...')
#2 C:\xampp\htdocs\kasirpos\system\Database\BaseConnection.php(646): CodeIgniter\Database\BaseConnection->simpleQuery('INSERT INTO `tr...')
#3 C:\xampp\htdocs\kasirpos\system\Database\BaseBuilder.php(2345): CodeIgniter\Database\BaseConnection->query('INSERT INTO `tr...', Array, false)
#4 C:\xampp\htdocs\kasirpos\app\Controllers\Kasir.php(37): CodeIgniter\Database\BaseBuilder->insert(Array)
#5 C:\xampp\htdocs\kasirpos\system\CodeIgniter.php(933): App\Controllers\Kasir->bayar()
#6 C:\xampp\htdocs\kasirpos\system\CodeIgniter.php(507): CodeIgniter\CodeIgniter->runController(Object(App\Controllers\Kasir))
#7 C:\xampp\htdocs\kasirpos\system\CodeIgniter.php(354): CodeIgniter\CodeIgniter->handleRequest(NULL, Object(Config\Cache), false)
#8 C:\xampp\htdocs\kasirpos\system\Boot.php(363): CodeIgniter\CodeIgniter->run()
#9 C:\xampp\htdocs\kasirpos\system\Boot.php(68): CodeIgniter\Boot::runCodeIgniter(Object(CodeIgniter\CodeIgniter))
#10 C:\xampp\htdocs\kasirpos\public\index.php(59): CodeIgniter\Boot::bootWeb(Object(Config\Paths))
#11 C:\xampp\htdocs\kasirpos\system\rewrite.php(44): require_once('C:\\xampp\\htdocs...')
#12 {main}
ERROR - 2026-04-28 01:53:11 --> mysqli_sql_exception: Unknown column 'total' in 'field list' in C:\xampp\htdocs\kasirpos\system\Database\MySQLi\Connection.php:327
Stack trace:
#0 C:\xampp\htdocs\kasirpos\system\Database\MySQLi\Connection.php(327): mysqli->query('INSERT INTO `tr...', 0)
#1 C:\xampp\htdocs\kasirpos\system\Database\BaseConnection.php(729): CodeIgniter\Database\MySQLi\Connection->execute('INSERT INTO `tr...')
#2 C:\xampp\htdocs\kasirpos\system\Database\BaseConnection.php(646): CodeIgniter\Database\BaseConnection->simpleQuery('INSERT INTO `tr...')
#3 C:\xampp\htdocs\kasirpos\system\Database\BaseBuilder.php(2345): CodeIgniter\Database\BaseConnection->query('INSERT INTO `tr...', Array, false)
#4 C:\xampp\htdocs\kasirpos\app\Controllers\Kasir.php(37): CodeIgniter\Database\BaseBuilder->insert(Array)
#5 C:\xampp\htdocs\kasirpos\system\CodeIgniter.php(933): App\Controllers\Kasir->bayar()
#6 C:\xampp\htdocs\kasirpos\system\CodeIgniter.php(507): CodeIgniter\CodeIgniter->runController(Object(App\Controllers\Kasir))
#7 C:\xampp\htdocs\kasirpos\system\CodeIgniter.php(354): CodeIgniter\CodeIgniter->handleRequest(NULL, Object(Config\Cache), false)
#8 C:\xampp\htdocs\kasirpos\system\Boot.php(363): CodeIgniter\CodeIgniter->run()
#9 C:\xampp\htdocs\kasirpos\system\Boot.php(68): CodeIgniter\Boot::runCodeIgniter(Object(CodeIgniter\CodeIgniter))
#10 C:\xampp\htdocs\kasirpos\public\index.php(59): CodeIgniter\Boot::bootWeb(Object(Config\Paths))
#11 C:\xampp\htdocs\kasirpos\system\rewrite.php(44): require_once('C:\\xampp\\htdocs...')
#12 {main}
ERROR - 2026-04-28 01:54:35 --> mysqli_sql_exception: Unknown column 'total' in 'field list' in C:\xampp\htdocs\kasirpos\system\Database\MySQLi\Connection.php:327
Stack trace:
#0 C:\xampp\htdocs\kasirpos\system\Database\MySQLi\Connection.php(327): mysqli->query('INSERT INTO `tr...', 0)
#1 C:\xampp\htdocs\kasirpos\system\Database\BaseConnection.php(729): CodeIgniter\Database\MySQLi\Connection->execute('INSERT INTO `tr...')
#2 C:\xampp\htdocs\kasirpos\system\Database\BaseConnection.php(646): CodeIgniter\Database\BaseConnection->simpleQuery('INSERT INTO `tr...')
#3 C:\xampp\htdocs\kasirpos\system\Database\BaseBuilder.php(2345): CodeIgniter\Database\BaseConnection->query('INSERT INTO `tr...', Array, false)
#4 C:\xampp\htdocs\kasirpos\app\Controllers\Kasir.php(37): CodeIgniter\Database\BaseBuilder->insert(Array)
#5 C:\xampp\htdocs\kasirpos\system\CodeIgniter.php(933): App\Controllers\Kasir->bayar()
#6 C:\xampp\htdocs\kasirpos\system\CodeIgniter.php(507): CodeIgniter\CodeIgniter->runController(Object(App\Controllers\Kasir))
#7 C:\xampp\htdocs\kasirpos\system\CodeIgniter.php(354): CodeIgniter\CodeIgniter->handleRequest(NULL, Object(Config\Cache), false)
#8 C:\xampp\htdocs\kasirpos\system\Boot.php(363): CodeIgniter\CodeIgniter->run()
#9 C:\xampp\htdocs\kasirpos\system\Boot.php(68): CodeIgniter\Boot::runCodeIgniter(Object(CodeIgniter\CodeIgniter))
#10 C:\xampp\htdocs\kasirpos\public\index.php(59): CodeIgniter\Boot::bootWeb(Object(Config\Paths))
#11 C:\xampp\htdocs\kasirpos\system\rewrite.php(44): require_once('C:\\xampp\\htdocs...')
#12 {main}
ERROR - 2026-04-28 01:55:49 --> mysqli_sql_exception: Unknown column 'total' in 'field list' in C:\xampp\htdocs\kasirpos\system\Database\MySQLi\Connection.php:327
Stack trace:
#0 C:\xampp\htdocs\kasirpos\system\Database\MySQLi\Connection.php(327): mysqli->query('INSERT INTO `tr...', 0)
#1 C:\xampp\htdocs\kasirpos\system\Database\BaseConnection.php(729): CodeIgniter\Database\MySQLi\Connection->execute('INSERT INTO `tr...')
#2 C:\xampp\htdocs\kasirpos\system\Database\BaseConnection.php(646): CodeIgniter\Database\BaseConnection->simpleQuery('INSERT INTO `tr...')
#3 C:\xampp\htdocs\kasirpos\system\Database\BaseBuilder.php(2345): CodeIgniter\Database\BaseConnection->query('INSERT INTO `tr...', Array, false)
#4 C:\xampp\htdocs\kasirpos\app\Controllers\Kasir.php(37): CodeIgniter\Database\BaseBuilder->insert(Array)
#5 C:\xampp\htdocs\kasirpos\system\CodeIgniter.php(933): App\Controllers\Kasir->bayar()
#6 C:\xampp\htdocs\kasirpos\system\CodeIgniter.php(507): CodeIgniter\CodeIgniter->runController(Object(App\Controllers\Kasir))
#7 C:\xampp\htdocs\kasirpos\system\CodeIgniter.php(354): CodeIgniter\CodeIgniter->handleRequest(NULL, Object(Config\Cache), false)
#8 C:\xampp\htdocs\kasirpos\system\Boot.php(363): CodeIgniter\CodeIgniter->run()
#9 C:\xampp\htdocs\kasirpos\system\Boot.php(68): CodeIgniter\Boot::runCodeIgniter(Object(CodeIgniter\CodeIgniter))
#10 C:\xampp\htdocs\kasirpos\public\index.php(59): CodeIgniter\Boot::bootWeb(Object(Config\Paths))
#11 C:\xampp\htdocs\kasirpos\system\rewrite.php(44): require_once('C:\\xampp\\htdocs...')
#12 {main}
ERROR - 2026-04-28 01:56:04 --> mysqli_sql_exception: Unknown column 'total' in 'field list' in C:\xampp\htdocs\kasirpos\system\Database\MySQLi\Connection.php:327
Stack trace:
#0 C:\xampp\htdocs\kasirpos\system\Database\MySQLi\Connection.php(327): mysqli->query('INSERT INTO `tr...', 0)
#1 C:\xampp\htdocs\kasirpos\system\Database\BaseConnection.php(729): CodeIgniter\Database\MySQLi\Connection->execute('INSERT INTO `tr...')
#2 C:\xampp\htdocs\kasirpos\system\Database\BaseConnection.php(646): CodeIgniter\Database\BaseConnection->simpleQuery('INSERT INTO `tr...')
#3 C:\xampp\htdocs\kasirpos\system\Database\BaseBuilder.php(2345): CodeIgniter\Database\BaseConnection->query('INSERT INTO `tr...', Array, false)
#4 C:\xampp\htdocs\kasirpos\app\Controllers\Kasir.php(37): CodeIgniter\Database\BaseBuilder->insert(Array)
#5 C:\xampp\htdocs\kasirpos\system\CodeIgniter.php(933): App\Controllers\Kasir->bayar()
#6 C:\xampp\htdocs\kasirpos\system\CodeIgniter.php(507): CodeIgniter\CodeIgniter->runController(Object(App\Controllers\Kasir))
#7 C:\xampp\htdocs\kasirpos\system\CodeIgniter.php(354): CodeIgniter\CodeIgniter->handleRequest(NULL, Object(Config\Cache), false)
#8 C:\xampp\htdocs\kasirpos\system\Boot.php(363): CodeIgniter\CodeIgniter->run()
#9 C:\xampp\htdocs\kasirpos\system\Boot.php(68): CodeIgniter\Boot::runCodeIgniter(Object(CodeIgniter\CodeIgniter))
#10 C:\xampp\htdocs\kasirpos\public\index.php(59): CodeIgniter\Boot::bootWeb(Object(Config\Paths))
#11 C:\xampp\htdocs\kasirpos\system\rewrite.php(44): require_once('C:\\xampp\\htdocs...')
#12 {main}
ERROR - 2026-04-28 01:56:08 --> mysqli_sql_exception: Unknown column 'total' in 'field list' in C:\xampp\htdocs\kasirpos\system\Database\MySQLi\Connection.php:327
Stack trace:
#0 C:\xampp\htdocs\kasirpos\system\Database\MySQLi\Connection.php(327): mysqli->query('INSERT INTO `tr...', 0)
#1 C:\xampp\htdocs\kasirpos\system\Database\BaseConnection.php(729): CodeIgniter\Database\MySQLi\Connection->execute('INSERT INTO `tr...')
#2 C:\xampp\htdocs\kasirpos\system\Database\BaseConnection.php(646): CodeIgniter\Database\BaseConnection->simpleQuery('INSERT INTO `tr...')
#3 C:\xampp\htdocs\kasirpos\system\Database\BaseBuilder.php(2345): CodeIgniter\Database\BaseConnection->query('INSERT INTO `tr...', Array, false)
#4 C:\xampp\htdocs\kasirpos\app\Controllers\Kasir.php(37): CodeIgniter\Database\BaseBuilder->insert(Array)
#5 C:\xampp\htdocs\kasirpos\system\CodeIgniter.php(933): App\Controllers\Kasir->bayar()
#6 C:\xampp\htdocs\kasirpos\system\CodeIgniter.php(507): CodeIgniter\CodeIgniter->runController(Object(App\Controllers\Kasir))
#7 C:\xampp\htdocs\kasirpos\system\CodeIgniter.php(354): CodeIgniter\CodeIgniter->handleRequest(NULL, Object(Config\Cache), false)
#8 C:\xampp\htdocs\kasirpos\system\Boot.php(363): CodeIgniter\CodeIgniter->run()
#9 C:\xampp\htdocs\kasirpos\system\Boot.php(68): CodeIgniter\Boot::runCodeIgniter(Object(CodeIgniter\CodeIgniter))
#10 C:\xampp\htdocs\kasirpos\public\index.php(59): CodeIgniter\Boot::bootWeb(Object(Config\Paths))
#11 C:\xampp\htdocs\kasirpos\system\rewrite.php(44): require_once('C:\\xampp\\htdocs...')
#12 {main}
ERROR - 2026-04-28 01:56:28 --> mysqli_sql_exception: Unknown column 'total' in 'field list' in C:\xampp\htdocs\kasirpos\system\Database\MySQLi\Connection.php:327
Stack trace:
#0 C:\xampp\htdocs\kasirpos\system\Database\MySQLi\Connection.php(327): mysqli->query('INSERT INTO `tr...', 0)
#1 C:\xampp\htdocs\kasirpos\system\Database\BaseConnection.php(729): CodeIgniter\Database\MySQLi\Connection->execute('INSERT INTO `tr...')
#2 C:\xampp\htdocs\kasirpos\system\Database\BaseConnection.php(646): CodeIgniter\Database\BaseConnection->simpleQuery('INSERT INTO `tr...')
#3 C:\xampp\htdocs\kasirpos\system\Database\BaseBuilder.php(2345): CodeIgniter\Database\BaseConnection->query('INSERT INTO `tr...', Array, false)
#4 C:\xampp\htdocs\kasirpos\app\Controllers\Kasir.php(37): CodeIgniter\Database\BaseBuilder->insert(Array)
#5 C:\xampp\htdocs\kasirpos\system\CodeIgniter.php(933): App\Controllers\Kasir->bayar()
#6 C:\xampp\htdocs\kasirpos\system\CodeIgniter.php(507): CodeIgniter\CodeIgniter->runController(Object(App\Controllers\Kasir))
#7 C:\xampp\htdocs\kasirpos\system\CodeIgniter.php(354): CodeIgniter\CodeIgniter->handleRequest(NULL, Object(Config\Cache), false)
#8 C:\xampp\htdocs\kasirpos\system\Boot.php(363): CodeIgniter\CodeIgniter->run()
#9 C:\xampp\htdocs\kasirpos\system\Boot.php(68): CodeIgniter\Boot::runCodeIgniter(Object(CodeIgniter\CodeIgniter))
#10 C:\xampp\htdocs\kasirpos\public\index.php(59): CodeIgniter\Boot::bootWeb(Object(Config\Paths))
#11 C:\xampp\htdocs\kasirpos\system\rewrite.php(44): require_once('C:\\xampp\\htdocs...')
#12 {main}
ERROR - 2026-04-28 02:39:12 --> mysqli_sql_exception: Duplicate entry '18' for key 'PRIMARY' in C:\xampp\htdocs\kasirpos\system\Database\MySQLi\Connection.php:327
Stack trace:
#0 C:\xampp\htdocs\kasirpos\system\Database\MySQLi\Connection.php(327): mysqli->query('INSERT INTO `tr...', 0)
#1 C:\xampp\htdocs\kasirpos\system\Database\BaseConnection.php(729): CodeIgniter\Database\MySQLi\Connection->execute('INSERT INTO `tr...')
#2 C:\xampp\htdocs\kasirpos\system\Database\BaseConnection.php(646): CodeIgniter\Database\BaseConnection->simpleQuery('INSERT INTO `tr...')
#3 C:\xampp\htdocs\kasirpos\system\Database\BaseBuilder.php(2345): CodeIgniter\Database\BaseConnection->query('INSERT INTO `tr...', Array, false)
#4 C:\xampp\htdocs\kasirpos\app\Controllers\Kasir.php(49): CodeIgniter\Database\BaseBuilder->insert(Array)
#5 C:\xampp\htdocs\kasirpos\system\CodeIgniter.php(933): App\Controllers\Kasir->bayar()
#6 C:\xampp\htdocs\kasirpos\system\CodeIgniter.php(507): CodeIgniter\CodeIgniter->runController(Object(App\Controllers\Kasir))
#7 C:\xampp\htdocs\kasirpos\system\CodeIgniter.php(354): CodeIgniter\CodeIgniter->handleRequest(NULL, Object(Config\Cache), false)
#8 C:\xampp\htdocs\kasirpos\system\Boot.php(363): CodeIgniter\CodeIgniter->run()
#9 C:\xampp\htdocs\kasirpos\system\Boot.php(68): CodeIgniter\Boot::runCodeIgniter(Object(CodeIgniter\CodeIgniter))
#10 C:\xampp\htdocs\kasirpos\public\index.php(59): CodeIgniter\Boot::bootWeb(Object(Config\Paths))
#11 C:\xampp\htdocs\kasirpos\system\rewrite.php(44): require_once('C:\\xampp\\htdocs...')
#12 {main}
ERROR - 2026-04-28 03:21:35 --> mysqli_sql_exception: Duplicate entry '29' for key 'PRIMARY' in C:\xampp\htdocs\kasirpos\system\Database\MySQLi\Connection.php:327
Stack trace:
#0 C:\xampp\htdocs\kasirpos\system\Database\MySQLi\Connection.php(327): mysqli->query('INSERT INTO `tr...', 0)
#1 C:\xampp\htdocs\kasirpos\system\Database\BaseConnection.php(729): CodeIgniter\Database\MySQLi\Connection->execute('INSERT INTO `tr...')
#2 C:\xampp\htdocs\kasirpos\system\Database\BaseConnection.php(646): CodeIgniter\Database\BaseConnection->simpleQuery('INSERT INTO `tr...')
#3 C:\xampp\htdocs\kasirpos\system\Database\BaseBuilder.php(2345): CodeIgniter\Database\BaseConnection->query('INSERT INTO `tr...', Array, false)
#4 C:\xampp\htdocs\kasirpos\app\Controllers\Kasir.php(49): CodeIgniter\Database\BaseBuilder->insert(Array)
#5 C:\xampp\htdocs\kasirpos\system\CodeIgniter.php(933): App\Controllers\Kasir->bayar()
#6 C:\xampp\htdocs\kasirpos\system\CodeIgniter.php(507): CodeIgniter\CodeIgniter->runController(Object(App\Controllers\Kasir))
#7 C:\xampp\htdocs\kasirpos\system\CodeIgniter.php(354): CodeIgniter\CodeIgniter->handleRequest(NULL, Object(Config\Cache), false)
#8 C:\xampp\htdocs\kasirpos\system\Boot.php(363): CodeIgniter\CodeIgniter->run()
#9 C:\xampp\htdocs\kasirpos\system\Boot.php(68): CodeIgniter\Boot::runCodeIgniter(Object(CodeIgniter\CodeIgniter))
#10 C:\xampp\htdocs\kasirpos\public\index.php(59): CodeIgniter\Boot::bootWeb(Object(Config\Paths))
#11 C:\xampp\htdocs\kasirpos\system\rewrite.php(44): require_once('C:\\xampp\\htdocs...')
#12 {main}
ERROR - 2026-04-28 03:21:52 --> mysqli_sql_exception: Duplicate entry '30' for key 'PRIMARY' in C:\xampp\htdocs\kasirpos\system\Database\MySQLi\Connection.php:327
Stack trace:
#0 C:\xampp\htdocs\kasirpos\system\Database\MySQLi\Connection.php(327): mysqli->query('INSERT INTO `tr...', 0)
#1 C:\xampp\htdocs\kasirpos\system\Database\BaseConnection.php(729): CodeIgniter\Database\MySQLi\Connection->execute('INSERT INTO `tr...')
#2 C:\xampp\htdocs\kasirpos\system\Database\BaseConnection.php(646): CodeIgniter\Database\BaseConnection->simpleQuery('INSERT INTO `tr...')
#3 C:\xampp\htdocs\kasirpos\system\Database\BaseBuilder.php(2345): CodeIgniter\Database\BaseConnection->query('INSERT INTO `tr...', Array, false)
#4 C:\xampp\htdocs\kasirpos\app\Controllers\Kasir.php(49): CodeIgniter\Database\BaseBuilder->insert(Array)
#5 C:\xampp\htdocs\kasirpos\system\CodeIgniter.php(933): App\Controllers\Kasir->bayar()
#6 C:\xampp\htdocs\kasirpos\system\CodeIgniter.php(507): CodeIgniter\CodeIgniter->runController(Object(App\Controllers\Kasir))
#7 C:\xampp\htdocs\kasirpos\system\CodeIgniter.php(354): CodeIgniter\CodeIgniter->handleRequest(NULL, Object(Config\Cache), false)
#8 C:\xampp\htdocs\kasirpos\system\Boot.php(363): CodeIgniter\CodeIgniter->run()
#9 C:\xampp\htdocs\kasirpos\system\Boot.php(68): CodeIgniter\Boot::runCodeIgniter(Object(CodeIgniter\CodeIgniter))
#10 C:\xampp\htdocs\kasirpos\public\index.php(59): CodeIgniter\Boot::bootWeb(Object(Config\Paths))
#11 C:\xampp\htdocs\kasirpos\system\rewrite.php(44): require_once('C:\\xampp\\htdocs...')
#12 {main}
ERROR - 2026-04-28 03:21:52 --> mysqli_sql_exception: Duplicate entry '30' for key 'PRIMARY' in C:\xampp\htdocs\kasirpos\system\Database\MySQLi\Connection.php:327
Stack trace:
#0 C:\xampp\htdocs\kasirpos\system\Database\MySQLi\Connection.php(327): mysqli->query('INSERT INTO `tr...', 0)
#1 C:\xampp\htdocs\kasirpos\system\Database\BaseConnection.php(729): CodeIgniter\Database\MySQLi\Connection->execute('INSERT INTO `tr...')
#2 C:\xampp\htdocs\kasirpos\system\Database\BaseConnection.php(646): CodeIgniter\Database\BaseConnection->simpleQuery('INSERT INTO `tr...')
#3 C:\xampp\htdocs\kasirpos\system\Database\BaseBuilder.php(2345): CodeIgniter\Database\BaseConnection->query('INSERT INTO `tr...', Array, false)
#4 C:\xampp\htdocs\kasirpos\app\Controllers\Kasir.php(49): CodeIgniter\Database\BaseBuilder->insert(Array)
#5 C:\xampp\htdocs\kasirpos\system\CodeIgniter.php(933): App\Controllers\Kasir->bayar()
#6 C:\xampp\htdocs\kasirpos\system\CodeIgniter.php(507): CodeIgniter\CodeIgniter->runController(Object(App\Controllers\Kasir))
#7 C:\xampp\htdocs\kasirpos\system\CodeIgniter.php(354): CodeIgniter\CodeIgniter->handleRequest(NULL, Object(Config\Cache), false)
#8 C:\xampp\htdocs\kasirpos\system\Boot.php(363): CodeIgniter\CodeIgniter->run()
#9 C:\xampp\htdocs\kasirpos\system\Boot.php(68): CodeIgniter\Boot::runCodeIgniter(Object(CodeIgniter\CodeIgniter))
#10 C:\xampp\htdocs\kasirpos\public\index.php(59): CodeIgniter\Boot::bootWeb(Object(Config\Paths))
#11 C:\xampp\htdocs\kasirpos\system\rewrite.php(44): require_once('C:\\xampp\\htdocs...')
#12 {main}
ERROR - 2026-04-28 03:22:06 --> mysqli_sql_exception: Duplicate entry '31' for key 'PRIMARY' in C:\xampp\htdocs\kasirpos\system\Database\MySQLi\Connection.php:327
Stack trace:
#0 C:\xampp\htdocs\kasirpos\system\Database\MySQLi\Connection.php(327): mysqli->query('INSERT INTO `tr...', 0)
#1 C:\xampp\htdocs\kasirpos\system\Database\BaseConnection.php(729): CodeIgniter\Database\MySQLi\Connection->execute('INSERT INTO `tr...')
#2 C:\xampp\htdocs\kasirpos\system\Database\BaseConnection.php(646): CodeIgniter\Database\BaseConnection->simpleQuery('INSERT INTO `tr...')
#3 C:\xampp\htdocs\kasirpos\system\Database\BaseBuilder.php(2345): CodeIgniter\Database\BaseConnection->query('INSERT INTO `tr...', Array, false)
#4 C:\xampp\htdocs\kasirpos\app\Controllers\Kasir.php(49): CodeIgniter\Database\BaseBuilder->insert(Array)
#5 C:\xampp\htdocs\kasirpos\system\CodeIgniter.php(933): App\Controllers\Kasir->bayar()
#6 C:\xampp\htdocs\kasirpos\system\CodeIgniter.php(507): CodeIgniter\CodeIgniter->runController(Object(App\Controllers\Kasir))
#7 C:\xampp\htdocs\kasirpos\system\CodeIgniter.php(354): CodeIgniter\CodeIgniter->handleRequest(NULL, Object(Config\Cache), false)
#8 C:\xampp\htdocs\kasirpos\system\Boot.php(363): CodeIgniter\CodeIgniter->run()
#9 C:\xampp\htdocs\kasirpos\system\Boot.php(68): CodeIgniter\Boot::runCodeIgniter(Object(CodeIgniter\CodeIgniter))
#10 C:\xampp\htdocs\kasirpos\public\index.php(59): CodeIgniter\Boot::bootWeb(Object(Config\Paths))
#11 C:\xampp\htdocs\kasirpos\system\rewrite.php(44): require_once('C:\\xampp\\htdocs...')
#12 {main}
ERROR - 2026-04-28 03:22:06 --> mysqli_sql_exception: Duplicate entry '31' for key 'PRIMARY' in C:\xampp\htdocs\kasirpos\system\Database\MySQLi\Connection.php:327
Stack trace:
#0 C:\xampp\htdocs\kasirpos\system\Database\MySQLi\Connection.php(327): mysqli->query('INSERT INTO `tr...', 0)
#1 C:\xampp\htdocs\kasirpos\system\Database\BaseConnection.php(729): CodeIgniter\Database\MySQLi\Connection->execute('INSERT INTO `tr...')
#2 C:\xampp\htdocs\kasirpos\system\Database\BaseConnection.php(646): CodeIgniter\Database\BaseConnection->simpleQuery('INSERT INTO `tr...')
#3 C:\xampp\htdocs\kasirpos\system\Database\BaseBuilder.php(2345): CodeIgniter\Database\BaseConnection->query('INSERT INTO `tr...', Array, false)
#4 C:\xampp\htdocs\kasirpos\app\Controllers\Kasir.php(49): CodeIgniter\Database\BaseBuilder->insert(Array)
#5 C:\xampp\htdocs\kasirpos\system\CodeIgniter.php(933): App\Controllers\Kasir->bayar()
#6 C:\xampp\htdocs\kasirpos\system\CodeIgniter.php(507): CodeIgniter\CodeIgniter->runController(Object(App\Controllers\Kasir))
#7 C:\xampp\htdocs\kasirpos\system\CodeIgniter.php(354): CodeIgniter\CodeIgniter->handleRequest(NULL, Object(Config\Cache), false)
#8 C:\xampp\htdocs\kasirpos\system\Boot.php(363): CodeIgniter\CodeIgniter->run()
#9 C:\xampp\htdocs\kasirpos\system\Boot.php(68): CodeIgniter\Boot::runCodeIgniter(Object(CodeIgniter\CodeIgniter))
#10 C:\xampp\htdocs\kasirpos\public\index.php(59): CodeIgniter\Boot::bootWeb(Object(Config\Paths))
#11 C:\xampp\htdocs\kasirpos\system\rewrite.php(44): require_once('C:\\xampp\\htdocs...')
#12 {main}
ERROR - 2026-04-28 03:41:00 --> mysqli_sql_exception: Duplicate entry '32' for key 'PRIMARY' in C:\xampp\htdocs\kasirpos\system\Database\MySQLi\Connection.php:327
Stack trace:
#0 C:\xampp\htdocs\kasirpos\system\Database\MySQLi\Connection.php(327): mysqli->query('INSERT INTO `tr...', 0)
#1 C:\xampp\htdocs\kasirpos\system\Database\BaseConnection.php(729): CodeIgniter\Database\MySQLi\Connection->execute('INSERT INTO `tr...')
#2 C:\xampp\htdocs\kasirpos\system\Database\BaseConnection.php(646): CodeIgniter\Database\BaseConnection->simpleQuery('INSERT INTO `tr...')
#3 C:\xampp\htdocs\kasirpos\system\Database\BaseBuilder.php(2345): CodeIgniter\Database\BaseConnection->query('INSERT INTO `tr...', Array, false)
#4 C:\xampp\htdocs\kasirpos\app\Controllers\Kasir.php(51): CodeIgniter\Database\BaseBuilder->insert(Array)
#5 C:\xampp\htdocs\kasirpos\system\CodeIgniter.php(933): App\Controllers\Kasir->bayar()
#6 C:\xampp\htdocs\kasirpos\system\CodeIgniter.php(507): CodeIgniter\CodeIgniter->runController(Object(App\Controllers\Kasir))
#7 C:\xampp\htdocs\kasirpos\system\CodeIgniter.php(354): CodeIgniter\CodeIgniter->handleRequest(NULL, Object(Config\Cache), false)
#8 C:\xampp\htdocs\kasirpos\system\Boot.php(363): CodeIgniter\CodeIgniter->run()
#9 C:\xampp\htdocs\kasirpos\system\Boot.php(68): CodeIgniter\Boot::runCodeIgniter(Object(CodeIgniter\CodeIgniter))
#10 C:\xampp\htdocs\kasirpos\public\index.php(59): CodeIgniter\Boot::bootWeb(Object(Config\Paths))
#11 C:\xampp\htdocs\kasirpos\system\rewrite.php(44): require_once('C:\\xampp\\htdocs...')
#12 {main}
ERROR - 2026-04-28 03:41:07 --> mysqli_sql_exception: Duplicate entry '33' for key 'PRIMARY' in C:\xampp\htdocs\kasirpos\system\Database\MySQLi\Connection.php:327
Stack trace:
#0 C:\xampp\htdocs\kasirpos\system\Database\MySQLi\Connection.php(327): mysqli->query('INSERT INTO `tr...', 0)
#1 C:\xampp\htdocs\kasirpos\system\Database\BaseConnection.php(729): CodeIgniter\Database\MySQLi\Connection->execute('INSERT INTO `tr...')
#2 C:\xampp\htdocs\kasirpos\system\Database\BaseConnection.php(646): CodeIgniter\Database\BaseConnection->simpleQuery('INSERT INTO `tr...')
#3 C:\xampp\htdocs\kasirpos\system\Database\BaseBuilder.php(2345): CodeIgniter\Database\BaseConnection->query('INSERT INTO `tr...', Array, false)
#4 C:\xampp\htdocs\kasirpos\app\Controllers\Kasir.php(51): CodeIgniter\Database\BaseBuilder->insert(Array)
#5 C:\xampp\htdocs\kasirpos\system\CodeIgniter.php(933): App\Controllers\Kasir->bayar()
#6 C:\xampp\htdocs\kasirpos\system\CodeIgniter.php(507): CodeIgniter\CodeIgniter->runController(Object(App\Controllers\Kasir))
#7 C:\xampp\htdocs\kasirpos\system\CodeIgniter.php(354): CodeIgniter\CodeIgniter->handleRequest(NULL, Object(Config\Cache), false)
#8 C:\xampp\htdocs\kasirpos\system\Boot.php(363): CodeIgniter\CodeIgniter->run()
#9 C:\xampp\htdocs\kasirpos\system\Boot.php(68): CodeIgniter\Boot::runCodeIgniter(Object(CodeIgniter\CodeIgniter))
#10 C:\xampp\htdocs\kasirpos\public\index.php(59): CodeIgniter\Boot::bootWeb(Object(Config\Paths))
#11 C:\xampp\htdocs\kasirpos\system\rewrite.php(44): require_once('C:\\xampp\\htdocs...')
#12 {main}
ERROR - 2026-04-28 03:42:10 --> mysqli_sql_exception: Duplicate entry '34' for key 'PRIMARY' in C:\xampp\htdocs\kasirpos\system\Database\MySQLi\Connection.php:327
Stack trace:
#0 C:\xampp\htdocs\kasirpos\system\Database\MySQLi\Connection.php(327): mysqli->query('INSERT INTO `tr...', 0)
#1 C:\xampp\htdocs\kasirpos\system\Database\BaseConnection.php(729): CodeIgniter\Database\MySQLi\Connection->execute('INSERT INTO `tr...')
#2 C:\xampp\htdocs\kasirpos\system\Database\BaseConnection.php(646): CodeIgniter\Database\BaseConnection->simpleQuery('INSERT INTO `tr...')
#3 C:\xampp\htdocs\kasirpos\system\Database\BaseBuilder.php(1841): CodeIgniter\Database\BaseConnection->query('INSERT INTO `tr...', NULL, false)
#4 C:\xampp\htdocs\kasirpos\system\Database\BaseBuilder.php(2230): CodeIgniter\Database\BaseBuilder->batchExecute('_insertBatch', 100)
#5 C:\xampp\htdocs\kasirpos\app\Controllers\Kasir.php(64): CodeIgniter\Database\BaseBuilder->insertBatch(Array)
#6 C:\xampp\htdocs\kasirpos\system\CodeIgniter.php(933): App\Controllers\Kasir->bayar()
#7 C:\xampp\htdocs\kasirpos\system\CodeIgniter.php(507): CodeIgniter\CodeIgniter->runController(Object(App\Controllers\Kasir))
#8 C:\xampp\htdocs\kasirpos\system\CodeIgniter.php(354): CodeIgniter\CodeIgniter->handleRequest(NULL, Object(Config\Cache), false)
#9 C:\xampp\htdocs\kasirpos\system\Boot.php(363): CodeIgniter\CodeIgniter->run()
#10 C:\xampp\htdocs\kasirpos\system\Boot.php(68): CodeIgniter\Boot::runCodeIgniter(Object(CodeIgniter\CodeIgniter))
#11 C:\xampp\htdocs\kasirpos\public\index.php(59): CodeIgniter\Boot::bootWeb(Object(Config\Paths))
#12 C:\xampp\htdocs\kasirpos\system\rewrite.php(44): require_once('C:\\xampp\\htdocs...')
#13 {main}
ERROR - 2026-04-28 03:42:10 --> mysqli_sql_exception: Duplicate entry '35' for key 'PRIMARY' in C:\xampp\htdocs\kasirpos\system\Database\MySQLi\Connection.php:327
Stack trace:
#0 C:\xampp\htdocs\kasirpos\system\Database\MySQLi\Connection.php(327): mysqli->query('INSERT INTO `tr...', 0)
#1 C:\xampp\htdocs\kasirpos\system\Database\BaseConnection.php(729): CodeIgniter\Database\MySQLi\Connection->execute('INSERT INTO `tr...')
#2 C:\xampp\htdocs\kasirpos\system\Database\BaseConnection.php(646): CodeIgniter\Database\BaseConnection->simpleQuery('INSERT INTO `tr...')
#3 C:\xampp\htdocs\kasirpos\system\Database\BaseBuilder.php(1841): CodeIgniter\Database\BaseConnection->query('INSERT INTO `tr...', NULL, false)
#4 C:\xampp\htdocs\kasirpos\system\Database\BaseBuilder.php(2230): CodeIgniter\Database\BaseBuilder->batchExecute('_insertBatch', 100)
#5 C:\xampp\htdocs\kasirpos\app\Controllers\Kasir.php(64): CodeIgniter\Database\BaseBuilder->insertBatch(Array)
#6 C:\xampp\htdocs\kasirpos\system\CodeIgniter.php(933): App\Controllers\Kasir->bayar()
#7 C:\xampp\htdocs\kasirpos\system\CodeIgniter.php(507): CodeIgniter\CodeIgniter->runController(Object(App\Controllers\Kasir))
#8 C:\xampp\htdocs\kasirpos\system\CodeIgniter.php(354): CodeIgniter\CodeIgniter->handleRequest(NULL, Object(Config\Cache), false)
#9 C:\xampp\htdocs\kasirpos\system\Boot.php(363): CodeIgniter\CodeIgniter->run()
#10 C:\xampp\htdocs\kasirpos\system\Boot.php(68): CodeIgniter\Boot::runCodeIgniter(Object(CodeIgniter\CodeIgniter))
#11 C:\xampp\htdocs\kasirpos\public\index.php(59): CodeIgniter\Boot::bootWeb(Object(Config\Paths))
#12 C:\xampp\htdocs\kasirpos\system\rewrite.php(44): require_once('C:\\xampp\\htdocs...')
#13 {main}
ERROR - 2026-04-28 03:43:18 --> mysqli_sql_exception: Duplicate entry '36' for key 'PRIMARY' in C:\xampp\htdocs\kasirpos\system\Database\MySQLi\Connection.php:327
Stack trace:
#0 C:\xampp\htdocs\kasirpos\system\Database\MySQLi\Connection.php(327): mysqli->query('INSERT INTO `tr...', 0)
#1 C:\xampp\htdocs\kasirpos\system\Database\BaseConnection.php(729): CodeIgniter\Database\MySQLi\Connection->execute('INSERT INTO `tr...')
#2 C:\xampp\htdocs\kasirpos\system\Database\BaseConnection.php(646): CodeIgniter\Database\BaseConnection->simpleQuery('INSERT INTO `tr...')
#3 C:\xampp\htdocs\kasirpos\system\Database\BaseBuilder.php(1841): CodeIgniter\Database\BaseConnection->query('INSERT INTO `tr...', NULL, false)
#4 C:\xampp\htdocs\kasirpos\system\Database\BaseBuilder.php(2230): CodeIgniter\Database\BaseBuilder->batchExecute('_insertBatch', 100)
#5 C:\xampp\htdocs\kasirpos\app\Controllers\Kasir.php(64): CodeIgniter\Database\BaseBuilder->insertBatch(Array)
#6 C:\xampp\htdocs\kasirpos\system\CodeIgniter.php(933): App\Controllers\Kasir->bayar()
#7 C:\xampp\htdocs\kasirpos\system\CodeIgniter.php(507): CodeIgniter\CodeIgniter->runController(Object(App\Controllers\Kasir))
#8 C:\xampp\htdocs\kasirpos\system\CodeIgniter.php(354): CodeIgniter\CodeIgniter->handleRequest(NULL, Object(Config\Cache), false)
#9 C:\xampp\htdocs\kasirpos\system\Boot.php(363): CodeIgniter\CodeIgniter->run()
#10 C:\xampp\htdocs\kasirpos\system\Boot.php(68): CodeIgniter\Boot::runCodeIgniter(Object(CodeIgniter\CodeIgniter))
#11 C:\xampp\htdocs\kasirpos\public\index.php(59): CodeIgniter\Boot::bootWeb(Object(Config\Paths))
#12 C:\xampp\htdocs\kasirpos\system\rewrite.php(44): require_once('C:\\xampp\\htdocs...')
#13 {main}
ERROR - 2026-04-28 03:43:32 --> mysqli_sql_exception: Duplicate entry '37' for key 'PRIMARY' in C:\xampp\htdocs\kasirpos\system\Database\MySQLi\Connection.php:327
Stack trace:
#0 C:\xampp\htdocs\kasirpos\system\Database\MySQLi\Connection.php(327): mysqli->query('INSERT INTO `tr...', 0)
#1 C:\xampp\htdocs\kasirpos\system\Database\BaseConnection.php(729): CodeIgniter\Database\MySQLi\Connection->execute('INSERT INTO `tr...')
#2 C:\xampp\htdocs\kasirpos\system\Database\BaseConnection.php(646): CodeIgniter\Database\BaseConnection->simpleQuery('INSERT INTO `tr...')
#3 C:\xampp\htdocs\kasirpos\system\Database\BaseBuilder.php(1841): CodeIgniter\Database\BaseConnection->query('INSERT INTO `tr...', NULL, false)
#4 C:\xampp\htdocs\kasirpos\system\Database\BaseBuilder.php(2230): CodeIgniter\Database\BaseBuilder->batchExecute('_insertBatch', 100)
#5 C:\xampp\htdocs\kasirpos\app\Controllers\Kasir.php(64): CodeIgniter\Database\BaseBuilder->insertBatch(Array)
#6 C:\xampp\htdocs\kasirpos\system\CodeIgniter.php(933): App\Controllers\Kasir->bayar()
#7 C:\xampp\htdocs\kasirpos\system\CodeIgniter.php(507): CodeIgniter\CodeIgniter->runController(Object(App\Controllers\Kasir))
#8 C:\xampp\htdocs\kasirpos\system\CodeIgniter.php(354): CodeIgniter\CodeIgniter->handleRequest(NULL, Object(Config\Cache), false)
#9 C:\xampp\htdocs\kasirpos\system\Boot.php(363): CodeIgniter\CodeIgniter->run()
#10 C:\xampp\htdocs\kasirpos\system\Boot.php(68): CodeIgniter\Boot::runCodeIgniter(Object(CodeIgniter\CodeIgniter))
#11 C:\xampp\htdocs\kasirpos\public\index.php(59): CodeIgniter\Boot::bootWeb(Object(Config\Paths))
#12 C:\xampp\htdocs\kasirpos\system\rewrite.php(44): require_once('C:\\xampp\\htdocs...')
#13 {main}
ERROR - 2026-04-28 03:44:40 --> mysqli_sql_exception: Duplicate entry '38' for key 'PRIMARY' in C:\xampp\htdocs\kasirpos\system\Database\MySQLi\Connection.php:327
Stack trace:
#0 C:\xampp\htdocs\kasirpos\system\Database\MySQLi\Connection.php(327): mysqli->query('INSERT INTO `tr...', 0)
#1 C:\xampp\htdocs\kasirpos\system\Database\BaseConnection.php(729): CodeIgniter\Database\MySQLi\Connection->execute('INSERT INTO `tr...')
#2 C:\xampp\htdocs\kasirpos\system\Database\BaseConnection.php(646): CodeIgniter\Database\BaseConnection->simpleQuery('INSERT INTO `tr...')
#3 C:\xampp\htdocs\kasirpos\system\Database\BaseBuilder.php(1841): CodeIgniter\Database\BaseConnection->query('INSERT INTO `tr...', NULL, false)
#4 C:\xampp\htdocs\kasirpos\system\Database\BaseBuilder.php(2230): CodeIgniter\Database\BaseBuilder->batchExecute('_insertBatch', 100)
#5 C:\xampp\htdocs\kasirpos\app\Controllers\Kasir.php(60): CodeIgniter\Database\BaseBuilder->insertBatch(Array)
#6 C:\xampp\htdocs\kasirpos\system\CodeIgniter.php(933): App\Controllers\Kasir->bayar()
#7 C:\xampp\htdocs\kasirpos\system\CodeIgniter.php(507): CodeIgniter\CodeIgniter->runController(Object(App\Controllers\Kasir))
#8 C:\xampp\htdocs\kasirpos\system\CodeIgniter.php(354): CodeIgniter\CodeIgniter->handleRequest(NULL, Object(Config\Cache), false)
#9 C:\xampp\htdocs\kasirpos\system\Boot.php(363): CodeIgniter\CodeIgniter->run()
#10 C:\xampp\htdocs\kasirpos\system\Boot.php(68): CodeIgniter\Boot::runCodeIgniter(Object(CodeIgniter\CodeIgniter))
#11 C:\xampp\htdocs\kasirpos\public\index.php(59): CodeIgniter\Boot::bootWeb(Object(Config\Paths))
#12 C:\xampp\htdocs\kasirpos\system\rewrite.php(44): require_once('C:\\xampp\\htdocs...')
#13 {main}
ERROR - 2026-04-28 03:45:07 --> mysqli_sql_exception: Duplicate entry '39' for key 'PRIMARY' in C:\xampp\htdocs\kasirpos\system\Database\MySQLi\Connection.php:327
Stack trace:
#0 C:\xampp\htdocs\kasirpos\system\Database\MySQLi\Connection.php(327): mysqli->query('INSERT INTO `tr...', 0)
#1 C:\xampp\htdocs\kasirpos\system\Database\BaseConnection.php(729): CodeIgniter\Database\MySQLi\Connection->execute('INSERT INTO `tr...')
#2 C:\xampp\htdocs\kasirpos\system\Database\BaseConnection.php(646): CodeIgniter\Database\BaseConnection->simpleQuery('INSERT INTO `tr...')
#3 C:\xampp\htdocs\kasirpos\system\Database\BaseBuilder.php(1841): CodeIgniter\Database\BaseConnection->query('INSERT INTO `tr...', NULL, false)
#4 C:\xampp\htdocs\kasirpos\system\Database\BaseBuilder.php(2230): CodeIgniter\Database\BaseBuilder->batchExecute('_insertBatch', 100)
#5 C:\xampp\htdocs\kasirpos\app\Controllers\Kasir.php(60): CodeIgniter\Database\BaseBuilder->insertBatch(Array)
#6 C:\xampp\htdocs\kasirpos\system\CodeIgniter.php(933): App\Controllers\Kasir->bayar()
#7 C:\xampp\htdocs\kasirpos\system\CodeIgniter.php(507): CodeIgniter\CodeIgniter->runController(Object(App\Controllers\Kasir))
#8 C:\xampp\htdocs\kasirpos\system\CodeIgniter.php(354): CodeIgniter\CodeIgniter->handleRequest(NULL, Object(Config\Cache), false)
#9 C:\xampp\htdocs\kasirpos\system\Boot.php(363): CodeIgniter\CodeIgniter->run()
#10 C:\xampp\htdocs\kasirpos\system\Boot.php(68): CodeIgniter\Boot::runCodeIgniter(Object(CodeIgniter\CodeIgniter))
#11 C:\xampp\htdocs\kasirpos\public\index.php(59): CodeIgniter\Boot::bootWeb(Object(Config\Paths))
#12 C:\xampp\htdocs\kasirpos\system\rewrite.php(44): require_once('C:\\xampp\\htdocs...')
#13 {main}
ERROR - 2026-04-28 03:50:51 --> mysqli_sql_exception: Duplicate entry '40' for key 'PRIMARY' in C:\xampp\htdocs\kasirpos\system\Database\MySQLi\Connection.php:327
Stack trace:
#0 C:\xampp\htdocs\kasirpos\system\Database\MySQLi\Connection.php(327): mysqli->query('INSERT INTO `tr...', 0)
#1 C:\xampp\htdocs\kasirpos\system\Database\BaseConnection.php(729): CodeIgniter\Database\MySQLi\Connection->execute('INSERT INTO `tr...')
#2 C:\xampp\htdocs\kasirpos\system\Database\BaseConnection.php(646): CodeIgniter\Database\BaseConnection->simpleQuery('INSERT INTO `tr...')
#3 C:\xampp\htdocs\kasirpos\system\Database\BaseBuilder.php(1841): CodeIgniter\Database\BaseConnection->query('INSERT INTO `tr...', NULL, false)
#4 C:\xampp\htdocs\kasirpos\system\Database\BaseBuilder.php(2230): CodeIgniter\Database\BaseBuilder->batchExecute('_insertBatch', 100)
#5 C:\xampp\htdocs\kasirpos\app\Controllers\Kasir.php(60): CodeIgniter\Database\BaseBuilder->insertBatch(Array)
#6 C:\xampp\htdocs\kasirpos\system\CodeIgniter.php(933): App\Controllers\Kasir->bayar()
#7 C:\xampp\htdocs\kasirpos\system\CodeIgniter.php(507): CodeIgniter\CodeIgniter->runController(Object(App\Controllers\Kasir))
#8 C:\xampp\htdocs\kasirpos\system\CodeIgniter.php(354): CodeIgniter\CodeIgniter->handleRequest(NULL, Object(Config\Cache), false)
#9 C:\xampp\htdocs\kasirpos\system\Boot.php(363): CodeIgniter\CodeIgniter->run()
#10 C:\xampp\htdocs\kasirpos\system\Boot.php(68): CodeIgniter\Boot::runCodeIgniter(Object(CodeIgniter\CodeIgniter))
#11 C:\xampp\htdocs\kasirpos\public\index.php(59): CodeIgniter\Boot::bootWeb(Object(Config\Paths))
#12 C:\xampp\htdocs\kasirpos\system\rewrite.php(44): require_once('C:\\xampp\\htdocs...')
#13 {main}
ERROR - 2026-04-28 03:53:19 --> mysqli_sql_exception: Duplicate entry '41' for key 'PRIMARY' in C:\xampp\htdocs\kasirpos\system\Database\MySQLi\Connection.php:327
Stack trace:
#0 C:\xampp\htdocs\kasirpos\system\Database\MySQLi\Connection.php(327): mysqli->query('INSERT INTO `tr...', 0)
#1 C:\xampp\htdocs\kasirpos\system\Database\BaseConnection.php(729): CodeIgniter\Database\MySQLi\Connection->execute('INSERT INTO `tr...')
#2 C:\xampp\htdocs\kasirpos\system\Database\BaseConnection.php(646): CodeIgniter\Database\BaseConnection->simpleQuery('INSERT INTO `tr...')
#3 C:\xampp\htdocs\kasirpos\system\Database\BaseBuilder.php(1841): CodeIgniter\Database\BaseConnection->query('INSERT INTO `tr...', NULL, false)
#4 C:\xampp\htdocs\kasirpos\system\Database\BaseBuilder.php(2230): CodeIgniter\Database\BaseBuilder->batchExecute('_insertBatch', 100)
#5 C:\xampp\htdocs\kasirpos\app\Controllers\Kasir.php(60): CodeIgniter\Database\BaseBuilder->insertBatch(Array)
#6 C:\xampp\htdocs\kasirpos\system\CodeIgniter.php(933): App\Controllers\Kasir->bayar()
#7 C:\xampp\htdocs\kasirpos\system\CodeIgniter.php(507): CodeIgniter\CodeIgniter->runController(Object(App\Controllers\Kasir))
#8 C:\xampp\htdocs\kasirpos\system\CodeIgniter.php(354): CodeIgniter\CodeIgniter->handleRequest(NULL, Object(Config\Cache), false)
#9 C:\xampp\htdocs\kasirpos\system\Boot.php(363): CodeIgniter\CodeIgniter->run()
#10 C:\xampp\htdocs\kasirpos\system\Boot.php(68): CodeIgniter\Boot::runCodeIgniter(Object(CodeIgniter\CodeIgniter))
#11 C:\xampp\htdocs\kasirpos\public\index.php(59): CodeIgniter\Boot::bootWeb(Object(Config\Paths))
#12 C:\xampp\htdocs\kasirpos\system\rewrite.php(44): require_once('C:\\xampp\\htdocs...')
#13 {main}
CRITICAL - 2026-04-28 07:33:27 --> ErrorException: Undefined array key "total_item"
[Method: GET, Route: admin]
in APPPATH\Views\admin_view.php on line 77.
 1 APPPATH\Views\admin_view.php(77): CodeIgniter\Debug\Exceptions->errorHandler(2, 'Undefined array key "total_item"', 'C:\\xampp\\htdocs\\kasirpos\\app\\Views\\admin_view.php', 77)
 2 SYSTEMPATH\View\View.php(226): include('C:\\xampp\\htdocs\\kasirpos\\app\\Views\\admin_view.php')
 3 SYSTEMPATH\View\View.php(229): CodeIgniter\View\View->CodeIgniter\View\{closure}()
 4 SYSTEMPATH\Common.php(1167): CodeIgniter\View\View->render('admin_view', [], true)
 5 APPPATH\Controllers\Admin.php(24): view('admin_view', [...])
 6 SYSTEMPATH\CodeIgniter.php(933): App\Controllers\Admin->index()
 7 SYSTEMPATH\CodeIgniter.php(507): CodeIgniter\CodeIgniter->runController(Object(App\Controllers\Admin))
 8 SYSTEMPATH\CodeIgniter.php(354): CodeIgniter\CodeIgniter->handleRequest(null, Object(Config\Cache), false)
 9 SYSTEMPATH\Boot.php(363): CodeIgniter\CodeIgniter->run()
10 SYSTEMPATH\Boot.php(68): CodeIgniter\Boot::runCodeIgniter(Object(CodeIgniter\CodeIgniter))
11 FCPATH\index.php(59): CodeIgniter\Boot::bootWeb(Object(Config\Paths))
12 SYSTEMPATH\rewrite.php(44): require_once('C:\\xampp\\htdocs\\kasirpos\\public\\index.php')
CRITICAL - 2026-04-28 07:37:03 --> ErrorException: Undefined variable $rata_rata
[Method: GET, Route: admin]
in APPPATH\Views\admin_view.php on line 29.
 1 APPPATH\Views\admin_view.php(29): CodeIgniter\Debug\Exceptions->errorHandler(2, 'Undefined variable $rata_rata', 'C:\\xampp\\htdocs\\kasirpos\\app\\Views\\admin_view.php', 29)
 2 SYSTEMPATH\View\View.php(226): include('C:\\xampp\\htdocs\\kasirpos\\app\\Views\\admin_view.php')
 3 SYSTEMPATH\View\View.php(229): CodeIgniter\View\View->CodeIgniter\View\{closure}()
 4 SYSTEMPATH\Common.php(1167): CodeIgniter\View\View->render('admin_view', [], true)
 5 APPPATH\Controllers\Admin.php(26): view('admin_view', [...])
 6 SYSTEMPATH\CodeIgniter.php(933): App\Controllers\Admin->index()
 7 SYSTEMPATH\CodeIgniter.php(507): CodeIgniter\CodeIgniter->runController(Object(App\Controllers\Admin))
 8 SYSTEMPATH\CodeIgniter.php(354): CodeIgniter\CodeIgniter->handleRequest(null, Object(Config\Cache), false)
 9 SYSTEMPATH\Boot.php(363): CodeIgniter\CodeIgniter->run()
10 SYSTEMPATH\Boot.php(68): CodeIgniter\Boot::runCodeIgniter(Object(CodeIgniter\CodeIgniter))
11 FCPATH\index.php(59): CodeIgniter\Boot::bootWeb(Object(Config\Paths))
12 SYSTEMPATH\rewrite.php(44): require_once('C:\\xampp\\htdocs\\kasirpos\\public\\index.php')
CRITICAL - 2026-04-28 07:37:16 --> ErrorException: Undefined variable $rata_rata
[Method: GET, Route: admin]
in APPPATH\Views\admin_view.php on line 29.
 1 APPPATH\Views\admin_view.php(29): CodeIgniter\Debug\Exceptions->errorHandler(2, 'Undefined variable $rata_rata', 'C:\\xampp\\htdocs\\kasirpos\\app\\Views\\admin_view.php', 29)
 2 SYSTEMPATH\View\View.php(226): include('C:\\xampp\\htdocs\\kasirpos\\app\\Views\\admin_view.php')
 3 SYSTEMPATH\View\View.php(229): CodeIgniter\View\View->CodeIgniter\View\{closure}()
 4 SYSTEMPATH\Common.php(1167): CodeIgniter\View\View->render('admin_view', [], true)
 5 APPPATH\Controllers\Admin.php(26): view('admin_view', [...])
 6 SYSTEMPATH\CodeIgniter.php(933): App\Controllers\Admin->index()
 7 SYSTEMPATH\CodeIgniter.php(507): CodeIgniter\CodeIgniter->runController(Object(App\Controllers\Admin))
 8 SYSTEMPATH\CodeIgniter.php(354): CodeIgniter\CodeIgniter->handleRequest(null, Object(Config\Cache), false)
 9 SYSTEMPATH\Boot.php(363): CodeIgniter\CodeIgniter->run()
10 SYSTEMPATH\Boot.php(68): CodeIgniter\Boot::runCodeIgniter(Object(CodeIgniter\CodeIgniter))
11 FCPATH\index.php(59): CodeIgniter\Boot::bootWeb(Object(Config\Paths))
12 SYSTEMPATH\rewrite.php(44): require_once('C:\\xampp\\htdocs\\kasirpos\\public\\index.php')
CRITICAL - 2026-04-28 07:39:56 --> ErrorException: Undefined variable $total_pendapatan
[Method: GET, Route: admin]
in APPPATH\Views\admin_view.php on line 15.
 1 APPPATH\Views\admin_view.php(15): CodeIgniter\Debug\Exceptions->errorHandler(2, 'Undefined variable $total_pendapatan', 'C:\\xampp\\htdocs\\kasirpos\\app\\Views\\admin_view.php', 15)
 2 SYSTEMPATH\View\View.php(226): include('C:\\xampp\\htdocs\\kasirpos\\app\\Views\\admin_view.php')
 3 SYSTEMPATH\View\View.php(229): CodeIgniter\View\View->CodeIgniter\View\{closure}()
 4 SYSTEMPATH\Common.php(1167): CodeIgniter\View\View->render('admin_view', [], true)
 5 APPPATH\Controllers\Admin.php(29): view('admin_view', [...])
 6 SYSTEMPATH\CodeIgniter.php(933): App\Controllers\Admin->index()
 7 SYSTEMPATH\CodeIgniter.php(507): CodeIgniter\CodeIgniter->runController(Object(App\Controllers\Admin))
 8 SYSTEMPATH\CodeIgniter.php(354): CodeIgniter\CodeIgniter->handleRequest(null, Object(Config\Cache), false)
 9 SYSTEMPATH\Boot.php(363): CodeIgniter\CodeIgniter->run()
10 SYSTEMPATH\Boot.php(68): CodeIgniter\Boot::runCodeIgniter(Object(CodeIgniter\CodeIgniter))
11 FCPATH\index.php(59): CodeIgniter\Boot::bootWeb(Object(Config\Paths))
12 SYSTEMPATH\rewrite.php(44): require_once('C:\\xampp\\htdocs\\kasirpos\\public\\index.php')
CRITICAL - 2026-04-28 07:39:57 --> ErrorException: Undefined variable $total_pendapatan
[Method: GET, Route: admin]
in APPPATH\Views\admin_view.php on line 15.
 1 APPPATH\Views\admin_view.php(15): CodeIgniter\Debug\Exceptions->errorHandler(2, 'Undefined variable $total_pendapatan', 'C:\\xampp\\htdocs\\kasirpos\\app\\Views\\admin_view.php', 15)
 2 SYSTEMPATH\View\View.php(226): include('C:\\xampp\\htdocs\\kasirpos\\app\\Views\\admin_view.php')
 3 SYSTEMPATH\View\View.php(229): CodeIgniter\View\View->CodeIgniter\View\{closure}()
 4 SYSTEMPATH\Common.php(1167): CodeIgniter\View\View->render('admin_view', [], true)
 5 APPPATH\Controllers\Admin.php(29): view('admin_view', [...])
 6 SYSTEMPATH\CodeIgniter.php(933): App\Controllers\Admin->index()
 7 SYSTEMPATH\CodeIgniter.php(507): CodeIgniter\CodeIgniter->runController(Object(App\Controllers\Admin))
 8 SYSTEMPATH\CodeIgniter.php(354): CodeIgniter\CodeIgniter->handleRequest(null, Object(Config\Cache), false)
 9 SYSTEMPATH\Boot.php(363): CodeIgniter\CodeIgniter->run()
10 SYSTEMPATH\Boot.php(68): CodeIgniter\Boot::runCodeIgniter(Object(CodeIgniter\CodeIgniter))
11 FCPATH\index.php(59): CodeIgniter\Boot::bootWeb(Object(Config\Paths))
12 SYSTEMPATH\rewrite.php(44): require_once('C:\\xampp\\htdocs\\kasirpos\\public\\index.php')
CRITICAL - 2026-04-28 07:39:58 --> ErrorException: Undefined variable $total_pendapatan
[Method: GET, Route: admin]
in APPPATH\Views\admin_view.php on line 15.
 1 APPPATH\Views\admin_view.php(15): CodeIgniter\Debug\Exceptions->errorHandler(2, 'Undefined variable $total_pendapatan', 'C:\\xampp\\htdocs\\kasirpos\\app\\Views\\admin_view.php', 15)
 2 SYSTEMPATH\View\View.php(226): include('C:\\xampp\\htdocs\\kasirpos\\app\\Views\\admin_view.php')
 3 SYSTEMPATH\View\View.php(229): CodeIgniter\View\View->CodeIgniter\View\{closure}()
 4 SYSTEMPATH\Common.php(1167): CodeIgniter\View\View->render('admin_view', [], true)
 5 APPPATH\Controllers\Admin.php(29): view('admin_view', [...])
 6 SYSTEMPATH\CodeIgniter.php(933): App\Controllers\Admin->index()
 7 SYSTEMPATH\CodeIgniter.php(507): CodeIgniter\CodeIgniter->runController(Object(App\Controllers\Admin))
 8 SYSTEMPATH\CodeIgniter.php(354): CodeIgniter\CodeIgniter->handleRequest(null, Object(Config\Cache), false)
 9 SYSTEMPATH\Boot.php(363): CodeIgniter\CodeIgniter->run()
10 SYSTEMPATH\Boot.php(68): CodeIgniter\Boot::runCodeIgniter(Object(CodeIgniter\CodeIgniter))
11 FCPATH\index.php(59): CodeIgniter\Boot::bootWeb(Object(Config\Paths))
12 SYSTEMPATH\rewrite.php(44): require_once('C:\\xampp\\htdocs\\kasirpos\\public\\index.php')
CRITICAL - 2026-04-28 07:39:58 --> ErrorException: Undefined variable $total_pendapatan
[Method: GET, Route: admin]
in APPPATH\Views\admin_view.php on line 15.
 1 APPPATH\Views\admin_view.php(15): CodeIgniter\Debug\Exceptions->errorHandler(2, 'Undefined variable $total_pendapatan', 'C:\\xampp\\htdocs\\kasirpos\\app\\Views\\admin_view.php', 15)
 2 SYSTEMPATH\View\View.php(226): include('C:\\xampp\\htdocs\\kasirpos\\app\\Views\\admin_view.php')
 3 SYSTEMPATH\View\View.php(229): CodeIgniter\View\View->CodeIgniter\View\{closure}()
 4 SYSTEMPATH\Common.php(1167): CodeIgniter\View\View->render('admin_view', [], true)
 5 APPPATH\Controllers\Admin.php(29): view('admin_view', [...])
 6 SYSTEMPATH\CodeIgniter.php(933): App\Controllers\Admin->index()
 7 SYSTEMPATH\CodeIgniter.php(507): CodeIgniter\CodeIgniter->runController(Object(App\Controllers\Admin))
 8 SYSTEMPATH\CodeIgniter.php(354): CodeIgniter\CodeIgniter->handleRequest(null, Object(Config\Cache), false)
 9 SYSTEMPATH\Boot.php(363): CodeIgniter\CodeIgniter->run()
10 SYSTEMPATH\Boot.php(68): CodeIgniter\Boot::runCodeIgniter(Object(CodeIgniter\CodeIgniter))
11 FCPATH\index.php(59): CodeIgniter\Boot::bootWeb(Object(Config\Paths))
12 SYSTEMPATH\rewrite.php(44): require_once('C:\\xampp\\htdocs\\kasirpos\\public\\index.php')
CRITICAL - 2026-04-28 07:39:58 --> ErrorException: Undefined variable $total_pendapatan
[Method: GET, Route: admin]
in APPPATH\Views\admin_view.php on line 15.
 1 APPPATH\Views\admin_view.php(15): CodeIgniter\Debug\Exceptions->errorHandler(2, 'Undefined variable $total_pendapatan', 'C:\\xampp\\htdocs\\kasirpos\\app\\Views\\admin_view.php', 15)
 2 SYSTEMPATH\View\View.php(226): include('C:\\xampp\\htdocs\\kasirpos\\app\\Views\\admin_view.php')
 3 SYSTEMPATH\View\View.php(229): CodeIgniter\View\View->CodeIgniter\View\{closure}()
 4 SYSTEMPATH\Common.php(1167): CodeIgniter\View\View->render('admin_view', [], true)
 5 APPPATH\Controllers\Admin.php(29): view('admin_view', [...])
 6 SYSTEMPATH\CodeIgniter.php(933): App\Controllers\Admin->index()
 7 SYSTEMPATH\CodeIgniter.php(507): CodeIgniter\CodeIgniter->runController(Object(App\Controllers\Admin))
 8 SYSTEMPATH\CodeIgniter.php(354): CodeIgniter\CodeIgniter->handleRequest(null, Object(Config\Cache), false)
 9 SYSTEMPATH\Boot.php(363): CodeIgniter\CodeIgniter->run()
10 SYSTEMPATH\Boot.php(68): CodeIgniter\Boot::runCodeIgniter(Object(CodeIgniter\CodeIgniter))
11 FCPATH\index.php(59): CodeIgniter\Boot::bootWeb(Object(Config\Paths))
12 SYSTEMPATH\rewrite.php(44): require_once('C:\\xampp\\htdocs\\kasirpos\\public\\index.php')
CRITICAL - 2026-04-28 07:39:59 --> ErrorException: Undefined variable $total_pendapatan
[Method: GET, Route: admin]
in APPPATH\Views\admin_view.php on line 15.
 1 APPPATH\Views\admin_view.php(15): CodeIgniter\Debug\Exceptions->errorHandler(2, 'Undefined variable $total_pendapatan', 'C:\\xampp\\htdocs\\kasirpos\\app\\Views\\admin_view.php', 15)
 2 SYSTEMPATH\View\View.php(226): include('C:\\xampp\\htdocs\\kasirpos\\app\\Views\\admin_view.php')
 3 SYSTEMPATH\View\View.php(229): CodeIgniter\View\View->CodeIgniter\View\{closure}()
 4 SYSTEMPATH\Common.php(1167): CodeIgniter\View\View->render('admin_view', [], true)
 5 APPPATH\Controllers\Admin.php(29): view('admin_view', [...])
 6 SYSTEMPATH\CodeIgniter.php(933): App\Controllers\Admin->index()
 7 SYSTEMPATH\CodeIgniter.php(507): CodeIgniter\CodeIgniter->runController(Object(App\Controllers\Admin))
 8 SYSTEMPATH\CodeIgniter.php(354): CodeIgniter\CodeIgniter->handleRequest(null, Object(Config\Cache), false)
 9 SYSTEMPATH\Boot.php(363): CodeIgniter\CodeIgniter->run()
10 SYSTEMPATH\Boot.php(68): CodeIgniter\Boot::runCodeIgniter(Object(CodeIgniter\CodeIgniter))
11 FCPATH\index.php(59): CodeIgniter\Boot::bootWeb(Object(Config\Paths))
12 SYSTEMPATH\rewrite.php(44): require_once('C:\\xampp\\htdocs\\kasirpos\\public\\index.php')
CRITICAL - 2026-04-28 08:05:06 --> ErrorException: Undefined array key "produk_id"
[Method: GET, Route: admin]
in APPPATH\Views\admin_view.php on line 181.
 1 APPPATH\Views\admin_view.php(181): CodeIgniter\Debug\Exceptions->errorHandler(2, 'Undefined array key "produk_id"', 'C:\\xampp\\htdocs\\kasirpos\\app\\Views\\admin_view.php', 181)
 2 SYSTEMPATH\View\View.php(226): include('C:\\xampp\\htdocs\\kasirpos\\app\\Views\\admin_view.php')
 3 SYSTEMPATH\View\View.php(229): CodeIgniter\View\View->CodeIgniter\View\{closure}()
 4 SYSTEMPATH\Common.php(1167): CodeIgniter\View\View->render('admin_view', [], true)
 5 APPPATH\Controllers\Admin.php(45): view('admin_view', [...])
 6 SYSTEMPATH\CodeIgniter.php(933): App\Controllers\Admin->index()
 7 SYSTEMPATH\CodeIgniter.php(507): CodeIgniter\CodeIgniter->runController(Object(App\Controllers\Admin))
 8 SYSTEMPATH\CodeIgniter.php(354): CodeIgniter\CodeIgniter->handleRequest(null, Object(Config\Cache), false)
 9 SYSTEMPATH\Boot.php(363): CodeIgniter\CodeIgniter->run()
10 SYSTEMPATH\Boot.php(68): CodeIgniter\Boot::runCodeIgniter(Object(CodeIgniter\CodeIgniter))
11 FCPATH\index.php(59): CodeIgniter\Boot::bootWeb(Object(Config\Paths))
12 SYSTEMPATH\rewrite.php(44): require_once('C:\\xampp\\htdocs\\kasirpos\\public\\index.php')
ERROR - 2026-04-28 08:05:14 --> mysqli_sql_exception: Unknown column 'td.id' in 'on clause' in C:\xampp\htdocs\kasirpos\system\Database\MySQLi\Connection.php:327
Stack trace:
#0 C:\xampp\htdocs\kasirpos\system\Database\MySQLi\Connection.php(327): mysqli->query('SELECT `p`.`nam...', 0)
#1 C:\xampp\htdocs\kasirpos\system\Database\BaseConnection.php(729): CodeIgniter\Database\MySQLi\Connection->execute('SELECT `p`.`nam...')
#2 C:\xampp\htdocs\kasirpos\system\Database\BaseConnection.php(646): CodeIgniter\Database\BaseConnection->simpleQuery('SELECT `p`.`nam...')
#3 C:\xampp\htdocs\kasirpos\system\Database\BaseBuilder.php(1649): CodeIgniter\Database\BaseConnection->query('SELECT `p`.`nam...', Array, false)
#4 C:\xampp\htdocs\kasirpos\app\Controllers\Admin.php(41): CodeIgniter\Database\BaseBuilder->get()
#5 C:\xampp\htdocs\kasirpos\system\CodeIgniter.php(933): App\Controllers\Admin->index()
#6 C:\xampp\htdocs\kasirpos\system\CodeIgniter.php(507): CodeIgniter\CodeIgniter->runController(Object(App\Controllers\Admin))
#7 C:\xampp\htdocs\kasirpos\system\CodeIgniter.php(354): CodeIgniter\CodeIgniter->handleRequest(NULL, Object(Config\Cache), false)
#8 C:\xampp\htdocs\kasirpos\system\Boot.php(363): CodeIgniter\CodeIgniter->run()
#9 C:\xampp\htdocs\kasirpos\system\Boot.php(68): CodeIgniter\Boot::runCodeIgniter(Object(CodeIgniter\CodeIgniter))
#10 C:\xampp\htdocs\kasirpos\public\index.php(59): CodeIgniter\Boot::bootWeb(Object(Config\Paths))
#11 C:\xampp\htdocs\kasirpos\system\rewrite.php(44): require_once('C:\\xampp\\htdocs...')
#12 {main}
CRITICAL - 2026-04-28 08:05:14 --> CodeIgniter\Database\Exceptions\DatabaseException: Unknown column 'td.id' in 'on clause'
[Method: GET, Route: admin]
in SYSTEMPATH\Database\BaseConnection.php on line 684.
 1 SYSTEMPATH\Database\BaseBuilder.php(1649): CodeIgniter\Database\BaseConnection->query('SELECT `p`.`nama_produk`, SUM(td.qty) as total_laku
FROM `transaksi_detail` `td`
JOIN `produk` `p` ON `p`.`id` = `td`.`id`
GROUP BY `p`.`nama_produk`
ORDER BY `total_laku` DESC
 LIMIT 5', [], false)
 2 APPPATH\Controllers\Admin.php(41): CodeIgniter\Database\BaseBuilder->get()
 3 SYSTEMPATH\CodeIgniter.php(933): App\Controllers\Admin->index()
 4 SYSTEMPATH\CodeIgniter.php(507): CodeIgniter\CodeIgniter->runController(Object(App\Controllers\Admin))
 5 SYSTEMPATH\CodeIgniter.php(354): CodeIgniter\CodeIgniter->handleRequest(null, Object(Config\Cache), false)
 6 SYSTEMPATH\Boot.php(363): CodeIgniter\CodeIgniter->run()
 7 SYSTEMPATH\Boot.php(68): CodeIgniter\Boot::runCodeIgniter(Object(CodeIgniter\CodeIgniter))
 8 FCPATH\index.php(59): CodeIgniter\Boot::bootWeb(Object(Config\Paths))
 9 SYSTEMPATH\rewrite.php(44): require_once('C:\\xampp\\htdocs\\kasirpos\\public\\index.php')
CRITICAL - 2026-04-28 08:05:14 --> [Caused by] CodeIgniter\Database\Exceptions\DatabaseException: Unknown column 'td.id' in 'on clause'
in SYSTEMPATH\Database\MySQLi\Connection.php on line 332.
 1 SYSTEMPATH\Database\BaseConnection.php(729): CodeIgniter\Database\MySQLi\Connection->execute('SELECT `p`.`nama_produk`, SUM(td.qty) as total_laku
FROM `transaksi_detail` `td`
JOIN `produk` `p` ON `p`.`id` = `td`.`id`
GROUP BY `p`.`nama_produk`
ORDER BY `total_laku` DESC
 LIMIT 5')
 2 SYSTEMPATH\Database\BaseConnection.php(646): CodeIgniter\Database\BaseConnection->simpleQuery('SELECT `p`.`nama_produk`, SUM(td.qty) as total_laku
FROM `transaksi_detail` `td`
JOIN `produk` `p` ON `p`.`id` = `td`.`id`
GROUP BY `p`.`nama_produk`
ORDER BY `total_laku` DESC
 LIMIT 5')
 3 SYSTEMPATH\Database\BaseBuilder.php(1649): CodeIgniter\Database\BaseConnection->query('SELECT `p`.`nama_produk`, SUM(td.qty) as total_laku
FROM `transaksi_detail` `td`
JOIN `produk` `p` ON `p`.`id` = `td`.`id`
GROUP BY `p`.`nama_produk`
ORDER BY `total_laku` DESC
 LIMIT 5', [], false)
 4 APPPATH\Controllers\Admin.php(41): CodeIgniter\Database\BaseBuilder->get()
 5 SYSTEMPATH\CodeIgniter.php(933): App\Controllers\Admin->index()
 6 SYSTEMPATH\CodeIgniter.php(507): CodeIgniter\CodeIgniter->runController(Object(App\Controllers\Admin))
 7 SYSTEMPATH\CodeIgniter.php(354): CodeIgniter\CodeIgniter->handleRequest(null, Object(Config\Cache), false)
 8 SYSTEMPATH\Boot.php(363): CodeIgniter\CodeIgniter->run()
 9 SYSTEMPATH\Boot.php(68): CodeIgniter\Boot::runCodeIgniter(Object(CodeIgniter\CodeIgniter))
10 FCPATH\index.php(59): CodeIgniter\Boot::bootWeb(Object(Config\Paths))
11 SYSTEMPATH\rewrite.php(44): require_once('C:\\xampp\\htdocs\\kasirpos\\public\\index.php')
CRITICAL - 2026-04-28 08:05:14 --> [Caused by] mysqli_sql_exception: Unknown column 'td.id' in 'on clause'
in SYSTEMPATH\Database\MySQLi\Connection.php on line 327.
 1 SYSTEMPATH\Database\MySQLi\Connection.php(327): mysqli->query('SELECT `p`.`nama_produk`, SUM(td.qty) as total_laku
FROM `transaksi_detail` `td`
JOIN `produk` `p` ON `p`.`id` = `td`.`id`
GROUP BY `p`.`nama_produk`
ORDER BY `total_laku` DESC
 LIMIT 5', 0)
 2 SYSTEMPATH\Database\BaseConnection.php(729): CodeIgniter\Database\MySQLi\Connection->execute('SELECT `p`.`nama_produk`, SUM(td.qty) as total_laku
FROM `transaksi_detail` `td`
JOIN `produk` `p` ON `p`.`id` = `td`.`id`
GROUP BY `p`.`nama_produk`
ORDER BY `total_laku` DESC
 LIMIT 5')
 3 SYSTEMPATH\Database\BaseConnection.php(646): CodeIgniter\Database\BaseConnection->simpleQuery('SELECT `p`.`nama_produk`, SUM(td.qty) as total_laku
FROM `transaksi_detail` `td`
JOIN `produk` `p` ON `p`.`id` = `td`.`id`
GROUP BY `p`.`nama_produk`
ORDER BY `total_laku` DESC
 LIMIT 5')
 4 SYSTEMPATH\Database\BaseBuilder.php(1649): CodeIgniter\Database\BaseConnection->query('SELECT `p`.`nama_produk`, SUM(td.qty) as total_laku
FROM `transaksi_detail` `td`
JOIN `produk` `p` ON `p`.`id` = `td`.`id`
GROUP BY `p`.`nama_produk`
ORDER BY `total_laku` DESC
 LIMIT 5', [], false)
 5 APPPATH\Controllers\Admin.php(41): CodeIgniter\Database\BaseBuilder->get()
 6 SYSTEMPATH\CodeIgniter.php(933): App\Controllers\Admin->index()
 7 SYSTEMPATH\CodeIgniter.php(507): CodeIgniter\CodeIgniter->runController(Object(App\Controllers\Admin))
 8 SYSTEMPATH\CodeIgniter.php(354): CodeIgniter\CodeIgniter->handleRequest(null, Object(Config\Cache), false)
 9 SYSTEMPATH\Boot.php(363): CodeIgniter\CodeIgniter->run()
10 SYSTEMPATH\Boot.php(68): CodeIgniter\Boot::runCodeIgniter(Object(CodeIgniter\CodeIgniter))
11 FCPATH\index.php(59): CodeIgniter\Boot::bootWeb(Object(Config\Paths))
12 SYSTEMPATH\rewrite.php(44): require_once('C:\\xampp\\htdocs\\kasirpos\\public\\index.php')
CRITICAL - 2026-04-28 08:05:22 --> ErrorException: Undefined array key "produk_id"
[Method: GET, Route: admin]
in APPPATH\Views\admin_view.php on line 181.
 1 APPPATH\Views\admin_view.php(181): CodeIgniter\Debug\Exceptions->errorHandler(2, 'Undefined array key "produk_id"', 'C:\\xampp\\htdocs\\kasirpos\\app\\Views\\admin_view.php', 181)
 2 SYSTEMPATH\View\View.php(226): include('C:\\xampp\\htdocs\\kasirpos\\app\\Views\\admin_view.php')
 3 SYSTEMPATH\View\View.php(229): CodeIgniter\View\View->CodeIgniter\View\{closure}()
 4 SYSTEMPATH\Common.php(1167): CodeIgniter\View\View->render('admin_view', [], true)
 5 APPPATH\Controllers\Admin.php(45): view('admin_view', [...])
 6 SYSTEMPATH\CodeIgniter.php(933): App\Controllers\Admin->index()
 7 SYSTEMPATH\CodeIgniter.php(507): CodeIgniter\CodeIgniter->runController(Object(App\Controllers\Admin))
 8 SYSTEMPATH\CodeIgniter.php(354): CodeIgniter\CodeIgniter->handleRequest(null, Object(Config\Cache), false)
 9 SYSTEMPATH\Boot.php(363): CodeIgniter\CodeIgniter->run()
10 SYSTEMPATH\Boot.php(68): CodeIgniter\Boot::runCodeIgniter(Object(CodeIgniter\CodeIgniter))
11 FCPATH\index.php(59): CodeIgniter\Boot::bootWeb(Object(Config\Paths))
12 SYSTEMPATH\rewrite.php(44): require_once('C:\\xampp\\htdocs\\kasirpos\\public\\index.php')
CRITICAL - 2026-04-28 08:06:59 --> ErrorException: Undefined array key "produk_id"
[Method: GET, Route: admin]
in APPPATH\Views\admin_view.php on line 181.
 1 APPPATH\Views\admin_view.php(181): CodeIgniter\Debug\Exceptions->errorHandler(2, 'Undefined array key "produk_id"', 'C:\\xampp\\htdocs\\kasirpos\\app\\Views\\admin_view.php', 181)
 2 SYSTEMPATH\View\View.php(226): include('C:\\xampp\\htdocs\\kasirpos\\app\\Views\\admin_view.php')
 3 SYSTEMPATH\View\View.php(229): CodeIgniter\View\View->CodeIgniter\View\{closure}()
 4 SYSTEMPATH\Common.php(1167): CodeIgniter\View\View->render('admin_view', [], true)
 5 APPPATH\Controllers\Admin.php(45): view('admin_view', [...])
 6 SYSTEMPATH\CodeIgniter.php(933): App\Controllers\Admin->index()
 7 SYSTEMPATH\CodeIgniter.php(507): CodeIgniter\CodeIgniter->runController(Object(App\Controllers\Admin))
 8 SYSTEMPATH\CodeIgniter.php(354): CodeIgniter\CodeIgniter->handleRequest(null, Object(Config\Cache), false)
 9 SYSTEMPATH\Boot.php(363): CodeIgniter\CodeIgniter->run()
10 SYSTEMPATH\Boot.php(68): CodeIgniter\Boot::runCodeIgniter(Object(CodeIgniter\CodeIgniter))
11 FCPATH\index.php(59): CodeIgniter\Boot::bootWeb(Object(Config\Paths))
12 SYSTEMPATH\rewrite.php(44): require_once('C:\\xampp\\htdocs\\kasirpos\\public\\index.php')
ERROR - 2026-04-28 08:07:11 --> mysqli_sql_exception: Unknown column 'td.id' in 'on clause' in C:\xampp\htdocs\kasirpos\system\Database\MySQLi\Connection.php:327
Stack trace:
#0 C:\xampp\htdocs\kasirpos\system\Database\MySQLi\Connection.php(327): mysqli->query('SELECT `p`.`nam...', 0)
#1 C:\xampp\htdocs\kasirpos\system\Database\BaseConnection.php(729): CodeIgniter\Database\MySQLi\Connection->execute('SELECT `p`.`nam...')
#2 C:\xampp\htdocs\kasirpos\system\Database\BaseConnection.php(646): CodeIgniter\Database\BaseConnection->simpleQuery('SELECT `p`.`nam...')
#3 C:\xampp\htdocs\kasirpos\system\Database\BaseBuilder.php(1649): CodeIgniter\Database\BaseConnection->query('SELECT `p`.`nam...', Array, false)
#4 C:\xampp\htdocs\kasirpos\app\Controllers\Admin.php(41): CodeIgniter\Database\BaseBuilder->get()
#5 C:\xampp\htdocs\kasirpos\system\CodeIgniter.php(933): App\Controllers\Admin->index()
#6 C:\xampp\htdocs\kasirpos\system\CodeIgniter.php(507): CodeIgniter\CodeIgniter->runController(Object(App\Controllers\Admin))
#7 C:\xampp\htdocs\kasirpos\system\CodeIgniter.php(354): CodeIgniter\CodeIgniter->handleRequest(NULL, Object(Config\Cache), false)
#8 C:\xampp\htdocs\kasirpos\system\Boot.php(363): CodeIgniter\CodeIgniter->run()
#9 C:\xampp\htdocs\kasirpos\system\Boot.php(68): CodeIgniter\Boot::runCodeIgniter(Object(CodeIgniter\CodeIgniter))
#10 C:\xampp\htdocs\kasirpos\public\index.php(59): CodeIgniter\Boot::bootWeb(Object(Config\Paths))
#11 C:\xampp\htdocs\kasirpos\system\rewrite.php(44): require_once('C:\\xampp\\htdocs...')
#12 {main}
CRITICAL - 2026-04-28 08:07:11 --> CodeIgniter\Database\Exceptions\DatabaseException: Unknown column 'td.id' in 'on clause'
[Method: GET, Route: admin]
in SYSTEMPATH\Database\BaseConnection.php on line 684.
 1 SYSTEMPATH\Database\BaseBuilder.php(1649): CodeIgniter\Database\BaseConnection->query('SELECT `p`.`nama_produk`, SUM(td.qty) as total_laku
FROM `transaksi_detail` `td`
JOIN `produk` `p` ON `p`.`id` = `td`.`id`
GROUP BY `p`.`nama_produk`
ORDER BY `total_laku` DESC
 LIMIT 5', [], false)
 2 APPPATH\Controllers\Admin.php(41): CodeIgniter\Database\BaseBuilder->get()
 3 SYSTEMPATH\CodeIgniter.php(933): App\Controllers\Admin->index()
 4 SYSTEMPATH\CodeIgniter.php(507): CodeIgniter\CodeIgniter->runController(Object(App\Controllers\Admin))
 5 SYSTEMPATH\CodeIgniter.php(354): CodeIgniter\CodeIgniter->handleRequest(null, Object(Config\Cache), false)
 6 SYSTEMPATH\Boot.php(363): CodeIgniter\CodeIgniter->run()
 7 SYSTEMPATH\Boot.php(68): CodeIgniter\Boot::runCodeIgniter(Object(CodeIgniter\CodeIgniter))
 8 FCPATH\index.php(59): CodeIgniter\Boot::bootWeb(Object(Config\Paths))
 9 SYSTEMPATH\rewrite.php(44): require_once('C:\\xampp\\htdocs\\kasirpos\\public\\index.php')
CRITICAL - 2026-04-28 08:07:11 --> [Caused by] CodeIgniter\Database\Exceptions\DatabaseException: Unknown column 'td.id' in 'on clause'
in SYSTEMPATH\Database\MySQLi\Connection.php on line 332.
 1 SYSTEMPATH\Database\BaseConnection.php(729): CodeIgniter\Database\MySQLi\Connection->execute('SELECT `p`.`nama_produk`, SUM(td.qty) as total_laku
FROM `transaksi_detail` `td`
JOIN `produk` `p` ON `p`.`id` = `td`.`id`
GROUP BY `p`.`nama_produk`
ORDER BY `total_laku` DESC
 LIMIT 5')
 2 SYSTEMPATH\Database\BaseConnection.php(646): CodeIgniter\Database\BaseConnection->simpleQuery('SELECT `p`.`nama_produk`, SUM(td.qty) as total_laku
FROM `transaksi_detail` `td`
JOIN `produk` `p` ON `p`.`id` = `td`.`id`
GROUP BY `p`.`nama_produk`
ORDER BY `total_laku` DESC
 LIMIT 5')
 3 SYSTEMPATH\Database\BaseBuilder.php(1649): CodeIgniter\Database\BaseConnection->query('SELECT `p`.`nama_produk`, SUM(td.qty) as total_laku
FROM `transaksi_detail` `td`
JOIN `produk` `p` ON `p`.`id` = `td`.`id`
GROUP BY `p`.`nama_produk`
ORDER BY `total_laku` DESC
 LIMIT 5', [], false)
 4 APPPATH\Controllers\Admin.php(41): CodeIgniter\Database\BaseBuilder->get()
 5 SYSTEMPATH\CodeIgniter.php(933): App\Controllers\Admin->index()
 6 SYSTEMPATH\CodeIgniter.php(507): CodeIgniter\CodeIgniter->runController(Object(App\Controllers\Admin))
 7 SYSTEMPATH\CodeIgniter.php(354): CodeIgniter\CodeIgniter->handleRequest(null, Object(Config\Cache), false)
 8 SYSTEMPATH\Boot.php(363): CodeIgniter\CodeIgniter->run()
 9 SYSTEMPATH\Boot.php(68): CodeIgniter\Boot::runCodeIgniter(Object(CodeIgniter\CodeIgniter))
10 FCPATH\index.php(59): CodeIgniter\Boot::bootWeb(Object(Config\Paths))
11 SYSTEMPATH\rewrite.php(44): require_once('C:\\xampp\\htdocs\\kasirpos\\public\\index.php')
CRITICAL - 2026-04-28 08:07:11 --> [Caused by] mysqli_sql_exception: Unknown column 'td.id' in 'on clause'
in SYSTEMPATH\Database\MySQLi\Connection.php on line 327.
 1 SYSTEMPATH\Database\MySQLi\Connection.php(327): mysqli->query('SELECT `p`.`nama_produk`, SUM(td.qty) as total_laku
FROM `transaksi_detail` `td`
JOIN `produk` `p` ON `p`.`id` = `td`.`id`
GROUP BY `p`.`nama_produk`
ORDER BY `total_laku` DESC
 LIMIT 5', 0)
 2 SYSTEMPATH\Database\BaseConnection.php(729): CodeIgniter\Database\MySQLi\Connection->execute('SELECT `p`.`nama_produk`, SUM(td.qty) as total_laku
FROM `transaksi_detail` `td`
JOIN `produk` `p` ON `p`.`id` = `td`.`id`
GROUP BY `p`.`nama_produk`
ORDER BY `total_laku` DESC
 LIMIT 5')
 3 SYSTEMPATH\Database\BaseConnection.php(646): CodeIgniter\Database\BaseConnection->simpleQuery('SELECT `p`.`nama_produk`, SUM(td.qty) as total_laku
FROM `transaksi_detail` `td`
JOIN `produk` `p` ON `p`.`id` = `td`.`id`
GROUP BY `p`.`nama_produk`
ORDER BY `total_laku` DESC
 LIMIT 5')
 4 SYSTEMPATH\Database\BaseBuilder.php(1649): CodeIgniter\Database\BaseConnection->query('SELECT `p`.`nama_produk`, SUM(td.qty) as total_laku
FROM `transaksi_detail` `td`
JOIN `produk` `p` ON `p`.`id` = `td`.`id`
GROUP BY `p`.`nama_produk`
ORDER BY `total_laku` DESC
 LIMIT 5', [], false)
 5 APPPATH\Controllers\Admin.php(41): CodeIgniter\Database\BaseBuilder->get()
 6 SYSTEMPATH\CodeIgniter.php(933): App\Controllers\Admin->index()
 7 SYSTEMPATH\CodeIgniter.php(507): CodeIgniter\CodeIgniter->runController(Object(App\Controllers\Admin))
 8 SYSTEMPATH\CodeIgniter.php(354): CodeIgniter\CodeIgniter->handleRequest(null, Object(Config\Cache), false)
 9 SYSTEMPATH\Boot.php(363): CodeIgniter\CodeIgniter->run()
10 SYSTEMPATH\Boot.php(68): CodeIgniter\Boot::runCodeIgniter(Object(CodeIgniter\CodeIgniter))
11 FCPATH\index.php(59): CodeIgniter\Boot::bootWeb(Object(Config\Paths))
12 SYSTEMPATH\rewrite.php(44): require_once('C:\\xampp\\htdocs\\kasirpos\\public\\index.php')
ERROR - 2026-04-28 08:07:12 --> mysqli_sql_exception: Unknown column 'td.id' in 'on clause' in C:\xampp\htdocs\kasirpos\system\Database\MySQLi\Connection.php:327
Stack trace:
#0 C:\xampp\htdocs\kasirpos\system\Database\MySQLi\Connection.php(327): mysqli->query('SELECT `p`.`nam...', 0)
#1 C:\xampp\htdocs\kasirpos\system\Database\BaseConnection.php(729): CodeIgniter\Database\MySQLi\Connection->execute('SELECT `p`.`nam...')
#2 C:\xampp\htdocs\kasirpos\system\Database\BaseConnection.php(646): CodeIgniter\Database\BaseConnection->simpleQuery('SELECT `p`.`nam...')
#3 C:\xampp\htdocs\kasirpos\system\Database\BaseBuilder.php(1649): CodeIgniter\Database\BaseConnection->query('SELECT `p`.`nam...', Array, false)
#4 C:\xampp\htdocs\kasirpos\app\Controllers\Admin.php(41): CodeIgniter\Database\BaseBuilder->get()
#5 C:\xampp\htdocs\kasirpos\system\CodeIgniter.php(933): App\Controllers\Admin->index()
#6 C:\xampp\htdocs\kasirpos\system\CodeIgniter.php(507): CodeIgniter\CodeIgniter->runController(Object(App\Controllers\Admin))
#7 C:\xampp\htdocs\kasirpos\system\CodeIgniter.php(354): CodeIgniter\CodeIgniter->handleRequest(NULL, Object(Config\Cache), false)
#8 C:\xampp\htdocs\kasirpos\system\Boot.php(363): CodeIgniter\CodeIgniter->run()
#9 C:\xampp\htdocs\kasirpos\system\Boot.php(68): CodeIgniter\Boot::runCodeIgniter(Object(CodeIgniter\CodeIgniter))
#10 C:\xampp\htdocs\kasirpos\public\index.php(59): CodeIgniter\Boot::bootWeb(Object(Config\Paths))
#11 C:\xampp\htdocs\kasirpos\system\rewrite.php(44): require_once('C:\\xampp\\htdocs...')
#12 {main}
CRITICAL - 2026-04-28 08:07:12 --> CodeIgniter\Database\Exceptions\DatabaseException: Unknown column 'td.id' in 'on clause'
[Method: GET, Route: admin]
in SYSTEMPATH\Database\BaseConnection.php on line 684.
 1 SYSTEMPATH\Database\BaseBuilder.php(1649): CodeIgniter\Database\BaseConnection->query('SELECT `p`.`nama_produk`, SUM(td.qty) as total_laku
FROM `transaksi_detail` `td`
JOIN `produk` `p` ON `p`.`id` = `td`.`id`
GROUP BY `p`.`nama_produk`
ORDER BY `total_laku` DESC
 LIMIT 5', [], false)
 2 APPPATH\Controllers\Admin.php(41): CodeIgniter\Database\BaseBuilder->get()
 3 SYSTEMPATH\CodeIgniter.php(933): App\Controllers\Admin->index()
 4 SYSTEMPATH\CodeIgniter.php(507): CodeIgniter\CodeIgniter->runController(Object(App\Controllers\Admin))
 5 SYSTEMPATH\CodeIgniter.php(354): CodeIgniter\CodeIgniter->handleRequest(null, Object(Config\Cache), false)
 6 SYSTEMPATH\Boot.php(363): CodeIgniter\CodeIgniter->run()
 7 SYSTEMPATH\Boot.php(68): CodeIgniter\Boot::runCodeIgniter(Object(CodeIgniter\CodeIgniter))
 8 FCPATH\index.php(59): CodeIgniter\Boot::bootWeb(Object(Config\Paths))
 9 SYSTEMPATH\rewrite.php(44): require_once('C:\\xampp\\htdocs\\kasirpos\\public\\index.php')
CRITICAL - 2026-04-28 08:07:12 --> [Caused by] CodeIgniter\Database\Exceptions\DatabaseException: Unknown column 'td.id' in 'on clause'
in SYSTEMPATH\Database\MySQLi\Connection.php on line 332.
 1 SYSTEMPATH\Database\BaseConnection.php(729): CodeIgniter\Database\MySQLi\Connection->execute('SELECT `p`.`nama_produk`, SUM(td.qty) as total_laku
FROM `transaksi_detail` `td`
JOIN `produk` `p` ON `p`.`id` = `td`.`id`
GROUP BY `p`.`nama_produk`
ORDER BY `total_laku` DESC
 LIMIT 5')
 2 SYSTEMPATH\Database\BaseConnection.php(646): CodeIgniter\Database\BaseConnection->simpleQuery('SELECT `p`.`nama_produk`, SUM(td.qty) as total_laku
FROM `transaksi_detail` `td`
JOIN `produk` `p` ON `p`.`id` = `td`.`id`
GROUP BY `p`.`nama_produk`
ORDER BY `total_laku` DESC
 LIMIT 5')
 3 SYSTEMPATH\Database\BaseBuilder.php(1649): CodeIgniter\Database\BaseConnection->query('SELECT `p`.`nama_produk`, SUM(td.qty) as total_laku
FROM `transaksi_detail` `td`
JOIN `produk` `p` ON `p`.`id` = `td`.`id`
GROUP BY `p`.`nama_produk`
ORDER BY `total_laku` DESC
 LIMIT 5', [], false)
 4 APPPATH\Controllers\Admin.php(41): CodeIgniter\Database\BaseBuilder->get()
 5 SYSTEMPATH\CodeIgniter.php(933): App\Controllers\Admin->index()
 6 SYSTEMPATH\CodeIgniter.php(507): CodeIgniter\CodeIgniter->runController(Object(App\Controllers\Admin))
 7 SYSTEMPATH\CodeIgniter.php(354): CodeIgniter\CodeIgniter->handleRequest(null, Object(Config\Cache), false)
 8 SYSTEMPATH\Boot.php(363): CodeIgniter\CodeIgniter->run()
 9 SYSTEMPATH\Boot.php(68): CodeIgniter\Boot::runCodeIgniter(Object(CodeIgniter\CodeIgniter))
10 FCPATH\index.php(59): CodeIgniter\Boot::bootWeb(Object(Config\Paths))
11 SYSTEMPATH\rewrite.php(44): require_once('C:\\xampp\\htdocs\\kasirpos\\public\\index.php')
CRITICAL - 2026-04-28 08:07:12 --> [Caused by] mysqli_sql_exception: Unknown column 'td.id' in 'on clause'
in SYSTEMPATH\Database\MySQLi\Connection.php on line 327.
 1 SYSTEMPATH\Database\MySQLi\Connection.php(327): mysqli->query('SELECT `p`.`nama_produk`, SUM(td.qty) as total_laku
FROM `transaksi_detail` `td`
JOIN `produk` `p` ON `p`.`id` = `td`.`id`
GROUP BY `p`.`nama_produk`
ORDER BY `total_laku` DESC
 LIMIT 5', 0)
 2 SYSTEMPATH\Database\BaseConnection.php(729): CodeIgniter\Database\MySQLi\Connection->execute('SELECT `p`.`nama_produk`, SUM(td.qty) as total_laku
FROM `transaksi_detail` `td`
JOIN `produk` `p` ON `p`.`id` = `td`.`id`
GROUP BY `p`.`nama_produk`
ORDER BY `total_laku` DESC
 LIMIT 5')
 3 SYSTEMPATH\Database\BaseConnection.php(646): CodeIgniter\Database\BaseConnection->simpleQuery('SELECT `p`.`nama_produk`, SUM(td.qty) as total_laku
FROM `transaksi_detail` `td`
JOIN `produk` `p` ON `p`.`id` = `td`.`id`
GROUP BY `p`.`nama_produk`
ORDER BY `total_laku` DESC
 LIMIT 5')
 4 SYSTEMPATH\Database\BaseBuilder.php(1649): CodeIgniter\Database\BaseConnection->query('SELECT `p`.`nama_produk`, SUM(td.qty) as total_laku
FROM `transaksi_detail` `td`
JOIN `produk` `p` ON `p`.`id` = `td`.`id`
GROUP BY `p`.`nama_produk`
ORDER BY `total_laku` DESC
 LIMIT 5', [], false)
 5 APPPATH\Controllers\Admin.php(41): CodeIgniter\Database\BaseBuilder->get()
 6 SYSTEMPATH\CodeIgniter.php(933): App\Controllers\Admin->index()
 7 SYSTEMPATH\CodeIgniter.php(507): CodeIgniter\CodeIgniter->runController(Object(App\Controllers\Admin))
 8 SYSTEMPATH\CodeIgniter.php(354): CodeIgniter\CodeIgniter->handleRequest(null, Object(Config\Cache), false)
 9 SYSTEMPATH\Boot.php(363): CodeIgniter\CodeIgniter->run()
10 SYSTEMPATH\Boot.php(68): CodeIgniter\Boot::runCodeIgniter(Object(CodeIgniter\CodeIgniter))
11 FCPATH\index.php(59): CodeIgniter\Boot::bootWeb(Object(Config\Paths))
12 SYSTEMPATH\rewrite.php(44): require_once('C:\\xampp\\htdocs\\kasirpos\\public\\index.php')
ERROR - 2026-04-28 08:07:33 --> mysqli_sql_exception: Unknown column 'p.id' in 'on clause' in C:\xampp\htdocs\kasirpos\system\Database\MySQLi\Connection.php:327
Stack trace:
#0 C:\xampp\htdocs\kasirpos\system\Database\MySQLi\Connection.php(327): mysqli->query('SELECT `p`.`nam...', 0)
#1 C:\xampp\htdocs\kasirpos\system\Database\BaseConnection.php(729): CodeIgniter\Database\MySQLi\Connection->execute('SELECT `p`.`nam...')
#2 C:\xampp\htdocs\kasirpos\system\Database\BaseConnection.php(646): CodeIgniter\Database\BaseConnection->simpleQuery('SELECT `p`.`nam...')
#3 C:\xampp\htdocs\kasirpos\system\Database\BaseBuilder.php(1649): CodeIgniter\Database\BaseConnection->query('SELECT `p`.`nam...', Array, false)
#4 C:\xampp\htdocs\kasirpos\app\Controllers\Admin.php(41): CodeIgniter\Database\BaseBuilder->get()
#5 C:\xampp\htdocs\kasirpos\system\CodeIgniter.php(933): App\Controllers\Admin->index()
#6 C:\xampp\htdocs\kasirpos\system\CodeIgniter.php(507): CodeIgniter\CodeIgniter->runController(Object(App\Controllers\Admin))
#7 C:\xampp\htdocs\kasirpos\system\CodeIgniter.php(354): CodeIgniter\CodeIgniter->handleRequest(NULL, Object(Config\Cache), false)
#8 C:\xampp\htdocs\kasirpos\system\Boot.php(363): CodeIgniter\CodeIgniter->run()
#9 C:\xampp\htdocs\kasirpos\system\Boot.php(68): CodeIgniter\Boot::runCodeIgniter(Object(CodeIgniter\CodeIgniter))
#10 C:\xampp\htdocs\kasirpos\public\index.php(59): CodeIgniter\Boot::bootWeb(Object(Config\Paths))
#11 C:\xampp\htdocs\kasirpos\system\rewrite.php(44): require_once('C:\\xampp\\htdocs...')
#12 {main}
CRITICAL - 2026-04-28 08:07:33 --> CodeIgniter\Database\Exceptions\DatabaseException: Unknown column 'p.id' in 'on clause'
[Method: GET, Route: admin]
in SYSTEMPATH\Database\BaseConnection.php on line 684.
 1 SYSTEMPATH\Database\BaseBuilder.php(1649): CodeIgniter\Database\BaseConnection->query('SELECT `p`.`nama_produk`, SUM(td.qty) as total_laku
FROM `transaksi_detail` `td`
JOIN `produk` `p` ON `p`.`id` = `td`.`produk_id`
GROUP BY `p`.`nama_produk`
ORDER BY `total_laku` DESC
 LIMIT 5', [], false)
 2 APPPATH\Controllers\Admin.php(41): CodeIgniter\Database\BaseBuilder->get()
 3 SYSTEMPATH\CodeIgniter.php(933): App\Controllers\Admin->index()
 4 SYSTEMPATH\CodeIgniter.php(507): CodeIgniter\CodeIgniter->runController(Object(App\Controllers\Admin))
 5 SYSTEMPATH\CodeIgniter.php(354): CodeIgniter\CodeIgniter->handleRequest(null, Object(Config\Cache), false)
 6 SYSTEMPATH\Boot.php(363): CodeIgniter\CodeIgniter->run()
 7 SYSTEMPATH\Boot.php(68): CodeIgniter\Boot::runCodeIgniter(Object(CodeIgniter\CodeIgniter))
 8 FCPATH\index.php(59): CodeIgniter\Boot::bootWeb(Object(Config\Paths))
 9 SYSTEMPATH\rewrite.php(44): require_once('C:\\xampp\\htdocs\\kasirpos\\public\\index.php')
CRITICAL - 2026-04-28 08:07:33 --> [Caused by] CodeIgniter\Database\Exceptions\DatabaseException: Unknown column 'p.id' in 'on clause'
in SYSTEMPATH\Database\MySQLi\Connection.php on line 332.
 1 SYSTEMPATH\Database\BaseConnection.php(729): CodeIgniter\Database\MySQLi\Connection->execute('SELECT `p`.`nama_produk`, SUM(td.qty) as total_laku
FROM `transaksi_detail` `td`
JOIN `produk` `p` ON `p`.`id` = `td`.`produk_id`
GROUP BY `p`.`nama_produk`
ORDER BY `total_laku` DESC
 LIMIT 5')
 2 SYSTEMPATH\Database\BaseConnection.php(646): CodeIgniter\Database\BaseConnection->simpleQuery('SELECT `p`.`nama_produk`, SUM(td.qty) as total_laku
FROM `transaksi_detail` `td`
JOIN `produk` `p` ON `p`.`id` = `td`.`produk_id`
GROUP BY `p`.`nama_produk`
ORDER BY `total_laku` DESC
 LIMIT 5')
 3 SYSTEMPATH\Database\BaseBuilder.php(1649): CodeIgniter\Database\BaseConnection->query('SELECT `p`.`nama_produk`, SUM(td.qty) as total_laku
FROM `transaksi_detail` `td`
JOIN `produk` `p` ON `p`.`id` = `td`.`produk_id`
GROUP BY `p`.`nama_produk`
ORDER BY `total_laku` DESC
 LIMIT 5', [], false)
 4 APPPATH\Controllers\Admin.php(41): CodeIgniter\Database\BaseBuilder->get()
 5 SYSTEMPATH\CodeIgniter.php(933): App\Controllers\Admin->index()
 6 SYSTEMPATH\CodeIgniter.php(507): CodeIgniter\CodeIgniter->runController(Object(App\Controllers\Admin))
 7 SYSTEMPATH\CodeIgniter.php(354): CodeIgniter\CodeIgniter->handleRequest(null, Object(Config\Cache), false)
 8 SYSTEMPATH\Boot.php(363): CodeIgniter\CodeIgniter->run()
 9 SYSTEMPATH\Boot.php(68): CodeIgniter\Boot::runCodeIgniter(Object(CodeIgniter\CodeIgniter))
10 FCPATH\index.php(59): CodeIgniter\Boot::bootWeb(Object(Config\Paths))
11 SYSTEMPATH\rewrite.php(44): require_once('C:\\xampp\\htdocs\\kasirpos\\public\\index.php')
CRITICAL - 2026-04-28 08:07:33 --> [Caused by] mysqli_sql_exception: Unknown column 'p.id' in 'on clause'
in SYSTEMPATH\Database\MySQLi\Connection.php on line 327.
 1 SYSTEMPATH\Database\MySQLi\Connection.php(327): mysqli->query('SELECT `p`.`nama_produk`, SUM(td.qty) as total_laku
FROM `transaksi_detail` `td`
JOIN `produk` `p` ON `p`.`id` = `td`.`produk_id`
GROUP BY `p`.`nama_produk`
ORDER BY `total_laku` DESC
 LIMIT 5', 0)
 2 SYSTEMPATH\Database\BaseConnection.php(729): CodeIgniter\Database\MySQLi\Connection->execute('SELECT `p`.`nama_produk`, SUM(td.qty) as total_laku
FROM `transaksi_detail` `td`
JOIN `produk` `p` ON `p`.`id` = `td`.`produk_id`
GROUP BY `p`.`nama_produk`
ORDER BY `total_laku` DESC
 LIMIT 5')
 3 SYSTEMPATH\Database\BaseConnection.php(646): CodeIgniter\Database\BaseConnection->simpleQuery('SELECT `p`.`nama_produk`, SUM(td.qty) as total_laku
FROM `transaksi_detail` `td`
JOIN `produk` `p` ON `p`.`id` = `td`.`produk_id`
GROUP BY `p`.`nama_produk`
ORDER BY `total_laku` DESC
 LIMIT 5')
 4 SYSTEMPATH\Database\BaseBuilder.php(1649): CodeIgniter\Database\BaseConnection->query('SELECT `p`.`nama_produk`, SUM(td.qty) as total_laku
FROM `transaksi_detail` `td`
JOIN `produk` `p` ON `p`.`id` = `td`.`produk_id`
GROUP BY `p`.`nama_produk`
ORDER BY `total_laku` DESC
 LIMIT 5', [], false)
 5 APPPATH\Controllers\Admin.php(41): CodeIgniter\Database\BaseBuilder->get()
 6 SYSTEMPATH\CodeIgniter.php(933): App\Controllers\Admin->index()
 7 SYSTEMPATH\CodeIgniter.php(507): CodeIgniter\CodeIgniter->runController(Object(App\Controllers\Admin))
 8 SYSTEMPATH\CodeIgniter.php(354): CodeIgniter\CodeIgniter->handleRequest(null, Object(Config\Cache), false)
 9 SYSTEMPATH\Boot.php(363): CodeIgniter\CodeIgniter->run()
10 SYSTEMPATH\Boot.php(68): CodeIgniter\Boot::runCodeIgniter(Object(CodeIgniter\CodeIgniter))
11 FCPATH\index.php(59): CodeIgniter\Boot::bootWeb(Object(Config\Paths))
12 SYSTEMPATH\rewrite.php(44): require_once('C:\\xampp\\htdocs\\kasirpos\\public\\index.php')
ERROR - 2026-04-28 08:07:35 --> mysqli_sql_exception: Unknown column 'p.id' in 'on clause' in C:\xampp\htdocs\kasirpos\system\Database\MySQLi\Connection.php:327
Stack trace:
#0 C:\xampp\htdocs\kasirpos\system\Database\MySQLi\Connection.php(327): mysqli->query('SELECT `p`.`nam...', 0)
#1 C:\xampp\htdocs\kasirpos\system\Database\BaseConnection.php(729): CodeIgniter\Database\MySQLi\Connection->execute('SELECT `p`.`nam...')
#2 C:\xampp\htdocs\kasirpos\system\Database\BaseConnection.php(646): CodeIgniter\Database\BaseConnection->simpleQuery('SELECT `p`.`nam...')
#3 C:\xampp\htdocs\kasirpos\system\Database\BaseBuilder.php(1649): CodeIgniter\Database\BaseConnection->query('SELECT `p`.`nam...', Array, false)
#4 C:\xampp\htdocs\kasirpos\app\Controllers\Admin.php(41): CodeIgniter\Database\BaseBuilder->get()
#5 C:\xampp\htdocs\kasirpos\system\CodeIgniter.php(933): App\Controllers\Admin->index()
#6 C:\xampp\htdocs\kasirpos\system\CodeIgniter.php(507): CodeIgniter\CodeIgniter->runController(Object(App\Controllers\Admin))
#7 C:\xampp\htdocs\kasirpos\system\CodeIgniter.php(354): CodeIgniter\CodeIgniter->handleRequest(NULL, Object(Config\Cache), false)
#8 C:\xampp\htdocs\kasirpos\system\Boot.php(363): CodeIgniter\CodeIgniter->run()
#9 C:\xampp\htdocs\kasirpos\system\Boot.php(68): CodeIgniter\Boot::runCodeIgniter(Object(CodeIgniter\CodeIgniter))
#10 C:\xampp\htdocs\kasirpos\public\index.php(59): CodeIgniter\Boot::bootWeb(Object(Config\Paths))
#11 C:\xampp\htdocs\kasirpos\system\rewrite.php(44): require_once('C:\\xampp\\htdocs...')
#12 {main}
CRITICAL - 2026-04-28 08:07:35 --> CodeIgniter\Database\Exceptions\DatabaseException: Unknown column 'p.id' in 'on clause'
[Method: GET, Route: admin]
in SYSTEMPATH\Database\BaseConnection.php on line 684.
 1 SYSTEMPATH\Database\BaseBuilder.php(1649): CodeIgniter\Database\BaseConnection->query('SELECT `p`.`nama_produk`, SUM(td.qty) as total_laku
FROM `transaksi_detail` `td`
JOIN `produk` `p` ON `p`.`id` = `td`.`produk_id`
GROUP BY `p`.`nama_produk`
ORDER BY `total_laku` DESC
 LIMIT 5', [], false)
 2 APPPATH\Controllers\Admin.php(41): CodeIgniter\Database\BaseBuilder->get()
 3 SYSTEMPATH\CodeIgniter.php(933): App\Controllers\Admin->index()
 4 SYSTEMPATH\CodeIgniter.php(507): CodeIgniter\CodeIgniter->runController(Object(App\Controllers\Admin))
 5 SYSTEMPATH\CodeIgniter.php(354): CodeIgniter\CodeIgniter->handleRequest(null, Object(Config\Cache), false)
 6 SYSTEMPATH\Boot.php(363): CodeIgniter\CodeIgniter->run()
 7 SYSTEMPATH\Boot.php(68): CodeIgniter\Boot::runCodeIgniter(Object(CodeIgniter\CodeIgniter))
 8 FCPATH\index.php(59): CodeIgniter\Boot::bootWeb(Object(Config\Paths))
 9 SYSTEMPATH\rewrite.php(44): require_once('C:\\xampp\\htdocs\\kasirpos\\public\\index.php')
CRITICAL - 2026-04-28 08:07:35 --> [Caused by] CodeIgniter\Database\Exceptions\DatabaseException: Unknown column 'p.id' in 'on clause'
in SYSTEMPATH\Database\MySQLi\Connection.php on line 332.
 1 SYSTEMPATH\Database\BaseConnection.php(729): CodeIgniter\Database\MySQLi\Connection->execute('SELECT `p`.`nama_produk`, SUM(td.qty) as total_laku
FROM `transaksi_detail` `td`
JOIN `produk` `p` ON `p`.`id` = `td`.`produk_id`
GROUP BY `p`.`nama_produk`
ORDER BY `total_laku` DESC
 LIMIT 5')
 2 SYSTEMPATH\Database\BaseConnection.php(646): CodeIgniter\Database\BaseConnection->simpleQuery('SELECT `p`.`nama_produk`, SUM(td.qty) as total_laku
FROM `transaksi_detail` `td`
JOIN `produk` `p` ON `p`.`id` = `td`.`produk_id`
GROUP BY `p`.`nama_produk`
ORDER BY `total_laku` DESC
 LIMIT 5')
 3 SYSTEMPATH\Database\BaseBuilder.php(1649): CodeIgniter\Database\BaseConnection->query('SELECT `p`.`nama_produk`, SUM(td.qty) as total_laku
FROM `transaksi_detail` `td`
JOIN `produk` `p` ON `p`.`id` = `td`.`produk_id`
GROUP BY `p`.`nama_produk`
ORDER BY `total_laku` DESC
 LIMIT 5', [], false)
 4 APPPATH\Controllers\Admin.php(41): CodeIgniter\Database\BaseBuilder->get()
 5 SYSTEMPATH\CodeIgniter.php(933): App\Controllers\Admin->index()
 6 SYSTEMPATH\CodeIgniter.php(507): CodeIgniter\CodeIgniter->runController(Object(App\Controllers\Admin))
 7 SYSTEMPATH\CodeIgniter.php(354): CodeIgniter\CodeIgniter->handleRequest(null, Object(Config\Cache), false)
 8 SYSTEMPATH\Boot.php(363): CodeIgniter\CodeIgniter->run()
 9 SYSTEMPATH\Boot.php(68): CodeIgniter\Boot::runCodeIgniter(Object(CodeIgniter\CodeIgniter))
10 FCPATH\index.php(59): CodeIgniter\Boot::bootWeb(Object(Config\Paths))
11 SYSTEMPATH\rewrite.php(44): require_once('C:\\xampp\\htdocs\\kasirpos\\public\\index.php')
CRITICAL - 2026-04-28 08:07:35 --> [Caused by] mysqli_sql_exception: Unknown column 'p.id' in 'on clause'
in SYSTEMPATH\Database\MySQLi\Connection.php on line 327.
 1 SYSTEMPATH\Database\MySQLi\Connection.php(327): mysqli->query('SELECT `p`.`nama_produk`, SUM(td.qty) as total_laku
FROM `transaksi_detail` `td`
JOIN `produk` `p` ON `p`.`id` = `td`.`produk_id`
GROUP BY `p`.`nama_produk`
ORDER BY `total_laku` DESC
 LIMIT 5', 0)
 2 SYSTEMPATH\Database\BaseConnection.php(729): CodeIgniter\Database\MySQLi\Connection->execute('SELECT `p`.`nama_produk`, SUM(td.qty) as total_laku
FROM `transaksi_detail` `td`
JOIN `produk` `p` ON `p`.`id` = `td`.`produk_id`
GROUP BY `p`.`nama_produk`
ORDER BY `total_laku` DESC
 LIMIT 5')
 3 SYSTEMPATH\Database\BaseConnection.php(646): CodeIgniter\Database\BaseConnection->simpleQuery('SELECT `p`.`nama_produk`, SUM(td.qty) as total_laku
FROM `transaksi_detail` `td`
JOIN `produk` `p` ON `p`.`id` = `td`.`produk_id`
GROUP BY `p`.`nama_produk`
ORDER BY `total_laku` DESC
 LIMIT 5')
 4 SYSTEMPATH\Database\BaseBuilder.php(1649): CodeIgniter\Database\BaseConnection->query('SELECT `p`.`nama_produk`, SUM(td.qty) as total_laku
FROM `transaksi_detail` `td`
JOIN `produk` `p` ON `p`.`id` = `td`.`produk_id`
GROUP BY `p`.`nama_produk`
ORDER BY `total_laku` DESC
 LIMIT 5', [], false)
 5 APPPATH\Controllers\Admin.php(41): CodeIgniter\Database\BaseBuilder->get()
 6 SYSTEMPATH\CodeIgniter.php(933): App\Controllers\Admin->index()
 7 SYSTEMPATH\CodeIgniter.php(507): CodeIgniter\CodeIgniter->runController(Object(App\Controllers\Admin))
 8 SYSTEMPATH\CodeIgniter.php(354): CodeIgniter\CodeIgniter->handleRequest(null, Object(Config\Cache), false)
 9 SYSTEMPATH\Boot.php(363): CodeIgniter\CodeIgniter->run()
10 SYSTEMPATH\Boot.php(68): CodeIgniter\Boot::runCodeIgniter(Object(CodeIgniter\CodeIgniter))
11 FCPATH\index.php(59): CodeIgniter\Boot::bootWeb(Object(Config\Paths))
12 SYSTEMPATH\rewrite.php(44): require_once('C:\\xampp\\htdocs\\kasirpos\\public\\index.php')
CRITICAL - 2026-04-28 08:07:57 --> ErrorException: Undefined array key "produk_id"
[Method: GET, Route: admin]
in APPPATH\Views\admin_view.php on line 181.
 1 APPPATH\Views\admin_view.php(181): CodeIgniter\Debug\Exceptions->errorHandler(2, 'Undefined array key "produk_id"', 'C:\\xampp\\htdocs\\kasirpos\\app\\Views\\admin_view.php', 181)
 2 SYSTEMPATH\View\View.php(226): include('C:\\xampp\\htdocs\\kasirpos\\app\\Views\\admin_view.php')
 3 SYSTEMPATH\View\View.php(229): CodeIgniter\View\View->CodeIgniter\View\{closure}()
 4 SYSTEMPATH\Common.php(1167): CodeIgniter\View\View->render('admin_view', [], true)
 5 APPPATH\Controllers\Admin.php(45): view('admin_view', [...])
 6 SYSTEMPATH\CodeIgniter.php(933): App\Controllers\Admin->index()
 7 SYSTEMPATH\CodeIgniter.php(507): CodeIgniter\CodeIgniter->runController(Object(App\Controllers\Admin))
 8 SYSTEMPATH\CodeIgniter.php(354): CodeIgniter\CodeIgniter->handleRequest(null, Object(Config\Cache), false)
 9 SYSTEMPATH\Boot.php(363): CodeIgniter\CodeIgniter->run()
10 SYSTEMPATH\Boot.php(68): CodeIgniter\Boot::runCodeIgniter(Object(CodeIgniter\CodeIgniter))
11 FCPATH\index.php(59): CodeIgniter\Boot::bootWeb(Object(Config\Paths))
12 SYSTEMPATH\rewrite.php(44): require_once('C:\\xampp\\htdocs\\kasirpos\\public\\index.php')
CRITICAL - 2026-04-28 08:07:57 --> ErrorException: Undefined array key "produk_id"
[Method: GET, Route: admin]
in APPPATH\Views\admin_view.php on line 181.
 1 APPPATH\Views\admin_view.php(181): CodeIgniter\Debug\Exceptions->errorHandler(2, 'Undefined array key "produk_id"', 'C:\\xampp\\htdocs\\kasirpos\\app\\Views\\admin_view.php', 181)
 2 SYSTEMPATH\View\View.php(226): include('C:\\xampp\\htdocs\\kasirpos\\app\\Views\\admin_view.php')
 3 SYSTEMPATH\View\View.php(229): CodeIgniter\View\View->CodeIgniter\View\{closure}()
 4 SYSTEMPATH\Common.php(1167): CodeIgniter\View\View->render('admin_view', [], true)
 5 APPPATH\Controllers\Admin.php(45): view('admin_view', [...])
 6 SYSTEMPATH\CodeIgniter.php(933): App\Controllers\Admin->index()
 7 SYSTEMPATH\CodeIgniter.php(507): CodeIgniter\CodeIgniter->runController(Object(App\Controllers\Admin))
 8 SYSTEMPATH\CodeIgniter.php(354): CodeIgniter\CodeIgniter->handleRequest(null, Object(Config\Cache), false)
 9 SYSTEMPATH\Boot.php(363): CodeIgniter\CodeIgniter->run()
10 SYSTEMPATH\Boot.php(68): CodeIgniter\Boot::runCodeIgniter(Object(CodeIgniter\CodeIgniter))
11 FCPATH\index.php(59): CodeIgniter\Boot::bootWeb(Object(Config\Paths))
12 SYSTEMPATH\rewrite.php(44): require_once('C:\\xampp\\htdocs\\kasirpos\\public\\index.php')
CRITICAL - 2026-04-28 08:07:58 --> ErrorException: Undefined array key "produk_id"
[Method: GET, Route: admin]
in APPPATH\Views\admin_view.php on line 181.
 1 APPPATH\Views\admin_view.php(181): CodeIgniter\Debug\Exceptions->errorHandler(2, 'Undefined array key "produk_id"', 'C:\\xampp\\htdocs\\kasirpos\\app\\Views\\admin_view.php', 181)
 2 SYSTEMPATH\View\View.php(226): include('C:\\xampp\\htdocs\\kasirpos\\app\\Views\\admin_view.php')
 3 SYSTEMPATH\View\View.php(229): CodeIgniter\View\View->CodeIgniter\View\{closure}()
 4 SYSTEMPATH\Common.php(1167): CodeIgniter\View\View->render('admin_view', [], true)
 5 APPPATH\Controllers\Admin.php(45): view('admin_view', [...])
 6 SYSTEMPATH\CodeIgniter.php(933): App\Controllers\Admin->index()
 7 SYSTEMPATH\CodeIgniter.php(507): CodeIgniter\CodeIgniter->runController(Object(App\Controllers\Admin))
 8 SYSTEMPATH\CodeIgniter.php(354): CodeIgniter\CodeIgniter->handleRequest(null, Object(Config\Cache), false)
 9 SYSTEMPATH\Boot.php(363): CodeIgniter\CodeIgniter->run()
10 SYSTEMPATH\Boot.php(68): CodeIgniter\Boot::runCodeIgniter(Object(CodeIgniter\CodeIgniter))
11 FCPATH\index.php(59): CodeIgniter\Boot::bootWeb(Object(Config\Paths))
12 SYSTEMPATH\rewrite.php(44): require_once('C:\\xampp\\htdocs\\kasirpos\\public\\index.php')
ERROR - 2026-04-28 08:08:41 --> mysqli_sql_exception: Unknown column 'p.id' in 'on clause' in C:\xampp\htdocs\kasirpos\system\Database\MySQLi\Connection.php:327
Stack trace:
#0 C:\xampp\htdocs\kasirpos\system\Database\MySQLi\Connection.php(327): mysqli->query('SELECT `p`.`nam...', 0)
#1 C:\xampp\htdocs\kasirpos\system\Database\BaseConnection.php(729): CodeIgniter\Database\MySQLi\Connection->execute('SELECT `p`.`nam...')
#2 C:\xampp\htdocs\kasirpos\system\Database\BaseConnection.php(646): CodeIgniter\Database\BaseConnection->simpleQuery('SELECT `p`.`nam...')
#3 C:\xampp\htdocs\kasirpos\system\Database\BaseBuilder.php(1649): CodeIgniter\Database\BaseConnection->query('SELECT `p`.`nam...', Array, false)
#4 C:\xampp\htdocs\kasirpos\app\Controllers\Admin.php(43): CodeIgniter\Database\BaseBuilder->get()
#5 C:\xampp\htdocs\kasirpos\system\CodeIgniter.php(933): App\Controllers\Admin->index()
#6 C:\xampp\htdocs\kasirpos\system\CodeIgniter.php(507): CodeIgniter\CodeIgniter->runController(Object(App\Controllers\Admin))
#7 C:\xampp\htdocs\kasirpos\system\CodeIgniter.php(354): CodeIgniter\CodeIgniter->handleRequest(NULL, Object(Config\Cache), false)
#8 C:\xampp\htdocs\kasirpos\system\Boot.php(363): CodeIgniter\CodeIgniter->run()
#9 C:\xampp\htdocs\kasirpos\system\Boot.php(68): CodeIgniter\Boot::runCodeIgniter(Object(CodeIgniter\CodeIgniter))
#10 C:\xampp\htdocs\kasirpos\public\index.php(59): CodeIgniter\Boot::bootWeb(Object(Config\Paths))
#11 C:\xampp\htdocs\kasirpos\system\rewrite.php(44): require_once('C:\\xampp\\htdocs...')
#12 {main}
CRITICAL - 2026-04-28 08:08:41 --> CodeIgniter\Database\Exceptions\DatabaseException: Unknown column 'p.id' in 'on clause'
[Method: GET, Route: admin]
in SYSTEMPATH\Database\BaseConnection.php on line 684.
 1 SYSTEMPATH\Database\BaseBuilder.php(1649): CodeIgniter\Database\BaseConnection->query('SELECT `p`.`nama_produk`, SUM(td.qty) as total_laku
FROM `transaksi_detail` `td`
JOIN `produk` `p` ON `p`.`id` = `td`.`produk_id`
GROUP BY `p`.`nama_produk`
ORDER BY `total_laku` DESC
 LIMIT 5', [], false)
 2 APPPATH\Controllers\Admin.php(43): CodeIgniter\Database\BaseBuilder->get()
 3 SYSTEMPATH\CodeIgniter.php(933): App\Controllers\Admin->index()
 4 SYSTEMPATH\CodeIgniter.php(507): CodeIgniter\CodeIgniter->runController(Object(App\Controllers\Admin))
 5 SYSTEMPATH\CodeIgniter.php(354): CodeIgniter\CodeIgniter->handleRequest(null, Object(Config\Cache), false)
 6 SYSTEMPATH\Boot.php(363): CodeIgniter\CodeIgniter->run()
 7 SYSTEMPATH\Boot.php(68): CodeIgniter\Boot::runCodeIgniter(Object(CodeIgniter\CodeIgniter))
 8 FCPATH\index.php(59): CodeIgniter\Boot::bootWeb(Object(Config\Paths))
 9 SYSTEMPATH\rewrite.php(44): require_once('C:\\xampp\\htdocs\\kasirpos\\public\\index.php')
CRITICAL - 2026-04-28 08:08:41 --> [Caused by] CodeIgniter\Database\Exceptions\DatabaseException: Unknown column 'p.id' in 'on clause'
in SYSTEMPATH\Database\MySQLi\Connection.php on line 332.
 1 SYSTEMPATH\Database\BaseConnection.php(729): CodeIgniter\Database\MySQLi\Connection->execute('SELECT `p`.`nama_produk`, SUM(td.qty) as total_laku
FROM `transaksi_detail` `td`
JOIN `produk` `p` ON `p`.`id` = `td`.`produk_id`
GROUP BY `p`.`nama_produk`
ORDER BY `total_laku` DESC
 LIMIT 5')
 2 SYSTEMPATH\Database\BaseConnection.php(646): CodeIgniter\Database\BaseConnection->simpleQuery('SELECT `p`.`nama_produk`, SUM(td.qty) as total_laku
FROM `transaksi_detail` `td`
JOIN `produk` `p` ON `p`.`id` = `td`.`produk_id`
GROUP BY `p`.`nama_produk`
ORDER BY `total_laku` DESC
 LIMIT 5')
 3 SYSTEMPATH\Database\BaseBuilder.php(1649): CodeIgniter\Database\BaseConnection->query('SELECT `p`.`nama_produk`, SUM(td.qty) as total_laku
FROM `transaksi_detail` `td`
JOIN `produk` `p` ON `p`.`id` = `td`.`produk_id`
GROUP BY `p`.`nama_produk`
ORDER BY `total_laku` DESC
 LIMIT 5', [], false)
 4 APPPATH\Controllers\Admin.php(43): CodeIgniter\Database\BaseBuilder->get()
 5 SYSTEMPATH\CodeIgniter.php(933): App\Controllers\Admin->index()
 6 SYSTEMPATH\CodeIgniter.php(507): CodeIgniter\CodeIgniter->runController(Object(App\Controllers\Admin))
 7 SYSTEMPATH\CodeIgniter.php(354): CodeIgniter\CodeIgniter->handleRequest(null, Object(Config\Cache), false)
 8 SYSTEMPATH\Boot.php(363): CodeIgniter\CodeIgniter->run()
 9 SYSTEMPATH\Boot.php(68): CodeIgniter\Boot::runCodeIgniter(Object(CodeIgniter\CodeIgniter))
10 FCPATH\index.php(59): CodeIgniter\Boot::bootWeb(Object(Config\Paths))
11 SYSTEMPATH\rewrite.php(44): require_once('C:\\xampp\\htdocs\\kasirpos\\public\\index.php')
CRITICAL - 2026-04-28 08:08:41 --> [Caused by] mysqli_sql_exception: Unknown column 'p.id' in 'on clause'
in SYSTEMPATH\Database\MySQLi\Connection.php on line 327.
 1 SYSTEMPATH\Database\MySQLi\Connection.php(327): mysqli->query('SELECT `p`.`nama_produk`, SUM(td.qty) as total_laku
FROM `transaksi_detail` `td`
JOIN `produk` `p` ON `p`.`id` = `td`.`produk_id`
GROUP BY `p`.`nama_produk`
ORDER BY `total_laku` DESC
 LIMIT 5', 0)
 2 SYSTEMPATH\Database\BaseConnection.php(729): CodeIgniter\Database\MySQLi\Connection->execute('SELECT `p`.`nama_produk`, SUM(td.qty) as total_laku
FROM `transaksi_detail` `td`
JOIN `produk` `p` ON `p`.`id` = `td`.`produk_id`
GROUP BY `p`.`nama_produk`
ORDER BY `total_laku` DESC
 LIMIT 5')
 3 SYSTEMPATH\Database\BaseConnection.php(646): CodeIgniter\Database\BaseConnection->simpleQuery('SELECT `p`.`nama_produk`, SUM(td.qty) as total_laku
FROM `transaksi_detail` `td`
JOIN `produk` `p` ON `p`.`id` = `td`.`produk_id`
GROUP BY `p`.`nama_produk`
ORDER BY `total_laku` DESC
 LIMIT 5')
 4 SYSTEMPATH\Database\BaseBuilder.php(1649): CodeIgniter\Database\BaseConnection->query('SELECT `p`.`nama_produk`, SUM(td.qty) as total_laku
FROM `transaksi_detail` `td`
JOIN `produk` `p` ON `p`.`id` = `td`.`produk_id`
GROUP BY `p`.`nama_produk`
ORDER BY `total_laku` DESC
 LIMIT 5', [], false)
 5 APPPATH\Controllers\Admin.php(43): CodeIgniter\Database\BaseBuilder->get()
 6 SYSTEMPATH\CodeIgniter.php(933): App\Controllers\Admin->index()
 7 SYSTEMPATH\CodeIgniter.php(507): CodeIgniter\CodeIgniter->runController(Object(App\Controllers\Admin))
 8 SYSTEMPATH\CodeIgniter.php(354): CodeIgniter\CodeIgniter->handleRequest(null, Object(Config\Cache), false)
 9 SYSTEMPATH\Boot.php(363): CodeIgniter\CodeIgniter->run()
10 SYSTEMPATH\Boot.php(68): CodeIgniter\Boot::runCodeIgniter(Object(CodeIgniter\CodeIgniter))
11 FCPATH\index.php(59): CodeIgniter\Boot::bootWeb(Object(Config\Paths))
12 SYSTEMPATH\rewrite.php(44): require_once('C:\\xampp\\htdocs\\kasirpos\\public\\index.php')
CRITICAL - 2026-04-28 08:09:18 --> ErrorException: Undefined array key "produk_id"
[Method: GET, Route: admin]
in APPPATH\Views\admin_view.php on line 181.
 1 APPPATH\Views\admin_view.php(181): CodeIgniter\Debug\Exceptions->errorHandler(2, 'Undefined array key "produk_id"', 'C:\\xampp\\htdocs\\kasirpos\\app\\Views\\admin_view.php', 181)
 2 SYSTEMPATH\View\View.php(226): include('C:\\xampp\\htdocs\\kasirpos\\app\\Views\\admin_view.php')
 3 SYSTEMPATH\View\View.php(229): CodeIgniter\View\View->CodeIgniter\View\{closure}()
 4 SYSTEMPATH\Common.php(1167): CodeIgniter\View\View->render('admin_view', [], true)
 5 APPPATH\Controllers\Admin.php(47): view('admin_view', [...])
 6 SYSTEMPATH\CodeIgniter.php(933): App\Controllers\Admin->index()
 7 SYSTEMPATH\CodeIgniter.php(507): CodeIgniter\CodeIgniter->runController(Object(App\Controllers\Admin))
 8 SYSTEMPATH\CodeIgniter.php(354): CodeIgniter\CodeIgniter->handleRequest(null, Object(Config\Cache), false)
 9 SYSTEMPATH\Boot.php(363): CodeIgniter\CodeIgniter->run()
10 SYSTEMPATH\Boot.php(68): CodeIgniter\Boot::runCodeIgniter(Object(CodeIgniter\CodeIgniter))
11 FCPATH\index.php(59): CodeIgniter\Boot::bootWeb(Object(Config\Paths))
12 SYSTEMPATH\rewrite.php(44): require_once('C:\\xampp\\htdocs\\kasirpos\\public\\index.php')
ERROR - 2026-04-28 08:10:26 --> mysqli_sql_exception: Unknown column 'p.id' in 'on clause' in C:\xampp\htdocs\kasirpos\system\Database\MySQLi\Connection.php:327
Stack trace:
#0 C:\xampp\htdocs\kasirpos\system\Database\MySQLi\Connection.php(327): mysqli->query('SELECT `p`.`nam...', 0)
#1 C:\xampp\htdocs\kasirpos\system\Database\BaseConnection.php(729): CodeIgniter\Database\MySQLi\Connection->execute('SELECT `p`.`nam...')
#2 C:\xampp\htdocs\kasirpos\system\Database\BaseConnection.php(646): CodeIgniter\Database\BaseConnection->simpleQuery('SELECT `p`.`nam...')
#3 C:\xampp\htdocs\kasirpos\system\Database\BaseBuilder.php(1649): CodeIgniter\Database\BaseConnection->query('SELECT `p`.`nam...', Array, false)
#4 C:\xampp\htdocs\kasirpos\app\Controllers\Admin.php(44): CodeIgniter\Database\BaseBuilder->get()
#5 C:\xampp\htdocs\kasirpos\system\CodeIgniter.php(933): App\Controllers\Admin->index()
#6 C:\xampp\htdocs\kasirpos\system\CodeIgniter.php(507): CodeIgniter\CodeIgniter->runController(Object(App\Controllers\Admin))
#7 C:\xampp\htdocs\kasirpos\system\CodeIgniter.php(354): CodeIgniter\CodeIgniter->handleRequest(NULL, Object(Config\Cache), false)
#8 C:\xampp\htdocs\kasirpos\system\Boot.php(363): CodeIgniter\CodeIgniter->run()
#9 C:\xampp\htdocs\kasirpos\system\Boot.php(68): CodeIgniter\Boot::runCodeIgniter(Object(CodeIgniter\CodeIgniter))
#10 C:\xampp\htdocs\kasirpos\public\index.php(59): CodeIgniter\Boot::bootWeb(Object(Config\Paths))
#11 C:\xampp\htdocs\kasirpos\system\rewrite.php(44): require_once('C:\\xampp\\htdocs...')
#12 {main}
CRITICAL - 2026-04-28 08:10:26 --> CodeIgniter\Database\Exceptions\DatabaseException: Unknown column 'p.id' in 'on clause'
[Method: GET, Route: admin]
in SYSTEMPATH\Database\BaseConnection.php on line 684.
 1 SYSTEMPATH\Database\BaseBuilder.php(1649): CodeIgniter\Database\BaseConnection->query('SELECT `p`.`nama_produk`, SUM(td.qty) as total_laku
FROM `transaksi_detail` `td`
JOIN `produk` `p` ON `p`.`id` = `td`.`produk_id`
GROUP BY `p`.`nama_produk`
ORDER BY `total_laku` DESC
 LIMIT 5', [], false)
 2 APPPATH\Controllers\Admin.php(44): CodeIgniter\Database\BaseBuilder->get()
 3 SYSTEMPATH\CodeIgniter.php(933): App\Controllers\Admin->index()
 4 SYSTEMPATH\CodeIgniter.php(507): CodeIgniter\CodeIgniter->runController(Object(App\Controllers\Admin))
 5 SYSTEMPATH\CodeIgniter.php(354): CodeIgniter\CodeIgniter->handleRequest(null, Object(Config\Cache), false)
 6 SYSTEMPATH\Boot.php(363): CodeIgniter\CodeIgniter->run()
 7 SYSTEMPATH\Boot.php(68): CodeIgniter\Boot::runCodeIgniter(Object(CodeIgniter\CodeIgniter))
 8 FCPATH\index.php(59): CodeIgniter\Boot::bootWeb(Object(Config\Paths))
 9 SYSTEMPATH\rewrite.php(44): require_once('C:\\xampp\\htdocs\\kasirpos\\public\\index.php')
CRITICAL - 2026-04-28 08:10:26 --> [Caused by] CodeIgniter\Database\Exceptions\DatabaseException: Unknown column 'p.id' in 'on clause'
in SYSTEMPATH\Database\MySQLi\Connection.php on line 332.
 1 SYSTEMPATH\Database\BaseConnection.php(729): CodeIgniter\Database\MySQLi\Connection->execute('SELECT `p`.`nama_produk`, SUM(td.qty) as total_laku
FROM `transaksi_detail` `td`
JOIN `produk` `p` ON `p`.`id` = `td`.`produk_id`
GROUP BY `p`.`nama_produk`
ORDER BY `total_laku` DESC
 LIMIT 5')
 2 SYSTEMPATH\Database\BaseConnection.php(646): CodeIgniter\Database\BaseConnection->simpleQuery('SELECT `p`.`nama_produk`, SUM(td.qty) as total_laku
FROM `transaksi_detail` `td`
JOIN `produk` `p` ON `p`.`id` = `td`.`produk_id`
GROUP BY `p`.`nama_produk`
ORDER BY `total_laku` DESC
 LIMIT 5')
 3 SYSTEMPATH\Database\BaseBuilder.php(1649): CodeIgniter\Database\BaseConnection->query('SELECT `p`.`nama_produk`, SUM(td.qty) as total_laku
FROM `transaksi_detail` `td`
JOIN `produk` `p` ON `p`.`id` = `td`.`produk_id`
GROUP BY `p`.`nama_produk`
ORDER BY `total_laku` DESC
 LIMIT 5', [], false)
 4 APPPATH\Controllers\Admin.php(44): CodeIgniter\Database\BaseBuilder->get()
 5 SYSTEMPATH\CodeIgniter.php(933): App\Controllers\Admin->index()
 6 SYSTEMPATH\CodeIgniter.php(507): CodeIgniter\CodeIgniter->runController(Object(App\Controllers\Admin))
 7 SYSTEMPATH\CodeIgniter.php(354): CodeIgniter\CodeIgniter->handleRequest(null, Object(Config\Cache), false)
 8 SYSTEMPATH\Boot.php(363): CodeIgniter\CodeIgniter->run()
 9 SYSTEMPATH\Boot.php(68): CodeIgniter\Boot::runCodeIgniter(Object(CodeIgniter\CodeIgniter))
10 FCPATH\index.php(59): CodeIgniter\Boot::bootWeb(Object(Config\Paths))
11 SYSTEMPATH\rewrite.php(44): require_once('C:\\xampp\\htdocs\\kasirpos\\public\\index.php')
CRITICAL - 2026-04-28 08:10:26 --> [Caused by] mysqli_sql_exception: Unknown column 'p.id' in 'on clause'
in SYSTEMPATH\Database\MySQLi\Connection.php on line 327.
 1 SYSTEMPATH\Database\MySQLi\Connection.php(327): mysqli->query('SELECT `p`.`nama_produk`, SUM(td.qty) as total_laku
FROM `transaksi_detail` `td`
JOIN `produk` `p` ON `p`.`id` = `td`.`produk_id`
GROUP BY `p`.`nama_produk`
ORDER BY `total_laku` DESC
 LIMIT 5', 0)
 2 SYSTEMPATH\Database\BaseConnection.php(729): CodeIgniter\Database\MySQLi\Connection->execute('SELECT `p`.`nama_produk`, SUM(td.qty) as total_laku
FROM `transaksi_detail` `td`
JOIN `produk` `p` ON `p`.`id` = `td`.`produk_id`
GROUP BY `p`.`nama_produk`
ORDER BY `total_laku` DESC
 LIMIT 5')
 3 SYSTEMPATH\Database\BaseConnection.php(646): CodeIgniter\Database\BaseConnection->simpleQuery('SELECT `p`.`nama_produk`, SUM(td.qty) as total_laku
FROM `transaksi_detail` `td`
JOIN `produk` `p` ON `p`.`id` = `td`.`produk_id`
GROUP BY `p`.`nama_produk`
ORDER BY `total_laku` DESC
 LIMIT 5')
 4 SYSTEMPATH\Database\BaseBuilder.php(1649): CodeIgniter\Database\BaseConnection->query('SELECT `p`.`nama_produk`, SUM(td.qty) as total_laku
FROM `transaksi_detail` `td`
JOIN `produk` `p` ON `p`.`id` = `td`.`produk_id`
GROUP BY `p`.`nama_produk`
ORDER BY `total_laku` DESC
 LIMIT 5', [], false)
 5 APPPATH\Controllers\Admin.php(44): CodeIgniter\Database\BaseBuilder->get()
 6 SYSTEMPATH\CodeIgniter.php(933): App\Controllers\Admin->index()
 7 SYSTEMPATH\CodeIgniter.php(507): CodeIgniter\CodeIgniter->runController(Object(App\Controllers\Admin))
 8 SYSTEMPATH\CodeIgniter.php(354): CodeIgniter\CodeIgniter->handleRequest(null, Object(Config\Cache), false)
 9 SYSTEMPATH\Boot.php(363): CodeIgniter\CodeIgniter->run()
10 SYSTEMPATH\Boot.php(68): CodeIgniter\Boot::runCodeIgniter(Object(CodeIgniter\CodeIgniter))
11 FCPATH\index.php(59): CodeIgniter\Boot::bootWeb(Object(Config\Paths))
12 SYSTEMPATH\rewrite.php(44): require_once('C:\\xampp\\htdocs\\kasirpos\\public\\index.php')
CRITICAL - 2026-04-28 08:10:51 --> ErrorException: Undefined array key "produk_id"
[Method: GET, Route: admin]
in APPPATH\Views\admin_view.php on line 181.
 1 APPPATH\Views\admin_view.php(181): CodeIgniter\Debug\Exceptions->errorHandler(2, 'Undefined array key "produk_id"', 'C:\\xampp\\htdocs\\kasirpos\\app\\Views\\admin_view.php', 181)
 2 SYSTEMPATH\View\View.php(226): include('C:\\xampp\\htdocs\\kasirpos\\app\\Views\\admin_view.php')
 3 SYSTEMPATH\View\View.php(229): CodeIgniter\View\View->CodeIgniter\View\{closure}()
 4 SYSTEMPATH\Common.php(1167): CodeIgniter\View\View->render('admin_view', [], true)
 5 APPPATH\Controllers\Admin.php(49): view('admin_view', [...])
 6 SYSTEMPATH\CodeIgniter.php(933): App\Controllers\Admin->index()
 7 SYSTEMPATH\CodeIgniter.php(507): CodeIgniter\CodeIgniter->runController(Object(App\Controllers\Admin))
 8 SYSTEMPATH\CodeIgniter.php(354): CodeIgniter\CodeIgniter->handleRequest(null, Object(Config\Cache), false)
 9 SYSTEMPATH\Boot.php(363): CodeIgniter\CodeIgniter->run()
10 SYSTEMPATH\Boot.php(68): CodeIgniter\Boot::runCodeIgniter(Object(CodeIgniter\CodeIgniter))
11 FCPATH\index.php(59): CodeIgniter\Boot::bootWeb(Object(Config\Paths))
12 SYSTEMPATH\rewrite.php(44): require_once('C:\\xampp\\htdocs\\kasirpos\\public\\index.php')
CRITICAL - 2026-04-28 08:10:52 --> ErrorException: Undefined array key "produk_id"
[Method: GET, Route: admin]
in APPPATH\Views\admin_view.php on line 181.
 1 APPPATH\Views\admin_view.php(181): CodeIgniter\Debug\Exceptions->errorHandler(2, 'Undefined array key "produk_id"', 'C:\\xampp\\htdocs\\kasirpos\\app\\Views\\admin_view.php', 181)
 2 SYSTEMPATH\View\View.php(226): include('C:\\xampp\\htdocs\\kasirpos\\app\\Views\\admin_view.php')
 3 SYSTEMPATH\View\View.php(229): CodeIgniter\View\View->CodeIgniter\View\{closure}()
 4 SYSTEMPATH\Common.php(1167): CodeIgniter\View\View->render('admin_view', [], true)
 5 APPPATH\Controllers\Admin.php(49): view('admin_view', [...])
 6 SYSTEMPATH\CodeIgniter.php(933): App\Controllers\Admin->index()
 7 SYSTEMPATH\CodeIgniter.php(507): CodeIgniter\CodeIgniter->runController(Object(App\Controllers\Admin))
 8 SYSTEMPATH\CodeIgniter.php(354): CodeIgniter\CodeIgniter->handleRequest(null, Object(Config\Cache), false)
 9 SYSTEMPATH\Boot.php(363): CodeIgniter\CodeIgniter->run()
10 SYSTEMPATH\Boot.php(68): CodeIgniter\Boot::runCodeIgniter(Object(CodeIgniter\CodeIgniter))
11 FCPATH\index.php(59): CodeIgniter\Boot::bootWeb(Object(Config\Paths))
12 SYSTEMPATH\rewrite.php(44): require_once('C:\\xampp\\htdocs\\kasirpos\\public\\index.php')
CRITICAL - 2026-04-28 08:10:53 --> ErrorException: Undefined array key "produk_id"
[Method: GET, Route: admin]
in APPPATH\Views\admin_view.php on line 181.
 1 APPPATH\Views\admin_view.php(181): CodeIgniter\Debug\Exceptions->errorHandler(2, 'Undefined array key "produk_id"', 'C:\\xampp\\htdocs\\kasirpos\\app\\Views\\admin_view.php', 181)
 2 SYSTEMPATH\View\View.php(226): include('C:\\xampp\\htdocs\\kasirpos\\app\\Views\\admin_view.php')
 3 SYSTEMPATH\View\View.php(229): CodeIgniter\View\View->CodeIgniter\View\{closure}()
 4 SYSTEMPATH\Common.php(1167): CodeIgniter\View\View->render('admin_view', [], true)
 5 APPPATH\Controllers\Admin.php(49): view('admin_view', [...])
 6 SYSTEMPATH\CodeIgniter.php(933): App\Controllers\Admin->index()
 7 SYSTEMPATH\CodeIgniter.php(507): CodeIgniter\CodeIgniter->runController(Object(App\Controllers\Admin))
 8 SYSTEMPATH\CodeIgniter.php(354): CodeIgniter\CodeIgniter->handleRequest(null, Object(Config\Cache), false)
 9 SYSTEMPATH\Boot.php(363): CodeIgniter\CodeIgniter->run()
10 SYSTEMPATH\Boot.php(68): CodeIgniter\Boot::runCodeIgniter(Object(CodeIgniter\CodeIgniter))
11 FCPATH\index.php(59): CodeIgniter\Boot::bootWeb(Object(Config\Paths))
12 SYSTEMPATH\rewrite.php(44): require_once('C:\\xampp\\htdocs\\kasirpos\\public\\index.php')
CRITICAL - 2026-04-28 08:10:54 --> ErrorException: Undefined array key "produk_id"
[Method: GET, Route: admin]
in APPPATH\Views\admin_view.php on line 181.
 1 APPPATH\Views\admin_view.php(181): CodeIgniter\Debug\Exceptions->errorHandler(2, 'Undefined array key "produk_id"', 'C:\\xampp\\htdocs\\kasirpos\\app\\Views\\admin_view.php', 181)
 2 SYSTEMPATH\View\View.php(226): include('C:\\xampp\\htdocs\\kasirpos\\app\\Views\\admin_view.php')
 3 SYSTEMPATH\View\View.php(229): CodeIgniter\View\View->CodeIgniter\View\{closure}()
 4 SYSTEMPATH\Common.php(1167): CodeIgniter\View\View->render('admin_view', [], true)
 5 APPPATH\Controllers\Admin.php(49): view('admin_view', [...])
 6 SYSTEMPATH\CodeIgniter.php(933): App\Controllers\Admin->index()
 7 SYSTEMPATH\CodeIgniter.php(507): CodeIgniter\CodeIgniter->runController(Object(App\Controllers\Admin))
 8 SYSTEMPATH\CodeIgniter.php(354): CodeIgniter\CodeIgniter->handleRequest(null, Object(Config\Cache), false)
 9 SYSTEMPATH\Boot.php(363): CodeIgniter\CodeIgniter->run()
10 SYSTEMPATH\Boot.php(68): CodeIgniter\Boot::runCodeIgniter(Object(CodeIgniter\CodeIgniter))
11 FCPATH\index.php(59): CodeIgniter\Boot::bootWeb(Object(Config\Paths))
12 SYSTEMPATH\rewrite.php(44): require_once('C:\\xampp\\htdocs\\kasirpos\\public\\index.php')
CRITICAL - 2026-04-28 08:11:46 --> ErrorException: Undefined array key "produk_id"
[Method: GET, Route: admin]
in APPPATH\Views\admin_view.php on line 181.
 1 APPPATH\Views\admin_view.php(181): CodeIgniter\Debug\Exceptions->errorHandler(2, 'Undefined array key "produk_id"', 'C:\\xampp\\htdocs\\kasirpos\\app\\Views\\admin_view.php', 181)
 2 SYSTEMPATH\View\View.php(226): include('C:\\xampp\\htdocs\\kasirpos\\app\\Views\\admin_view.php')
 3 SYSTEMPATH\View\View.php(229): CodeIgniter\View\View->CodeIgniter\View\{closure}()
 4 SYSTEMPATH\Common.php(1167): CodeIgniter\View\View->render('admin_view', [], true)
 5 APPPATH\Controllers\Admin.php(45): view('admin_view', [...])
 6 SYSTEMPATH\CodeIgniter.php(933): App\Controllers\Admin->index()
 7 SYSTEMPATH\CodeIgniter.php(507): CodeIgniter\CodeIgniter->runController(Object(App\Controllers\Admin))
 8 SYSTEMPATH\CodeIgniter.php(354): CodeIgniter\CodeIgniter->handleRequest(null, Object(Config\Cache), false)
 9 SYSTEMPATH\Boot.php(363): CodeIgniter\CodeIgniter->run()
10 SYSTEMPATH\Boot.php(68): CodeIgniter\Boot::runCodeIgniter(Object(CodeIgniter\CodeIgniter))
11 FCPATH\index.php(59): CodeIgniter\Boot::bootWeb(Object(Config\Paths))
12 SYSTEMPATH\rewrite.php(44): require_once('C:\\xampp\\htdocs\\kasirpos\\public\\index.php')
CRITICAL - 2026-04-28 08:12:11 --> ErrorException: Undefined array key "produk_id"
[Method: GET, Route: admin]
in APPPATH\Views\admin_view.php on line 181.
 1 APPPATH\Views\admin_view.php(181): CodeIgniter\Debug\Exceptions->errorHandler(2, 'Undefined array key "produk_id"', 'C:\\xampp\\htdocs\\kasirpos\\app\\Views\\admin_view.php', 181)
 2 SYSTEMPATH\View\View.php(226): include('C:\\xampp\\htdocs\\kasirpos\\app\\Views\\admin_view.php')
 3 SYSTEMPATH\View\View.php(229): CodeIgniter\View\View->CodeIgniter\View\{closure}()
 4 SYSTEMPATH\Common.php(1167): CodeIgniter\View\View->render('admin_view', [], true)
 5 APPPATH\Controllers\Admin.php(43): view('admin_view', [...])
 6 SYSTEMPATH\CodeIgniter.php(933): App\Controllers\Admin->index()
 7 SYSTEMPATH\CodeIgniter.php(507): CodeIgniter\CodeIgniter->runController(Object(App\Controllers\Admin))
 8 SYSTEMPATH\CodeIgniter.php(354): CodeIgniter\CodeIgniter->handleRequest(null, Object(Config\Cache), false)
 9 SYSTEMPATH\Boot.php(363): CodeIgniter\CodeIgniter->run()
10 SYSTEMPATH\Boot.php(68): CodeIgniter\Boot::runCodeIgniter(Object(CodeIgniter\CodeIgniter))
11 FCPATH\index.php(59): CodeIgniter\Boot::bootWeb(Object(Config\Paths))
12 SYSTEMPATH\rewrite.php(44): require_once('C:\\xampp\\htdocs\\kasirpos\\public\\index.php')
CRITICAL - 2026-04-28 08:14:01 --> ErrorException: Undefined array key "id"
[Method: GET, Route: kasir]
in APPPATH\Views\kasir_view.php on line 123.
 1 APPPATH\Views\kasir_view.php(123): CodeIgniter\Debug\Exceptions->errorHandler(2, 'Undefined array key "id"', 'C:\\xampp\\htdocs\\kasirpos\\app\\Views\\kasir_view.php', 123)
 2 SYSTEMPATH\View\View.php(226): include('C:\\xampp\\htdocs\\kasirpos\\app\\Views\\kasir_view.php')
 3 SYSTEMPATH\View\View.php(229): CodeIgniter\View\View->CodeIgniter\View\{closure}()
 4 SYSTEMPATH\Common.php(1167): CodeIgniter\View\View->render('kasir_view', [], true)
 5 APPPATH\Controllers\Kasir.php(17): view('kasir_view', [...])
 6 SYSTEMPATH\CodeIgniter.php(933): App\Controllers\Kasir->index()
 7 SYSTEMPATH\CodeIgniter.php(507): CodeIgniter\CodeIgniter->runController(Object(App\Controllers\Kasir))
 8 SYSTEMPATH\CodeIgniter.php(354): CodeIgniter\CodeIgniter->handleRequest(null, Object(Config\Cache), false)
 9 SYSTEMPATH\Boot.php(363): CodeIgniter\CodeIgniter->run()
10 SYSTEMPATH\Boot.php(68): CodeIgniter\Boot::runCodeIgniter(Object(CodeIgniter\CodeIgniter))
11 FCPATH\index.php(59): CodeIgniter\Boot::bootWeb(Object(Config\Paths))
12 SYSTEMPATH\rewrite.php(44): require_once('C:\\xampp\\htdocs\\kasirpos\\public\\index.php')
CRITICAL - 2026-04-28 08:14:09 --> ErrorException: Undefined array key "id"
[Method: GET, Route: kasir]
in APPPATH\Views\kasir_view.php on line 123.
 1 APPPATH\Views\kasir_view.php(123): CodeIgniter\Debug\Exceptions->errorHandler(2, 'Undefined array key "id"', 'C:\\xampp\\htdocs\\kasirpos\\app\\Views\\kasir_view.php', 123)
 2 SYSTEMPATH\View\View.php(226): include('C:\\xampp\\htdocs\\kasirpos\\app\\Views\\kasir_view.php')
 3 SYSTEMPATH\View\View.php(229): CodeIgniter\View\View->CodeIgniter\View\{closure}()
 4 SYSTEMPATH\Common.php(1167): CodeIgniter\View\View->render('kasir_view', [], true)
 5 APPPATH\Controllers\Kasir.php(17): view('kasir_view', [...])
 6 SYSTEMPATH\CodeIgniter.php(933): App\Controllers\Kasir->index()
 7 SYSTEMPATH\CodeIgniter.php(507): CodeIgniter\CodeIgniter->runController(Object(App\Controllers\Kasir))
 8 SYSTEMPATH\CodeIgniter.php(354): CodeIgniter\CodeIgniter->handleRequest(null, Object(Config\Cache), false)
 9 SYSTEMPATH\Boot.php(363): CodeIgniter\CodeIgniter->run()
10 SYSTEMPATH\Boot.php(68): CodeIgniter\Boot::runCodeIgniter(Object(CodeIgniter\CodeIgniter))
11 FCPATH\index.php(59): CodeIgniter\Boot::bootWeb(Object(Config\Paths))
12 SYSTEMPATH\rewrite.php(44): require_once('C:\\xampp\\htdocs\\kasirpos\\public\\index.php')
CRITICAL - 2026-04-28 08:14:22 --> ParseError: Unclosed '{' on line 9
[Method: GET, Route: kasir]
in APPPATH\Controllers\Kasir.php on line 78.
 1 SYSTEMPATH\Autoloader\Autoloader.php(295): CodeIgniter\Autoloader\Autoloader->includeFile('C:\\xampp\\htdocs\\kasirpos\\app\\Controllers\\Kasir.php')
 2 SYSTEMPATH\Autoloader\Autoloader.php(271): CodeIgniter\Autoloader\Autoloader->loadInNamespace('App\\Controllers\\Kasir')
 3 [internal function]: CodeIgniter\Autoloader\Autoloader->loadClass('App\\Controllers\\Kasir')
 4 SYSTEMPATH\CodeIgniter.php(885): class_exists('\\App\\Controllers\\Kasir', true)
 5 SYSTEMPATH\CodeIgniter.php(494): CodeIgniter\CodeIgniter->startController()
 6 SYSTEMPATH\CodeIgniter.php(354): CodeIgniter\CodeIgniter->handleRequest(null, Object(Config\Cache), false)
 7 SYSTEMPATH\Boot.php(363): CodeIgniter\CodeIgniter->run()
 8 SYSTEMPATH\Boot.php(68): CodeIgniter\Boot::runCodeIgniter(Object(CodeIgniter\CodeIgniter))
 9 FCPATH\index.php(59): CodeIgniter\Boot::bootWeb(Object(Config\Paths))
10 SYSTEMPATH\rewrite.php(44): require_once('C:\\xampp\\htdocs\\kasirpos\\public\\index.php')
CRITICAL - 2026-04-28 08:14:30 --> ErrorException: Undefined array key "id"
[Method: GET, Route: kasir]
in APPPATH\Views\kasir_view.php on line 123.
 1 APPPATH\Views\kasir_view.php(123): CodeIgniter\Debug\Exceptions->errorHandler(2, 'Undefined array key "id"', 'C:\\xampp\\htdocs\\kasirpos\\app\\Views\\kasir_view.php', 123)
 2 SYSTEMPATH\View\View.php(226): include('C:\\xampp\\htdocs\\kasirpos\\app\\Views\\kasir_view.php')
 3 SYSTEMPATH\View\View.php(229): CodeIgniter\View\View->CodeIgniter\View\{closure}()
 4 SYSTEMPATH\Common.php(1167): CodeIgniter\View\View->render('kasir_view', [], true)
 5 APPPATH\Controllers\Kasir.php(17): view('kasir_view', [...])
 6 SYSTEMPATH\CodeIgniter.php(933): App\Controllers\Kasir->index()
 7 SYSTEMPATH\CodeIgniter.php(507): CodeIgniter\CodeIgniter->runController(Object(App\Controllers\Kasir))
 8 SYSTEMPATH\CodeIgniter.php(354): CodeIgniter\CodeIgniter->handleRequest(null, Object(Config\Cache), false)
 9 SYSTEMPATH\Boot.php(363): CodeIgniter\CodeIgniter->run()
10 SYSTEMPATH\Boot.php(68): CodeIgniter\Boot::runCodeIgniter(Object(CodeIgniter\CodeIgniter))
11 FCPATH\index.php(59): CodeIgniter\Boot::bootWeb(Object(Config\Paths))
12 SYSTEMPATH\rewrite.php(44): require_once('C:\\xampp\\htdocs\\kasirpos\\public\\index.php')
CRITICAL - 2026-04-28 08:15:08 --> ErrorException: Undefined array key "id"
[Method: GET, Route: kasir]
in APPPATH\Views\kasir_view.php on line 123.
 1 APPPATH\Views\kasir_view.php(123): CodeIgniter\Debug\Exceptions->errorHandler(2, 'Undefined array key "id"', 'C:\\xampp\\htdocs\\kasirpos\\app\\Views\\kasir_view.php', 123)
 2 SYSTEMPATH\View\View.php(226): include('C:\\xampp\\htdocs\\kasirpos\\app\\Views\\kasir_view.php')
 3 SYSTEMPATH\View\View.php(229): CodeIgniter\View\View->CodeIgniter\View\{closure}()
 4 SYSTEMPATH\Common.php(1167): CodeIgniter\View\View->render('kasir_view', [], true)
 5 APPPATH\Controllers\Kasir.php(17): view('kasir_view', [...])
 6 SYSTEMPATH\CodeIgniter.php(933): App\Controllers\Kasir->index()
 7 SYSTEMPATH\CodeIgniter.php(507): CodeIgniter\CodeIgniter->runController(Object(App\Controllers\Kasir))
 8 SYSTEMPATH\CodeIgniter.php(354): CodeIgniter\CodeIgniter->handleRequest(null, Object(Config\Cache), false)
 9 SYSTEMPATH\Boot.php(363): CodeIgniter\CodeIgniter->run()
10 SYSTEMPATH\Boot.php(68): CodeIgniter\Boot::runCodeIgniter(Object(CodeIgniter\CodeIgniter))
11 FCPATH\index.php(59): CodeIgniter\Boot::bootWeb(Object(Config\Paths))
12 SYSTEMPATH\rewrite.php(44): require_once('C:\\xampp\\htdocs\\kasirpos\\public\\index.php')
CRITICAL - 2026-04-28 08:15:11 --> ErrorException: Undefined array key "id"
[Method: GET, Route: kasir]
in APPPATH\Views\kasir_view.php on line 123.
 1 APPPATH\Views\kasir_view.php(123): CodeIgniter\Debug\Exceptions->errorHandler(2, 'Undefined array key "id"', 'C:\\xampp\\htdocs\\kasirpos\\app\\Views\\kasir_view.php', 123)
 2 SYSTEMPATH\View\View.php(226): include('C:\\xampp\\htdocs\\kasirpos\\app\\Views\\kasir_view.php')
 3 SYSTEMPATH\View\View.php(229): CodeIgniter\View\View->CodeIgniter\View\{closure}()
 4 SYSTEMPATH\Common.php(1167): CodeIgniter\View\View->render('kasir_view', [], true)
 5 APPPATH\Controllers\Kasir.php(17): view('kasir_view', [...])
 6 SYSTEMPATH\CodeIgniter.php(933): App\Controllers\Kasir->index()
 7 SYSTEMPATH\CodeIgniter.php(507): CodeIgniter\CodeIgniter->runController(Object(App\Controllers\Kasir))
 8 SYSTEMPATH\CodeIgniter.php(354): CodeIgniter\CodeIgniter->handleRequest(null, Object(Config\Cache), false)
 9 SYSTEMPATH\Boot.php(363): CodeIgniter\CodeIgniter->run()
10 SYSTEMPATH\Boot.php(68): CodeIgniter\Boot::runCodeIgniter(Object(CodeIgniter\CodeIgniter))
11 FCPATH\index.php(59): CodeIgniter\Boot::bootWeb(Object(Config\Paths))
12 SYSTEMPATH\rewrite.php(44): require_once('C:\\xampp\\htdocs\\kasirpos\\public\\index.php')
CRITICAL - 2026-04-28 08:16:05 --> ParseError: syntax error, unexpected end of file, expecting "elseif" or "else" or "endif"
[Method: GET, Route: admin]
in APPPATH\Views\admin_view.php on line 248.
 1 SYSTEMPATH\View\View.php(229): CodeIgniter\View\View->CodeIgniter\View\{closure}()
 2 SYSTEMPATH\Common.php(1167): CodeIgniter\View\View->render('admin_view', [], true)
 3 APPPATH\Controllers\Admin.php(43): view('admin_view', [...])
 4 SYSTEMPATH\CodeIgniter.php(933): App\Controllers\Admin->index()
 5 SYSTEMPATH\CodeIgniter.php(507): CodeIgniter\CodeIgniter->runController(Object(App\Controllers\Admin))
 6 SYSTEMPATH\CodeIgniter.php(354): CodeIgniter\CodeIgniter->handleRequest(null, Object(Config\Cache), false)
 7 SYSTEMPATH\Boot.php(363): CodeIgniter\CodeIgniter->run()
 8 SYSTEMPATH\Boot.php(68): CodeIgniter\Boot::runCodeIgniter(Object(CodeIgniter\CodeIgniter))
 9 FCPATH\index.php(59): CodeIgniter\Boot::bootWeb(Object(Config\Paths))
10 SYSTEMPATH\rewrite.php(44): require_once('C:\\xampp\\htdocs\\kasirpos\\public\\index.php')
CRITICAL - 2026-04-28 08:16:12 --> ErrorException: Undefined array key "id"
[Method: GET, Route: kasir]
in APPPATH\Views\kasir_view.php on line 123.
 1 APPPATH\Views\kasir_view.php(123): CodeIgniter\Debug\Exceptions->errorHandler(2, 'Undefined array key "id"', 'C:\\xampp\\htdocs\\kasirpos\\app\\Views\\kasir_view.php', 123)
 2 SYSTEMPATH\View\View.php(226): include('C:\\xampp\\htdocs\\kasirpos\\app\\Views\\kasir_view.php')
 3 SYSTEMPATH\View\View.php(229): CodeIgniter\View\View->CodeIgniter\View\{closure}()
 4 SYSTEMPATH\Common.php(1167): CodeIgniter\View\View->render('kasir_view', [], true)
 5 APPPATH\Controllers\Kasir.php(17): view('kasir_view', [...])
 6 SYSTEMPATH\CodeIgniter.php(933): App\Controllers\Kasir->index()
 7 SYSTEMPATH\CodeIgniter.php(507): CodeIgniter\CodeIgniter->runController(Object(App\Controllers\Kasir))
 8 SYSTEMPATH\CodeIgniter.php(354): CodeIgniter\CodeIgniter->handleRequest(null, Object(Config\Cache), false)
 9 SYSTEMPATH\Boot.php(363): CodeIgniter\CodeIgniter->run()
10 SYSTEMPATH\Boot.php(68): CodeIgniter\Boot::runCodeIgniter(Object(CodeIgniter\CodeIgniter))
11 FCPATH\index.php(59): CodeIgniter\Boot::bootWeb(Object(Config\Paths))
12 SYSTEMPATH\rewrite.php(44): require_once('C:\\xampp\\htdocs\\kasirpos\\public\\index.php')
CRITICAL - 2026-04-28 08:16:14 --> ErrorException: Undefined array key "id"
[Method: GET, Route: kasir]
in APPPATH\Views\kasir_view.php on line 123.
 1 APPPATH\Views\kasir_view.php(123): CodeIgniter\Debug\Exceptions->errorHandler(2, 'Undefined array key "id"', 'C:\\xampp\\htdocs\\kasirpos\\app\\Views\\kasir_view.php', 123)
 2 SYSTEMPATH\View\View.php(226): include('C:\\xampp\\htdocs\\kasirpos\\app\\Views\\kasir_view.php')
 3 SYSTEMPATH\View\View.php(229): CodeIgniter\View\View->CodeIgniter\View\{closure}()
 4 SYSTEMPATH\Common.php(1167): CodeIgniter\View\View->render('kasir_view', [], true)
 5 APPPATH\Controllers\Kasir.php(17): view('kasir_view', [...])
 6 SYSTEMPATH\CodeIgniter.php(933): App\Controllers\Kasir->index()
 7 SYSTEMPATH\CodeIgniter.php(507): CodeIgniter\CodeIgniter->runController(Object(App\Controllers\Kasir))
 8 SYSTEMPATH\CodeIgniter.php(354): CodeIgniter\CodeIgniter->handleRequest(null, Object(Config\Cache), false)
 9 SYSTEMPATH\Boot.php(363): CodeIgniter\CodeIgniter->run()
10 SYSTEMPATH\Boot.php(68): CodeIgniter\Boot::runCodeIgniter(Object(CodeIgniter\CodeIgniter))
11 FCPATH\index.php(59): CodeIgniter\Boot::bootWeb(Object(Config\Paths))
12 SYSTEMPATH\rewrite.php(44): require_once('C:\\xampp\\htdocs\\kasirpos\\public\\index.php')
CRITICAL - 2026-04-28 08:16:43 --> ErrorException: Undefined array key "id"
[Method: GET, Route: kasir]
in APPPATH\Views\kasir_view.php on line 123.
 1 APPPATH\Views\kasir_view.php(123): CodeIgniter\Debug\Exceptions->errorHandler(2, 'Undefined array key "id"', 'C:\\xampp\\htdocs\\kasirpos\\app\\Views\\kasir_view.php', 123)
 2 SYSTEMPATH\View\View.php(226): include('C:\\xampp\\htdocs\\kasirpos\\app\\Views\\kasir_view.php')
 3 SYSTEMPATH\View\View.php(229): CodeIgniter\View\View->CodeIgniter\View\{closure}()
 4 SYSTEMPATH\Common.php(1167): CodeIgniter\View\View->render('kasir_view', [], true)
 5 APPPATH\Controllers\Kasir.php(17): view('kasir_view', [...])
 6 SYSTEMPATH\CodeIgniter.php(933): App\Controllers\Kasir->index()
 7 SYSTEMPATH\CodeIgniter.php(507): CodeIgniter\CodeIgniter->runController(Object(App\Controllers\Kasir))
 8 SYSTEMPATH\CodeIgniter.php(354): CodeIgniter\CodeIgniter->handleRequest(null, Object(Config\Cache), false)
 9 SYSTEMPATH\Boot.php(363): CodeIgniter\CodeIgniter->run()
10 SYSTEMPATH\Boot.php(68): CodeIgniter\Boot::runCodeIgniter(Object(CodeIgniter\CodeIgniter))
11 FCPATH\index.php(59): CodeIgniter\Boot::bootWeb(Object(Config\Paths))
12 SYSTEMPATH\rewrite.php(44): require_once('C:\\xampp\\htdocs\\kasirpos\\public\\index.php')
CRITICAL - 2026-04-28 08:17:27 --> ErrorException: Undefined array key "id"
[Method: GET, Route: /]
in APPPATH\Views\kasir_view.php on line 123.
 1 APPPATH\Views\kasir_view.php(123): CodeIgniter\Debug\Exceptions->errorHandler(2, 'Undefined array key "id"', 'C:\\xampp\\htdocs\\kasirpos\\app\\Views\\kasir_view.php', 123)
 2 SYSTEMPATH\View\View.php(226): include('C:\\xampp\\htdocs\\kasirpos\\app\\Views\\kasir_view.php')
 3 SYSTEMPATH\View\View.php(229): CodeIgniter\View\View->CodeIgniter\View\{closure}()
 4 SYSTEMPATH\Common.php(1167): CodeIgniter\View\View->render('kasir_view', [], true)
 5 APPPATH\Controllers\Kasir.php(17): view('kasir_view', [...])
 6 SYSTEMPATH\CodeIgniter.php(933): App\Controllers\Kasir->index()
 7 SYSTEMPATH\CodeIgniter.php(507): CodeIgniter\CodeIgniter->runController(Object(App\Controllers\Kasir))
 8 SYSTEMPATH\CodeIgniter.php(354): CodeIgniter\CodeIgniter->handleRequest(null, Object(Config\Cache), false)
 9 SYSTEMPATH\Boot.php(363): CodeIgniter\CodeIgniter->run()
10 SYSTEMPATH\Boot.php(68): CodeIgniter\Boot::runCodeIgniter(Object(CodeIgniter\CodeIgniter))
11 FCPATH\index.php(59): CodeIgniter\Boot::bootWeb(Object(Config\Paths))
12 SYSTEMPATH\rewrite.php(44): require_once('C:\\xampp\\htdocs\\kasirpos\\public\\index.php')
CRITICAL - 2026-04-28 08:17:30 --> ErrorException: Undefined array key "id"
[Method: GET, Route: kasir]
in APPPATH\Views\kasir_view.php on line 123.
 1 APPPATH\Views\kasir_view.php(123): CodeIgniter\Debug\Exceptions->errorHandler(2, 'Undefined array key "id"', 'C:\\xampp\\htdocs\\kasirpos\\app\\Views\\kasir_view.php', 123)
 2 SYSTEMPATH\View\View.php(226): include('C:\\xampp\\htdocs\\kasirpos\\app\\Views\\kasir_view.php')
 3 SYSTEMPATH\View\View.php(229): CodeIgniter\View\View->CodeIgniter\View\{closure}()
 4 SYSTEMPATH\Common.php(1167): CodeIgniter\View\View->render('kasir_view', [], true)
 5 APPPATH\Controllers\Kasir.php(17): view('kasir_view', [...])
 6 SYSTEMPATH\CodeIgniter.php(933): App\Controllers\Kasir->index()
 7 SYSTEMPATH\CodeIgniter.php(507): CodeIgniter\CodeIgniter->runController(Object(App\Controllers\Kasir))
 8 SYSTEMPATH\CodeIgniter.php(354): CodeIgniter\CodeIgniter->handleRequest(null, Object(Config\Cache), false)
 9 SYSTEMPATH\Boot.php(363): CodeIgniter\CodeIgniter->run()
10 SYSTEMPATH\Boot.php(68): CodeIgniter\Boot::runCodeIgniter(Object(CodeIgniter\CodeIgniter))
11 FCPATH\index.php(59): CodeIgniter\Boot::bootWeb(Object(Config\Paths))
12 SYSTEMPATH\rewrite.php(44): require_once('C:\\xampp\\htdocs\\kasirpos\\public\\index.php')
CRITICAL - 2026-04-28 08:18:44 --> ErrorException: Undefined array key "id"
[Method: GET, Route: kasir]
in APPPATH\Views\kasir_view.php on line 123.
 1 APPPATH\Views\kasir_view.php(123): CodeIgniter\Debug\Exceptions->errorHandler(2, 'Undefined array key "id"', 'C:\\xampp\\htdocs\\kasirpos\\app\\Views\\kasir_view.php', 123)
 2 SYSTEMPATH\View\View.php(226): include('C:\\xampp\\htdocs\\kasirpos\\app\\Views\\kasir_view.php')
 3 SYSTEMPATH\View\View.php(229): CodeIgniter\View\View->CodeIgniter\View\{closure}()
 4 SYSTEMPATH\Common.php(1167): CodeIgniter\View\View->render('kasir_view', [], true)
 5 APPPATH\Controllers\Kasir.php(17): view('kasir_view', [...])
 6 SYSTEMPATH\CodeIgniter.php(933): App\Controllers\Kasir->index()
 7 SYSTEMPATH\CodeIgniter.php(507): CodeIgniter\CodeIgniter->runController(Object(App\Controllers\Kasir))
 8 SYSTEMPATH\CodeIgniter.php(354): CodeIgniter\CodeIgniter->handleRequest(null, Object(Config\Cache), false)
 9 SYSTEMPATH\Boot.php(363): CodeIgniter\CodeIgniter->run()
10 SYSTEMPATH\Boot.php(68): CodeIgniter\Boot::runCodeIgniter(Object(CodeIgniter\CodeIgniter))
11 FCPATH\index.php(59): CodeIgniter\Boot::bootWeb(Object(Config\Paths))
12 SYSTEMPATH\rewrite.php(44): require_once('C:\\xampp\\htdocs\\kasirpos\\public\\index.php')
CRITICAL - 2026-04-28 08:18:49 --> ErrorException: Undefined array key "id"
[Method: GET, Route: kasir]
in APPPATH\Views\kasir_view.php on line 123.
 1 APPPATH\Views\kasir_view.php(123): CodeIgniter\Debug\Exceptions->errorHandler(2, 'Undefined array key "id"', 'C:\\xampp\\htdocs\\kasirpos\\app\\Views\\kasir_view.php', 123)
 2 SYSTEMPATH\View\View.php(226): include('C:\\xampp\\htdocs\\kasirpos\\app\\Views\\kasir_view.php')
 3 SYSTEMPATH\View\View.php(229): CodeIgniter\View\View->CodeIgniter\View\{closure}()
 4 SYSTEMPATH\Common.php(1167): CodeIgniter\View\View->render('kasir_view', [], true)
 5 APPPATH\Controllers\Kasir.php(17): view('kasir_view', [...])
 6 SYSTEMPATH\CodeIgniter.php(933): App\Controllers\Kasir->index()
 7 SYSTEMPATH\CodeIgniter.php(507): CodeIgniter\CodeIgniter->runController(Object(App\Controllers\Kasir))
 8 SYSTEMPATH\CodeIgniter.php(354): CodeIgniter\CodeIgniter->handleRequest(null, Object(Config\Cache), false)
 9 SYSTEMPATH\Boot.php(363): CodeIgniter\CodeIgniter->run()
10 SYSTEMPATH\Boot.php(68): CodeIgniter\Boot::runCodeIgniter(Object(CodeIgniter\CodeIgniter))
11 FCPATH\index.php(59): CodeIgniter\Boot::bootWeb(Object(Config\Paths))
12 SYSTEMPATH\rewrite.php(44): require_once('C:\\xampp\\htdocs\\kasirpos\\public\\index.php')
CRITICAL - 2026-04-28 08:22:08 --> ErrorException: Undefined array key "id"
[Method: GET, Route: kasir]
in APPPATH\Views\kasir_view.php on line 123.
 1 APPPATH\Views\kasir_view.php(123): CodeIgniter\Debug\Exceptions->errorHandler(2, 'Undefined array key "id"', 'C:\\xampp\\htdocs\\kasirpos\\app\\Views\\kasir_view.php', 123)
 2 SYSTEMPATH\View\View.php(226): include('C:\\xampp\\htdocs\\kasirpos\\app\\Views\\kasir_view.php')
 3 SYSTEMPATH\View\View.php(229): CodeIgniter\View\View->CodeIgniter\View\{closure}()
 4 SYSTEMPATH\Common.php(1167): CodeIgniter\View\View->render('kasir_view', [], true)
 5 APPPATH\Controllers\Kasir.php(17): view('kasir_view', [...])
 6 SYSTEMPATH\CodeIgniter.php(933): App\Controllers\Kasir->index()
 7 SYSTEMPATH\CodeIgniter.php(507): CodeIgniter\CodeIgniter->runController(Object(App\Controllers\Kasir))
 8 SYSTEMPATH\CodeIgniter.php(354): CodeIgniter\CodeIgniter->handleRequest(null, Object(Config\Cache), false)
 9 SYSTEMPATH\Boot.php(363): CodeIgniter\CodeIgniter->run()
10 SYSTEMPATH\Boot.php(68): CodeIgniter\Boot::runCodeIgniter(Object(CodeIgniter\CodeIgniter))
11 FCPATH\index.php(59): CodeIgniter\Boot::bootWeb(Object(Config\Paths))
12 SYSTEMPATH\rewrite.php(44): require_once('C:\\xampp\\htdocs\\kasirpos\\public\\index.php')
CRITICAL - 2026-04-28 08:22:10 --> ErrorException: Undefined array key "id"
[Method: GET, Route: kasir]
in APPPATH\Views\kasir_view.php on line 123.
 1 APPPATH\Views\kasir_view.php(123): CodeIgniter\Debug\Exceptions->errorHandler(2, 'Undefined array key "id"', 'C:\\xampp\\htdocs\\kasirpos\\app\\Views\\kasir_view.php', 123)
 2 SYSTEMPATH\View\View.php(226): include('C:\\xampp\\htdocs\\kasirpos\\app\\Views\\kasir_view.php')
 3 SYSTEMPATH\View\View.php(229): CodeIgniter\View\View->CodeIgniter\View\{closure}()
 4 SYSTEMPATH\Common.php(1167): CodeIgniter\View\View->render('kasir_view', [], true)
 5 APPPATH\Controllers\Kasir.php(17): view('kasir_view', [...])
 6 SYSTEMPATH\CodeIgniter.php(933): App\Controllers\Kasir->index()
 7 SYSTEMPATH\CodeIgniter.php(507): CodeIgniter\CodeIgniter->runController(Object(App\Controllers\Kasir))
 8 SYSTEMPATH\CodeIgniter.php(354): CodeIgniter\CodeIgniter->handleRequest(null, Object(Config\Cache), false)
 9 SYSTEMPATH\Boot.php(363): CodeIgniter\CodeIgniter->run()
10 SYSTEMPATH\Boot.php(68): CodeIgniter\Boot::runCodeIgniter(Object(CodeIgniter\CodeIgniter))
11 FCPATH\index.php(59): CodeIgniter\Boot::bootWeb(Object(Config\Paths))
12 SYSTEMPATH\rewrite.php(44): require_once('C:\\xampp\\htdocs\\kasirpos\\public\\index.php')
CRITICAL - 2026-04-28 08:22:10 --> ErrorException: Undefined array key "id"
[Method: GET, Route: kasir]
in APPPATH\Views\kasir_view.php on line 123.
 1 APPPATH\Views\kasir_view.php(123): CodeIgniter\Debug\Exceptions->errorHandler(2, 'Undefined array key "id"', 'C:\\xampp\\htdocs\\kasirpos\\app\\Views\\kasir_view.php', 123)
 2 SYSTEMPATH\View\View.php(226): include('C:\\xampp\\htdocs\\kasirpos\\app\\Views\\kasir_view.php')
 3 SYSTEMPATH\View\View.php(229): CodeIgniter\View\View->CodeIgniter\View\{closure}()
 4 SYSTEMPATH\Common.php(1167): CodeIgniter\View\View->render('kasir_view', [], true)
 5 APPPATH\Controllers\Kasir.php(17): view('kasir_view', [...])
 6 SYSTEMPATH\CodeIgniter.php(933): App\Controllers\Kasir->index()
 7 SYSTEMPATH\CodeIgniter.php(507): CodeIgniter\CodeIgniter->runController(Object(App\Controllers\Kasir))
 8 SYSTEMPATH\CodeIgniter.php(354): CodeIgniter\CodeIgniter->handleRequest(null, Object(Config\Cache), false)
 9 SYSTEMPATH\Boot.php(363): CodeIgniter\CodeIgniter->run()
10 SYSTEMPATH\Boot.php(68): CodeIgniter\Boot::runCodeIgniter(Object(CodeIgniter\CodeIgniter))
11 FCPATH\index.php(59): CodeIgniter\Boot::bootWeb(Object(Config\Paths))
12 SYSTEMPATH\rewrite.php(44): require_once('C:\\xampp\\htdocs\\kasirpos\\public\\index.php')
CRITICAL - 2026-04-28 08:22:11 --> ErrorException: Undefined array key "id"
[Method: GET, Route: kasir]
in APPPATH\Views\kasir_view.php on line 123.
 1 APPPATH\Views\kasir_view.php(123): CodeIgniter\Debug\Exceptions->errorHandler(2, 'Undefined array key "id"', 'C:\\xampp\\htdocs\\kasirpos\\app\\Views\\kasir_view.php', 123)
 2 SYSTEMPATH\View\View.php(226): include('C:\\xampp\\htdocs\\kasirpos\\app\\Views\\kasir_view.php')
 3 SYSTEMPATH\View\View.php(229): CodeIgniter\View\View->CodeIgniter\View\{closure}()
 4 SYSTEMPATH\Common.php(1167): CodeIgniter\View\View->render('kasir_view', [], true)
 5 APPPATH\Controllers\Kasir.php(17): view('kasir_view', [...])
 6 SYSTEMPATH\CodeIgniter.php(933): App\Controllers\Kasir->index()
 7 SYSTEMPATH\CodeIgniter.php(507): CodeIgniter\CodeIgniter->runController(Object(App\Controllers\Kasir))
 8 SYSTEMPATH\CodeIgniter.php(354): CodeIgniter\CodeIgniter->handleRequest(null, Object(Config\Cache), false)
 9 SYSTEMPATH\Boot.php(363): CodeIgniter\CodeIgniter->run()
10 SYSTEMPATH\Boot.php(68): CodeIgniter\Boot::runCodeIgniter(Object(CodeIgniter\CodeIgniter))
11 FCPATH\index.php(59): CodeIgniter\Boot::bootWeb(Object(Config\Paths))
12 SYSTEMPATH\rewrite.php(44): require_once('C:\\xampp\\htdocs\\kasirpos\\public\\index.php')
CRITICAL - 2026-04-28 08:22:11 --> ErrorException: Undefined array key "id"
[Method: GET, Route: kasir]
in APPPATH\Views\kasir_view.php on line 123.
 1 APPPATH\Views\kasir_view.php(123): CodeIgniter\Debug\Exceptions->errorHandler(2, 'Undefined array key "id"', 'C:\\xampp\\htdocs\\kasirpos\\app\\Views\\kasir_view.php', 123)
 2 SYSTEMPATH\View\View.php(226): include('C:\\xampp\\htdocs\\kasirpos\\app\\Views\\kasir_view.php')
 3 SYSTEMPATH\View\View.php(229): CodeIgniter\View\View->CodeIgniter\View\{closure}()
 4 SYSTEMPATH\Common.php(1167): CodeIgniter\View\View->render('kasir_view', [], true)
 5 APPPATH\Controllers\Kasir.php(17): view('kasir_view', [...])
 6 SYSTEMPATH\CodeIgniter.php(933): App\Controllers\Kasir->index()
 7 SYSTEMPATH\CodeIgniter.php(507): CodeIgniter\CodeIgniter->runController(Object(App\Controllers\Kasir))
 8 SYSTEMPATH\CodeIgniter.php(354): CodeIgniter\CodeIgniter->handleRequest(null, Object(Config\Cache), false)
 9 SYSTEMPATH\Boot.php(363): CodeIgniter\CodeIgniter->run()
10 SYSTEMPATH\Boot.php(68): CodeIgniter\Boot::runCodeIgniter(Object(CodeIgniter\CodeIgniter))
11 FCPATH\index.php(59): CodeIgniter\Boot::bootWeb(Object(Config\Paths))
12 SYSTEMPATH\rewrite.php(44): require_once('C:\\xampp\\htdocs\\kasirpos\\public\\index.php')
CRITICAL - 2026-04-28 08:22:11 --> ErrorException: Undefined array key "id"
[Method: GET, Route: kasir]
in APPPATH\Views\kasir_view.php on line 123.
 1 APPPATH\Views\kasir_view.php(123): CodeIgniter\Debug\Exceptions->errorHandler(2, 'Undefined array key "id"', 'C:\\xampp\\htdocs\\kasirpos\\app\\Views\\kasir_view.php', 123)
 2 SYSTEMPATH\View\View.php(226): include('C:\\xampp\\htdocs\\kasirpos\\app\\Views\\kasir_view.php')
 3 SYSTEMPATH\View\View.php(229): CodeIgniter\View\View->CodeIgniter\View\{closure}()
 4 SYSTEMPATH\Common.php(1167): CodeIgniter\View\View->render('kasir_view', [], true)
 5 APPPATH\Controllers\Kasir.php(17): view('kasir_view', [...])
 6 SYSTEMPATH\CodeIgniter.php(933): App\Controllers\Kasir->index()
 7 SYSTEMPATH\CodeIgniter.php(507): CodeIgniter\CodeIgniter->runController(Object(App\Controllers\Kasir))
 8 SYSTEMPATH\CodeIgniter.php(354): CodeIgniter\CodeIgniter->handleRequest(null, Object(Config\Cache), false)
 9 SYSTEMPATH\Boot.php(363): CodeIgniter\CodeIgniter->run()
10 SYSTEMPATH\Boot.php(68): CodeIgniter\Boot::runCodeIgniter(Object(CodeIgniter\CodeIgniter))
11 FCPATH\index.php(59): CodeIgniter\Boot::bootWeb(Object(Config\Paths))
12 SYSTEMPATH\rewrite.php(44): require_once('C:\\xampp\\htdocs\\kasirpos\\public\\index.php')
CRITICAL - 2026-04-28 08:22:12 --> ErrorException: Undefined array key "id"
[Method: GET, Route: kasir]
in APPPATH\Views\kasir_view.php on line 123.
 1 APPPATH\Views\kasir_view.php(123): CodeIgniter\Debug\Exceptions->errorHandler(2, 'Undefined array key "id"', 'C:\\xampp\\htdocs\\kasirpos\\app\\Views\\kasir_view.php', 123)
 2 SYSTEMPATH\View\View.php(226): include('C:\\xampp\\htdocs\\kasirpos\\app\\Views\\kasir_view.php')
 3 SYSTEMPATH\View\View.php(229): CodeIgniter\View\View->CodeIgniter\View\{closure}()
 4 SYSTEMPATH\Common.php(1167): CodeIgniter\View\View->render('kasir_view', [], true)
 5 APPPATH\Controllers\Kasir.php(17): view('kasir_view', [...])
 6 SYSTEMPATH\CodeIgniter.php(933): App\Controllers\Kasir->index()
 7 SYSTEMPATH\CodeIgniter.php(507): CodeIgniter\CodeIgniter->runController(Object(App\Controllers\Kasir))
 8 SYSTEMPATH\CodeIgniter.php(354): CodeIgniter\CodeIgniter->handleRequest(null, Object(Config\Cache), false)
 9 SYSTEMPATH\Boot.php(363): CodeIgniter\CodeIgniter->run()
10 SYSTEMPATH\Boot.php(68): CodeIgniter\Boot::runCodeIgniter(Object(CodeIgniter\CodeIgniter))
11 FCPATH\index.php(59): CodeIgniter\Boot::bootWeb(Object(Config\Paths))
12 SYSTEMPATH\rewrite.php(44): require_once('C:\\xampp\\htdocs\\kasirpos\\public\\index.php')
CRITICAL - 2026-04-28 08:22:44 --> ErrorException: Undefined array key "id"
[Method: GET, Route: kasir]
in APPPATH\Views\kasir_view.php on line 123.
 1 APPPATH\Views\kasir_view.php(123): CodeIgniter\Debug\Exceptions->errorHandler(2, 'Undefined array key "id"', 'C:\\xampp\\htdocs\\kasirpos\\app\\Views\\kasir_view.php', 123)
 2 SYSTEMPATH\View\View.php(226): include('C:\\xampp\\htdocs\\kasirpos\\app\\Views\\kasir_view.php')
 3 SYSTEMPATH\View\View.php(229): CodeIgniter\View\View->CodeIgniter\View\{closure}()
 4 SYSTEMPATH\Common.php(1167): CodeIgniter\View\View->render('kasir_view', [], true)
 5 APPPATH\Controllers\Kasir.php(17): view('kasir_view', [...])
 6 SYSTEMPATH\CodeIgniter.php(933): App\Controllers\Kasir->index()
 7 SYSTEMPATH\CodeIgniter.php(507): CodeIgniter\CodeIgniter->runController(Object(App\Controllers\Kasir))
 8 SYSTEMPATH\CodeIgniter.php(354): CodeIgniter\CodeIgniter->handleRequest(null, Object(Config\Cache), false)
 9 SYSTEMPATH\Boot.php(363): CodeIgniter\CodeIgniter->run()
10 SYSTEMPATH\Boot.php(68): CodeIgniter\Boot::runCodeIgniter(Object(CodeIgniter\CodeIgniter))
11 FCPATH\index.php(59): CodeIgniter\Boot::bootWeb(Object(Config\Paths))
12 SYSTEMPATH\rewrite.php(44): require_once('C:\\xampp\\htdocs\\kasirpos\\public\\index.php')
CRITICAL - 2026-04-28 08:22:57 --> ErrorException: Undefined array key "id"
[Method: GET, Route: kasir]
in APPPATH\Views\kasir_view.php on line 123.
 1 APPPATH\Views\kasir_view.php(123): CodeIgniter\Debug\Exceptions->errorHandler(2, 'Undefined array key "id"', 'C:\\xampp\\htdocs\\kasirpos\\app\\Views\\kasir_view.php', 123)
 2 SYSTEMPATH\View\View.php(226): include('C:\\xampp\\htdocs\\kasirpos\\app\\Views\\kasir_view.php')
 3 SYSTEMPATH\View\View.php(229): CodeIgniter\View\View->CodeIgniter\View\{closure}()
 4 SYSTEMPATH\Common.php(1167): CodeIgniter\View\View->render('kasir_view', [], true)
 5 APPPATH\Controllers\Kasir.php(17): view('kasir_view', [...])
 6 SYSTEMPATH\CodeIgniter.php(933): App\Controllers\Kasir->index()
 7 SYSTEMPATH\CodeIgniter.php(507): CodeIgniter\CodeIgniter->runController(Object(App\Controllers\Kasir))
 8 SYSTEMPATH\CodeIgniter.php(354): CodeIgniter\CodeIgniter->handleRequest(null, Object(Config\Cache), false)
 9 SYSTEMPATH\Boot.php(363): CodeIgniter\CodeIgniter->run()
10 SYSTEMPATH\Boot.php(68): CodeIgniter\Boot::runCodeIgniter(Object(CodeIgniter\CodeIgniter))
11 FCPATH\index.php(59): CodeIgniter\Boot::bootWeb(Object(Config\Paths))
12 SYSTEMPATH\rewrite.php(44): require_once('C:\\xampp\\htdocs\\kasirpos\\public\\index.php')
CRITICAL - 2026-04-28 08:22:57 --> ErrorException: Undefined array key "id"
[Method: GET, Route: kasir]
in APPPATH\Views\kasir_view.php on line 123.
 1 APPPATH\Views\kasir_view.php(123): CodeIgniter\Debug\Exceptions->errorHandler(2, 'Undefined array key "id"', 'C:\\xampp\\htdocs\\kasirpos\\app\\Views\\kasir_view.php', 123)
 2 SYSTEMPATH\View\View.php(226): include('C:\\xampp\\htdocs\\kasirpos\\app\\Views\\kasir_view.php')
 3 SYSTEMPATH\View\View.php(229): CodeIgniter\View\View->CodeIgniter\View\{closure}()
 4 SYSTEMPATH\Common.php(1167): CodeIgniter\View\View->render('kasir_view', [], true)
 5 APPPATH\Controllers\Kasir.php(17): view('kasir_view', [...])
 6 SYSTEMPATH\CodeIgniter.php(933): App\Controllers\Kasir->index()
 7 SYSTEMPATH\CodeIgniter.php(507): CodeIgniter\CodeIgniter->runController(Object(App\Controllers\Kasir))
 8 SYSTEMPATH\CodeIgniter.php(354): CodeIgniter\CodeIgniter->handleRequest(null, Object(Config\Cache), false)
 9 SYSTEMPATH\Boot.php(363): CodeIgniter\CodeIgniter->run()
10 SYSTEMPATH\Boot.php(68): CodeIgniter\Boot::runCodeIgniter(Object(CodeIgniter\CodeIgniter))
11 FCPATH\index.php(59): CodeIgniter\Boot::bootWeb(Object(Config\Paths))
12 SYSTEMPATH\rewrite.php(44): require_once('C:\\xampp\\htdocs\\kasirpos\\public\\index.php')
CRITICAL - 2026-04-28 08:22:58 --> ErrorException: Undefined array key "id"
[Method: GET, Route: kasir]
in APPPATH\Views\kasir_view.php on line 123.
 1 APPPATH\Views\kasir_view.php(123): CodeIgniter\Debug\Exceptions->errorHandler(2, 'Undefined array key "id"', 'C:\\xampp\\htdocs\\kasirpos\\app\\Views\\kasir_view.php', 123)
 2 SYSTEMPATH\View\View.php(226): include('C:\\xampp\\htdocs\\kasirpos\\app\\Views\\kasir_view.php')
 3 SYSTEMPATH\View\View.php(229): CodeIgniter\View\View->CodeIgniter\View\{closure}()
 4 SYSTEMPATH\Common.php(1167): CodeIgniter\View\View->render('kasir_view', [], true)
 5 APPPATH\Controllers\Kasir.php(17): view('kasir_view', [...])
 6 SYSTEMPATH\CodeIgniter.php(933): App\Controllers\Kasir->index()
 7 SYSTEMPATH\CodeIgniter.php(507): CodeIgniter\CodeIgniter->runController(Object(App\Controllers\Kasir))
 8 SYSTEMPATH\CodeIgniter.php(354): CodeIgniter\CodeIgniter->handleRequest(null, Object(Config\Cache), false)
 9 SYSTEMPATH\Boot.php(363): CodeIgniter\CodeIgniter->run()
10 SYSTEMPATH\Boot.php(68): CodeIgniter\Boot::runCodeIgniter(Object(CodeIgniter\CodeIgniter))
11 FCPATH\index.php(59): CodeIgniter\Boot::bootWeb(Object(Config\Paths))
12 SYSTEMPATH\rewrite.php(44): require_once('C:\\xampp\\htdocs\\kasirpos\\public\\index.php')
CRITICAL - 2026-04-28 08:22:58 --> ErrorException: Undefined array key "id"
[Method: GET, Route: kasir]
in APPPATH\Views\kasir_view.php on line 123.
 1 APPPATH\Views\kasir_view.php(123): CodeIgniter\Debug\Exceptions->errorHandler(2, 'Undefined array key "id"', 'C:\\xampp\\htdocs\\kasirpos\\app\\Views\\kasir_view.php', 123)
 2 SYSTEMPATH\View\View.php(226): include('C:\\xampp\\htdocs\\kasirpos\\app\\Views\\kasir_view.php')
 3 SYSTEMPATH\View\View.php(229): CodeIgniter\View\View->CodeIgniter\View\{closure}()
 4 SYSTEMPATH\Common.php(1167): CodeIgniter\View\View->render('kasir_view', [], true)
 5 APPPATH\Controllers\Kasir.php(17): view('kasir_view', [...])
 6 SYSTEMPATH\CodeIgniter.php(933): App\Controllers\Kasir->index()
 7 SYSTEMPATH\CodeIgniter.php(507): CodeIgniter\CodeIgniter->runController(Object(App\Controllers\Kasir))
 8 SYSTEMPATH\CodeIgniter.php(354): CodeIgniter\CodeIgniter->handleRequest(null, Object(Config\Cache), false)
 9 SYSTEMPATH\Boot.php(363): CodeIgniter\CodeIgniter->run()
10 SYSTEMPATH\Boot.php(68): CodeIgniter\Boot::runCodeIgniter(Object(CodeIgniter\CodeIgniter))
11 FCPATH\index.php(59): CodeIgniter\Boot::bootWeb(Object(Config\Paths))
12 SYSTEMPATH\rewrite.php(44): require_once('C:\\xampp\\htdocs\\kasirpos\\public\\index.php')
CRITICAL - 2026-04-28 08:24:38 --> ErrorException: Undefined array key "id"
[Method: GET, Route: kasir]
in APPPATH\Views\kasir_view.php on line 123.
 1 APPPATH\Views\kasir_view.php(123): CodeIgniter\Debug\Exceptions->errorHandler(2, 'Undefined array key "id"', 'C:\\xampp\\htdocs\\kasirpos\\app\\Views\\kasir_view.php', 123)
 2 SYSTEMPATH\View\View.php(226): include('C:\\xampp\\htdocs\\kasirpos\\app\\Views\\kasir_view.php')
 3 SYSTEMPATH\View\View.php(229): CodeIgniter\View\View->CodeIgniter\View\{closure}()
 4 SYSTEMPATH\Common.php(1167): CodeIgniter\View\View->render('kasir_view', [], true)
 5 APPPATH\Controllers\Kasir.php(17): view('kasir_view', [...])
 6 SYSTEMPATH\CodeIgniter.php(933): App\Controllers\Kasir->index()
 7 SYSTEMPATH\CodeIgniter.php(507): CodeIgniter\CodeIgniter->runController(Object(App\Controllers\Kasir))
 8 SYSTEMPATH\CodeIgniter.php(354): CodeIgniter\CodeIgniter->handleRequest(null, Object(Config\Cache), false)
 9 SYSTEMPATH\Boot.php(363): CodeIgniter\CodeIgniter->run()
10 SYSTEMPATH\Boot.php(68): CodeIgniter\Boot::runCodeIgniter(Object(CodeIgniter\CodeIgniter))
11 FCPATH\index.php(59): CodeIgniter\Boot::bootWeb(Object(Config\Paths))
12 SYSTEMPATH\rewrite.php(44): require_once('C:\\xampp\\htdocs\\kasirpos\\public\\index.php')
CRITICAL - 2026-04-28 08:25:38 --> ErrorException: Undefined array key "id"
[Method: GET, Route: kasir]
in APPPATH\Views\kasir_view.php on line 123.
 1 APPPATH\Views\kasir_view.php(123): CodeIgniter\Debug\Exceptions->errorHandler(2, 'Undefined array key "id"', 'C:\\xampp\\htdocs\\kasirpos\\app\\Views\\kasir_view.php', 123)
 2 SYSTEMPATH\View\View.php(226): include('C:\\xampp\\htdocs\\kasirpos\\app\\Views\\kasir_view.php')
 3 SYSTEMPATH\View\View.php(229): CodeIgniter\View\View->CodeIgniter\View\{closure}()
 4 SYSTEMPATH\Common.php(1167): CodeIgniter\View\View->render('kasir_view', [], true)
 5 APPPATH\Controllers\Kasir.php(17): view('kasir_view', [...])
 6 SYSTEMPATH\CodeIgniter.php(933): App\Controllers\Kasir->index()
 7 SYSTEMPATH\CodeIgniter.php(507): CodeIgniter\CodeIgniter->runController(Object(App\Controllers\Kasir))
 8 SYSTEMPATH\CodeIgniter.php(354): CodeIgniter\CodeIgniter->handleRequest(null, Object(Config\Cache), false)
 9 SYSTEMPATH\Boot.php(363): CodeIgniter\CodeIgniter->run()
10 SYSTEMPATH\Boot.php(68): CodeIgniter\Boot::runCodeIgniter(Object(CodeIgniter\CodeIgniter))
11 FCPATH\index.php(59): CodeIgniter\Boot::bootWeb(Object(Config\Paths))
12 SYSTEMPATH\rewrite.php(44): require_once('C:\\xampp\\htdocs\\kasirpos\\public\\index.php')
CRITICAL - 2026-04-28 08:26:24 --> ErrorException: Undefined array key "id"
[Method: GET, Route: kasir]
in APPPATH\Views\kasir_view.php on line 123.
 1 APPPATH\Views\kasir_view.php(123): CodeIgniter\Debug\Exceptions->errorHandler(2, 'Undefined array key "id"', 'C:\\xampp\\htdocs\\kasirpos\\app\\Views\\kasir_view.php', 123)
 2 SYSTEMPATH\View\View.php(226): include('C:\\xampp\\htdocs\\kasirpos\\app\\Views\\kasir_view.php')
 3 SYSTEMPATH\View\View.php(229): CodeIgniter\View\View->CodeIgniter\View\{closure}()
 4 SYSTEMPATH\Common.php(1167): CodeIgniter\View\View->render('kasir_view', [], true)
 5 APPPATH\Controllers\Kasir.php(17): view('kasir_view', [...])
 6 SYSTEMPATH\CodeIgniter.php(933): App\Controllers\Kasir->index()
 7 SYSTEMPATH\CodeIgniter.php(507): CodeIgniter\CodeIgniter->runController(Object(App\Controllers\Kasir))
 8 SYSTEMPATH\CodeIgniter.php(354): CodeIgniter\CodeIgniter->handleRequest(null, Object(Config\Cache), false)
 9 SYSTEMPATH\Boot.php(363): CodeIgniter\CodeIgniter->run()
10 SYSTEMPATH\Boot.php(68): CodeIgniter\Boot::runCodeIgniter(Object(CodeIgniter\CodeIgniter))
11 FCPATH\index.php(59): CodeIgniter\Boot::bootWeb(Object(Config\Paths))
12 SYSTEMPATH\rewrite.php(44): require_once('C:\\xampp\\htdocs\\kasirpos\\public\\index.php')
CRITICAL - 2026-04-28 08:26:33 --> ErrorException: Undefined array key "id"
[Method: GET, Route: kasir]
in APPPATH\Views\kasir_view.php on line 123.
 1 APPPATH\Views\kasir_view.php(123): CodeIgniter\Debug\Exceptions->errorHandler(2, 'Undefined array key "id"', 'C:\\xampp\\htdocs\\kasirpos\\app\\Views\\kasir_view.php', 123)
 2 SYSTEMPATH\View\View.php(226): include('C:\\xampp\\htdocs\\kasirpos\\app\\Views\\kasir_view.php')
 3 SYSTEMPATH\View\View.php(229): CodeIgniter\View\View->CodeIgniter\View\{closure}()
 4 SYSTEMPATH\Common.php(1167): CodeIgniter\View\View->render('kasir_view', [], true)
 5 APPPATH\Controllers\Kasir.php(17): view('kasir_view', [...])
 6 SYSTEMPATH\CodeIgniter.php(933): App\Controllers\Kasir->index()
 7 SYSTEMPATH\CodeIgniter.php(507): CodeIgniter\CodeIgniter->runController(Object(App\Controllers\Kasir))
 8 SYSTEMPATH\CodeIgniter.php(354): CodeIgniter\CodeIgniter->handleRequest(null, Object(Config\Cache), false)
 9 SYSTEMPATH\Boot.php(363): CodeIgniter\CodeIgniter->run()
10 SYSTEMPATH\Boot.php(68): CodeIgniter\Boot::runCodeIgniter(Object(CodeIgniter\CodeIgniter))
11 FCPATH\index.php(59): CodeIgniter\Boot::bootWeb(Object(Config\Paths))
12 SYSTEMPATH\rewrite.php(44): require_once('C:\\xampp\\htdocs\\kasirpos\\public\\index.php')
CRITICAL - 2026-04-28 08:27:09 --> ErrorException: Undefined array key "id"
[Method: GET, Route: kasir]
in APPPATH\Views\kasir_view.php on line 123.
 1 APPPATH\Views\kasir_view.php(123): CodeIgniter\Debug\Exceptions->errorHandler(2, 'Undefined array key "id"', 'C:\\xampp\\htdocs\\kasirpos\\app\\Views\\kasir_view.php', 123)
 2 SYSTEMPATH\View\View.php(226): include('C:\\xampp\\htdocs\\kasirpos\\app\\Views\\kasir_view.php')
 3 SYSTEMPATH\View\View.php(229): CodeIgniter\View\View->CodeIgniter\View\{closure}()
 4 SYSTEMPATH\Common.php(1167): CodeIgniter\View\View->render('kasir_view', [], true)
 5 APPPATH\Controllers\Kasir.php(17): view('kasir_view', [...])
 6 SYSTEMPATH\CodeIgniter.php(933): App\Controllers\Kasir->index()
 7 SYSTEMPATH\CodeIgniter.php(507): CodeIgniter\CodeIgniter->runController(Object(App\Controllers\Kasir))
 8 SYSTEMPATH\CodeIgniter.php(354): CodeIgniter\CodeIgniter->handleRequest(null, Object(Config\Cache), false)
 9 SYSTEMPATH\Boot.php(363): CodeIgniter\CodeIgniter->run()
10 SYSTEMPATH\Boot.php(68): CodeIgniter\Boot::runCodeIgniter(Object(CodeIgniter\CodeIgniter))
11 FCPATH\index.php(59): CodeIgniter\Boot::bootWeb(Object(Config\Paths))
12 SYSTEMPATH\rewrite.php(44): require_once('C:\\xampp\\htdocs\\kasirpos\\public\\index.php')
CRITICAL - 2026-04-28 08:27:13 --> ErrorException: Undefined array key "id"
[Method: GET, Route: kasir]
in APPPATH\Views\kasir_view.php on line 123.
 1 APPPATH\Views\kasir_view.php(123): CodeIgniter\Debug\Exceptions->errorHandler(2, 'Undefined array key "id"', 'C:\\xampp\\htdocs\\kasirpos\\app\\Views\\kasir_view.php', 123)
 2 SYSTEMPATH\View\View.php(226): include('C:\\xampp\\htdocs\\kasirpos\\app\\Views\\kasir_view.php')
 3 SYSTEMPATH\View\View.php(229): CodeIgniter\View\View->CodeIgniter\View\{closure}()
 4 SYSTEMPATH\Common.php(1167): CodeIgniter\View\View->render('kasir_view', [], true)
 5 APPPATH\Controllers\Kasir.php(17): view('kasir_view', [...])
 6 SYSTEMPATH\CodeIgniter.php(933): App\Controllers\Kasir->index()
 7 SYSTEMPATH\CodeIgniter.php(507): CodeIgniter\CodeIgniter->runController(Object(App\Controllers\Kasir))
 8 SYSTEMPATH\CodeIgniter.php(354): CodeIgniter\CodeIgniter->handleRequest(null, Object(Config\Cache), false)
 9 SYSTEMPATH\Boot.php(363): CodeIgniter\CodeIgniter->run()
10 SYSTEMPATH\Boot.php(68): CodeIgniter\Boot::runCodeIgniter(Object(CodeIgniter\CodeIgniter))
11 FCPATH\index.php(59): CodeIgniter\Boot::bootWeb(Object(Config\Paths))
12 SYSTEMPATH\rewrite.php(44): require_once('C:\\xampp\\htdocs\\kasirpos\\public\\index.php')
CRITICAL - 2026-04-28 08:27:22 --> ErrorException: Undefined array key "id"
[Method: GET, Route: kasir]
in APPPATH\Views\kasir_view.php on line 123.
 1 APPPATH\Views\kasir_view.php(123): CodeIgniter\Debug\Exceptions->errorHandler(2, 'Undefined array key "id"', 'C:\\xampp\\htdocs\\kasirpos\\app\\Views\\kasir_view.php', 123)
 2 SYSTEMPATH\View\View.php(226): include('C:\\xampp\\htdocs\\kasirpos\\app\\Views\\kasir_view.php')
 3 SYSTEMPATH\View\View.php(229): CodeIgniter\View\View->CodeIgniter\View\{closure}()
 4 SYSTEMPATH\Common.php(1167): CodeIgniter\View\View->render('kasir_view', [], true)
 5 APPPATH\Controllers\Kasir.php(17): view('kasir_view', [...])
 6 SYSTEMPATH\CodeIgniter.php(933): App\Controllers\Kasir->index()
 7 SYSTEMPATH\CodeIgniter.php(507): CodeIgniter\CodeIgniter->runController(Object(App\Controllers\Kasir))
 8 SYSTEMPATH\CodeIgniter.php(354): CodeIgniter\CodeIgniter->handleRequest(null, Object(Config\Cache), false)
 9 SYSTEMPATH\Boot.php(363): CodeIgniter\CodeIgniter->run()
10 SYSTEMPATH\Boot.php(68): CodeIgniter\Boot::runCodeIgniter(Object(CodeIgniter\CodeIgniter))
11 FCPATH\index.php(59): CodeIgniter\Boot::bootWeb(Object(Config\Paths))
12 SYSTEMPATH\rewrite.php(44): require_once('C:\\xampp\\htdocs\\kasirpos\\public\\index.php')
CRITICAL - 2026-04-28 08:27:37 --> ErrorException: Undefined array key "id"
[Method: GET, Route: kasir]
in APPPATH\Views\kasir_view.php on line 123.
 1 APPPATH\Views\kasir_view.php(123): CodeIgniter\Debug\Exceptions->errorHandler(2, 'Undefined array key "id"', 'C:\\xampp\\htdocs\\kasirpos\\app\\Views\\kasir_view.php', 123)
 2 SYSTEMPATH\View\View.php(226): include('C:\\xampp\\htdocs\\kasirpos\\app\\Views\\kasir_view.php')
 3 SYSTEMPATH\View\View.php(229): CodeIgniter\View\View->CodeIgniter\View\{closure}()
 4 SYSTEMPATH\Common.php(1167): CodeIgniter\View\View->render('kasir_view', [], true)
 5 APPPATH\Controllers\Kasir.php(17): view('kasir_view', [...])
 6 SYSTEMPATH\CodeIgniter.php(933): App\Controllers\Kasir->index()
 7 SYSTEMPATH\CodeIgniter.php(507): CodeIgniter\CodeIgniter->runController(Object(App\Controllers\Kasir))
 8 SYSTEMPATH\CodeIgniter.php(354): CodeIgniter\CodeIgniter->handleRequest(null, Object(Config\Cache), false)
 9 SYSTEMPATH\Boot.php(363): CodeIgniter\CodeIgniter->run()
10 SYSTEMPATH\Boot.php(68): CodeIgniter\Boot::runCodeIgniter(Object(CodeIgniter\CodeIgniter))
11 FCPATH\index.php(59): CodeIgniter\Boot::bootWeb(Object(Config\Paths))
12 SYSTEMPATH\rewrite.php(44): require_once('C:\\xampp\\htdocs\\kasirpos\\public\\index.php')
CRITICAL - 2026-04-28 08:27:39 --> ErrorException: Undefined variable $produk
[Method: GET, Route: admin]
in APPPATH\Views\kasir_view.php on line 120.
 1 APPPATH\Views\kasir_view.php(120): CodeIgniter\Debug\Exceptions->errorHandler(2, 'Undefined variable $produk', 'C:\\xampp\\htdocs\\kasirpos\\app\\Views\\kasir_view.php', 120)
 2 SYSTEMPATH\View\View.php(226): include('C:\\xampp\\htdocs\\kasirpos\\app\\Views\\kasir_view.php')
 3 SYSTEMPATH\View\View.php(229): CodeIgniter\View\View->CodeIgniter\View\{closure}()
 4 SYSTEMPATH\Common.php(1167): CodeIgniter\View\View->render('kasir_view', [], true)
 5 APPPATH\Controllers\Admin.php(44): view('kasir_view', [...])
 6 SYSTEMPATH\CodeIgniter.php(933): App\Controllers\Admin->index()
 7 SYSTEMPATH\CodeIgniter.php(507): CodeIgniter\CodeIgniter->runController(Object(App\Controllers\Admin))
 8 SYSTEMPATH\CodeIgniter.php(354): CodeIgniter\CodeIgniter->handleRequest(null, Object(Config\Cache), false)
 9 SYSTEMPATH\Boot.php(363): CodeIgniter\CodeIgniter->run()
10 SYSTEMPATH\Boot.php(68): CodeIgniter\Boot::runCodeIgniter(Object(CodeIgniter\CodeIgniter))
11 FCPATH\index.php(59): CodeIgniter\Boot::bootWeb(Object(Config\Paths))
12 SYSTEMPATH\rewrite.php(44): require_once('C:\\xampp\\htdocs\\kasirpos\\public\\index.php')
CRITICAL - 2026-04-28 08:27:41 --> ErrorException: Undefined variable $produk
[Method: GET, Route: admin]
in APPPATH\Views\kasir_view.php on line 120.
 1 APPPATH\Views\kasir_view.php(120): CodeIgniter\Debug\Exceptions->errorHandler(2, 'Undefined variable $produk', 'C:\\xampp\\htdocs\\kasirpos\\app\\Views\\kasir_view.php', 120)
 2 SYSTEMPATH\View\View.php(226): include('C:\\xampp\\htdocs\\kasirpos\\app\\Views\\kasir_view.php')
 3 SYSTEMPATH\View\View.php(229): CodeIgniter\View\View->CodeIgniter\View\{closure}()
 4 SYSTEMPATH\Common.php(1167): CodeIgniter\View\View->render('kasir_view', [], true)
 5 APPPATH\Controllers\Admin.php(44): view('kasir_view', [...])
 6 SYSTEMPATH\CodeIgniter.php(933): App\Controllers\Admin->index()
 7 SYSTEMPATH\CodeIgniter.php(507): CodeIgniter\CodeIgniter->runController(Object(App\Controllers\Admin))
 8 SYSTEMPATH\CodeIgniter.php(354): CodeIgniter\CodeIgniter->handleRequest(null, Object(Config\Cache), false)
 9 SYSTEMPATH\Boot.php(363): CodeIgniter\CodeIgniter->run()
10 SYSTEMPATH\Boot.php(68): CodeIgniter\Boot::runCodeIgniter(Object(CodeIgniter\CodeIgniter))
11 FCPATH\index.php(59): CodeIgniter\Boot::bootWeb(Object(Config\Paths))
12 SYSTEMPATH\rewrite.php(44): require_once('C:\\xampp\\htdocs\\kasirpos\\public\\index.php')
CRITICAL - 2026-04-28 08:27:47 --> ErrorException: Undefined variable $produk
[Method: GET, Route: admin]
in APPPATH\Views\kasir_view.php on line 120.
 1 APPPATH\Views\kasir_view.php(120): CodeIgniter\Debug\Exceptions->errorHandler(2, 'Undefined variable $produk', 'C:\\xampp\\htdocs\\kasirpos\\app\\Views\\kasir_view.php', 120)
 2 SYSTEMPATH\View\View.php(226): include('C:\\xampp\\htdocs\\kasirpos\\app\\Views\\kasir_view.php')
 3 SYSTEMPATH\View\View.php(229): CodeIgniter\View\View->CodeIgniter\View\{closure}()
 4 SYSTEMPATH\Common.php(1167): CodeIgniter\View\View->render('kasir_view', [], true)
 5 APPPATH\Controllers\Admin.php(44): view('kasir_view', [...])
 6 SYSTEMPATH\CodeIgniter.php(933): App\Controllers\Admin->index()
 7 SYSTEMPATH\CodeIgniter.php(507): CodeIgniter\CodeIgniter->runController(Object(App\Controllers\Admin))
 8 SYSTEMPATH\CodeIgniter.php(354): CodeIgniter\CodeIgniter->handleRequest(null, Object(Config\Cache), false)
 9 SYSTEMPATH\Boot.php(363): CodeIgniter\CodeIgniter->run()
10 SYSTEMPATH\Boot.php(68): CodeIgniter\Boot::runCodeIgniter(Object(CodeIgniter\CodeIgniter))
11 FCPATH\index.php(59): CodeIgniter\Boot::bootWeb(Object(Config\Paths))
12 SYSTEMPATH\rewrite.php(44): require_once('C:\\xampp\\htdocs\\kasirpos\\public\\index.php')
CRITICAL - 2026-04-28 08:27:47 --> ErrorException: Undefined variable $produk
[Method: GET, Route: admin]
in APPPATH\Views\kasir_view.php on line 120.
 1 APPPATH\Views\kasir_view.php(120): CodeIgniter\Debug\Exceptions->errorHandler(2, 'Undefined variable $produk', 'C:\\xampp\\htdocs\\kasirpos\\app\\Views\\kasir_view.php', 120)
 2 SYSTEMPATH\View\View.php(226): include('C:\\xampp\\htdocs\\kasirpos\\app\\Views\\kasir_view.php')
 3 SYSTEMPATH\View\View.php(229): CodeIgniter\View\View->CodeIgniter\View\{closure}()
 4 SYSTEMPATH\Common.php(1167): CodeIgniter\View\View->render('kasir_view', [], true)
 5 APPPATH\Controllers\Admin.php(44): view('kasir_view', [...])
 6 SYSTEMPATH\CodeIgniter.php(933): App\Controllers\Admin->index()
 7 SYSTEMPATH\CodeIgniter.php(507): CodeIgniter\CodeIgniter->runController(Object(App\Controllers\Admin))
 8 SYSTEMPATH\CodeIgniter.php(354): CodeIgniter\CodeIgniter->handleRequest(null, Object(Config\Cache), false)
 9 SYSTEMPATH\Boot.php(363): CodeIgniter\CodeIgniter->run()
10 SYSTEMPATH\Boot.php(68): CodeIgniter\Boot::runCodeIgniter(Object(CodeIgniter\CodeIgniter))
11 FCPATH\index.php(59): CodeIgniter\Boot::bootWeb(Object(Config\Paths))
12 SYSTEMPATH\rewrite.php(44): require_once('C:\\xampp\\htdocs\\kasirpos\\public\\index.php')
CRITICAL - 2026-04-28 08:27:48 --> ErrorException: Undefined variable $produk
[Method: GET, Route: admin]
in APPPATH\Views\kasir_view.php on line 120.
 1 APPPATH\Views\kasir_view.php(120): CodeIgniter\Debug\Exceptions->errorHandler(2, 'Undefined variable $produk', 'C:\\xampp\\htdocs\\kasirpos\\app\\Views\\kasir_view.php', 120)
 2 SYSTEMPATH\View\View.php(226): include('C:\\xampp\\htdocs\\kasirpos\\app\\Views\\kasir_view.php')
 3 SYSTEMPATH\View\View.php(229): CodeIgniter\View\View->CodeIgniter\View\{closure}()
 4 SYSTEMPATH\Common.php(1167): CodeIgniter\View\View->render('kasir_view', [], true)
 5 APPPATH\Controllers\Admin.php(44): view('kasir_view', [...])
 6 SYSTEMPATH\CodeIgniter.php(933): App\Controllers\Admin->index()
 7 SYSTEMPATH\CodeIgniter.php(507): CodeIgniter\CodeIgniter->runController(Object(App\Controllers\Admin))
 8 SYSTEMPATH\CodeIgniter.php(354): CodeIgniter\CodeIgniter->handleRequest(null, Object(Config\Cache), false)
 9 SYSTEMPATH\Boot.php(363): CodeIgniter\CodeIgniter->run()
10 SYSTEMPATH\Boot.php(68): CodeIgniter\Boot::runCodeIgniter(Object(CodeIgniter\CodeIgniter))
11 FCPATH\index.php(59): CodeIgniter\Boot::bootWeb(Object(Config\Paths))
12 SYSTEMPATH\rewrite.php(44): require_once('C:\\xampp\\htdocs\\kasirpos\\public\\index.php')
CRITICAL - 2026-04-28 08:28:57 --> ErrorException: Undefined variable $produk
[Method: GET, Route: admin]
in APPPATH\Views\kasir_view.php on line 120.
 1 APPPATH\Views\kasir_view.php(120): CodeIgniter\Debug\Exceptions->errorHandler(2, 'Undefined variable $produk', 'C:\\xampp\\htdocs\\kasirpos\\app\\Views\\kasir_view.php', 120)
 2 SYSTEMPATH\View\View.php(226): include('C:\\xampp\\htdocs\\kasirpos\\app\\Views\\kasir_view.php')
 3 SYSTEMPATH\View\View.php(229): CodeIgniter\View\View->CodeIgniter\View\{closure}()
 4 SYSTEMPATH\Common.php(1167): CodeIgniter\View\View->render('kasir_view', [], true)
 5 APPPATH\Controllers\Admin.php(44): view('kasir_view', [...])
 6 SYSTEMPATH\CodeIgniter.php(933): App\Controllers\Admin->index()
 7 SYSTEMPATH\CodeIgniter.php(507): CodeIgniter\CodeIgniter->runController(Object(App\Controllers\Admin))
 8 SYSTEMPATH\CodeIgniter.php(354): CodeIgniter\CodeIgniter->handleRequest(null, Object(Config\Cache), false)
 9 SYSTEMPATH\Boot.php(363): CodeIgniter\CodeIgniter->run()
10 SYSTEMPATH\Boot.php(68): CodeIgniter\Boot::runCodeIgniter(Object(CodeIgniter\CodeIgniter))
11 FCPATH\index.php(59): CodeIgniter\Boot::bootWeb(Object(Config\Paths))
12 SYSTEMPATH\rewrite.php(44): require_once('C:\\xampp\\htdocs\\kasirpos\\public\\index.php')
CRITICAL - 2026-04-28 08:28:58 --> ErrorException: Undefined array key "id"
[Method: GET, Route: kasir]
in APPPATH\Views\kasir_view.php on line 123.
 1 APPPATH\Views\kasir_view.php(123): CodeIgniter\Debug\Exceptions->errorHandler(2, 'Undefined array key "id"', 'C:\\xampp\\htdocs\\kasirpos\\app\\Views\\kasir_view.php', 123)
 2 SYSTEMPATH\View\View.php(226): include('C:\\xampp\\htdocs\\kasirpos\\app\\Views\\kasir_view.php')
 3 SYSTEMPATH\View\View.php(229): CodeIgniter\View\View->CodeIgniter\View\{closure}()
 4 SYSTEMPATH\Common.php(1167): CodeIgniter\View\View->render('kasir_view', [], true)
 5 APPPATH\Controllers\Kasir.php(17): view('kasir_view', [...])
 6 SYSTEMPATH\CodeIgniter.php(933): App\Controllers\Kasir->index()
 7 SYSTEMPATH\CodeIgniter.php(507): CodeIgniter\CodeIgniter->runController(Object(App\Controllers\Kasir))
 8 SYSTEMPATH\CodeIgniter.php(354): CodeIgniter\CodeIgniter->handleRequest(null, Object(Config\Cache), false)
 9 SYSTEMPATH\Boot.php(363): CodeIgniter\CodeIgniter->run()
10 SYSTEMPATH\Boot.php(68): CodeIgniter\Boot::runCodeIgniter(Object(CodeIgniter\CodeIgniter))
11 FCPATH\index.php(59): CodeIgniter\Boot::bootWeb(Object(Config\Paths))
12 SYSTEMPATH\rewrite.php(44): require_once('C:\\xampp\\htdocs\\kasirpos\\public\\index.php')
CRITICAL - 2026-04-28 08:29:01 --> ErrorException: Undefined variable $produk
[Method: GET, Route: admin]
in APPPATH\Views\kasir_view.php on line 120.
 1 APPPATH\Views\kasir_view.php(120): CodeIgniter\Debug\Exceptions->errorHandler(2, 'Undefined variable $produk', 'C:\\xampp\\htdocs\\kasirpos\\app\\Views\\kasir_view.php', 120)
 2 SYSTEMPATH\View\View.php(226): include('C:\\xampp\\htdocs\\kasirpos\\app\\Views\\kasir_view.php')
 3 SYSTEMPATH\View\View.php(229): CodeIgniter\View\View->CodeIgniter\View\{closure}()
 4 SYSTEMPATH\Common.php(1167): CodeIgniter\View\View->render('kasir_view', [], true)
 5 APPPATH\Controllers\Admin.php(44): view('kasir_view', [...])
 6 SYSTEMPATH\CodeIgniter.php(933): App\Controllers\Admin->index()
 7 SYSTEMPATH\CodeIgniter.php(507): CodeIgniter\CodeIgniter->runController(Object(App\Controllers\Admin))
 8 SYSTEMPATH\CodeIgniter.php(354): CodeIgniter\CodeIgniter->handleRequest(null, Object(Config\Cache), false)
 9 SYSTEMPATH\Boot.php(363): CodeIgniter\CodeIgniter->run()
10 SYSTEMPATH\Boot.php(68): CodeIgniter\Boot::runCodeIgniter(Object(CodeIgniter\CodeIgniter))
11 FCPATH\index.php(59): CodeIgniter\Boot::bootWeb(Object(Config\Paths))
12 SYSTEMPATH\rewrite.php(44): require_once('C:\\xampp\\htdocs\\kasirpos\\public\\index.php')
CRITICAL - 2026-04-28 08:29:20 --> ErrorException: Undefined variable $produk
[Method: GET, Route: admin]
in APPPATH\Views\kasir_view.php on line 120.
 1 APPPATH\Views\kasir_view.php(120): CodeIgniter\Debug\Exceptions->errorHandler(2, 'Undefined variable $produk', 'C:\\xampp\\htdocs\\kasirpos\\app\\Views\\kasir_view.php', 120)
 2 SYSTEMPATH\View\View.php(226): include('C:\\xampp\\htdocs\\kasirpos\\app\\Views\\kasir_view.php')
 3 SYSTEMPATH\View\View.php(229): CodeIgniter\View\View->CodeIgniter\View\{closure}()
 4 SYSTEMPATH\Common.php(1167): CodeIgniter\View\View->render('kasir_view', [], true)
 5 APPPATH\Controllers\Admin.php(44): view('kasir_view', [...])
 6 SYSTEMPATH\CodeIgniter.php(933): App\Controllers\Admin->index()
 7 SYSTEMPATH\CodeIgniter.php(507): CodeIgniter\CodeIgniter->runController(Object(App\Controllers\Admin))
 8 SYSTEMPATH\CodeIgniter.php(354): CodeIgniter\CodeIgniter->handleRequest(null, Object(Config\Cache), false)
 9 SYSTEMPATH\Boot.php(363): CodeIgniter\CodeIgniter->run()
10 SYSTEMPATH\Boot.php(68): CodeIgniter\Boot::runCodeIgniter(Object(CodeIgniter\CodeIgniter))
11 FCPATH\index.php(59): CodeIgniter\Boot::bootWeb(Object(Config\Paths))
12 SYSTEMPATH\rewrite.php(44): require_once('C:\\xampp\\htdocs\\kasirpos\\public\\index.php')
CRITICAL - 2026-04-28 08:29:21 --> ErrorException: Undefined variable $produk
[Method: GET, Route: admin]
in APPPATH\Views\kasir_view.php on line 120.
 1 APPPATH\Views\kasir_view.php(120): CodeIgniter\Debug\Exceptions->errorHandler(2, 'Undefined variable $produk', 'C:\\xampp\\htdocs\\kasirpos\\app\\Views\\kasir_view.php', 120)
 2 SYSTEMPATH\View\View.php(226): include('C:\\xampp\\htdocs\\kasirpos\\app\\Views\\kasir_view.php')
 3 SYSTEMPATH\View\View.php(229): CodeIgniter\View\View->CodeIgniter\View\{closure}()
 4 SYSTEMPATH\Common.php(1167): CodeIgniter\View\View->render('kasir_view', [], true)
 5 APPPATH\Controllers\Admin.php(44): view('kasir_view', [...])
 6 SYSTEMPATH\CodeIgniter.php(933): App\Controllers\Admin->index()
 7 SYSTEMPATH\CodeIgniter.php(507): CodeIgniter\CodeIgniter->runController(Object(App\Controllers\Admin))
 8 SYSTEMPATH\CodeIgniter.php(354): CodeIgniter\CodeIgniter->handleRequest(null, Object(Config\Cache), false)
 9 SYSTEMPATH\Boot.php(363): CodeIgniter\CodeIgniter->run()
10 SYSTEMPATH\Boot.php(68): CodeIgniter\Boot::runCodeIgniter(Object(CodeIgniter\CodeIgniter))
11 FCPATH\index.php(59): CodeIgniter\Boot::bootWeb(Object(Config\Paths))
12 SYSTEMPATH\rewrite.php(44): require_once('C:\\xampp\\htdocs\\kasirpos\\public\\index.php')
CRITICAL - 2026-04-28 08:29:21 --> ErrorException: Undefined variable $produk
[Method: GET, Route: admin]
in APPPATH\Views\kasir_view.php on line 120.
 1 APPPATH\Views\kasir_view.php(120): CodeIgniter\Debug\Exceptions->errorHandler(2, 'Undefined variable $produk', 'C:\\xampp\\htdocs\\kasirpos\\app\\Views\\kasir_view.php', 120)
 2 SYSTEMPATH\View\View.php(226): include('C:\\xampp\\htdocs\\kasirpos\\app\\Views\\kasir_view.php')
 3 SYSTEMPATH\View\View.php(229): CodeIgniter\View\View->CodeIgniter\View\{closure}()
 4 SYSTEMPATH\Common.php(1167): CodeIgniter\View\View->render('kasir_view', [], true)
 5 APPPATH\Controllers\Admin.php(44): view('kasir_view', [...])
 6 SYSTEMPATH\CodeIgniter.php(933): App\Controllers\Admin->index()
 7 SYSTEMPATH\CodeIgniter.php(507): CodeIgniter\CodeIgniter->runController(Object(App\Controllers\Admin))
 8 SYSTEMPATH\CodeIgniter.php(354): CodeIgniter\CodeIgniter->handleRequest(null, Object(Config\Cache), false)
 9 SYSTEMPATH\Boot.php(363): CodeIgniter\CodeIgniter->run()
10 SYSTEMPATH\Boot.php(68): CodeIgniter\Boot::runCodeIgniter(Object(CodeIgniter\CodeIgniter))
11 FCPATH\index.php(59): CodeIgniter\Boot::bootWeb(Object(Config\Paths))
12 SYSTEMPATH\rewrite.php(44): require_once('C:\\xampp\\htdocs\\kasirpos\\public\\index.php')
CRITICAL - 2026-04-28 08:30:55 --> ErrorException: Undefined variable $produk
[Method: GET, Route: admin]
in APPPATH\Views\kasir_view.php on line 120.
 1 APPPATH\Views\kasir_view.php(120): CodeIgniter\Debug\Exceptions->errorHandler(2, 'Undefined variable $produk', 'C:\\xampp\\htdocs\\kasirpos\\app\\Views\\kasir_view.php', 120)
 2 SYSTEMPATH\View\View.php(226): include('C:\\xampp\\htdocs\\kasirpos\\app\\Views\\kasir_view.php')
 3 SYSTEMPATH\View\View.php(229): CodeIgniter\View\View->CodeIgniter\View\{closure}()
 4 SYSTEMPATH\Common.php(1167): CodeIgniter\View\View->render('kasir_view', [], true)
 5 APPPATH\Controllers\Admin.php(44): view('kasir_view', [...])
 6 SYSTEMPATH\CodeIgniter.php(933): App\Controllers\Admin->index()
 7 SYSTEMPATH\CodeIgniter.php(507): CodeIgniter\CodeIgniter->runController(Object(App\Controllers\Admin))
 8 SYSTEMPATH\CodeIgniter.php(354): CodeIgniter\CodeIgniter->handleRequest(null, Object(Config\Cache), false)
 9 SYSTEMPATH\Boot.php(363): CodeIgniter\CodeIgniter->run()
10 SYSTEMPATH\Boot.php(68): CodeIgniter\Boot::runCodeIgniter(Object(CodeIgniter\CodeIgniter))
11 FCPATH\index.php(59): CodeIgniter\Boot::bootWeb(Object(Config\Paths))
12 SYSTEMPATH\rewrite.php(44): require_once('C:\\xampp\\htdocs\\kasirpos\\public\\index.php')
CRITICAL - 2026-04-28 08:31:04 --> ErrorException: Undefined variable $produk
[Method: GET, Route: admin]
in APPPATH\Views\kasir_view.php on line 120.
 1 APPPATH\Views\kasir_view.php(120): CodeIgniter\Debug\Exceptions->errorHandler(2, 'Undefined variable $produk', 'C:\\xampp\\htdocs\\kasirpos\\app\\Views\\kasir_view.php', 120)
 2 SYSTEMPATH\View\View.php(226): include('C:\\xampp\\htdocs\\kasirpos\\app\\Views\\kasir_view.php')
 3 SYSTEMPATH\View\View.php(229): CodeIgniter\View\View->CodeIgniter\View\{closure}()
 4 SYSTEMPATH\Common.php(1167): CodeIgniter\View\View->render('kasir_view', [], true)
 5 APPPATH\Controllers\Admin.php(44): view('kasir_view', [...])
 6 SYSTEMPATH\CodeIgniter.php(933): App\Controllers\Admin->index()
 7 SYSTEMPATH\CodeIgniter.php(507): CodeIgniter\CodeIgniter->runController(Object(App\Controllers\Admin))
 8 SYSTEMPATH\CodeIgniter.php(354): CodeIgniter\CodeIgniter->handleRequest(null, Object(Config\Cache), false)
 9 SYSTEMPATH\Boot.php(363): CodeIgniter\CodeIgniter->run()
10 SYSTEMPATH\Boot.php(68): CodeIgniter\Boot::runCodeIgniter(Object(CodeIgniter\CodeIgniter))
11 FCPATH\index.php(59): CodeIgniter\Boot::bootWeb(Object(Config\Paths))
12 SYSTEMPATH\rewrite.php(44): require_once('C:\\xampp\\htdocs\\kasirpos\\public\\index.php')
CRITICAL - 2026-04-28 08:31:08 --> ErrorException: Undefined variable $produk
[Method: GET, Route: admin]
in APPPATH\Views\kasir_view.php on line 120.
 1 APPPATH\Views\kasir_view.php(120): CodeIgniter\Debug\Exceptions->errorHandler(2, 'Undefined variable $produk', 'C:\\xampp\\htdocs\\kasirpos\\app\\Views\\kasir_view.php', 120)
 2 SYSTEMPATH\View\View.php(226): include('C:\\xampp\\htdocs\\kasirpos\\app\\Views\\kasir_view.php')
 3 SYSTEMPATH\View\View.php(229): CodeIgniter\View\View->CodeIgniter\View\{closure}()
 4 SYSTEMPATH\Common.php(1167): CodeIgniter\View\View->render('kasir_view', [], true)
 5 APPPATH\Controllers\Admin.php(44): view('kasir_view', [...])
 6 SYSTEMPATH\CodeIgniter.php(933): App\Controllers\Admin->index()
 7 SYSTEMPATH\CodeIgniter.php(507): CodeIgniter\CodeIgniter->runController(Object(App\Controllers\Admin))
 8 SYSTEMPATH\CodeIgniter.php(354): CodeIgniter\CodeIgniter->handleRequest(null, Object(Config\Cache), false)
 9 SYSTEMPATH\Boot.php(363): CodeIgniter\CodeIgniter->run()
10 SYSTEMPATH\Boot.php(68): CodeIgniter\Boot::runCodeIgniter(Object(CodeIgniter\CodeIgniter))
11 FCPATH\index.php(59): CodeIgniter\Boot::bootWeb(Object(Config\Paths))
12 SYSTEMPATH\rewrite.php(44): require_once('C:\\xampp\\htdocs\\kasirpos\\public\\index.php')
CRITICAL - 2026-04-28 08:31:08 --> ErrorException: Undefined variable $produk
[Method: GET, Route: admin]
in APPPATH\Views\kasir_view.php on line 120.
 1 APPPATH\Views\kasir_view.php(120): CodeIgniter\Debug\Exceptions->errorHandler(2, 'Undefined variable $produk', 'C:\\xampp\\htdocs\\kasirpos\\app\\Views\\kasir_view.php', 120)
 2 SYSTEMPATH\View\View.php(226): include('C:\\xampp\\htdocs\\kasirpos\\app\\Views\\kasir_view.php')
 3 SYSTEMPATH\View\View.php(229): CodeIgniter\View\View->CodeIgniter\View\{closure}()
 4 SYSTEMPATH\Common.php(1167): CodeIgniter\View\View->render('kasir_view', [], true)
 5 APPPATH\Controllers\Admin.php(44): view('kasir_view', [...])
 6 SYSTEMPATH\CodeIgniter.php(933): App\Controllers\Admin->index()
 7 SYSTEMPATH\CodeIgniter.php(507): CodeIgniter\CodeIgniter->runController(Object(App\Controllers\Admin))
 8 SYSTEMPATH\CodeIgniter.php(354): CodeIgniter\CodeIgniter->handleRequest(null, Object(Config\Cache), false)
 9 SYSTEMPATH\Boot.php(363): CodeIgniter\CodeIgniter->run()
10 SYSTEMPATH\Boot.php(68): CodeIgniter\Boot::runCodeIgniter(Object(CodeIgniter\CodeIgniter))
11 FCPATH\index.php(59): CodeIgniter\Boot::bootWeb(Object(Config\Paths))
12 SYSTEMPATH\rewrite.php(44): require_once('C:\\xampp\\htdocs\\kasirpos\\public\\index.php')
CRITICAL - 2026-04-28 08:31:19 --> ErrorException: Undefined variable $produk
[Method: GET, Route: admin]
in APPPATH\Views\kasir_view.php on line 120.
 1 APPPATH\Views\kasir_view.php(120): CodeIgniter\Debug\Exceptions->errorHandler(2, 'Undefined variable $produk', 'C:\\xampp\\htdocs\\kasirpos\\app\\Views\\kasir_view.php', 120)
 2 SYSTEMPATH\View\View.php(226): include('C:\\xampp\\htdocs\\kasirpos\\app\\Views\\kasir_view.php')
 3 SYSTEMPATH\View\View.php(229): CodeIgniter\View\View->CodeIgniter\View\{closure}()
 4 SYSTEMPATH\Common.php(1167): CodeIgniter\View\View->render('kasir_view', [], true)
 5 APPPATH\Controllers\Admin.php(44): view('kasir_view', [...])
 6 SYSTEMPATH\CodeIgniter.php(933): App\Controllers\Admin->index()
 7 SYSTEMPATH\CodeIgniter.php(507): CodeIgniter\CodeIgniter->runController(Object(App\Controllers\Admin))
 8 SYSTEMPATH\CodeIgniter.php(354): CodeIgniter\CodeIgniter->handleRequest(null, Object(Config\Cache), false)
 9 SYSTEMPATH\Boot.php(363): CodeIgniter\CodeIgniter->run()
10 SYSTEMPATH\Boot.php(68): CodeIgniter\Boot::runCodeIgniter(Object(CodeIgniter\CodeIgniter))
11 FCPATH\index.php(59): CodeIgniter\Boot::bootWeb(Object(Config\Paths))
12 SYSTEMPATH\rewrite.php(44): require_once('C:\\xampp\\htdocs\\kasirpos\\public\\index.php')
CRITICAL - 2026-04-28 08:31:22 --> ErrorException: Undefined variable $produk
[Method: GET, Route: admin]
in APPPATH\Views\kasir_view.php on line 120.
 1 APPPATH\Views\kasir_view.php(120): CodeIgniter\Debug\Exceptions->errorHandler(2, 'Undefined variable $produk', 'C:\\xampp\\htdocs\\kasirpos\\app\\Views\\kasir_view.php', 120)
 2 SYSTEMPATH\View\View.php(226): include('C:\\xampp\\htdocs\\kasirpos\\app\\Views\\kasir_view.php')
 3 SYSTEMPATH\View\View.php(229): CodeIgniter\View\View->CodeIgniter\View\{closure}()
 4 SYSTEMPATH\Common.php(1167): CodeIgniter\View\View->render('kasir_view', [], true)
 5 APPPATH\Controllers\Admin.php(44): view('kasir_view', [...])
 6 SYSTEMPATH\CodeIgniter.php(933): App\Controllers\Admin->index()
 7 SYSTEMPATH\CodeIgniter.php(507): CodeIgniter\CodeIgniter->runController(Object(App\Controllers\Admin))
 8 SYSTEMPATH\CodeIgniter.php(354): CodeIgniter\CodeIgniter->handleRequest(null, Object(Config\Cache), false)
 9 SYSTEMPATH\Boot.php(363): CodeIgniter\CodeIgniter->run()
10 SYSTEMPATH\Boot.php(68): CodeIgniter\Boot::runCodeIgniter(Object(CodeIgniter\CodeIgniter))
11 FCPATH\index.php(59): CodeIgniter\Boot::bootWeb(Object(Config\Paths))
12 SYSTEMPATH\rewrite.php(44): require_once('C:\\xampp\\htdocs\\kasirpos\\public\\index.php')
CRITICAL - 2026-04-28 08:31:22 --> ErrorException: Undefined variable $produk
[Method: GET, Route: admin]
in APPPATH\Views\kasir_view.php on line 120.
 1 APPPATH\Views\kasir_view.php(120): CodeIgniter\Debug\Exceptions->errorHandler(2, 'Undefined variable $produk', 'C:\\xampp\\htdocs\\kasirpos\\app\\Views\\kasir_view.php', 120)
 2 SYSTEMPATH\View\View.php(226): include('C:\\xampp\\htdocs\\kasirpos\\app\\Views\\kasir_view.php')
 3 SYSTEMPATH\View\View.php(229): CodeIgniter\View\View->CodeIgniter\View\{closure}()
 4 SYSTEMPATH\Common.php(1167): CodeIgniter\View\View->render('kasir_view', [], true)
 5 APPPATH\Controllers\Admin.php(44): view('kasir_view', [...])
 6 SYSTEMPATH\CodeIgniter.php(933): App\Controllers\Admin->index()
 7 SYSTEMPATH\CodeIgniter.php(507): CodeIgniter\CodeIgniter->runController(Object(App\Controllers\Admin))
 8 SYSTEMPATH\CodeIgniter.php(354): CodeIgniter\CodeIgniter->handleRequest(null, Object(Config\Cache), false)
 9 SYSTEMPATH\Boot.php(363): CodeIgniter\CodeIgniter->run()
10 SYSTEMPATH\Boot.php(68): CodeIgniter\Boot::runCodeIgniter(Object(CodeIgniter\CodeIgniter))
11 FCPATH\index.php(59): CodeIgniter\Boot::bootWeb(Object(Config\Paths))
12 SYSTEMPATH\rewrite.php(44): require_once('C:\\xampp\\htdocs\\kasirpos\\public\\index.php')
CRITICAL - 2026-04-28 08:31:24 --> ErrorException: Undefined array key "id"
[Method: GET, Route: kasir]
in APPPATH\Views\kasir_view.php on line 123.
 1 APPPATH\Views\kasir_view.php(123): CodeIgniter\Debug\Exceptions->errorHandler(2, 'Undefined array key "id"', 'C:\\xampp\\htdocs\\kasirpos\\app\\Views\\kasir_view.php', 123)
 2 SYSTEMPATH\View\View.php(226): include('C:\\xampp\\htdocs\\kasirpos\\app\\Views\\kasir_view.php')
 3 SYSTEMPATH\View\View.php(229): CodeIgniter\View\View->CodeIgniter\View\{closure}()
 4 SYSTEMPATH\Common.php(1167): CodeIgniter\View\View->render('kasir_view', [], true)
 5 APPPATH\Controllers\Kasir.php(17): view('kasir_view', [...])
 6 SYSTEMPATH\CodeIgniter.php(933): App\Controllers\Kasir->index()
 7 SYSTEMPATH\CodeIgniter.php(507): CodeIgniter\CodeIgniter->runController(Object(App\Controllers\Kasir))
 8 SYSTEMPATH\CodeIgniter.php(354): CodeIgniter\CodeIgniter->handleRequest(null, Object(Config\Cache), false)
 9 SYSTEMPATH\Boot.php(363): CodeIgniter\CodeIgniter->run()
10 SYSTEMPATH\Boot.php(68): CodeIgniter\Boot::runCodeIgniter(Object(CodeIgniter\CodeIgniter))
11 FCPATH\index.php(59): CodeIgniter\Boot::bootWeb(Object(Config\Paths))
12 SYSTEMPATH\rewrite.php(44): require_once('C:\\xampp\\htdocs\\kasirpos\\public\\index.php')
CRITICAL - 2026-04-28 08:33:49 --> ErrorException: Undefined array key "id"
[Method: GET, Route: kasir]
in APPPATH\Views\kasir_view.php on line 123.
 1 APPPATH\Views\kasir_view.php(123): CodeIgniter\Debug\Exceptions->errorHandler(2, 'Undefined array key "id"', 'C:\\xampp\\htdocs\\kasirpos\\app\\Views\\kasir_view.php', 123)
 2 SYSTEMPATH\View\View.php(226): include('C:\\xampp\\htdocs\\kasirpos\\app\\Views\\kasir_view.php')
 3 SYSTEMPATH\View\View.php(229): CodeIgniter\View\View->CodeIgniter\View\{closure}()
 4 SYSTEMPATH\Common.php(1167): CodeIgniter\View\View->render('kasir_view', [], true)
 5 APPPATH\Controllers\Kasir.php(17): view('kasir_view', [...])
 6 SYSTEMPATH\CodeIgniter.php(933): App\Controllers\Kasir->index()
 7 SYSTEMPATH\CodeIgniter.php(507): CodeIgniter\CodeIgniter->runController(Object(App\Controllers\Kasir))
 8 SYSTEMPATH\CodeIgniter.php(354): CodeIgniter\CodeIgniter->handleRequest(null, Object(Config\Cache), false)
 9 SYSTEMPATH\Boot.php(363): CodeIgniter\CodeIgniter->run()
10 SYSTEMPATH\Boot.php(68): CodeIgniter\Boot::runCodeIgniter(Object(CodeIgniter\CodeIgniter))
11 FCPATH\index.php(59): CodeIgniter\Boot::bootWeb(Object(Config\Paths))
12 SYSTEMPATH\rewrite.php(44): require_once('C:\\xampp\\htdocs\\kasirpos\\public\\index.php')
CRITICAL - 2026-04-28 08:33:50 --> ErrorException: Undefined array key "id"
[Method: GET, Route: kasir]
in APPPATH\Views\kasir_view.php on line 123.
 1 APPPATH\Views\kasir_view.php(123): CodeIgniter\Debug\Exceptions->errorHandler(2, 'Undefined array key "id"', 'C:\\xampp\\htdocs\\kasirpos\\app\\Views\\kasir_view.php', 123)
 2 SYSTEMPATH\View\View.php(226): include('C:\\xampp\\htdocs\\kasirpos\\app\\Views\\kasir_view.php')
 3 SYSTEMPATH\View\View.php(229): CodeIgniter\View\View->CodeIgniter\View\{closure}()
 4 SYSTEMPATH\Common.php(1167): CodeIgniter\View\View->render('kasir_view', [], true)
 5 APPPATH\Controllers\Kasir.php(17): view('kasir_view', [...])
 6 SYSTEMPATH\CodeIgniter.php(933): App\Controllers\Kasir->index()
 7 SYSTEMPATH\CodeIgniter.php(507): CodeIgniter\CodeIgniter->runController(Object(App\Controllers\Kasir))
 8 SYSTEMPATH\CodeIgniter.php(354): CodeIgniter\CodeIgniter->handleRequest(null, Object(Config\Cache), false)
 9 SYSTEMPATH\Boot.php(363): CodeIgniter\CodeIgniter->run()
10 SYSTEMPATH\Boot.php(68): CodeIgniter\Boot::runCodeIgniter(Object(CodeIgniter\CodeIgniter))
11 FCPATH\index.php(59): CodeIgniter\Boot::bootWeb(Object(Config\Paths))
12 SYSTEMPATH\rewrite.php(44): require_once('C:\\xampp\\htdocs\\kasirpos\\public\\index.php')
CRITICAL - 2026-04-28 08:33:52 --> ErrorException: Undefined variable $produk
[Method: GET, Route: admin]
in APPPATH\Views\kasir_view.php on line 120.
 1 APPPATH\Views\kasir_view.php(120): CodeIgniter\Debug\Exceptions->errorHandler(2, 'Undefined variable $produk', 'C:\\xampp\\htdocs\\kasirpos\\app\\Views\\kasir_view.php', 120)
 2 SYSTEMPATH\View\View.php(226): include('C:\\xampp\\htdocs\\kasirpos\\app\\Views\\kasir_view.php')
 3 SYSTEMPATH\View\View.php(229): CodeIgniter\View\View->CodeIgniter\View\{closure}()
 4 SYSTEMPATH\Common.php(1167): CodeIgniter\View\View->render('kasir_view', [], true)
 5 APPPATH\Controllers\Admin.php(44): view('kasir_view', [...])
 6 SYSTEMPATH\CodeIgniter.php(933): App\Controllers\Admin->index()
 7 SYSTEMPATH\CodeIgniter.php(507): CodeIgniter\CodeIgniter->runController(Object(App\Controllers\Admin))
 8 SYSTEMPATH\CodeIgniter.php(354): CodeIgniter\CodeIgniter->handleRequest(null, Object(Config\Cache), false)
 9 SYSTEMPATH\Boot.php(363): CodeIgniter\CodeIgniter->run()
10 SYSTEMPATH\Boot.php(68): CodeIgniter\Boot::runCodeIgniter(Object(CodeIgniter\CodeIgniter))
11 FCPATH\index.php(59): CodeIgniter\Boot::bootWeb(Object(Config\Paths))
12 SYSTEMPATH\rewrite.php(44): require_once('C:\\xampp\\htdocs\\kasirpos\\public\\index.php')
CRITICAL - 2026-04-28 08:34:49 --> ErrorException: Undefined variable $produk
[Method: GET, Route: admin]
in APPPATH\Views\kasir_view.php on line 120.
 1 APPPATH\Views\kasir_view.php(120): CodeIgniter\Debug\Exceptions->errorHandler(2, 'Undefined variable $produk', 'C:\\xampp\\htdocs\\kasirpos\\app\\Views\\kasir_view.php', 120)
 2 SYSTEMPATH\View\View.php(226): include('C:\\xampp\\htdocs\\kasirpos\\app\\Views\\kasir_view.php')
 3 SYSTEMPATH\View\View.php(229): CodeIgniter\View\View->CodeIgniter\View\{closure}()
 4 SYSTEMPATH\Common.php(1167): CodeIgniter\View\View->render('kasir_view', [], true)
 5 APPPATH\Controllers\Admin.php(44): view('kasir_view', [...])
 6 SYSTEMPATH\CodeIgniter.php(933): App\Controllers\Admin->index()
 7 SYSTEMPATH\CodeIgniter.php(507): CodeIgniter\CodeIgniter->runController(Object(App\Controllers\Admin))
 8 SYSTEMPATH\CodeIgniter.php(354): CodeIgniter\CodeIgniter->handleRequest(null, Object(Config\Cache), false)
 9 SYSTEMPATH\Boot.php(363): CodeIgniter\CodeIgniter->run()
10 SYSTEMPATH\Boot.php(68): CodeIgniter\Boot::runCodeIgniter(Object(CodeIgniter\CodeIgniter))
11 FCPATH\index.php(59): CodeIgniter\Boot::bootWeb(Object(Config\Paths))
12 SYSTEMPATH\rewrite.php(44): require_once('C:\\xampp\\htdocs\\kasirpos\\public\\index.php')
CRITICAL - 2026-04-28 08:34:50 --> ErrorException: Undefined variable $produk
[Method: GET, Route: admin]
in APPPATH\Views\kasir_view.php on line 120.
 1 APPPATH\Views\kasir_view.php(120): CodeIgniter\Debug\Exceptions->errorHandler(2, 'Undefined variable $produk', 'C:\\xampp\\htdocs\\kasirpos\\app\\Views\\kasir_view.php', 120)
 2 SYSTEMPATH\View\View.php(226): include('C:\\xampp\\htdocs\\kasirpos\\app\\Views\\kasir_view.php')
 3 SYSTEMPATH\View\View.php(229): CodeIgniter\View\View->CodeIgniter\View\{closure}()
 4 SYSTEMPATH\Common.php(1167): CodeIgniter\View\View->render('kasir_view', [], true)
 5 APPPATH\Controllers\Admin.php(44): view('kasir_view', [...])
 6 SYSTEMPATH\CodeIgniter.php(933): App\Controllers\Admin->index()
 7 SYSTEMPATH\CodeIgniter.php(507): CodeIgniter\CodeIgniter->runController(Object(App\Controllers\Admin))
 8 SYSTEMPATH\CodeIgniter.php(354): CodeIgniter\CodeIgniter->handleRequest(null, Object(Config\Cache), false)
 9 SYSTEMPATH\Boot.php(363): CodeIgniter\CodeIgniter->run()
10 SYSTEMPATH\Boot.php(68): CodeIgniter\Boot::runCodeIgniter(Object(CodeIgniter\CodeIgniter))
11 FCPATH\index.php(59): CodeIgniter\Boot::bootWeb(Object(Config\Paths))
12 SYSTEMPATH\rewrite.php(44): require_once('C:\\xampp\\htdocs\\kasirpos\\public\\index.php')
CRITICAL - 2026-04-28 08:34:50 --> ErrorException: Undefined variable $produk
[Method: GET, Route: admin]
in APPPATH\Views\kasir_view.php on line 120.
 1 APPPATH\Views\kasir_view.php(120): CodeIgniter\Debug\Exceptions->errorHandler(2, 'Undefined variable $produk', 'C:\\xampp\\htdocs\\kasirpos\\app\\Views\\kasir_view.php', 120)
 2 SYSTEMPATH\View\View.php(226): include('C:\\xampp\\htdocs\\kasirpos\\app\\Views\\kasir_view.php')
 3 SYSTEMPATH\View\View.php(229): CodeIgniter\View\View->CodeIgniter\View\{closure}()
 4 SYSTEMPATH\Common.php(1167): CodeIgniter\View\View->render('kasir_view', [], true)
 5 APPPATH\Controllers\Admin.php(44): view('kasir_view', [...])
 6 SYSTEMPATH\CodeIgniter.php(933): App\Controllers\Admin->index()
 7 SYSTEMPATH\CodeIgniter.php(507): CodeIgniter\CodeIgniter->runController(Object(App\Controllers\Admin))
 8 SYSTEMPATH\CodeIgniter.php(354): CodeIgniter\CodeIgniter->handleRequest(null, Object(Config\Cache), false)
 9 SYSTEMPATH\Boot.php(363): CodeIgniter\CodeIgniter->run()
10 SYSTEMPATH\Boot.php(68): CodeIgniter\Boot::runCodeIgniter(Object(CodeIgniter\CodeIgniter))
11 FCPATH\index.php(59): CodeIgniter\Boot::bootWeb(Object(Config\Paths))
12 SYSTEMPATH\rewrite.php(44): require_once('C:\\xampp\\htdocs\\kasirpos\\public\\index.php')
CRITICAL - 2026-04-28 08:35:13 --> ErrorException: Undefined variable $produk
[Method: GET, Route: admin]
in APPPATH\Views\kasir_view.php on line 120.
 1 APPPATH\Views\kasir_view.php(120): CodeIgniter\Debug\Exceptions->errorHandler(2, 'Undefined variable $produk', 'C:\\xampp\\htdocs\\kasirpos\\app\\Views\\kasir_view.php', 120)
 2 SYSTEMPATH\View\View.php(226): include('C:\\xampp\\htdocs\\kasirpos\\app\\Views\\kasir_view.php')
 3 SYSTEMPATH\View\View.php(229): CodeIgniter\View\View->CodeIgniter\View\{closure}()
 4 SYSTEMPATH\Common.php(1167): CodeIgniter\View\View->render('kasir_view', [], true)
 5 APPPATH\Controllers\Admin.php(44): view('kasir_view', [...])
 6 SYSTEMPATH\CodeIgniter.php(933): App\Controllers\Admin->index()
 7 SYSTEMPATH\CodeIgniter.php(507): CodeIgniter\CodeIgniter->runController(Object(App\Controllers\Admin))
 8 SYSTEMPATH\CodeIgniter.php(354): CodeIgniter\CodeIgniter->handleRequest(null, Object(Config\Cache), false)
 9 SYSTEMPATH\Boot.php(363): CodeIgniter\CodeIgniter->run()
10 SYSTEMPATH\Boot.php(68): CodeIgniter\Boot::runCodeIgniter(Object(CodeIgniter\CodeIgniter))
11 FCPATH\index.php(59): CodeIgniter\Boot::bootWeb(Object(Config\Paths))
12 SYSTEMPATH\rewrite.php(44): require_once('C:\\xampp\\htdocs\\kasirpos\\public\\index.php')
CRITICAL - 2026-04-28 08:35:14 --> ErrorException: Undefined variable $produk
[Method: GET, Route: admin]
in APPPATH\Views\kasir_view.php on line 120.
 1 APPPATH\Views\kasir_view.php(120): CodeIgniter\Debug\Exceptions->errorHandler(2, 'Undefined variable $produk', 'C:\\xampp\\htdocs\\kasirpos\\app\\Views\\kasir_view.php', 120)
 2 SYSTEMPATH\View\View.php(226): include('C:\\xampp\\htdocs\\kasirpos\\app\\Views\\kasir_view.php')
 3 SYSTEMPATH\View\View.php(229): CodeIgniter\View\View->CodeIgniter\View\{closure}()
 4 SYSTEMPATH\Common.php(1167): CodeIgniter\View\View->render('kasir_view', [], true)
 5 APPPATH\Controllers\Admin.php(44): view('kasir_view', [...])
 6 SYSTEMPATH\CodeIgniter.php(933): App\Controllers\Admin->index()
 7 SYSTEMPATH\CodeIgniter.php(507): CodeIgniter\CodeIgniter->runController(Object(App\Controllers\Admin))
 8 SYSTEMPATH\CodeIgniter.php(354): CodeIgniter\CodeIgniter->handleRequest(null, Object(Config\Cache), false)
 9 SYSTEMPATH\Boot.php(363): CodeIgniter\CodeIgniter->run()
10 SYSTEMPATH\Boot.php(68): CodeIgniter\Boot::runCodeIgniter(Object(CodeIgniter\CodeIgniter))
11 FCPATH\index.php(59): CodeIgniter\Boot::bootWeb(Object(Config\Paths))
12 SYSTEMPATH\rewrite.php(44): require_once('C:\\xampp\\htdocs\\kasirpos\\public\\index.php')
CRITICAL - 2026-04-28 08:35:15 --> ErrorException: Undefined variable $produk
[Method: GET, Route: admin]
in APPPATH\Views\kasir_view.php on line 120.
 1 APPPATH\Views\kasir_view.php(120): CodeIgniter\Debug\Exceptions->errorHandler(2, 'Undefined variable $produk', 'C:\\xampp\\htdocs\\kasirpos\\app\\Views\\kasir_view.php', 120)
 2 SYSTEMPATH\View\View.php(226): include('C:\\xampp\\htdocs\\kasirpos\\app\\Views\\kasir_view.php')
 3 SYSTEMPATH\View\View.php(229): CodeIgniter\View\View->CodeIgniter\View\{closure}()
 4 SYSTEMPATH\Common.php(1167): CodeIgniter\View\View->render('kasir_view', [], true)
 5 APPPATH\Controllers\Admin.php(44): view('kasir_view', [...])
 6 SYSTEMPATH\CodeIgniter.php(933): App\Controllers\Admin->index()
 7 SYSTEMPATH\CodeIgniter.php(507): CodeIgniter\CodeIgniter->runController(Object(App\Controllers\Admin))
 8 SYSTEMPATH\CodeIgniter.php(354): CodeIgniter\CodeIgniter->handleRequest(null, Object(Config\Cache), false)
 9 SYSTEMPATH\Boot.php(363): CodeIgniter\CodeIgniter->run()
10 SYSTEMPATH\Boot.php(68): CodeIgniter\Boot::runCodeIgniter(Object(CodeIgniter\CodeIgniter))
11 FCPATH\index.php(59): CodeIgniter\Boot::bootWeb(Object(Config\Paths))
12 SYSTEMPATH\rewrite.php(44): require_once('C:\\xampp\\htdocs\\kasirpos\\public\\index.php')
CRITICAL - 2026-04-28 08:35:15 --> ErrorException: Undefined variable $produk
[Method: GET, Route: admin]
in APPPATH\Views\kasir_view.php on line 120.
 1 APPPATH\Views\kasir_view.php(120): CodeIgniter\Debug\Exceptions->errorHandler(2, 'Undefined variable $produk', 'C:\\xampp\\htdocs\\kasirpos\\app\\Views\\kasir_view.php', 120)
 2 SYSTEMPATH\View\View.php(226): include('C:\\xampp\\htdocs\\kasirpos\\app\\Views\\kasir_view.php')
 3 SYSTEMPATH\View\View.php(229): CodeIgniter\View\View->CodeIgniter\View\{closure}()
 4 SYSTEMPATH\Common.php(1167): CodeIgniter\View\View->render('kasir_view', [], true)
 5 APPPATH\Controllers\Admin.php(44): view('kasir_view', [...])
 6 SYSTEMPATH\CodeIgniter.php(933): App\Controllers\Admin->index()
 7 SYSTEMPATH\CodeIgniter.php(507): CodeIgniter\CodeIgniter->runController(Object(App\Controllers\Admin))
 8 SYSTEMPATH\CodeIgniter.php(354): CodeIgniter\CodeIgniter->handleRequest(null, Object(Config\Cache), false)
 9 SYSTEMPATH\Boot.php(363): CodeIgniter\CodeIgniter->run()
10 SYSTEMPATH\Boot.php(68): CodeIgniter\Boot::runCodeIgniter(Object(CodeIgniter\CodeIgniter))
11 FCPATH\index.php(59): CodeIgniter\Boot::bootWeb(Object(Config\Paths))
12 SYSTEMPATH\rewrite.php(44): require_once('C:\\xampp\\htdocs\\kasirpos\\public\\index.php')
CRITICAL - 2026-04-28 08:35:15 --> ErrorException: Undefined variable $produk
[Method: GET, Route: admin]
in APPPATH\Views\kasir_view.php on line 120.
 1 APPPATH\Views\kasir_view.php(120): CodeIgniter\Debug\Exceptions->errorHandler(2, 'Undefined variable $produk', 'C:\\xampp\\htdocs\\kasirpos\\app\\Views\\kasir_view.php', 120)
 2 SYSTEMPATH\View\View.php(226): include('C:\\xampp\\htdocs\\kasirpos\\app\\Views\\kasir_view.php')
 3 SYSTEMPATH\View\View.php(229): CodeIgniter\View\View->CodeIgniter\View\{closure}()
 4 SYSTEMPATH\Common.php(1167): CodeIgniter\View\View->render('kasir_view', [], true)
 5 APPPATH\Controllers\Admin.php(44): view('kasir_view', [...])
 6 SYSTEMPATH\CodeIgniter.php(933): App\Controllers\Admin->index()
 7 SYSTEMPATH\CodeIgniter.php(507): CodeIgniter\CodeIgniter->runController(Object(App\Controllers\Admin))
 8 SYSTEMPATH\CodeIgniter.php(354): CodeIgniter\CodeIgniter->handleRequest(null, Object(Config\Cache), false)
 9 SYSTEMPATH\Boot.php(363): CodeIgniter\CodeIgniter->run()
10 SYSTEMPATH\Boot.php(68): CodeIgniter\Boot::runCodeIgniter(Object(CodeIgniter\CodeIgniter))
11 FCPATH\index.php(59): CodeIgniter\Boot::bootWeb(Object(Config\Paths))
12 SYSTEMPATH\rewrite.php(44): require_once('C:\\xampp\\htdocs\\kasirpos\\public\\index.php')
CRITICAL - 2026-04-28 08:36:16 --> ErrorException: Undefined array key "id"
[Method: GET, Route: kasir]
in APPPATH\Views\kasir_view.php on line 123.
 1 APPPATH\Views\kasir_view.php(123): CodeIgniter\Debug\Exceptions->errorHandler(2, 'Undefined array key "id"', 'C:\\xampp\\htdocs\\kasirpos\\app\\Views\\kasir_view.php', 123)
 2 SYSTEMPATH\View\View.php(226): include('C:\\xampp\\htdocs\\kasirpos\\app\\Views\\kasir_view.php')
 3 SYSTEMPATH\View\View.php(229): CodeIgniter\View\View->CodeIgniter\View\{closure}()
 4 SYSTEMPATH\Common.php(1167): CodeIgniter\View\View->render('kasir_view', [], true)
 5 APPPATH\Controllers\Kasir.php(17): view('kasir_view', [...])
 6 SYSTEMPATH\CodeIgniter.php(933): App\Controllers\Kasir->index()
 7 SYSTEMPATH\CodeIgniter.php(507): CodeIgniter\CodeIgniter->runController(Object(App\Controllers\Kasir))
 8 SYSTEMPATH\CodeIgniter.php(354): CodeIgniter\CodeIgniter->handleRequest(null, Object(Config\Cache), false)
 9 SYSTEMPATH\Boot.php(363): CodeIgniter\CodeIgniter->run()
10 SYSTEMPATH\Boot.php(68): CodeIgniter\Boot::runCodeIgniter(Object(CodeIgniter\CodeIgniter))
11 FCPATH\index.php(59): CodeIgniter\Boot::bootWeb(Object(Config\Paths))
12 SYSTEMPATH\rewrite.php(44): require_once('C:\\xampp\\htdocs\\kasirpos\\public\\index.php')
CRITICAL - 2026-04-28 08:36:19 --> ErrorException: Undefined array key "id"
[Method: GET, Route: kasir]
in APPPATH\Views\kasir_view.php on line 123.
 1 APPPATH\Views\kasir_view.php(123): CodeIgniter\Debug\Exceptions->errorHandler(2, 'Undefined array key "id"', 'C:\\xampp\\htdocs\\kasirpos\\app\\Views\\kasir_view.php', 123)
 2 SYSTEMPATH\View\View.php(226): include('C:\\xampp\\htdocs\\kasirpos\\app\\Views\\kasir_view.php')
 3 SYSTEMPATH\View\View.php(229): CodeIgniter\View\View->CodeIgniter\View\{closure}()
 4 SYSTEMPATH\Common.php(1167): CodeIgniter\View\View->render('kasir_view', [], true)
 5 APPPATH\Controllers\Kasir.php(17): view('kasir_view', [...])
 6 SYSTEMPATH\CodeIgniter.php(933): App\Controllers\Kasir->index()
 7 SYSTEMPATH\CodeIgniter.php(507): CodeIgniter\CodeIgniter->runController(Object(App\Controllers\Kasir))
 8 SYSTEMPATH\CodeIgniter.php(354): CodeIgniter\CodeIgniter->handleRequest(null, Object(Config\Cache), false)
 9 SYSTEMPATH\Boot.php(363): CodeIgniter\CodeIgniter->run()
10 SYSTEMPATH\Boot.php(68): CodeIgniter\Boot::runCodeIgniter(Object(CodeIgniter\CodeIgniter))
11 FCPATH\index.php(59): CodeIgniter\Boot::bootWeb(Object(Config\Paths))
12 SYSTEMPATH\rewrite.php(44): require_once('C:\\xampp\\htdocs\\kasirpos\\public\\index.php')
CRITICAL - 2026-04-28 08:36:41 --> ErrorException: Undefined array key "id"
[Method: GET, Route: kasir]
in APPPATH\Views\kasir_view.php on line 123.
 1 APPPATH\Views\kasir_view.php(123): CodeIgniter\Debug\Exceptions->errorHandler(2, 'Undefined array key "id"', 'C:\\xampp\\htdocs\\kasirpos\\app\\Views\\kasir_view.php', 123)
 2 SYSTEMPATH\View\View.php(226): include('C:\\xampp\\htdocs\\kasirpos\\app\\Views\\kasir_view.php')
 3 SYSTEMPATH\View\View.php(229): CodeIgniter\View\View->CodeIgniter\View\{closure}()
 4 SYSTEMPATH\Common.php(1167): CodeIgniter\View\View->render('kasir_view', [], true)
 5 APPPATH\Controllers\Kasir.php(17): view('kasir_view', [...])
 6 SYSTEMPATH\CodeIgniter.php(933): App\Controllers\Kasir->index()
 7 SYSTEMPATH\CodeIgniter.php(507): CodeIgniter\CodeIgniter->runController(Object(App\Controllers\Kasir))
 8 SYSTEMPATH\CodeIgniter.php(354): CodeIgniter\CodeIgniter->handleRequest(null, Object(Config\Cache), false)
 9 SYSTEMPATH\Boot.php(363): CodeIgniter\CodeIgniter->run()
10 SYSTEMPATH\Boot.php(68): CodeIgniter\Boot::runCodeIgniter(Object(CodeIgniter\CodeIgniter))
11 FCPATH\index.php(59): CodeIgniter\Boot::bootWeb(Object(Config\Paths))
12 SYSTEMPATH\rewrite.php(44): require_once('C:\\xampp\\htdocs\\kasirpos\\public\\index.php')
CRITICAL - 2026-04-28 08:37:31 --> ErrorException: Undefined array key "id"
[Method: GET, Route: kasir]
in APPPATH\Views\kasir_view.php on line 123.
 1 APPPATH\Views\kasir_view.php(123): CodeIgniter\Debug\Exceptions->errorHandler(2, 'Undefined array key "id"', 'C:\\xampp\\htdocs\\kasirpos\\app\\Views\\kasir_view.php', 123)
 2 SYSTEMPATH\View\View.php(226): include('C:\\xampp\\htdocs\\kasirpos\\app\\Views\\kasir_view.php')
 3 SYSTEMPATH\View\View.php(229): CodeIgniter\View\View->CodeIgniter\View\{closure}()
 4 SYSTEMPATH\Common.php(1167): CodeIgniter\View\View->render('kasir_view', [], true)
 5 APPPATH\Controllers\Kasir.php(17): view('kasir_view', [...])
 6 SYSTEMPATH\CodeIgniter.php(933): App\Controllers\Kasir->index()
 7 SYSTEMPATH\CodeIgniter.php(507): CodeIgniter\CodeIgniter->runController(Object(App\Controllers\Kasir))
 8 SYSTEMPATH\CodeIgniter.php(354): CodeIgniter\CodeIgniter->handleRequest(null, Object(Config\Cache), false)
 9 SYSTEMPATH\Boot.php(363): CodeIgniter\CodeIgniter->run()
10 SYSTEMPATH\Boot.php(68): CodeIgniter\Boot::runCodeIgniter(Object(CodeIgniter\CodeIgniter))
11 FCPATH\index.php(59): CodeIgniter\Boot::bootWeb(Object(Config\Paths))
12 SYSTEMPATH\rewrite.php(44): require_once('C:\\xampp\\htdocs\\kasirpos\\public\\index.php')
CRITICAL - 2026-04-28 08:37:32 --> ErrorException: Undefined array key "id"
[Method: GET, Route: kasir]
in APPPATH\Views\kasir_view.php on line 123.
 1 APPPATH\Views\kasir_view.php(123): CodeIgniter\Debug\Exceptions->errorHandler(2, 'Undefined array key "id"', 'C:\\xampp\\htdocs\\kasirpos\\app\\Views\\kasir_view.php', 123)
 2 SYSTEMPATH\View\View.php(226): include('C:\\xampp\\htdocs\\kasirpos\\app\\Views\\kasir_view.php')
 3 SYSTEMPATH\View\View.php(229): CodeIgniter\View\View->CodeIgniter\View\{closure}()
 4 SYSTEMPATH\Common.php(1167): CodeIgniter\View\View->render('kasir_view', [], true)
 5 APPPATH\Controllers\Kasir.php(17): view('kasir_view', [...])
 6 SYSTEMPATH\CodeIgniter.php(933): App\Controllers\Kasir->index()
 7 SYSTEMPATH\CodeIgniter.php(507): CodeIgniter\CodeIgniter->runController(Object(App\Controllers\Kasir))
 8 SYSTEMPATH\CodeIgniter.php(354): CodeIgniter\CodeIgniter->handleRequest(null, Object(Config\Cache), false)
 9 SYSTEMPATH\Boot.php(363): CodeIgniter\CodeIgniter->run()
10 SYSTEMPATH\Boot.php(68): CodeIgniter\Boot::runCodeIgniter(Object(CodeIgniter\CodeIgniter))
11 FCPATH\index.php(59): CodeIgniter\Boot::bootWeb(Object(Config\Paths))
12 SYSTEMPATH\rewrite.php(44): require_once('C:\\xampp\\htdocs\\kasirpos\\public\\index.php')
CRITICAL - 2026-04-28 08:50:22 --> ErrorException: Undefined array key "total_item"
[Method: GET, Route: admin]
in APPPATH\Views\admin_view.php on line 225.
 1 APPPATH\Views\admin_view.php(225): CodeIgniter\Debug\Exceptions->errorHandler(2, 'Undefined array key "total_item"', 'C:\\xampp\\htdocs\\kasirpos\\app\\Views\\admin_view.php', 225)
 2 SYSTEMPATH\View\View.php(226): include('C:\\xampp\\htdocs\\kasirpos\\app\\Views\\admin_view.php')
 3 SYSTEMPATH\View\View.php(229): CodeIgniter\View\View->CodeIgniter\View\{closure}()
 4 SYSTEMPATH\Common.php(1167): CodeIgniter\View\View->render('admin_view', [], true)
 5 APPPATH\Controllers\Admin.php(64): view('admin_view', [...])
 6 SYSTEMPATH\CodeIgniter.php(933): App\Controllers\Admin->index()
 7 SYSTEMPATH\CodeIgniter.php(507): CodeIgniter\CodeIgniter->runController(Object(App\Controllers\Admin))
 8 SYSTEMPATH\CodeIgniter.php(354): CodeIgniter\CodeIgniter->handleRequest(null, Object(Config\Cache), false)
 9 SYSTEMPATH\Boot.php(363): CodeIgniter\CodeIgniter->run()
10 SYSTEMPATH\Boot.php(68): CodeIgniter\Boot::runCodeIgniter(Object(CodeIgniter\CodeIgniter))
11 FCPATH\index.php(59): CodeIgniter\Boot::bootWeb(Object(Config\Paths))
12 SYSTEMPATH\rewrite.php(44): require_once('C:\\xampp\\htdocs\\kasirpos\\public\\index.php')
CRITICAL - 2026-04-28 08:50:53 --> ErrorException: Undefined array key "total_item"
[Method: GET, Route: admin]
in APPPATH\Views\admin_view.php on line 225.
 1 APPPATH\Views\admin_view.php(225): CodeIgniter\Debug\Exceptions->errorHandler(2, 'Undefined array key "total_item"', 'C:\\xampp\\htdocs\\kasirpos\\app\\Views\\admin_view.php', 225)
 2 SYSTEMPATH\View\View.php(226): include('C:\\xampp\\htdocs\\kasirpos\\app\\Views\\admin_view.php')
 3 SYSTEMPATH\View\View.php(229): CodeIgniter\View\View->CodeIgniter\View\{closure}()
 4 SYSTEMPATH\Common.php(1167): CodeIgniter\View\View->render('admin_view', [], true)
 5 APPPATH\Controllers\Admin.php(64): view('admin_view', [...])
 6 SYSTEMPATH\CodeIgniter.php(933): App\Controllers\Admin->index()
 7 SYSTEMPATH\CodeIgniter.php(507): CodeIgniter\CodeIgniter->runController(Object(App\Controllers\Admin))
 8 SYSTEMPATH\CodeIgniter.php(354): CodeIgniter\CodeIgniter->handleRequest(null, Object(Config\Cache), false)
 9 SYSTEMPATH\Boot.php(363): CodeIgniter\CodeIgniter->run()
10 SYSTEMPATH\Boot.php(68): CodeIgniter\Boot::runCodeIgniter(Object(CodeIgniter\CodeIgniter))
11 FCPATH\index.php(59): CodeIgniter\Boot::bootWeb(Object(Config\Paths))
12 SYSTEMPATH\rewrite.php(44): require_once('C:\\xampp\\htdocs\\kasirpos\\public\\index.php')
CRITICAL - 2026-04-28 08:51:05 --> ErrorException: Undefined array key "total_item"
[Method: GET, Route: admin]
in APPPATH\Views\admin_view.php on line 225.
 1 APPPATH\Views\admin_view.php(225): CodeIgniter\Debug\Exceptions->errorHandler(2, 'Undefined array key "total_item"', 'C:\\xampp\\htdocs\\kasirpos\\app\\Views\\admin_view.php', 225)
 2 SYSTEMPATH\View\View.php(226): include('C:\\xampp\\htdocs\\kasirpos\\app\\Views\\admin_view.php')
 3 SYSTEMPATH\View\View.php(229): CodeIgniter\View\View->CodeIgniter\View\{closure}()
 4 SYSTEMPATH\Common.php(1167): CodeIgniter\View\View->render('admin_view', [], true)
 5 APPPATH\Controllers\Admin.php(64): view('admin_view', [...])
 6 SYSTEMPATH\CodeIgniter.php(933): App\Controllers\Admin->index()
 7 SYSTEMPATH\CodeIgniter.php(507): CodeIgniter\CodeIgniter->runController(Object(App\Controllers\Admin))
 8 SYSTEMPATH\CodeIgniter.php(354): CodeIgniter\CodeIgniter->handleRequest(null, Object(Config\Cache), false)
 9 SYSTEMPATH\Boot.php(363): CodeIgniter\CodeIgniter->run()
10 SYSTEMPATH\Boot.php(68): CodeIgniter\Boot::runCodeIgniter(Object(CodeIgniter\CodeIgniter))
11 FCPATH\index.php(59): CodeIgniter\Boot::bootWeb(Object(Config\Paths))
12 SYSTEMPATH\rewrite.php(44): require_once('C:\\xampp\\htdocs\\kasirpos\\public\\index.php')
CRITICAL - 2026-04-28 08:51:06 --> ErrorException: Undefined array key "total_item"
[Method: GET, Route: admin]
in APPPATH\Views\admin_view.php on line 225.
 1 APPPATH\Views\admin_view.php(225): CodeIgniter\Debug\Exceptions->errorHandler(2, 'Undefined array key "total_item"', 'C:\\xampp\\htdocs\\kasirpos\\app\\Views\\admin_view.php', 225)
 2 SYSTEMPATH\View\View.php(226): include('C:\\xampp\\htdocs\\kasirpos\\app\\Views\\admin_view.php')
 3 SYSTEMPATH\View\View.php(229): CodeIgniter\View\View->CodeIgniter\View\{closure}()
 4 SYSTEMPATH\Common.php(1167): CodeIgniter\View\View->render('admin_view', [], true)
 5 APPPATH\Controllers\Admin.php(64): view('admin_view', [...])
 6 SYSTEMPATH\CodeIgniter.php(933): App\Controllers\Admin->index()
 7 SYSTEMPATH\CodeIgniter.php(507): CodeIgniter\CodeIgniter->runController(Object(App\Controllers\Admin))
 8 SYSTEMPATH\CodeIgniter.php(354): CodeIgniter\CodeIgniter->handleRequest(null, Object(Config\Cache), false)
 9 SYSTEMPATH\Boot.php(363): CodeIgniter\CodeIgniter->run()
10 SYSTEMPATH\Boot.php(68): CodeIgniter\Boot::runCodeIgniter(Object(CodeIgniter\CodeIgniter))
11 FCPATH\index.php(59): CodeIgniter\Boot::bootWeb(Object(Config\Paths))
12 SYSTEMPATH\rewrite.php(44): require_once('C:\\xampp\\htdocs\\kasirpos\\public\\index.php')
CRITICAL - 2026-04-28 08:51:07 --> ErrorException: Undefined array key "total_item"
[Method: GET, Route: admin]
in APPPATH\Views\admin_view.php on line 225.
 1 APPPATH\Views\admin_view.php(225): CodeIgniter\Debug\Exceptions->errorHandler(2, 'Undefined array key "total_item"', 'C:\\xampp\\htdocs\\kasirpos\\app\\Views\\admin_view.php', 225)
 2 SYSTEMPATH\View\View.php(226): include('C:\\xampp\\htdocs\\kasirpos\\app\\Views\\admin_view.php')
 3 SYSTEMPATH\View\View.php(229): CodeIgniter\View\View->CodeIgniter\View\{closure}()
 4 SYSTEMPATH\Common.php(1167): CodeIgniter\View\View->render('admin_view', [], true)
 5 APPPATH\Controllers\Admin.php(64): view('admin_view', [...])
 6 SYSTEMPATH\CodeIgniter.php(933): App\Controllers\Admin->index()
 7 SYSTEMPATH\CodeIgniter.php(507): CodeIgniter\CodeIgniter->runController(Object(App\Controllers\Admin))
 8 SYSTEMPATH\CodeIgniter.php(354): CodeIgniter\CodeIgniter->handleRequest(null, Object(Config\Cache), false)
 9 SYSTEMPATH\Boot.php(363): CodeIgniter\CodeIgniter->run()
10 SYSTEMPATH\Boot.php(68): CodeIgniter\Boot::runCodeIgniter(Object(CodeIgniter\CodeIgniter))
11 FCPATH\index.php(59): CodeIgniter\Boot::bootWeb(Object(Config\Paths))
12 SYSTEMPATH\rewrite.php(44): require_once('C:\\xampp\\htdocs\\kasirpos\\public\\index.php')
CRITICAL - 2026-04-28 08:51:12 --> ErrorException: Undefined array key "total_item"
[Method: GET, Route: admin]
in APPPATH\Views\admin_view.php on line 225.
 1 APPPATH\Views\admin_view.php(225): CodeIgniter\Debug\Exceptions->errorHandler(2, 'Undefined array key "total_item"', 'C:\\xampp\\htdocs\\kasirpos\\app\\Views\\admin_view.php', 225)
 2 SYSTEMPATH\View\View.php(226): include('C:\\xampp\\htdocs\\kasirpos\\app\\Views\\admin_view.php')
 3 SYSTEMPATH\View\View.php(229): CodeIgniter\View\View->CodeIgniter\View\{closure}()
 4 SYSTEMPATH\Common.php(1167): CodeIgniter\View\View->render('admin_view', [], true)
 5 APPPATH\Controllers\Admin.php(64): view('admin_view', [...])
 6 SYSTEMPATH\CodeIgniter.php(933): App\Controllers\Admin->index()
 7 SYSTEMPATH\CodeIgniter.php(507): CodeIgniter\CodeIgniter->runController(Object(App\Controllers\Admin))
 8 SYSTEMPATH\CodeIgniter.php(354): CodeIgniter\CodeIgniter->handleRequest(null, Object(Config\Cache), false)
 9 SYSTEMPATH\Boot.php(363): CodeIgniter\CodeIgniter->run()
10 SYSTEMPATH\Boot.php(68): CodeIgniter\Boot::runCodeIgniter(Object(CodeIgniter\CodeIgniter))
11 FCPATH\index.php(59): CodeIgniter\Boot::bootWeb(Object(Config\Paths))
12 SYSTEMPATH\rewrite.php(44): require_once('C:\\xampp\\htdocs\\kasirpos\\public\\index.php')
CRITICAL - 2026-04-28 08:51:13 --> ErrorException: Undefined array key "total_item"
[Method: GET, Route: admin]
in APPPATH\Views\admin_view.php on line 225.
 1 APPPATH\Views\admin_view.php(225): CodeIgniter\Debug\Exceptions->errorHandler(2, 'Undefined array key "total_item"', 'C:\\xampp\\htdocs\\kasirpos\\app\\Views\\admin_view.php', 225)
 2 SYSTEMPATH\View\View.php(226): include('C:\\xampp\\htdocs\\kasirpos\\app\\Views\\admin_view.php')
 3 SYSTEMPATH\View\View.php(229): CodeIgniter\View\View->CodeIgniter\View\{closure}()
 4 SYSTEMPATH\Common.php(1167): CodeIgniter\View\View->render('admin_view', [], true)
 5 APPPATH\Controllers\Admin.php(64): view('admin_view', [...])
 6 SYSTEMPATH\CodeIgniter.php(933): App\Controllers\Admin->index()
 7 SYSTEMPATH\CodeIgniter.php(507): CodeIgniter\CodeIgniter->runController(Object(App\Controllers\Admin))
 8 SYSTEMPATH\CodeIgniter.php(354): CodeIgniter\CodeIgniter->handleRequest(null, Object(Config\Cache), false)
 9 SYSTEMPATH\Boot.php(363): CodeIgniter\CodeIgniter->run()
10 SYSTEMPATH\Boot.php(68): CodeIgniter\Boot::runCodeIgniter(Object(CodeIgniter\CodeIgniter))
11 FCPATH\index.php(59): CodeIgniter\Boot::bootWeb(Object(Config\Paths))
12 SYSTEMPATH\rewrite.php(44): require_once('C:\\xampp\\htdocs\\kasirpos\\public\\index.php')
CRITICAL - 2026-04-28 08:51:13 --> ErrorException: Undefined array key "total_item"
[Method: GET, Route: admin]
in APPPATH\Views\admin_view.php on line 225.
 1 APPPATH\Views\admin_view.php(225): CodeIgniter\Debug\Exceptions->errorHandler(2, 'Undefined array key "total_item"', 'C:\\xampp\\htdocs\\kasirpos\\app\\Views\\admin_view.php', 225)
 2 SYSTEMPATH\View\View.php(226): include('C:\\xampp\\htdocs\\kasirpos\\app\\Views\\admin_view.php')
 3 SYSTEMPATH\View\View.php(229): CodeIgniter\View\View->CodeIgniter\View\{closure}()
 4 SYSTEMPATH\Common.php(1167): CodeIgniter\View\View->render('admin_view', [], true)
 5 APPPATH\Controllers\Admin.php(64): view('admin_view', [...])
 6 SYSTEMPATH\CodeIgniter.php(933): App\Controllers\Admin->index()
 7 SYSTEMPATH\CodeIgniter.php(507): CodeIgniter\CodeIgniter->runController(Object(App\Controllers\Admin))
 8 SYSTEMPATH\CodeIgniter.php(354): CodeIgniter\CodeIgniter->handleRequest(null, Object(Config\Cache), false)
 9 SYSTEMPATH\Boot.php(363): CodeIgniter\CodeIgniter->run()
10 SYSTEMPATH\Boot.php(68): CodeIgniter\Boot::runCodeIgniter(Object(CodeIgniter\CodeIgniter))
11 FCPATH\index.php(59): CodeIgniter\Boot::bootWeb(Object(Config\Paths))
12 SYSTEMPATH\rewrite.php(44): require_once('C:\\xampp\\htdocs\\kasirpos\\public\\index.php')
CRITICAL - 2026-04-28 08:55:14 --> ErrorException: Undefined array key "total_item"
[Method: GET, Route: admin]
in APPPATH\Views\admin_view.php on line 246.
 1 APPPATH\Views\admin_view.php(246): CodeIgniter\Debug\Exceptions->errorHandler(2, 'Undefined array key "total_item"', 'C:\\xampp\\htdocs\\kasirpos\\app\\Views\\admin_view.php', 246)
 2 SYSTEMPATH\View\View.php(226): include('C:\\xampp\\htdocs\\kasirpos\\app\\Views\\admin_view.php')
 3 SYSTEMPATH\View\View.php(229): CodeIgniter\View\View->CodeIgniter\View\{closure}()
 4 SYSTEMPATH\Common.php(1167): CodeIgniter\View\View->render('admin_view', [], true)
 5 APPPATH\Controllers\Admin.php(64): view('admin_view', [...])
 6 SYSTEMPATH\CodeIgniter.php(933): App\Controllers\Admin->index()
 7 SYSTEMPATH\CodeIgniter.php(507): CodeIgniter\CodeIgniter->runController(Object(App\Controllers\Admin))
 8 SYSTEMPATH\CodeIgniter.php(354): CodeIgniter\CodeIgniter->handleRequest(null, Object(Config\Cache), false)
 9 SYSTEMPATH\Boot.php(363): CodeIgniter\CodeIgniter->run()
10 SYSTEMPATH\Boot.php(68): CodeIgniter\Boot::runCodeIgniter(Object(CodeIgniter\CodeIgniter))
11 FCPATH\index.php(59): CodeIgniter\Boot::bootWeb(Object(Config\Paths))
12 SYSTEMPATH\rewrite.php(44): require_once('C:\\xampp\\htdocs\\kasirpos\\public\\index.php')
CRITICAL - 2026-04-28 10:18:02 --> ErrorException: Undefined array key "produk_id"
[Method: GET, Route: /]
in APPPATH\Views\kasir_view.php on line 124.
 1 APPPATH\Views\kasir_view.php(124): CodeIgniter\Debug\Exceptions->errorHandler(2, 'Undefined array key "produk_id"', 'C:\\xampp\\htdocs\\kasirpos\\app\\Views\\kasir_view.php', 124)
 2 SYSTEMPATH\View\View.php(226): include('C:\\xampp\\htdocs\\kasirpos\\app\\Views\\kasir_view.php')
 3 SYSTEMPATH\View\View.php(229): CodeIgniter\View\View->CodeIgniter\View\{closure}()
 4 SYSTEMPATH\Common.php(1167): CodeIgniter\View\View->render('kasir_view', [], true)
 5 APPPATH\Controllers\Kasir.php(17): view('kasir_view', [...])
 6 SYSTEMPATH\CodeIgniter.php(933): App\Controllers\Kasir->index()
 7 SYSTEMPATH\CodeIgniter.php(507): CodeIgniter\CodeIgniter->runController(Object(App\Controllers\Kasir))
 8 SYSTEMPATH\CodeIgniter.php(354): CodeIgniter\CodeIgniter->handleRequest(null, Object(Config\Cache), false)
 9 SYSTEMPATH\Boot.php(363): CodeIgniter\CodeIgniter->run()
10 SYSTEMPATH\Boot.php(68): CodeIgniter\Boot::runCodeIgniter(Object(CodeIgniter\CodeIgniter))
11 FCPATH\index.php(59): CodeIgniter\Boot::bootWeb(Object(Config\Paths))
12 SYSTEMPATH\rewrite.php(44): require_once('C:\\xampp\\htdocs\\kasirpos\\public\\index.php')
CRITICAL - 2026-04-28 10:18:03 --> ErrorException: Undefined array key "produk_id"
[Method: GET, Route: /]
in APPPATH\Views\kasir_view.php on line 124.
 1 APPPATH\Views\kasir_view.php(124): CodeIgniter\Debug\Exceptions->errorHandler(2, 'Undefined array key "produk_id"', 'C:\\xampp\\htdocs\\kasirpos\\app\\Views\\kasir_view.php', 124)
 2 SYSTEMPATH\View\View.php(226): include('C:\\xampp\\htdocs\\kasirpos\\app\\Views\\kasir_view.php')
 3 SYSTEMPATH\View\View.php(229): CodeIgniter\View\View->CodeIgniter\View\{closure}()
 4 SYSTEMPATH\Common.php(1167): CodeIgniter\View\View->render('kasir_view', [], true)
 5 APPPATH\Controllers\Kasir.php(17): view('kasir_view', [...])
 6 SYSTEMPATH\CodeIgniter.php(933): App\Controllers\Kasir->index()
 7 SYSTEMPATH\CodeIgniter.php(507): CodeIgniter\CodeIgniter->runController(Object(App\Controllers\Kasir))
 8 SYSTEMPATH\CodeIgniter.php(354): CodeIgniter\CodeIgniter->handleRequest(null, Object(Config\Cache), false)
 9 SYSTEMPATH\Boot.php(363): CodeIgniter\CodeIgniter->run()
10 SYSTEMPATH\Boot.php(68): CodeIgniter\Boot::runCodeIgniter(Object(CodeIgniter\CodeIgniter))
11 FCPATH\index.php(59): CodeIgniter\Boot::bootWeb(Object(Config\Paths))
12 SYSTEMPATH\rewrite.php(44): require_once('C:\\xampp\\htdocs\\kasirpos\\public\\index.php')
CRITICAL - 2026-04-28 10:18:03 --> ErrorException: Undefined array key "produk_id"
[Method: GET, Route: /]
in APPPATH\Views\kasir_view.php on line 124.
 1 APPPATH\Views\kasir_view.php(124): CodeIgniter\Debug\Exceptions->errorHandler(2, 'Undefined array key "produk_id"', 'C:\\xampp\\htdocs\\kasirpos\\app\\Views\\kasir_view.php', 124)
 2 SYSTEMPATH\View\View.php(226): include('C:\\xampp\\htdocs\\kasirpos\\app\\Views\\kasir_view.php')
 3 SYSTEMPATH\View\View.php(229): CodeIgniter\View\View->CodeIgniter\View\{closure}()
 4 SYSTEMPATH\Common.php(1167): CodeIgniter\View\View->render('kasir_view', [], true)
 5 APPPATH\Controllers\Kasir.php(17): view('kasir_view', [...])
 6 SYSTEMPATH\CodeIgniter.php(933): App\Controllers\Kasir->index()
 7 SYSTEMPATH\CodeIgniter.php(507): CodeIgniter\CodeIgniter->runController(Object(App\Controllers\Kasir))
 8 SYSTEMPATH\CodeIgniter.php(354): CodeIgniter\CodeIgniter->handleRequest(null, Object(Config\Cache), false)
 9 SYSTEMPATH\Boot.php(363): CodeIgniter\CodeIgniter->run()
10 SYSTEMPATH\Boot.php(68): CodeIgniter\Boot::runCodeIgniter(Object(CodeIgniter\CodeIgniter))
11 FCPATH\index.php(59): CodeIgniter\Boot::bootWeb(Object(Config\Paths))
12 SYSTEMPATH\rewrite.php(44): require_once('C:\\xampp\\htdocs\\kasirpos\\public\\index.php')
CRITICAL - 2026-04-28 10:18:03 --> ErrorException: Undefined array key "produk_id"
[Method: GET, Route: /]
in APPPATH\Views\kasir_view.php on line 124.
 1 APPPATH\Views\kasir_view.php(124): CodeIgniter\Debug\Exceptions->errorHandler(2, 'Undefined array key "produk_id"', 'C:\\xampp\\htdocs\\kasirpos\\app\\Views\\kasir_view.php', 124)
 2 SYSTEMPATH\View\View.php(226): include('C:\\xampp\\htdocs\\kasirpos\\app\\Views\\kasir_view.php')
 3 SYSTEMPATH\View\View.php(229): CodeIgniter\View\View->CodeIgniter\View\{closure}()
 4 SYSTEMPATH\Common.php(1167): CodeIgniter\View\View->render('kasir_view', [], true)
 5 APPPATH\Controllers\Kasir.php(17): view('kasir_view', [...])
 6 SYSTEMPATH\CodeIgniter.php(933): App\Controllers\Kasir->index()
 7 SYSTEMPATH\CodeIgniter.php(507): CodeIgniter\CodeIgniter->runController(Object(App\Controllers\Kasir))
 8 SYSTEMPATH\CodeIgniter.php(354): CodeIgniter\CodeIgniter->handleRequest(null, Object(Config\Cache), false)
 9 SYSTEMPATH\Boot.php(363): CodeIgniter\CodeIgniter->run()
10 SYSTEMPATH\Boot.php(68): CodeIgniter\Boot::runCodeIgniter(Object(CodeIgniter\CodeIgniter))
11 FCPATH\index.php(59): CodeIgniter\Boot::bootWeb(Object(Config\Paths))
12 SYSTEMPATH\rewrite.php(44): require_once('C:\\xampp\\htdocs\\kasirpos\\public\\index.php')
CRITICAL - 2026-04-28 10:18:03 --> ErrorException: Undefined array key "produk_id"
[Method: GET, Route: /]
in APPPATH\Views\kasir_view.php on line 124.
 1 APPPATH\Views\kasir_view.php(124): CodeIgniter\Debug\Exceptions->errorHandler(2, 'Undefined array key "produk_id"', 'C:\\xampp\\htdocs\\kasirpos\\app\\Views\\kasir_view.php', 124)
 2 SYSTEMPATH\View\View.php(226): include('C:\\xampp\\htdocs\\kasirpos\\app\\Views\\kasir_view.php')
 3 SYSTEMPATH\View\View.php(229): CodeIgniter\View\View->CodeIgniter\View\{closure}()
 4 SYSTEMPATH\Common.php(1167): CodeIgniter\View\View->render('kasir_view', [], true)
 5 APPPATH\Controllers\Kasir.php(17): view('kasir_view', [...])
 6 SYSTEMPATH\CodeIgniter.php(933): App\Controllers\Kasir->index()
 7 SYSTEMPATH\CodeIgniter.php(507): CodeIgniter\CodeIgniter->runController(Object(App\Controllers\Kasir))
 8 SYSTEMPATH\CodeIgniter.php(354): CodeIgniter\CodeIgniter->handleRequest(null, Object(Config\Cache), false)
 9 SYSTEMPATH\Boot.php(363): CodeIgniter\CodeIgniter->run()
10 SYSTEMPATH\Boot.php(68): CodeIgniter\Boot::runCodeIgniter(Object(CodeIgniter\CodeIgniter))
11 FCPATH\index.php(59): CodeIgniter\Boot::bootWeb(Object(Config\Paths))
12 SYSTEMPATH\rewrite.php(44): require_once('C:\\xampp\\htdocs\\kasirpos\\public\\index.php')
CRITICAL - 2026-04-28 10:18:10 --> ErrorException: Undefined array key "produk_id"
[Method: GET, Route: kasir]
in APPPATH\Views\kasir_view.php on line 124.
 1 APPPATH\Views\kasir_view.php(124): CodeIgniter\Debug\Exceptions->errorHandler(2, 'Undefined array key "produk_id"', 'C:\\xampp\\htdocs\\kasirpos\\app\\Views\\kasir_view.php', 124)
 2 SYSTEMPATH\View\View.php(226): include('C:\\xampp\\htdocs\\kasirpos\\app\\Views\\kasir_view.php')
 3 SYSTEMPATH\View\View.php(229): CodeIgniter\View\View->CodeIgniter\View\{closure}()
 4 SYSTEMPATH\Common.php(1167): CodeIgniter\View\View->render('kasir_view', [], true)
 5 APPPATH\Controllers\Kasir.php(17): view('kasir_view', [...])
 6 SYSTEMPATH\CodeIgniter.php(933): App\Controllers\Kasir->index()
 7 SYSTEMPATH\CodeIgniter.php(507): CodeIgniter\CodeIgniter->runController(Object(App\Controllers\Kasir))
 8 SYSTEMPATH\CodeIgniter.php(354): CodeIgniter\CodeIgniter->handleRequest(null, Object(Config\Cache), false)
 9 SYSTEMPATH\Boot.php(363): CodeIgniter\CodeIgniter->run()
10 SYSTEMPATH\Boot.php(68): CodeIgniter\Boot::runCodeIgniter(Object(CodeIgniter\CodeIgniter))
11 FCPATH\index.php(59): CodeIgniter\Boot::bootWeb(Object(Config\Paths))
12 SYSTEMPATH\rewrite.php(44): require_once('C:\\xampp\\htdocs\\kasirpos\\public\\index.php')
CRITICAL - 2026-04-28 10:29:34 --> ErrorException: Undefined array key "produk_id"
[Method: GET, Route: kasir]
in APPPATH\Views\kasir_view.php on line 124.
 1 APPPATH\Views\kasir_view.php(124): CodeIgniter\Debug\Exceptions->errorHandler(2, 'Undefined array key "produk_id"', 'C:\\xampp\\htdocs\\kasirpos\\app\\Views\\kasir_view.php', 124)
 2 SYSTEMPATH\View\View.php(226): include('C:\\xampp\\htdocs\\kasirpos\\app\\Views\\kasir_view.php')
 3 SYSTEMPATH\View\View.php(229): CodeIgniter\View\View->CodeIgniter\View\{closure}()
 4 SYSTEMPATH\Common.php(1167): CodeIgniter\View\View->render('kasir_view', [], true)
 5 APPPATH\Controllers\Kasir.php(17): view('kasir_view', [...])
 6 SYSTEMPATH\CodeIgniter.php(933): App\Controllers\Kasir->index()
 7 SYSTEMPATH\CodeIgniter.php(507): CodeIgniter\CodeIgniter->runController(Object(App\Controllers\Kasir))
 8 SYSTEMPATH\CodeIgniter.php(354): CodeIgniter\CodeIgniter->handleRequest(null, Object(Config\Cache), false)
 9 SYSTEMPATH\Boot.php(363): CodeIgniter\CodeIgniter->run()
10 SYSTEMPATH\Boot.php(68): CodeIgniter\Boot::runCodeIgniter(Object(CodeIgniter\CodeIgniter))
11 FCPATH\index.php(59): CodeIgniter\Boot::bootWeb(Object(Config\Paths))
12 SYSTEMPATH\rewrite.php(44): require_once('C:\\xampp\\htdocs\\kasirpos\\public\\index.php')
CRITICAL - 2026-04-28 10:29:35 --> ErrorException: Undefined array key "produk_id"
[Method: GET, Route: kasir]
in APPPATH\Views\kasir_view.php on line 124.
 1 APPPATH\Views\kasir_view.php(124): CodeIgniter\Debug\Exceptions->errorHandler(2, 'Undefined array key "produk_id"', 'C:\\xampp\\htdocs\\kasirpos\\app\\Views\\kasir_view.php', 124)
 2 SYSTEMPATH\View\View.php(226): include('C:\\xampp\\htdocs\\kasirpos\\app\\Views\\kasir_view.php')
 3 SYSTEMPATH\View\View.php(229): CodeIgniter\View\View->CodeIgniter\View\{closure}()
 4 SYSTEMPATH\Common.php(1167): CodeIgniter\View\View->render('kasir_view', [], true)
 5 APPPATH\Controllers\Kasir.php(17): view('kasir_view', [...])
 6 SYSTEMPATH\CodeIgniter.php(933): App\Controllers\Kasir->index()
 7 SYSTEMPATH\CodeIgniter.php(507): CodeIgniter\CodeIgniter->runController(Object(App\Controllers\Kasir))
 8 SYSTEMPATH\CodeIgniter.php(354): CodeIgniter\CodeIgniter->handleRequest(null, Object(Config\Cache), false)
 9 SYSTEMPATH\Boot.php(363): CodeIgniter\CodeIgniter->run()
10 SYSTEMPATH\Boot.php(68): CodeIgniter\Boot::runCodeIgniter(Object(CodeIgniter\CodeIgniter))
11 FCPATH\index.php(59): CodeIgniter\Boot::bootWeb(Object(Config\Paths))
12 SYSTEMPATH\rewrite.php(44): require_once('C:\\xampp\\htdocs\\kasirpos\\public\\index.php')
CRITICAL - 2026-04-28 10:29:35 --> ErrorException: Undefined array key "produk_id"
[Method: GET, Route: kasir]
in APPPATH\Views\kasir_view.php on line 124.
 1 APPPATH\Views\kasir_view.php(124): CodeIgniter\Debug\Exceptions->errorHandler(2, 'Undefined array key "produk_id"', 'C:\\xampp\\htdocs\\kasirpos\\app\\Views\\kasir_view.php', 124)
 2 SYSTEMPATH\View\View.php(226): include('C:\\xampp\\htdocs\\kasirpos\\app\\Views\\kasir_view.php')
 3 SYSTEMPATH\View\View.php(229): CodeIgniter\View\View->CodeIgniter\View\{closure}()
 4 SYSTEMPATH\Common.php(1167): CodeIgniter\View\View->render('kasir_view', [], true)
 5 APPPATH\Controllers\Kasir.php(17): view('kasir_view', [...])
 6 SYSTEMPATH\CodeIgniter.php(933): App\Controllers\Kasir->index()
 7 SYSTEMPATH\CodeIgniter.php(507): CodeIgniter\CodeIgniter->runController(Object(App\Controllers\Kasir))
 8 SYSTEMPATH\CodeIgniter.php(354): CodeIgniter\CodeIgniter->handleRequest(null, Object(Config\Cache), false)
 9 SYSTEMPATH\Boot.php(363): CodeIgniter\CodeIgniter->run()
10 SYSTEMPATH\Boot.php(68): CodeIgniter\Boot::runCodeIgniter(Object(CodeIgniter\CodeIgniter))
11 FCPATH\index.php(59): CodeIgniter\Boot::bootWeb(Object(Config\Paths))
12 SYSTEMPATH\rewrite.php(44): require_once('C:\\xampp\\htdocs\\kasirpos\\public\\index.php')
CRITICAL - 2026-04-28 10:29:35 --> ErrorException: Undefined array key "produk_id"
[Method: GET, Route: kasir]
in APPPATH\Views\kasir_view.php on line 124.
 1 APPPATH\Views\kasir_view.php(124): CodeIgniter\Debug\Exceptions->errorHandler(2, 'Undefined array key "produk_id"', 'C:\\xampp\\htdocs\\kasirpos\\app\\Views\\kasir_view.php', 124)
 2 SYSTEMPATH\View\View.php(226): include('C:\\xampp\\htdocs\\kasirpos\\app\\Views\\kasir_view.php')
 3 SYSTEMPATH\View\View.php(229): CodeIgniter\View\View->CodeIgniter\View\{closure}()
 4 SYSTEMPATH\Common.php(1167): CodeIgniter\View\View->render('kasir_view', [], true)
 5 APPPATH\Controllers\Kasir.php(17): view('kasir_view', [...])
 6 SYSTEMPATH\CodeIgniter.php(933): App\Controllers\Kasir->index()
 7 SYSTEMPATH\CodeIgniter.php(507): CodeIgniter\CodeIgniter->runController(Object(App\Controllers\Kasir))
 8 SYSTEMPATH\CodeIgniter.php(354): CodeIgniter\CodeIgniter->handleRequest(null, Object(Config\Cache), false)
 9 SYSTEMPATH\Boot.php(363): CodeIgniter\CodeIgniter->run()
10 SYSTEMPATH\Boot.php(68): CodeIgniter\Boot::runCodeIgniter(Object(CodeIgniter\CodeIgniter))
11 FCPATH\index.php(59): CodeIgniter\Boot::bootWeb(Object(Config\Paths))
12 SYSTEMPATH\rewrite.php(44): require_once('C:\\xampp\\htdocs\\kasirpos\\public\\index.php')
CRITICAL - 2026-04-28 10:29:36 --> ErrorException: Undefined array key "produk_id"
[Method: GET, Route: kasir]
in APPPATH\Views\kasir_view.php on line 124.
 1 APPPATH\Views\kasir_view.php(124): CodeIgniter\Debug\Exceptions->errorHandler(2, 'Undefined array key "produk_id"', 'C:\\xampp\\htdocs\\kasirpos\\app\\Views\\kasir_view.php', 124)
 2 SYSTEMPATH\View\View.php(226): include('C:\\xampp\\htdocs\\kasirpos\\app\\Views\\kasir_view.php')
 3 SYSTEMPATH\View\View.php(229): CodeIgniter\View\View->CodeIgniter\View\{closure}()
 4 SYSTEMPATH\Common.php(1167): CodeIgniter\View\View->render('kasir_view', [], true)
 5 APPPATH\Controllers\Kasir.php(17): view('kasir_view', [...])
 6 SYSTEMPATH\CodeIgniter.php(933): App\Controllers\Kasir->index()
 7 SYSTEMPATH\CodeIgniter.php(507): CodeIgniter\CodeIgniter->runController(Object(App\Controllers\Kasir))
 8 SYSTEMPATH\CodeIgniter.php(354): CodeIgniter\CodeIgniter->handleRequest(null, Object(Config\Cache), false)
 9 SYSTEMPATH\Boot.php(363): CodeIgniter\CodeIgniter->run()
10 SYSTEMPATH\Boot.php(68): CodeIgniter\Boot::runCodeIgniter(Object(CodeIgniter\CodeIgniter))
11 FCPATH\index.php(59): CodeIgniter\Boot::bootWeb(Object(Config\Paths))
12 SYSTEMPATH\rewrite.php(44): require_once('C:\\xampp\\htdocs\\kasirpos\\public\\index.php')
CRITICAL - 2026-04-28 10:30:43 --> ErrorException: Undefined array key "produk_id"
[Method: GET, Route: kasir]
in APPPATH\Views\kasir_view.php on line 124.
 1 APPPATH\Views\kasir_view.php(124): CodeIgniter\Debug\Exceptions->errorHandler(2, 'Undefined array key "produk_id"', 'C:\\xampp\\htdocs\\kasirpos\\app\\Views\\kasir_view.php', 124)
 2 SYSTEMPATH\View\View.php(226): include('C:\\xampp\\htdocs\\kasirpos\\app\\Views\\kasir_view.php')
 3 SYSTEMPATH\View\View.php(229): CodeIgniter\View\View->CodeIgniter\View\{closure}()
 4 SYSTEMPATH\Common.php(1167): CodeIgniter\View\View->render('kasir_view', [], true)
 5 APPPATH\Controllers\Kasir.php(17): view('kasir_view', [...])
 6 SYSTEMPATH\CodeIgniter.php(933): App\Controllers\Kasir->index()
 7 SYSTEMPATH\CodeIgniter.php(507): CodeIgniter\CodeIgniter->runController(Object(App\Controllers\Kasir))
 8 SYSTEMPATH\CodeIgniter.php(354): CodeIgniter\CodeIgniter->handleRequest(null, Object(Config\Cache), false)
 9 SYSTEMPATH\Boot.php(363): CodeIgniter\CodeIgniter->run()
10 SYSTEMPATH\Boot.php(68): CodeIgniter\Boot::runCodeIgniter(Object(CodeIgniter\CodeIgniter))
11 FCPATH\index.php(59): CodeIgniter\Boot::bootWeb(Object(Config\Paths))
12 SYSTEMPATH\rewrite.php(44): require_once('C:\\xampp\\htdocs\\kasirpos\\public\\index.php')
CRITICAL - 2026-04-28 10:30:44 --> ErrorException: Undefined array key "produk_id"
[Method: GET, Route: kasir]
in APPPATH\Views\kasir_view.php on line 124.
 1 APPPATH\Views\kasir_view.php(124): CodeIgniter\Debug\Exceptions->errorHandler(2, 'Undefined array key "produk_id"', 'C:\\xampp\\htdocs\\kasirpos\\app\\Views\\kasir_view.php', 124)
 2 SYSTEMPATH\View\View.php(226): include('C:\\xampp\\htdocs\\kasirpos\\app\\Views\\kasir_view.php')
 3 SYSTEMPATH\View\View.php(229): CodeIgniter\View\View->CodeIgniter\View\{closure}()
 4 SYSTEMPATH\Common.php(1167): CodeIgniter\View\View->render('kasir_view', [], true)
 5 APPPATH\Controllers\Kasir.php(17): view('kasir_view', [...])
 6 SYSTEMPATH\CodeIgniter.php(933): App\Controllers\Kasir->index()
 7 SYSTEMPATH\CodeIgniter.php(507): CodeIgniter\CodeIgniter->runController(Object(App\Controllers\Kasir))
 8 SYSTEMPATH\CodeIgniter.php(354): CodeIgniter\CodeIgniter->handleRequest(null, Object(Config\Cache), false)
 9 SYSTEMPATH\Boot.php(363): CodeIgniter\CodeIgniter->run()
10 SYSTEMPATH\Boot.php(68): CodeIgniter\Boot::runCodeIgniter(Object(CodeIgniter\CodeIgniter))
11 FCPATH\index.php(59): CodeIgniter\Boot::bootWeb(Object(Config\Paths))
12 SYSTEMPATH\rewrite.php(44): require_once('C:\\xampp\\htdocs\\kasirpos\\public\\index.php')
CRITICAL - 2026-04-28 10:30:44 --> ErrorException: Undefined array key "produk_id"
[Method: GET, Route: kasir]
in APPPATH\Views\kasir_view.php on line 124.
 1 APPPATH\Views\kasir_view.php(124): CodeIgniter\Debug\Exceptions->errorHandler(2, 'Undefined array key "produk_id"', 'C:\\xampp\\htdocs\\kasirpos\\app\\Views\\kasir_view.php', 124)
 2 SYSTEMPATH\View\View.php(226): include('C:\\xampp\\htdocs\\kasirpos\\app\\Views\\kasir_view.php')
 3 SYSTEMPATH\View\View.php(229): CodeIgniter\View\View->CodeIgniter\View\{closure}()
 4 SYSTEMPATH\Common.php(1167): CodeIgniter\View\View->render('kasir_view', [], true)
 5 APPPATH\Controllers\Kasir.php(17): view('kasir_view', [...])
 6 SYSTEMPATH\CodeIgniter.php(933): App\Controllers\Kasir->index()
 7 SYSTEMPATH\CodeIgniter.php(507): CodeIgniter\CodeIgniter->runController(Object(App\Controllers\Kasir))
 8 SYSTEMPATH\CodeIgniter.php(354): CodeIgniter\CodeIgniter->handleRequest(null, Object(Config\Cache), false)
 9 SYSTEMPATH\Boot.php(363): CodeIgniter\CodeIgniter->run()
10 SYSTEMPATH\Boot.php(68): CodeIgniter\Boot::runCodeIgniter(Object(CodeIgniter\CodeIgniter))
11 FCPATH\index.php(59): CodeIgniter\Boot::bootWeb(Object(Config\Paths))
12 SYSTEMPATH\rewrite.php(44): require_once('C:\\xampp\\htdocs\\kasirpos\\public\\index.php')
DEBUG - 2026-04-28 10:51:23 --> Session: Class initialized using 'CodeIgniter\Session\Handlers\FileHandler' driver.
ERROR - 2026-04-28 10:54:25 --> mysqli_sql_exception: Unknown column 'id' in 'order clause' in C:\xampp\htdocs\kasirpos\system\Database\MySQLi\Connection.php:327
Stack trace:
#0 C:\xampp\htdocs\kasirpos\system\Database\MySQLi\Connection.php(327): mysqli->query('SELECT *\nFROM `...', 0)
#1 C:\xampp\htdocs\kasirpos\system\Database\BaseConnection.php(729): CodeIgniter\Database\MySQLi\Connection->execute('SELECT *\nFROM `...')
#2 C:\xampp\htdocs\kasirpos\system\Database\BaseConnection.php(646): CodeIgniter\Database\BaseConnection->simpleQuery('SELECT *\nFROM `...')
#3 C:\xampp\htdocs\kasirpos\system\Database\BaseBuilder.php(1649): CodeIgniter\Database\BaseConnection->query('SELECT *\nFROM `...', Array, false)
#4 C:\xampp\htdocs\kasirpos\app\Controllers\Admin.php(57): CodeIgniter\Database\BaseBuilder->get()
#5 C:\xampp\htdocs\kasirpos\system\CodeIgniter.php(933): App\Controllers\Admin->index()
#6 C:\xampp\htdocs\kasirpos\system\CodeIgniter.php(507): CodeIgniter\CodeIgniter->runController(Object(App\Controllers\Admin))
#7 C:\xampp\htdocs\kasirpos\system\CodeIgniter.php(354): CodeIgniter\CodeIgniter->handleRequest(NULL, Object(Config\Cache), false)
#8 C:\xampp\htdocs\kasirpos\system\Boot.php(363): CodeIgniter\CodeIgniter->run()
#9 C:\xampp\htdocs\kasirpos\system\Boot.php(68): CodeIgniter\Boot::runCodeIgniter(Object(CodeIgniter\CodeIgniter))
#10 C:\xampp\htdocs\kasirpos\public\index.php(59): CodeIgniter\Boot::bootWeb(Object(Config\Paths))
#11 C:\xampp\htdocs\kasirpos\system\rewrite.php(44): require_once('C:\\xampp\\htdocs...')
#12 {main}
CRITICAL - 2026-04-28 10:54:25 --> CodeIgniter\Database\Exceptions\DatabaseException: Unknown column 'id' in 'order clause'
[Method: GET, Route: admin]
in SYSTEMPATH\Database\BaseConnection.php on line 684.
 1 SYSTEMPATH\Database\BaseBuilder.php(1649): CodeIgniter\Database\BaseConnection->query('SELECT *
FROM `produk`
ORDER BY `id` DESC', [], false)
 2 APPPATH\Controllers\Admin.php(57): CodeIgniter\Database\BaseBuilder->get()
 3 SYSTEMPATH\CodeIgniter.php(933): App\Controllers\Admin->index()
 4 SYSTEMPATH\CodeIgniter.php(507): CodeIgniter\CodeIgniter->runController(Object(App\Controllers\Admin))
 5 SYSTEMPATH\CodeIgniter.php(354): CodeIgniter\CodeIgniter->handleRequest(null, Object(Config\Cache), false)
 6 SYSTEMPATH\Boot.php(363): CodeIgniter\CodeIgniter->run()
 7 SYSTEMPATH\Boot.php(68): CodeIgniter\Boot::runCodeIgniter(Object(CodeIgniter\CodeIgniter))
 8 FCPATH\index.php(59): CodeIgniter\Boot::bootWeb(Object(Config\Paths))
 9 SYSTEMPATH\rewrite.php(44): require_once('C:\\xampp\\htdocs\\kasirpos\\public\\index.php')
CRITICAL - 2026-04-28 10:54:25 --> [Caused by] CodeIgniter\Database\Exceptions\DatabaseException: Unknown column 'id' in 'order clause'
in SYSTEMPATH\Database\MySQLi\Connection.php on line 332.
 1 SYSTEMPATH\Database\BaseConnection.php(729): CodeIgniter\Database\MySQLi\Connection->execute('SELECT *
FROM `produk`
ORDER BY `id` DESC')
 2 SYSTEMPATH\Database\BaseConnection.php(646): CodeIgniter\Database\BaseConnection->simpleQuery('SELECT *
FROM `produk`
ORDER BY `id` DESC')
 3 SYSTEMPATH\Database\BaseBuilder.php(1649): CodeIgniter\Database\BaseConnection->query('SELECT *
FROM `produk`
ORDER BY `id` DESC', [], false)
 4 APPPATH\Controllers\Admin.php(57): CodeIgniter\Database\BaseBuilder->get()
 5 SYSTEMPATH\CodeIgniter.php(933): App\Controllers\Admin->index()
 6 SYSTEMPATH\CodeIgniter.php(507): CodeIgniter\CodeIgniter->runController(Object(App\Controllers\Admin))
 7 SYSTEMPATH\CodeIgniter.php(354): CodeIgniter\CodeIgniter->handleRequest(null, Object(Config\Cache), false)
 8 SYSTEMPATH\Boot.php(363): CodeIgniter\CodeIgniter->run()
 9 SYSTEMPATH\Boot.php(68): CodeIgniter\Boot::runCodeIgniter(Object(CodeIgniter\CodeIgniter))
10 FCPATH\index.php(59): CodeIgniter\Boot::bootWeb(Object(Config\Paths))
11 SYSTEMPATH\rewrite.php(44): require_once('C:\\xampp\\htdocs\\kasirpos\\public\\index.php')
CRITICAL - 2026-04-28 10:54:25 --> [Caused by] mysqli_sql_exception: Unknown column 'id' in 'order clause'
in SYSTEMPATH\Database\MySQLi\Connection.php on line 327.
 1 SYSTEMPATH\Database\MySQLi\Connection.php(327): mysqli->query('SELECT *
FROM `produk`
ORDER BY `id` DESC', 0)
 2 SYSTEMPATH\Database\BaseConnection.php(729): CodeIgniter\Database\MySQLi\Connection->execute('SELECT *
FROM `produk`
ORDER BY `id` DESC')
 3 SYSTEMPATH\Database\BaseConnection.php(646): CodeIgniter\Database\BaseConnection->simpleQuery('SELECT *
FROM `produk`
ORDER BY `id` DESC')
 4 SYSTEMPATH\Database\BaseBuilder.php(1649): CodeIgniter\Database\BaseConnection->query('SELECT *
FROM `produk`
ORDER BY `id` DESC', [], false)
 5 APPPATH\Controllers\Admin.php(57): CodeIgniter\Database\BaseBuilder->get()
 6 SYSTEMPATH\CodeIgniter.php(933): App\Controllers\Admin->index()
 7 SYSTEMPATH\CodeIgniter.php(507): CodeIgniter\CodeIgniter->runController(Object(App\Controllers\Admin))
 8 SYSTEMPATH\CodeIgniter.php(354): CodeIgniter\CodeIgniter->handleRequest(null, Object(Config\Cache), false)
 9 SYSTEMPATH\Boot.php(363): CodeIgniter\CodeIgniter->run()
10 SYSTEMPATH\Boot.php(68): CodeIgniter\Boot::runCodeIgniter(Object(CodeIgniter\CodeIgniter))
11 FCPATH\index.php(59): CodeIgniter\Boot::bootWeb(Object(Config\Paths))
12 SYSTEMPATH\rewrite.php(44): require_once('C:\\xampp\\htdocs\\kasirpos\\public\\index.php')
CRITICAL - 2026-04-28 10:57:49 --> ParseError: syntax error, unexpected single-quoted string "bg-success", expecting "," or ";"
[Method: GET, Route: admin]
in APPPATH\Views\admin_view.php on line 289.
 1 SYSTEMPATH\View\View.php(229): CodeIgniter\View\View->CodeIgniter\View\{closure}()
 2 SYSTEMPATH\Common.php(1167): CodeIgniter\View\View->render('admin_view', [], true)
 3 APPPATH\Controllers\Admin.php(75): view('admin_view', [...])
 4 SYSTEMPATH\CodeIgniter.php(933): App\Controllers\Admin->index()
 5 SYSTEMPATH\CodeIgniter.php(507): CodeIgniter\CodeIgniter->runController(Object(App\Controllers\Admin))
 6 SYSTEMPATH\CodeIgniter.php(354): CodeIgniter\CodeIgniter->handleRequest(null, Object(Config\Cache), false)
 7 SYSTEMPATH\Boot.php(363): CodeIgniter\CodeIgniter->run()
 8 SYSTEMPATH\Boot.php(68): CodeIgniter\Boot::runCodeIgniter(Object(CodeIgniter\CodeIgniter))
 9 FCPATH\index.php(59): CodeIgniter\Boot::bootWeb(Object(Config\Paths))
10 SYSTEMPATH\rewrite.php(44): require_once('C:\\xampp\\htdocs\\kasirpos\\public\\index.php')
DEBUG - 2026-04-28 10:58:15 --> Session: Class initialized using 'CodeIgniter\Session\Handlers\FileHandler' driver.
ERROR - 2026-04-28 11:00:02 --> mysqli_sql_exception: Duplicate entry '0' for key 'PRIMARY' in C:\xampp\htdocs\kasirpos\system\Database\MySQLi\Connection.php:327
Stack trace:
#0 C:\xampp\htdocs\kasirpos\system\Database\MySQLi\Connection.php(327): mysqli->query('INSERT INTO `pr...', 0)
#1 C:\xampp\htdocs\kasirpos\system\Database\BaseConnection.php(729): CodeIgniter\Database\MySQLi\Connection->execute('INSERT INTO `pr...')
#2 C:\xampp\htdocs\kasirpos\system\Database\BaseConnection.php(646): CodeIgniter\Database\BaseConnection->simpleQuery('INSERT INTO `pr...')
#3 C:\xampp\htdocs\kasirpos\system\Database\BaseBuilder.php(2345): CodeIgniter\Database\BaseConnection->query('INSERT INTO `pr...', Array, false)
#4 C:\xampp\htdocs\kasirpos\app\Controllers\Admin.php(92): CodeIgniter\Database\BaseBuilder->insert(Array)
#5 C:\xampp\htdocs\kasirpos\system\CodeIgniter.php(933): App\Controllers\Admin->simpan_produk()
#6 C:\xampp\htdocs\kasirpos\system\CodeIgniter.php(507): CodeIgniter\CodeIgniter->runController(Object(App\Controllers\Admin))
#7 C:\xampp\htdocs\kasirpos\system\CodeIgniter.php(354): CodeIgniter\CodeIgniter->handleRequest(NULL, Object(Config\Cache), false)
#8 C:\xampp\htdocs\kasirpos\system\Boot.php(363): CodeIgniter\CodeIgniter->run()
#9 C:\xampp\htdocs\kasirpos\system\Boot.php(68): CodeIgniter\Boot::runCodeIgniter(Object(CodeIgniter\CodeIgniter))
#10 C:\xampp\htdocs\kasirpos\public\index.php(59): CodeIgniter\Boot::bootWeb(Object(Config\Paths))
#11 C:\xampp\htdocs\kasirpos\system\rewrite.php(44): require_once('C:\\xampp\\htdocs...')
#12 {main}
CRITICAL - 2026-04-28 11:00:02 --> CodeIgniter\Database\Exceptions\DatabaseException: Duplicate entry '0' for key 'PRIMARY'
[Method: POST, Route: admin/simpan_produk]
in SYSTEMPATH\Database\BaseConnection.php on line 684.
 1 SYSTEMPATH\Database\BaseBuilder.php(2345): CodeIgniter\Database\BaseConnection->query('INSERT INTO `produk` (`barcode`, `nama_produk`, `harga_jual`, `harga_beli`, `stok`, `kategori`) VALUES (:barcode:, :nama_produk:, :harga_jual:, :harga_beli:, :stok:, :kategori:)', [...], false)
 2 APPPATH\Controllers\Admin.php(92): CodeIgniter\Database\BaseBuilder->insert([...])
 3 SYSTEMPATH\CodeIgniter.php(933): App\Controllers\Admin->simpan_produk()
 4 SYSTEMPATH\CodeIgniter.php(507): CodeIgniter\CodeIgniter->runController(Object(App\Controllers\Admin))
 5 SYSTEMPATH\CodeIgniter.php(354): CodeIgniter\CodeIgniter->handleRequest(null, Object(Config\Cache), false)
 6 SYSTEMPATH\Boot.php(363): CodeIgniter\CodeIgniter->run()
 7 SYSTEMPATH\Boot.php(68): CodeIgniter\Boot::runCodeIgniter(Object(CodeIgniter\CodeIgniter))
 8 FCPATH\index.php(59): CodeIgniter\Boot::bootWeb(Object(Config\Paths))
 9 SYSTEMPATH\rewrite.php(44): require_once('C:\\xampp\\htdocs\\kasirpos\\public\\index.php')
CRITICAL - 2026-04-28 11:00:02 --> [Caused by] CodeIgniter\Database\Exceptions\DatabaseException: Duplicate entry '0' for key 'PRIMARY'
in SYSTEMPATH\Database\MySQLi\Connection.php on line 332.
 1 SYSTEMPATH\Database\BaseConnection.php(729): CodeIgniter\Database\MySQLi\Connection->execute('INSERT INTO `produk` (`barcode`, `nama_produk`, `harga_jual`, `harga_beli`, `stok`, `kategori`) VALUES (\'11111\', \'asdasd\', \'54\', \'3\', \'3\', \'Makanan\')')
 2 SYSTEMPATH\Database\BaseConnection.php(646): CodeIgniter\Database\BaseConnection->simpleQuery('INSERT INTO `produk` (`barcode`, `nama_produk`, `harga_jual`, `harga_beli`, `stok`, `kategori`) VALUES (\'11111\', \'asdasd\', \'54\', \'3\', \'3\', \'Makanan\')')
 3 SYSTEMPATH\Database\BaseBuilder.php(2345): CodeIgniter\Database\BaseConnection->query('INSERT INTO `produk` (`barcode`, `nama_produk`, `harga_jual`, `harga_beli`, `stok`, `kategori`) VALUES (:barcode:, :nama_produk:, :harga_jual:, :harga_beli:, :stok:, :kategori:)', [...], false)
 4 APPPATH\Controllers\Admin.php(92): CodeIgniter\Database\BaseBuilder->insert([...])
 5 SYSTEMPATH\CodeIgniter.php(933): App\Controllers\Admin->simpan_produk()
 6 SYSTEMPATH\CodeIgniter.php(507): CodeIgniter\CodeIgniter->runController(Object(App\Controllers\Admin))
 7 SYSTEMPATH\CodeIgniter.php(354): CodeIgniter\CodeIgniter->handleRequest(null, Object(Config\Cache), false)
 8 SYSTEMPATH\Boot.php(363): CodeIgniter\CodeIgniter->run()
 9 SYSTEMPATH\Boot.php(68): CodeIgniter\Boot::runCodeIgniter(Object(CodeIgniter\CodeIgniter))
10 FCPATH\index.php(59): CodeIgniter\Boot::bootWeb(Object(Config\Paths))
11 SYSTEMPATH\rewrite.php(44): require_once('C:\\xampp\\htdocs\\kasirpos\\public\\index.php')
CRITICAL - 2026-04-28 11:00:02 --> [Caused by] mysqli_sql_exception: Duplicate entry '0' for key 'PRIMARY'
in SYSTEMPATH\Database\MySQLi\Connection.php on line 327.
 1 SYSTEMPATH\Database\MySQLi\Connection.php(327): mysqli->query('INSERT INTO `produk` (`barcode`, `nama_produk`, `harga_jual`, `harga_beli`, `stok`, `kategori`) VALUES (\'11111\', \'asdasd\', \'54\', \'3\', \'3\', \'Makanan\')', 0)
 2 SYSTEMPATH\Database\BaseConnection.php(729): CodeIgniter\Database\MySQLi\Connection->execute('INSERT INTO `produk` (`barcode`, `nama_produk`, `harga_jual`, `harga_beli`, `stok`, `kategori`) VALUES (\'11111\', \'asdasd\', \'54\', \'3\', \'3\', \'Makanan\')')
 3 SYSTEMPATH\Database\BaseConnection.php(646): CodeIgniter\Database\BaseConnection->simpleQuery('INSERT INTO `produk` (`barcode`, `nama_produk`, `harga_jual`, `harga_beli`, `stok`, `kategori`) VALUES (\'11111\', \'asdasd\', \'54\', \'3\', \'3\', \'Makanan\')')
 4 SYSTEMPATH\Database\BaseBuilder.php(2345): CodeIgniter\Database\BaseConnection->query('INSERT INTO `produk` (`barcode`, `nama_produk`, `harga_jual`, `harga_beli`, `stok`, `kategori`) VALUES (:barcode:, :nama_produk:, :harga_jual:, :harga_beli:, :stok:, :kategori:)', [...], false)
 5 APPPATH\Controllers\Admin.php(92): CodeIgniter\Database\BaseBuilder->insert([...])
 6 SYSTEMPATH\CodeIgniter.php(933): App\Controllers\Admin->simpan_produk()
 7 SYSTEMPATH\CodeIgniter.php(507): CodeIgniter\CodeIgniter->runController(Object(App\Controllers\Admin))
 8 SYSTEMPATH\CodeIgniter.php(354): CodeIgniter\CodeIgniter->handleRequest(null, Object(Config\Cache), false)
 9 SYSTEMPATH\Boot.php(363): CodeIgniter\CodeIgniter->run()
10 SYSTEMPATH\Boot.php(68): CodeIgniter\Boot::runCodeIgniter(Object(CodeIgniter\CodeIgniter))
11 FCPATH\index.php(59): CodeIgniter\Boot::bootWeb(Object(Config\Paths))
12 SYSTEMPATH\rewrite.php(44): require_once('C:\\xampp\\htdocs\\kasirpos\\public\\index.php')
DEBUG - 2026-04-28 11:00:44 --> Session: Class initialized using 'CodeIgniter\Session\Handlers\FileHandler' driver.
DEBUG - 2026-04-28 11:01:18 --> Session: Class initialized using 'CodeIgniter\Session\Handlers\FileHandler' driver.
DEBUG - 2026-04-28 11:03:03 --> Session: Class initialized using 'CodeIgniter\Session\Handlers\FileHandler' driver.
DEBUG - 2026-04-28 11:03:11 --> Session: Class initialized using 'CodeIgniter\Session\Handlers\FileHandler' driver.
DEBUG - 2026-04-28 11:03:11 --> Session: Class initialized using 'CodeIgniter\Session\Handlers\FileHandler' driver.
DEBUG - 2026-04-28 11:03:24 --> Session: Class initialized using 'CodeIgniter\Session\Handlers\FileHandler' driver.
DEBUG - 2026-04-28 11:03:34 --> Session: Class initialized using 'CodeIgniter\Session\Handlers\FileHandler' driver.
ERROR - 2026-04-28 11:06:56 --> mysqli_sql_exception: Unknown column 'nominal_uang' in 'field list' in C:\xampp\htdocs\kasirpos\system\Database\MySQLi\Connection.php:327
Stack trace:
#0 C:\xampp\htdocs\kasirpos\system\Database\MySQLi\Connection.php(327): mysqli->query('INSERT INTO `tr...', 0)
#1 C:\xampp\htdocs\kasirpos\system\Database\BaseConnection.php(729): CodeIgniter\Database\MySQLi\Connection->execute('INSERT INTO `tr...')
#2 C:\xampp\htdocs\kasirpos\system\Database\BaseConnection.php(646): CodeIgniter\Database\BaseConnection->simpleQuery('INSERT INTO `tr...')
#3 C:\xampp\htdocs\kasirpos\system\Database\BaseBuilder.php(2345): CodeIgniter\Database\BaseConnection->query('INSERT INTO `tr...', Array, false)
#4 C:\xampp\htdocs\kasirpos\app\Controllers\Kasir.php(48): CodeIgniter\Database\BaseBuilder->insert(Array)
#5 C:\xampp\htdocs\kasirpos\system\CodeIgniter.php(933): App\Controllers\Kasir->bayar()
#6 C:\xampp\htdocs\kasirpos\system\CodeIgniter.php(507): CodeIgniter\CodeIgniter->runController(Object(App\Controllers\Kasir))
#7 C:\xampp\htdocs\kasirpos\system\CodeIgniter.php(354): CodeIgniter\CodeIgniter->handleRequest(NULL, Object(Config\Cache), false)
#8 C:\xampp\htdocs\kasirpos\system\Boot.php(363): CodeIgniter\CodeIgniter->run()
#9 C:\xampp\htdocs\kasirpos\system\Boot.php(68): CodeIgniter\Boot::runCodeIgniter(Object(CodeIgniter\CodeIgniter))
#10 C:\xampp\htdocs\kasirpos\public\index.php(59): CodeIgniter\Boot::bootWeb(Object(Config\Paths))
#11 C:\xampp\htdocs\kasirpos\system\rewrite.php(44): require_once('C:\\xampp\\htdocs...')
#12 {main}
ERROR - 2026-04-28 11:07:04 --> mysqli_sql_exception: Unknown column 'nominal_uang' in 'field list' in C:\xampp\htdocs\kasirpos\system\Database\MySQLi\Connection.php:327
Stack trace:
#0 C:\xampp\htdocs\kasirpos\system\Database\MySQLi\Connection.php(327): mysqli->query('INSERT INTO `tr...', 0)
#1 C:\xampp\htdocs\kasirpos\system\Database\BaseConnection.php(729): CodeIgniter\Database\MySQLi\Connection->execute('INSERT INTO `tr...')
#2 C:\xampp\htdocs\kasirpos\system\Database\BaseConnection.php(646): CodeIgniter\Database\BaseConnection->simpleQuery('INSERT INTO `tr...')
#3 C:\xampp\htdocs\kasirpos\system\Database\BaseBuilder.php(2345): CodeIgniter\Database\BaseConnection->query('INSERT INTO `tr...', Array, false)
#4 C:\xampp\htdocs\kasirpos\app\Controllers\Kasir.php(48): CodeIgniter\Database\BaseBuilder->insert(Array)
#5 C:\xampp\htdocs\kasirpos\system\CodeIgniter.php(933): App\Controllers\Kasir->bayar()
#6 C:\xampp\htdocs\kasirpos\system\CodeIgniter.php(507): CodeIgniter\CodeIgniter->runController(Object(App\Controllers\Kasir))
#7 C:\xampp\htdocs\kasirpos\system\CodeIgniter.php(354): CodeIgniter\CodeIgniter->handleRequest(NULL, Object(Config\Cache), false)
#8 C:\xampp\htdocs\kasirpos\system\Boot.php(363): CodeIgniter\CodeIgniter->run()
#9 C:\xampp\htdocs\kasirpos\system\Boot.php(68): CodeIgniter\Boot::runCodeIgniter(Object(CodeIgniter\CodeIgniter))
#10 C:\xampp\htdocs\kasirpos\public\index.php(59): CodeIgniter\Boot::bootWeb(Object(Config\Paths))
#11 C:\xampp\htdocs\kasirpos\system\rewrite.php(44): require_once('C:\\xampp\\htdocs...')
#12 {main}
ERROR - 2026-04-28 11:07:16 --> mysqli_sql_exception: Unknown column 'nominal_uang' in 'field list' in C:\xampp\htdocs\kasirpos\system\Database\MySQLi\Connection.php:327
Stack trace:
#0 C:\xampp\htdocs\kasirpos\system\Database\MySQLi\Connection.php(327): mysqli->query('INSERT INTO `tr...', 0)
#1 C:\xampp\htdocs\kasirpos\system\Database\BaseConnection.php(729): CodeIgniter\Database\MySQLi\Connection->execute('INSERT INTO `tr...')
#2 C:\xampp\htdocs\kasirpos\system\Database\BaseConnection.php(646): CodeIgniter\Database\BaseConnection->simpleQuery('INSERT INTO `tr...')
#3 C:\xampp\htdocs\kasirpos\system\Database\BaseBuilder.php(2345): CodeIgniter\Database\BaseConnection->query('INSERT INTO `tr...', Array, false)
#4 C:\xampp\htdocs\kasirpos\app\Controllers\Kasir.php(48): CodeIgniter\Database\BaseBuilder->insert(Array)
#5 C:\xampp\htdocs\kasirpos\system\CodeIgniter.php(933): App\Controllers\Kasir->bayar()
#6 C:\xampp\htdocs\kasirpos\system\CodeIgniter.php(507): CodeIgniter\CodeIgniter->runController(Object(App\Controllers\Kasir))
#7 C:\xampp\htdocs\kasirpos\system\CodeIgniter.php(354): CodeIgniter\CodeIgniter->handleRequest(NULL, Object(Config\Cache), false)
#8 C:\xampp\htdocs\kasirpos\system\Boot.php(363): CodeIgniter\CodeIgniter->run()
#9 C:\xampp\htdocs\kasirpos\system\Boot.php(68): CodeIgniter\Boot::runCodeIgniter(Object(CodeIgniter\CodeIgniter))
#10 C:\xampp\htdocs\kasirpos\public\index.php(59): CodeIgniter\Boot::bootWeb(Object(Config\Paths))
#11 C:\xampp\htdocs\kasirpos\system\rewrite.php(44): require_once('C:\\xampp\\htdocs...')
#12 {main}
CRITICAL - 2026-04-28 11:07:20 --> ErrorException: Undefined array key "id"
[Method: GET, Route: kasir]
in APPPATH\Views\kasir_view.php on line 41.
 1 APPPATH\Views\kasir_view.php(41): CodeIgniter\Debug\Exceptions->errorHandler(2, 'Undefined array key "id"', 'C:\\xampp\\htdocs\\kasirpos\\app\\Views\\kasir_view.php', 41)
 2 SYSTEMPATH\View\View.php(226): include('C:\\xampp\\htdocs\\kasirpos\\app\\Views\\kasir_view.php')
 3 SYSTEMPATH\View\View.php(229): CodeIgniter\View\View->CodeIgniter\View\{closure}()
 4 SYSTEMPATH\Common.php(1167): CodeIgniter\View\View->render('kasir_view', [], true)
 5 APPPATH\Controllers\Kasir.php(17): view('kasir_view', [...])
 6 SYSTEMPATH\CodeIgniter.php(933): App\Controllers\Kasir->index()
 7 SYSTEMPATH\CodeIgniter.php(507): CodeIgniter\CodeIgniter->runController(Object(App\Controllers\Kasir))
 8 SYSTEMPATH\CodeIgniter.php(354): CodeIgniter\CodeIgniter->handleRequest(null, Object(Config\Cache), false)
 9 SYSTEMPATH\Boot.php(363): CodeIgniter\CodeIgniter->run()
10 SYSTEMPATH\Boot.php(68): CodeIgniter\Boot::runCodeIgniter(Object(CodeIgniter\CodeIgniter))
11 FCPATH\index.php(59): CodeIgniter\Boot::bootWeb(Object(Config\Paths))
12 SYSTEMPATH\rewrite.php(44): require_once('C:\\xampp\\htdocs\\kasirpos\\public\\index.php')
ERROR - 2026-04-28 11:07:40 --> mysqli_sql_exception: Unknown column 'nominal_uang' in 'field list' in C:\xampp\htdocs\kasirpos\system\Database\MySQLi\Connection.php:327
Stack trace:
#0 C:\xampp\htdocs\kasirpos\system\Database\MySQLi\Connection.php(327): mysqli->query('INSERT INTO `tr...', 0)
#1 C:\xampp\htdocs\kasirpos\system\Database\BaseConnection.php(729): CodeIgniter\Database\MySQLi\Connection->execute('INSERT INTO `tr...')
#2 C:\xampp\htdocs\kasirpos\system\Database\BaseConnection.php(646): CodeIgniter\Database\BaseConnection->simpleQuery('INSERT INTO `tr...')
#3 C:\xampp\htdocs\kasirpos\system\Database\BaseBuilder.php(2345): CodeIgniter\Database\BaseConnection->query('INSERT INTO `tr...', Array, false)
#4 C:\xampp\htdocs\kasirpos\app\Controllers\Kasir.php(48): CodeIgniter\Database\BaseBuilder->insert(Array)
#5 C:\xampp\htdocs\kasirpos\system\CodeIgniter.php(933): App\Controllers\Kasir->bayar()
#6 C:\xampp\htdocs\kasirpos\system\CodeIgniter.php(507): CodeIgniter\CodeIgniter->runController(Object(App\Controllers\Kasir))
#7 C:\xampp\htdocs\kasirpos\system\CodeIgniter.php(354): CodeIgniter\CodeIgniter->handleRequest(NULL, Object(Config\Cache), false)
#8 C:\xampp\htdocs\kasirpos\system\Boot.php(363): CodeIgniter\CodeIgniter->run()
#9 C:\xampp\htdocs\kasirpos\system\Boot.php(68): CodeIgniter\Boot::runCodeIgniter(Object(CodeIgniter\CodeIgniter))
#10 C:\xampp\htdocs\kasirpos\public\index.php(59): CodeIgniter\Boot::bootWeb(Object(Config\Paths))
#11 C:\xampp\htdocs\kasirpos\system\rewrite.php(44): require_once('C:\\xampp\\htdocs...')
#12 {main}
ERROR - 2026-04-28 11:07:46 --> mysqli_sql_exception: Unknown column 'nominal_uang' in 'field list' in C:\xampp\htdocs\kasirpos\system\Database\MySQLi\Connection.php:327
Stack trace:
#0 C:\xampp\htdocs\kasirpos\system\Database\MySQLi\Connection.php(327): mysqli->query('INSERT INTO `tr...', 0)
#1 C:\xampp\htdocs\kasirpos\system\Database\BaseConnection.php(729): CodeIgniter\Database\MySQLi\Connection->execute('INSERT INTO `tr...')
#2 C:\xampp\htdocs\kasirpos\system\Database\BaseConnection.php(646): CodeIgniter\Database\BaseConnection->simpleQuery('INSERT INTO `tr...')
#3 C:\xampp\htdocs\kasirpos\system\Database\BaseBuilder.php(2345): CodeIgniter\Database\BaseConnection->query('INSERT INTO `tr...', Array, false)
#4 C:\xampp\htdocs\kasirpos\app\Controllers\Kasir.php(48): CodeIgniter\Database\BaseBuilder->insert(Array)
#5 C:\xampp\htdocs\kasirpos\system\CodeIgniter.php(933): App\Controllers\Kasir->bayar()
#6 C:\xampp\htdocs\kasirpos\system\CodeIgniter.php(507): CodeIgniter\CodeIgniter->runController(Object(App\Controllers\Kasir))
#7 C:\xampp\htdocs\kasirpos\system\CodeIgniter.php(354): CodeIgniter\CodeIgniter->handleRequest(NULL, Object(Config\Cache), false)
#8 C:\xampp\htdocs\kasirpos\system\Boot.php(363): CodeIgniter\CodeIgniter->run()
#9 C:\xampp\htdocs\kasirpos\system\Boot.php(68): CodeIgniter\Boot::runCodeIgniter(Object(CodeIgniter\CodeIgniter))
#10 C:\xampp\htdocs\kasirpos\public\index.php(59): CodeIgniter\Boot::bootWeb(Object(Config\Paths))
#11 C:\xampp\htdocs\kasirpos\system\rewrite.php(44): require_once('C:\\xampp\\htdocs...')
#12 {main}
ERROR - 2026-04-28 11:09:34 --> mysqli_sql_exception: Unknown column 'nominal_uang' in 'field list' in C:\xampp\htdocs\kasirpos\system\Database\MySQLi\Connection.php:327
Stack trace:
#0 C:\xampp\htdocs\kasirpos\system\Database\MySQLi\Connection.php(327): mysqli->query('INSERT INTO `tr...', 0)
#1 C:\xampp\htdocs\kasirpos\system\Database\BaseConnection.php(729): CodeIgniter\Database\MySQLi\Connection->execute('INSERT INTO `tr...')
#2 C:\xampp\htdocs\kasirpos\system\Database\BaseConnection.php(646): CodeIgniter\Database\BaseConnection->simpleQuery('INSERT INTO `tr...')
#3 C:\xampp\htdocs\kasirpos\system\Database\BaseBuilder.php(2345): CodeIgniter\Database\BaseConnection->query('INSERT INTO `tr...', Array, false)
#4 C:\xampp\htdocs\kasirpos\app\Controllers\Kasir.php(48): CodeIgniter\Database\BaseBuilder->insert(Array)
#5 C:\xampp\htdocs\kasirpos\system\CodeIgniter.php(933): App\Controllers\Kasir->bayar()
#6 C:\xampp\htdocs\kasirpos\system\CodeIgniter.php(507): CodeIgniter\CodeIgniter->runController(Object(App\Controllers\Kasir))
#7 C:\xampp\htdocs\kasirpos\system\CodeIgniter.php(354): CodeIgniter\CodeIgniter->handleRequest(NULL, Object(Config\Cache), false)
#8 C:\xampp\htdocs\kasirpos\system\Boot.php(363): CodeIgniter\CodeIgniter->run()
#9 C:\xampp\htdocs\kasirpos\system\Boot.php(68): CodeIgniter\Boot::runCodeIgniter(Object(CodeIgniter\CodeIgniter))
#10 C:\xampp\htdocs\kasirpos\public\index.php(59): CodeIgniter\Boot::bootWeb(Object(Config\Paths))
#11 C:\xampp\htdocs\kasirpos\system\rewrite.php(44): require_once('C:\\xampp\\htdocs...')
#12 {main}
ERROR - 2026-04-28 11:11:27 --> mysqli_sql_exception: Unknown column 'nominal_uang' in 'field list' in C:\xampp\htdocs\kasirpos\system\Database\MySQLi\Connection.php:327
Stack trace:
#0 C:\xampp\htdocs\kasirpos\system\Database\MySQLi\Connection.php(327): mysqli->query('INSERT INTO `tr...', 0)
#1 C:\xampp\htdocs\kasirpos\system\Database\BaseConnection.php(729): CodeIgniter\Database\MySQLi\Connection->execute('INSERT INTO `tr...')
#2 C:\xampp\htdocs\kasirpos\system\Database\BaseConnection.php(646): CodeIgniter\Database\BaseConnection->simpleQuery('INSERT INTO `tr...')
#3 C:\xampp\htdocs\kasirpos\system\Database\BaseBuilder.php(2345): CodeIgniter\Database\BaseConnection->query('INSERT INTO `tr...', Array, false)
#4 C:\xampp\htdocs\kasirpos\app\Controllers\Kasir.php(48): CodeIgniter\Database\BaseBuilder->insert(Array)
#5 C:\xampp\htdocs\kasirpos\system\CodeIgniter.php(933): App\Controllers\Kasir->bayar()
#6 C:\xampp\htdocs\kasirpos\system\CodeIgniter.php(507): CodeIgniter\CodeIgniter->runController(Object(App\Controllers\Kasir))
#7 C:\xampp\htdocs\kasirpos\system\CodeIgniter.php(354): CodeIgniter\CodeIgniter->handleRequest(NULL, Object(Config\Cache), false)
#8 C:\xampp\htdocs\kasirpos\system\Boot.php(363): CodeIgniter\CodeIgniter->run()
#9 C:\xampp\htdocs\kasirpos\system\Boot.php(68): CodeIgniter\Boot::runCodeIgniter(Object(CodeIgniter\CodeIgniter))
#10 C:\xampp\htdocs\kasirpos\public\index.php(59): CodeIgniter\Boot::bootWeb(Object(Config\Paths))
#11 C:\xampp\htdocs\kasirpos\system\rewrite.php(44): require_once('C:\\xampp\\htdocs...')
#12 {main}
ERROR - 2026-04-28 11:11:30 --> mysqli_sql_exception: Unknown column 'nominal_uang' in 'field list' in C:\xampp\htdocs\kasirpos\system\Database\MySQLi\Connection.php:327
Stack trace:
#0 C:\xampp\htdocs\kasirpos\system\Database\MySQLi\Connection.php(327): mysqli->query('INSERT INTO `tr...', 0)
#1 C:\xampp\htdocs\kasirpos\system\Database\BaseConnection.php(729): CodeIgniter\Database\MySQLi\Connection->execute('INSERT INTO `tr...')
#2 C:\xampp\htdocs\kasirpos\system\Database\BaseConnection.php(646): CodeIgniter\Database\BaseConnection->simpleQuery('INSERT INTO `tr...')
#3 C:\xampp\htdocs\kasirpos\system\Database\BaseBuilder.php(2345): CodeIgniter\Database\BaseConnection->query('INSERT INTO `tr...', Array, false)
#4 C:\xampp\htdocs\kasirpos\app\Controllers\Kasir.php(48): CodeIgniter\Database\BaseBuilder->insert(Array)
#5 C:\xampp\htdocs\kasirpos\system\CodeIgniter.php(933): App\Controllers\Kasir->bayar()
#6 C:\xampp\htdocs\kasirpos\system\CodeIgniter.php(507): CodeIgniter\CodeIgniter->runController(Object(App\Controllers\Kasir))
#7 C:\xampp\htdocs\kasirpos\system\CodeIgniter.php(354): CodeIgniter\CodeIgniter->handleRequest(NULL, Object(Config\Cache), false)
#8 C:\xampp\htdocs\kasirpos\system\Boot.php(363): CodeIgniter\CodeIgniter->run()
#9 C:\xampp\htdocs\kasirpos\system\Boot.php(68): CodeIgniter\Boot::runCodeIgniter(Object(CodeIgniter\CodeIgniter))
#10 C:\xampp\htdocs\kasirpos\public\index.php(59): CodeIgniter\Boot::bootWeb(Object(Config\Paths))
#11 C:\xampp\htdocs\kasirpos\system\rewrite.php(44): require_once('C:\\xampp\\htdocs...')
#12 {main}
ERROR - 2026-04-28 11:12:11 --> mysqli_sql_exception: Unknown column 'nominal_uang' in 'field list' in C:\xampp\htdocs\kasirpos\system\Database\MySQLi\Connection.php:327
Stack trace:
#0 C:\xampp\htdocs\kasirpos\system\Database\MySQLi\Connection.php(327): mysqli->query('INSERT INTO `tr...', 0)
#1 C:\xampp\htdocs\kasirpos\system\Database\BaseConnection.php(729): CodeIgniter\Database\MySQLi\Connection->execute('INSERT INTO `tr...')
#2 C:\xampp\htdocs\kasirpos\system\Database\BaseConnection.php(646): CodeIgniter\Database\BaseConnection->simpleQuery('INSERT INTO `tr...')
#3 C:\xampp\htdocs\kasirpos\system\Database\BaseBuilder.php(2345): CodeIgniter\Database\BaseConnection->query('INSERT INTO `tr...', Array, false)
#4 C:\xampp\htdocs\kasirpos\app\Controllers\Kasir.php(48): CodeIgniter\Database\BaseBuilder->insert(Array)
#5 C:\xampp\htdocs\kasirpos\system\CodeIgniter.php(933): App\Controllers\Kasir->bayar()
#6 C:\xampp\htdocs\kasirpos\system\CodeIgniter.php(507): CodeIgniter\CodeIgniter->runController(Object(App\Controllers\Kasir))
#7 C:\xampp\htdocs\kasirpos\system\CodeIgniter.php(354): CodeIgniter\CodeIgniter->handleRequest(NULL, Object(Config\Cache), false)
#8 C:\xampp\htdocs\kasirpos\system\Boot.php(363): CodeIgniter\CodeIgniter->run()
#9 C:\xampp\htdocs\kasirpos\system\Boot.php(68): CodeIgniter\Boot::runCodeIgniter(Object(CodeIgniter\CodeIgniter))
#10 C:\xampp\htdocs\kasirpos\public\index.php(59): CodeIgniter\Boot::bootWeb(Object(Config\Paths))
#11 C:\xampp\htdocs\kasirpos\system\rewrite.php(44): require_once('C:\\xampp\\htdocs...')
#12 {main}
CRITICAL - 2026-04-28 11:14:27 --> ParseError: syntax error, unexpected token "==="
[Method: GET, Route: kasir]
in APPPATH\Controllers\Kasir.php on line 82.
 1 SYSTEMPATH\Autoloader\Autoloader.php(295): CodeIgniter\Autoloader\Autoloader->includeFile('C:\\xampp\\htdocs\\kasirpos\\app\\Controllers\\Kasir.php')
 2 SYSTEMPATH\Autoloader\Autoloader.php(271): CodeIgniter\Autoloader\Autoloader->loadInNamespace('App\\Controllers\\Kasir')
 3 [internal function]: CodeIgniter\Autoloader\Autoloader->loadClass('App\\Controllers\\Kasir')
 4 SYSTEMPATH\CodeIgniter.php(885): class_exists('\\App\\Controllers\\Kasir', true)
 5 SYSTEMPATH\CodeIgniter.php(494): CodeIgniter\CodeIgniter->startController()
 6 SYSTEMPATH\CodeIgniter.php(354): CodeIgniter\CodeIgniter->handleRequest(null, Object(Config\Cache), false)
 7 SYSTEMPATH\Boot.php(363): CodeIgniter\CodeIgniter->run()
 8 SYSTEMPATH\Boot.php(68): CodeIgniter\Boot::runCodeIgniter(Object(CodeIgniter\CodeIgniter))
 9 FCPATH\index.php(59): CodeIgniter\Boot::bootWeb(Object(Config\Paths))
10 SYSTEMPATH\rewrite.php(44): require_once('C:\\xampp\\htdocs\\kasirpos\\public\\index.php')
ERROR - 2026-04-28 11:17:00 --> mysqli_sql_exception: Unknown column 'nominal_uang' in 'field list' in C:\xampp\htdocs\kasirpos\system\Database\MySQLi\Connection.php:327
Stack trace:
#0 C:\xampp\htdocs\kasirpos\system\Database\MySQLi\Connection.php(327): mysqli->query('INSERT INTO `tr...', 0)
#1 C:\xampp\htdocs\kasirpos\system\Database\BaseConnection.php(729): CodeIgniter\Database\MySQLi\Connection->execute('INSERT INTO `tr...')
#2 C:\xampp\htdocs\kasirpos\system\Database\BaseConnection.php(646): CodeIgniter\Database\BaseConnection->simpleQuery('INSERT INTO `tr...')
#3 C:\xampp\htdocs\kasirpos\system\Database\BaseBuilder.php(2345): CodeIgniter\Database\BaseConnection->query('INSERT INTO `tr...', Array, false)
#4 C:\xampp\htdocs\kasirpos\app\Controllers\Kasir.php(42): CodeIgniter\Database\BaseBuilder->insert(Array)
#5 C:\xampp\htdocs\kasirpos\system\CodeIgniter.php(933): App\Controllers\Kasir->bayar()
#6 C:\xampp\htdocs\kasirpos\system\CodeIgniter.php(507): CodeIgniter\CodeIgniter->runController(Object(App\Controllers\Kasir))
#7 C:\xampp\htdocs\kasirpos\system\CodeIgniter.php(354): CodeIgniter\CodeIgniter->handleRequest(NULL, Object(Config\Cache), false)
#8 C:\xampp\htdocs\kasirpos\system\Boot.php(363): CodeIgniter\CodeIgniter->run()
#9 C:\xampp\htdocs\kasirpos\system\Boot.php(68): CodeIgniter\Boot::runCodeIgniter(Object(CodeIgniter\CodeIgniter))
#10 C:\xampp\htdocs\kasirpos\public\index.php(59): CodeIgniter\Boot::bootWeb(Object(Config\Paths))
#11 C:\xampp\htdocs\kasirpos\system\rewrite.php(44): require_once('C:\\xampp\\htdocs...')
#12 {main}
ERROR - 2026-04-28 11:17:00 --> mysqli_sql_exception: Unknown column 'id' in 'where clause' in C:\xampp\htdocs\kasirpos\system\Database\MySQLi\Connection.php:327
Stack trace:
#0 C:\xampp\htdocs\kasirpos\system\Database\MySQLi\Connection.php(327): mysqli->query('UPDATE `produk`...', 0)
#1 C:\xampp\htdocs\kasirpos\system\Database\BaseConnection.php(729): CodeIgniter\Database\MySQLi\Connection->execute('UPDATE `produk`...')
#2 C:\xampp\htdocs\kasirpos\system\Database\BaseConnection.php(646): CodeIgniter\Database\BaseConnection->simpleQuery('UPDATE `produk`...')
#3 C:\xampp\htdocs\kasirpos\system\Database\BaseBuilder.php(3001): CodeIgniter\Database\BaseConnection->query('UPDATE `produk`...', Array, false)
#4 C:\xampp\htdocs\kasirpos\app\Controllers\Kasir.php(65): CodeIgniter\Database\BaseBuilder->decrement('`stok`', 1)
#5 C:\xampp\htdocs\kasirpos\system\CodeIgniter.php(933): App\Controllers\Kasir->bayar()
#6 C:\xampp\htdocs\kasirpos\system\CodeIgniter.php(507): CodeIgniter\CodeIgniter->runController(Object(App\Controllers\Kasir))
#7 C:\xampp\htdocs\kasirpos\system\CodeIgniter.php(354): CodeIgniter\CodeIgniter->handleRequest(NULL, Object(Config\Cache), false)
#8 C:\xampp\htdocs\kasirpos\system\Boot.php(363): CodeIgniter\CodeIgniter->run()
#9 C:\xampp\htdocs\kasirpos\system\Boot.php(68): CodeIgniter\Boot::runCodeIgniter(Object(CodeIgniter\CodeIgniter))
#10 C:\xampp\htdocs\kasirpos\public\index.php(59): CodeIgniter\Boot::bootWeb(Object(Config\Paths))
#11 C:\xampp\htdocs\kasirpos\system\rewrite.php(44): require_once('C:\\xampp\\htdocs...')
#12 {main}
ERROR - 2026-04-28 11:17:08 --> mysqli_sql_exception: Unknown column 'nominal_uang' in 'field list' in C:\xampp\htdocs\kasirpos\system\Database\MySQLi\Connection.php:327
Stack trace:
#0 C:\xampp\htdocs\kasirpos\system\Database\MySQLi\Connection.php(327): mysqli->query('INSERT INTO `tr...', 0)
#1 C:\xampp\htdocs\kasirpos\system\Database\BaseConnection.php(729): CodeIgniter\Database\MySQLi\Connection->execute('INSERT INTO `tr...')
#2 C:\xampp\htdocs\kasirpos\system\Database\BaseConnection.php(646): CodeIgniter\Database\BaseConnection->simpleQuery('INSERT INTO `tr...')
#3 C:\xampp\htdocs\kasirpos\system\Database\BaseBuilder.php(2345): CodeIgniter\Database\BaseConnection->query('INSERT INTO `tr...', Array, false)
#4 C:\xampp\htdocs\kasirpos\app\Controllers\Kasir.php(42): CodeIgniter\Database\BaseBuilder->insert(Array)
#5 C:\xampp\htdocs\kasirpos\system\CodeIgniter.php(933): App\Controllers\Kasir->bayar()
#6 C:\xampp\htdocs\kasirpos\system\CodeIgniter.php(507): CodeIgniter\CodeIgniter->runController(Object(App\Controllers\Kasir))
#7 C:\xampp\htdocs\kasirpos\system\CodeIgniter.php(354): CodeIgniter\CodeIgniter->handleRequest(NULL, Object(Config\Cache), false)
#8 C:\xampp\htdocs\kasirpos\system\Boot.php(363): CodeIgniter\CodeIgniter->run()
#9 C:\xampp\htdocs\kasirpos\system\Boot.php(68): CodeIgniter\Boot::runCodeIgniter(Object(CodeIgniter\CodeIgniter))
#10 C:\xampp\htdocs\kasirpos\public\index.php(59): CodeIgniter\Boot::bootWeb(Object(Config\Paths))
#11 C:\xampp\htdocs\kasirpos\system\rewrite.php(44): require_once('C:\\xampp\\htdocs...')
#12 {main}
ERROR - 2026-04-28 11:17:08 --> mysqli_sql_exception: Unknown column 'id' in 'where clause' in C:\xampp\htdocs\kasirpos\system\Database\MySQLi\Connection.php:327
Stack trace:
#0 C:\xampp\htdocs\kasirpos\system\Database\MySQLi\Connection.php(327): mysqli->query('UPDATE `produk`...', 0)
#1 C:\xampp\htdocs\kasirpos\system\Database\BaseConnection.php(729): CodeIgniter\Database\MySQLi\Connection->execute('UPDATE `produk`...')
#2 C:\xampp\htdocs\kasirpos\system\Database\BaseConnection.php(646): CodeIgniter\Database\BaseConnection->simpleQuery('UPDATE `produk`...')
#3 C:\xampp\htdocs\kasirpos\system\Database\BaseBuilder.php(3001): CodeIgniter\Database\BaseConnection->query('UPDATE `produk`...', Array, false)
#4 C:\xampp\htdocs\kasirpos\app\Controllers\Kasir.php(65): CodeIgniter\Database\BaseBuilder->decrement('`stok`', 1)
#5 C:\xampp\htdocs\kasirpos\system\CodeIgniter.php(933): App\Controllers\Kasir->bayar()
#6 C:\xampp\htdocs\kasirpos\system\CodeIgniter.php(507): CodeIgniter\CodeIgniter->runController(Object(App\Controllers\Kasir))
#7 C:\xampp\htdocs\kasirpos\system\CodeIgniter.php(354): CodeIgniter\CodeIgniter->handleRequest(NULL, Object(Config\Cache), false)
#8 C:\xampp\htdocs\kasirpos\system\Boot.php(363): CodeIgniter\CodeIgniter->run()
#9 C:\xampp\htdocs\kasirpos\system\Boot.php(68): CodeIgniter\Boot::runCodeIgniter(Object(CodeIgniter\CodeIgniter))
#10 C:\xampp\htdocs\kasirpos\public\index.php(59): CodeIgniter\Boot::bootWeb(Object(Config\Paths))
#11 C:\xampp\htdocs\kasirpos\system\rewrite.php(44): require_once('C:\\xampp\\htdocs...')
#12 {main}
DEBUG - 2026-04-28 11:38:40 --> Session: Class initialized using 'CodeIgniter\Session\Handlers\FileHandler' driver.
DEBUG - 2026-04-28 11:38:42 --> Session: Class initialized using 'CodeIgniter\Session\Handlers\FileHandler' driver.
DEBUG - 2026-04-28 11:43:19 --> Session: Class initialized using 'CodeIgniter\Session\Handlers\FileHandler' driver.
CRITICAL - 2026-04-28 11:45:25 --> ErrorException: Maximum execution time of 60 seconds exceeded
[Method: POST, Route: kasir/bayar]
in SYSTEMPATH\Database\MySQLi\Connection.php on line 328.
 1 [internal function]: CodeIgniter\Debug\Exceptions->shutdownHandler()
DEBUG - 2026-04-28 11:45:29 --> Session: Class initialized using 'CodeIgniter\Session\Handlers\FileHandler' driver.
DEBUG - 2026-04-28 11:45:29 --> Session: Class initialized using 'CodeIgniter\Session\Handlers\FileHandler' driver.
DEBUG - 2026-04-28 11:45:29 --> Session: Class initialized using 'CodeIgniter\Session\Handlers\FileHandler' driver.
DEBUG - 2026-04-28 11:45:29 --> Session: Class initialized using 'CodeIgniter\Session\Handlers\FileHandler' driver.
DEBUG - 2026-04-28 11:45:29 --> Session: Class initialized using 'CodeIgniter\Session\Handlers\FileHandler' driver.
DEBUG - 2026-04-28 11:45:29 --> Session: Class initialized using 'CodeIgniter\Session\Handlers\FileHandler' driver.
DEBUG - 2026-04-28 12:09:13 --> Session: Class initialized using 'CodeIgniter\Session\Handlers\FileHandler' driver.
DEBUG - 2026-04-28 12:09:25 --> Session: Class initialized using 'CodeIgniter\Session\Handlers\FileHandler' driver.
DEBUG - 2026-04-28 12:09:36 --> Session: Class initialized using 'CodeIgniter\Session\Handlers\FileHandler' driver.
DEBUG - 2026-04-28 12:09:39 --> Session: Class initialized using 'CodeIgniter\Session\Handlers\FileHandler' driver.
DEBUG - 2026-04-28 12:10:38 --> Session: Class initialized using 'CodeIgniter\Session\Handlers\FileHandler' driver.
DEBUG - 2026-04-28 12:11:16 --> Session: Class initialized using 'CodeIgniter\Session\Handlers\FileHandler' driver.
DEBUG - 2026-04-28 12:11:25 --> Session: Class initialized using 'CodeIgniter\Session\Handlers\FileHandler' driver.
CRITICAL - 2026-04-28 12:13:52 --> ErrorException: Undefined property: CodeIgniter\View\View::$request
[Method: GET, Route: admin]
in APPPATH\Views\admin_view.php on line 211.
 1 APPPATH\Views\admin_view.php(211): CodeIgniter\Debug\Exceptions->errorHandler(2, 'Undefined property: CodeIgniter\\View\\View::$request', 'C:\\xampp\\htdocs\\kasirpos\\app\\Views\\admin_view.php', 211)
 2 SYSTEMPATH\View\View.php(226): include('C:\\xampp\\htdocs\\kasirpos\\app\\Views\\admin_view.php')
 3 SYSTEMPATH\View\View.php(229): CodeIgniter\View\View->CodeIgniter\View\{closure}()
 4 SYSTEMPATH\Common.php(1167): CodeIgniter\View\View->render('admin_view', [], true)
 5 APPPATH\Controllers\Admin.php(75): view('admin_view', [...])
 6 SYSTEMPATH\CodeIgniter.php(933): App\Controllers\Admin->index()
 7 SYSTEMPATH\CodeIgniter.php(507): CodeIgniter\CodeIgniter->runController(Object(App\Controllers\Admin))
 8 SYSTEMPATH\CodeIgniter.php(354): CodeIgniter\CodeIgniter->handleRequest(null, Object(Config\Cache), false)
 9 SYSTEMPATH\Boot.php(363): CodeIgniter\CodeIgniter->run()
10 SYSTEMPATH\Boot.php(68): CodeIgniter\Boot::runCodeIgniter(Object(CodeIgniter\CodeIgniter))
11 FCPATH\index.php(59): CodeIgniter\Boot::bootWeb(Object(Config\Paths))
12 SYSTEMPATH\rewrite.php(44): require_once('C:\\xampp\\htdocs\\kasirpos\\public\\index.php')
DEBUG - 2026-04-28 12:14:33 --> Session: Class initialized using 'CodeIgniter\Session\Handlers\FileHandler' driver.
DEBUG - 2026-04-28 12:14:41 --> Session: Class initialized using 'CodeIgniter\Session\Handlers\FileHandler' driver.
CRITICAL - 2026-04-28 12:16:44 --> ParseError: syntax error, unexpected variable "$tgl_mulai", expecting "function" or "const"
[Method: GET, Route: admin]
in APPPATH\Controllers\Admin.php on line 46.
 1 SYSTEMPATH\Autoloader\Autoloader.php(295): CodeIgniter\Autoloader\Autoloader->includeFile('C:\\xampp\\htdocs\\kasirpos\\app\\Controllers\\Admin.php')
 2 SYSTEMPATH\Autoloader\Autoloader.php(271): CodeIgniter\Autoloader\Autoloader->loadInNamespace('App\\Controllers\\Admin')
 3 [internal function]: CodeIgniter\Autoloader\Autoloader->loadClass('App\\Controllers\\Admin')
 4 SYSTEMPATH\CodeIgniter.php(885): class_exists('\\App\\Controllers\\Admin', true)
 5 SYSTEMPATH\CodeIgniter.php(494): CodeIgniter\CodeIgniter->startController()
 6 SYSTEMPATH\CodeIgniter.php(354): CodeIgniter\CodeIgniter->handleRequest(null, Object(Config\Cache), false)
 7 SYSTEMPATH\Boot.php(363): CodeIgniter\CodeIgniter->run()
 8 SYSTEMPATH\Boot.php(68): CodeIgniter\Boot::runCodeIgniter(Object(CodeIgniter\CodeIgniter))
 9 FCPATH\index.php(59): CodeIgniter\Boot::bootWeb(Object(Config\Paths))
10 SYSTEMPATH\rewrite.php(44): require_once('C:\\xampp\\htdocs\\kasirpos\\public\\index.php')
CRITICAL - 2026-04-28 12:16:50 --> ParseError: syntax error, unexpected variable "$tgl_mulai", expecting "function" or "const"
[Method: GET, Route: admin]
in APPPATH\Controllers\Admin.php on line 46.
 1 SYSTEMPATH\Autoloader\Autoloader.php(295): CodeIgniter\Autoloader\Autoloader->includeFile('C:\\xampp\\htdocs\\kasirpos\\app\\Controllers\\Admin.php')
 2 SYSTEMPATH\Autoloader\Autoloader.php(271): CodeIgniter\Autoloader\Autoloader->loadInNamespace('App\\Controllers\\Admin')
 3 [internal function]: CodeIgniter\Autoloader\Autoloader->loadClass('App\\Controllers\\Admin')
 4 SYSTEMPATH\CodeIgniter.php(885): class_exists('\\App\\Controllers\\Admin', true)
 5 SYSTEMPATH\CodeIgniter.php(494): CodeIgniter\CodeIgniter->startController()
 6 SYSTEMPATH\CodeIgniter.php(354): CodeIgniter\CodeIgniter->handleRequest(null, Object(Config\Cache), false)
 7 SYSTEMPATH\Boot.php(363): CodeIgniter\CodeIgniter->run()
 8 SYSTEMPATH\Boot.php(68): CodeIgniter\Boot::runCodeIgniter(Object(CodeIgniter\CodeIgniter))
 9 FCPATH\index.php(59): CodeIgniter\Boot::bootWeb(Object(Config\Paths))
10 SYSTEMPATH\rewrite.php(44): require_once('C:\\xampp\\htdocs\\kasirpos\\public\\index.php')
DEBUG - 2026-04-28 12:16:55 --> Session: Class initialized using 'CodeIgniter\Session\Handlers\FileHandler' driver.
CRITICAL - 2026-04-28 12:17:29 --> Error: Class "App\Models\TransaksiModel" not found
[Method: GET, Route: admin]
in APPPATH\Controllers\Admin.php on line 42.
 1 SYSTEMPATH\CodeIgniter.php(933): App\Controllers\Admin->index()
 2 SYSTEMPATH\CodeIgniter.php(507): CodeIgniter\CodeIgniter->runController(Object(App\Controllers\Admin))
 3 SYSTEMPATH\CodeIgniter.php(354): CodeIgniter\CodeIgniter->handleRequest(null, Object(Config\Cache), false)
 4 SYSTEMPATH\Boot.php(363): CodeIgniter\CodeIgniter->run()
 5 SYSTEMPATH\Boot.php(68): CodeIgniter\Boot::runCodeIgniter(Object(CodeIgniter\CodeIgniter))
 6 FCPATH\index.php(59): CodeIgniter\Boot::bootWeb(Object(Config\Paths))
 7 SYSTEMPATH\rewrite.php(44): require_once('C:\\xampp\\htdocs\\kasirpos\\public\\index.php')
DEBUG - 2026-04-28 12:17:32 --> Session: Class initialized using 'CodeIgniter\Session\Handlers\FileHandler' driver.
CRITICAL - 2026-04-28 12:20:22 --> CodeIgniter\Pager\Exceptions\PagerException: "bootstrap_full" is not a valid Pager template.
[Method: GET, Route: admin]
in SYSTEMPATH\Pager\Pager.php on line 124.
 1 SYSTEMPATH\Pager\Pager.php(124): CodeIgniter\Pager\Exceptions\PagerException::forInvalidTemplate('bootstrap_full')
 2 SYSTEMPATH\Pager\Pager.php(114): CodeIgniter\Pager\Pager->displayLinks('group1', 'bootstrap_full')
 3 APPPATH\Controllers\Admin.php(75): CodeIgniter\Pager\Pager->makeLinks(1, 25, 36, 'bootstrap_full', 0, 'group1')
 4 SYSTEMPATH\CodeIgniter.php(933): App\Controllers\Admin->index()
 5 SYSTEMPATH\CodeIgniter.php(507): CodeIgniter\CodeIgniter->runController(Object(App\Controllers\Admin))
 6 SYSTEMPATH\CodeIgniter.php(354): CodeIgniter\CodeIgniter->handleRequest(null, Object(Config\Cache), false)
 7 SYSTEMPATH\Boot.php(363): CodeIgniter\CodeIgniter->run()
 8 SYSTEMPATH\Boot.php(68): CodeIgniter\Boot::runCodeIgniter(Object(CodeIgniter\CodeIgniter))
 9 FCPATH\index.php(59): CodeIgniter\Boot::bootWeb(Object(Config\Paths))
10 SYSTEMPATH\rewrite.php(44): require_once('C:\\xampp\\htdocs\\kasirpos\\public\\index.php')
DEBUG - 2026-04-28 12:20:28 --> Session: Class initialized using 'CodeIgniter\Session\Handlers\FileHandler' driver.
CRITICAL - 2026-04-28 12:20:54 --> CodeIgniter\Pager\Exceptions\PagerException: "bootstrap_full" is not a valid Pager template.
[Method: GET, Route: admin]
in SYSTEMPATH\Pager\Pager.php on line 124.
 1 SYSTEMPATH\Pager\Pager.php(124): CodeIgniter\Pager\Exceptions\PagerException::forInvalidTemplate('bootstrap_full')
 2 SYSTEMPATH\Pager\Pager.php(114): CodeIgniter\Pager\Pager->displayLinks('group1', 'bootstrap_full')
 3 APPPATH\Controllers\Admin.php(77): CodeIgniter\Pager\Pager->makeLinks(1, 25, 36, 'bootstrap_full', 0, 'group1')
 4 SYSTEMPATH\CodeIgniter.php(933): App\Controllers\Admin->index()
 5 SYSTEMPATH\CodeIgniter.php(507): CodeIgniter\CodeIgniter->runController(Object(App\Controllers\Admin))
 6 SYSTEMPATH\CodeIgniter.php(354): CodeIgniter\CodeIgniter->handleRequest(null, Object(Config\Cache), false)
 7 SYSTEMPATH\Boot.php(363): CodeIgniter\CodeIgniter->run()
 8 SYSTEMPATH\Boot.php(68): CodeIgniter\Boot::runCodeIgniter(Object(CodeIgniter\CodeIgniter))
 9 FCPATH\index.php(59): CodeIgniter\Boot::bootWeb(Object(Config\Paths))
10 SYSTEMPATH\rewrite.php(44): require_once('C:\\xampp\\htdocs\\kasirpos\\public\\index.php')
CRITICAL - 2026-04-28 12:21:21 --> CodeIgniter\Pager\Exceptions\PagerException: "bootstrap_full" is not a valid Pager template.
[Method: GET, Route: admin]
in SYSTEMPATH\Pager\Pager.php on line 124.
 1 SYSTEMPATH\Pager\Pager.php(124): CodeIgniter\Pager\Exceptions\PagerException::forInvalidTemplate('bootstrap_full')
 2 SYSTEMPATH\Pager\Pager.php(114): CodeIgniter\Pager\Pager->displayLinks('group1', 'bootstrap_full')
 3 APPPATH\Controllers\Admin.php(77): CodeIgniter\Pager\Pager->makeLinks(1, 25, 36, 'bootstrap_full', 0, 'group1')
 4 SYSTEMPATH\CodeIgniter.php(933): App\Controllers\Admin->index()
 5 SYSTEMPATH\CodeIgniter.php(507): CodeIgniter\CodeIgniter->runController(Object(App\Controllers\Admin))
 6 SYSTEMPATH\CodeIgniter.php(354): CodeIgniter\CodeIgniter->handleRequest(null, Object(Config\Cache), false)
 7 SYSTEMPATH\Boot.php(363): CodeIgniter\CodeIgniter->run()
 8 SYSTEMPATH\Boot.php(68): CodeIgniter\Boot::runCodeIgniter(Object(CodeIgniter\CodeIgniter))
 9 FCPATH\index.php(59): CodeIgniter\Boot::bootWeb(Object(Config\Paths))
10 SYSTEMPATH\rewrite.php(44): require_once('C:\\xampp\\htdocs\\kasirpos\\public\\index.php')
CRITICAL - 2026-04-28 12:21:21 --> CodeIgniter\Pager\Exceptions\PagerException: "bootstrap_full" is not a valid Pager template.
[Method: GET, Route: admin]
in SYSTEMPATH\Pager\Pager.php on line 124.
 1 SYSTEMPATH\Pager\Pager.php(124): CodeIgniter\Pager\Exceptions\PagerException::forInvalidTemplate('bootstrap_full')
 2 SYSTEMPATH\Pager\Pager.php(114): CodeIgniter\Pager\Pager->displayLinks('group1', 'bootstrap_full')
 3 APPPATH\Controllers\Admin.php(77): CodeIgniter\Pager\Pager->makeLinks(1, 25, 36, 'bootstrap_full', 0, 'group1')
 4 SYSTEMPATH\CodeIgniter.php(933): App\Controllers\Admin->index()
 5 SYSTEMPATH\CodeIgniter.php(507): CodeIgniter\CodeIgniter->runController(Object(App\Controllers\Admin))
 6 SYSTEMPATH\CodeIgniter.php(354): CodeIgniter\CodeIgniter->handleRequest(null, Object(Config\Cache), false)
 7 SYSTEMPATH\Boot.php(363): CodeIgniter\CodeIgniter->run()
 8 SYSTEMPATH\Boot.php(68): CodeIgniter\Boot::runCodeIgniter(Object(CodeIgniter\CodeIgniter))
 9 FCPATH\index.php(59): CodeIgniter\Boot::bootWeb(Object(Config\Paths))
10 SYSTEMPATH\rewrite.php(44): require_once('C:\\xampp\\htdocs\\kasirpos\\public\\index.php')
CRITICAL - 2026-04-28 12:21:22 --> CodeIgniter\Pager\Exceptions\PagerException: "bootstrap_full" is not a valid Pager template.
[Method: GET, Route: admin]
in SYSTEMPATH\Pager\Pager.php on line 124.
 1 SYSTEMPATH\Pager\Pager.php(124): CodeIgniter\Pager\Exceptions\PagerException::forInvalidTemplate('bootstrap_full')
 2 SYSTEMPATH\Pager\Pager.php(114): CodeIgniter\Pager\Pager->displayLinks('group1', 'bootstrap_full')
 3 APPPATH\Controllers\Admin.php(77): CodeIgniter\Pager\Pager->makeLinks(1, 25, 36, 'bootstrap_full', 0, 'group1')
 4 SYSTEMPATH\CodeIgniter.php(933): App\Controllers\Admin->index()
 5 SYSTEMPATH\CodeIgniter.php(507): CodeIgniter\CodeIgniter->runController(Object(App\Controllers\Admin))
 6 SYSTEMPATH\CodeIgniter.php(354): CodeIgniter\CodeIgniter->handleRequest(null, Object(Config\Cache), false)
 7 SYSTEMPATH\Boot.php(363): CodeIgniter\CodeIgniter->run()
 8 SYSTEMPATH\Boot.php(68): CodeIgniter\Boot::runCodeIgniter(Object(CodeIgniter\CodeIgniter))
 9 FCPATH\index.php(59): CodeIgniter\Boot::bootWeb(Object(Config\Paths))
10 SYSTEMPATH\rewrite.php(44): require_once('C:\\xampp\\htdocs\\kasirpos\\public\\index.php')
CRITICAL - 2026-04-28 12:21:22 --> CodeIgniter\Pager\Exceptions\PagerException: "bootstrap_full" is not a valid Pager template.
[Method: GET, Route: admin]
in SYSTEMPATH\Pager\Pager.php on line 124.
 1 SYSTEMPATH\Pager\Pager.php(124): CodeIgniter\Pager\Exceptions\PagerException::forInvalidTemplate('bootstrap_full')
 2 SYSTEMPATH\Pager\Pager.php(114): CodeIgniter\Pager\Pager->displayLinks('group1', 'bootstrap_full')
 3 APPPATH\Controllers\Admin.php(77): CodeIgniter\Pager\Pager->makeLinks(1, 25, 36, 'bootstrap_full', 0, 'group1')
 4 SYSTEMPATH\CodeIgniter.php(933): App\Controllers\Admin->index()
 5 SYSTEMPATH\CodeIgniter.php(507): CodeIgniter\CodeIgniter->runController(Object(App\Controllers\Admin))
 6 SYSTEMPATH\CodeIgniter.php(354): CodeIgniter\CodeIgniter->handleRequest(null, Object(Config\Cache), false)
 7 SYSTEMPATH\Boot.php(363): CodeIgniter\CodeIgniter->run()
 8 SYSTEMPATH\Boot.php(68): CodeIgniter\Boot::runCodeIgniter(Object(CodeIgniter\CodeIgniter))
 9 FCPATH\index.php(59): CodeIgniter\Boot::bootWeb(Object(Config\Paths))
10 SYSTEMPATH\rewrite.php(44): require_once('C:\\xampp\\htdocs\\kasirpos\\public\\index.php')
DEBUG - 2026-04-28 12:21:36 --> Session: Class initialized using 'CodeIgniter\Session\Handlers\FileHandler' driver.
DEBUG - 2026-04-28 12:21:43 --> Session: Class initialized using 'CodeIgniter\Session\Handlers\FileHandler' driver.
DEBUG - 2026-04-28 12:24:06 --> Session: Class initialized using 'CodeIgniter\Session\Handlers\FileHandler' driver.
DEBUG - 2026-04-28 12:24:14 --> Session: Class initialized using 'CodeIgniter\Session\Handlers\FileHandler' driver.
DEBUG - 2026-04-28 12:26:16 --> Session: Class initialized using 'CodeIgniter\Session\Handlers\FileHandler' driver.
DEBUG - 2026-04-28 12:26:20 --> Session: Class initialized using 'CodeIgniter\Session\Handlers\FileHandler' driver.
DEBUG - 2026-04-28 12:26:56 --> Session: Class initialized using 'CodeIgniter\Session\Handlers\FileHandler' driver.
DEBUG - 2026-04-28 12:27:01 --> Session: Class initialized using 'CodeIgniter\Session\Handlers\FileHandler' driver.
DEBUG - 2026-04-28 12:27:22 --> Session: Class initialized using 'CodeIgniter\Session\Handlers\FileHandler' driver.
DEBUG - 2026-04-28 12:27:24 --> Session: Class initialized using 'CodeIgniter\Session\Handlers\FileHandler' driver.
DEBUG - 2026-04-28 12:27:49 --> Session: Class initialized using 'CodeIgniter\Session\Handlers\FileHandler' driver.
DEBUG - 2026-04-28 12:27:51 --> Session: Class initialized using 'CodeIgniter\Session\Handlers\FileHandler' driver.
DEBUG - 2026-04-28 12:29:11 --> Session: Class initialized using 'CodeIgniter\Session\Handlers\FileHandler' driver.
DEBUG - 2026-04-28 12:29:13 --> Session: Class initialized using 'CodeIgniter\Session\Handlers\FileHandler' driver.
DEBUG - 2026-04-28 12:29:15 --> Session: Class initialized using 'CodeIgniter\Session\Handlers\FileHandler' driver.
DEBUG - 2026-04-28 12:29:54 --> Session: Class initialized using 'CodeIgniter\Session\Handlers\FileHandler' driver.
DEBUG - 2026-04-28 12:29:55 --> Session: Class initialized using 'CodeIgniter\Session\Handlers\FileHandler' driver.
DEBUG - 2026-04-28 12:29:58 --> Session: Class initialized using 'CodeIgniter\Session\Handlers\FileHandler' driver.
DEBUG - 2026-04-28 12:30:59 --> Session: Class initialized using 'CodeIgniter\Session\Handlers\FileHandler' driver.
DEBUG - 2026-04-28 12:31:49 --> Session: Class initialized using 'CodeIgniter\Session\Handlers\FileHandler' driver.
DEBUG - 2026-04-28 12:31:55 --> Session: Class initialized using 'CodeIgniter\Session\Handlers\FileHandler' driver.
DEBUG - 2026-04-28 12:31:58 --> Session: Class initialized using 'CodeIgniter\Session\Handlers\FileHandler' driver.
DEBUG - 2026-04-28 12:32:30 --> Session: Class initialized using 'CodeIgniter\Session\Handlers\FileHandler' driver.
DEBUG - 2026-04-28 12:33:05 --> Session: Class initialized using 'CodeIgniter\Session\Handlers\FileHandler' driver.
DEBUG - 2026-04-28 12:33:08 --> Session: Class initialized using 'CodeIgniter\Session\Handlers\FileHandler' driver.
DEBUG - 2026-04-28 12:33:10 --> Session: Class initialized using 'CodeIgniter\Session\Handlers\FileHandler' driver.
DEBUG - 2026-04-28 12:34:26 --> Session: Class initialized using 'CodeIgniter\Session\Handlers\FileHandler' driver.
DEBUG - 2026-04-28 12:34:28 --> Session: Class initialized using 'CodeIgniter\Session\Handlers\FileHandler' driver.
DEBUG - 2026-04-28 12:34:31 --> Session: Class initialized using 'CodeIgniter\Session\Handlers\FileHandler' driver.
DEBUG - 2026-04-28 12:34:46 --> Session: Class initialized using 'CodeIgniter\Session\Handlers\FileHandler' driver.
DEBUG - 2026-04-28 12:34:47 --> Session: Class initialized using 'CodeIgniter\Session\Handlers\FileHandler' driver.
DEBUG - 2026-04-28 12:34:52 --> Session: Class initialized using 'CodeIgniter\Session\Handlers\FileHandler' driver.
DEBUG - 2026-04-28 12:36:24 --> Session: Class initialized using 'CodeIgniter\Session\Handlers\FileHandler' driver.
DEBUG - 2026-04-28 12:36:24 --> Session: Class initialized using 'CodeIgniter\Session\Handlers\FileHandler' driver.
DEBUG - 2026-04-28 12:36:26 --> Session: Class initialized using 'CodeIgniter\Session\Handlers\FileHandler' driver.
DEBUG - 2026-04-28 12:36:37 --> Session: Class initialized using 'CodeIgniter\Session\Handlers\FileHandler' driver.
DEBUG - 2026-04-28 12:45:43 --> Session: Class initialized using 'CodeIgniter\Session\Handlers\FileHandler' driver.
DEBUG - 2026-04-28 12:48:01 --> Session: Class initialized using 'CodeIgniter\Session\Handlers\FileHandler' driver.
DEBUG - 2026-04-28 12:48:03 --> Session: Class initialized using 'CodeIgniter\Session\Handlers\FileHandler' driver.
DEBUG - 2026-04-28 12:48:04 --> Session: Class initialized using 'CodeIgniter\Session\Handlers\FileHandler' driver.
DEBUG - 2026-04-28 12:48:15 --> Session: Class initialized using 'CodeIgniter\Session\Handlers\FileHandler' driver.
DEBUG - 2026-04-28 12:48:16 --> Session: Class initialized using 'CodeIgniter\Session\Handlers\FileHandler' driver.
DEBUG - 2026-04-28 12:48:39 --> Session: Class initialized using 'CodeIgniter\Session\Handlers\FileHandler' driver.
DEBUG - 2026-04-28 12:48:41 --> Session: Class initialized using 'CodeIgniter\Session\Handlers\FileHandler' driver.
DEBUG - 2026-04-28 12:48:42 --> Session: Class initialized using 'CodeIgniter\Session\Handlers\FileHandler' driver.
DEBUG - 2026-04-28 12:48:43 --> Session: Class initialized using 'CodeIgniter\Session\Handlers\FileHandler' driver.
DEBUG - 2026-04-28 12:48:44 --> Session: Class initialized using 'CodeIgniter\Session\Handlers\FileHandler' driver.
DEBUG - 2026-04-28 12:48:44 --> Session: Class initialized using 'CodeIgniter\Session\Handlers\FileHandler' driver.
DEBUG - 2026-04-28 12:49:03 --> Session: Class initialized using 'CodeIgniter\Session\Handlers\FileHandler' driver.
DEBUG - 2026-04-28 12:49:07 --> Session: Class initialized using 'CodeIgniter\Session\Handlers\FileHandler' driver.
DEBUG - 2026-04-28 12:50:09 --> Session: Class initialized using 'CodeIgniter\Session\Handlers\FileHandler' driver.
DEBUG - 2026-04-28 12:50:29 --> Session: Class initialized using 'CodeIgniter\Session\Handlers\FileHandler' driver.
DEBUG - 2026-04-28 12:50:36 --> Session: Class initialized using 'CodeIgniter\Session\Handlers\FileHandler' driver.
DEBUG - 2026-04-28 12:50:37 --> Session: Class initialized using 'CodeIgniter\Session\Handlers\FileHandler' driver.
DEBUG - 2026-04-28 12:50:42 --> Session: Class initialized using 'CodeIgniter\Session\Handlers\FileHandler' driver.
DEBUG - 2026-04-28 12:50:47 --> Session: Class initialized using 'CodeIgniter\Session\Handlers\FileHandler' driver.
DEBUG - 2026-04-28 12:50:57 --> Session: Class initialized using 'CodeIgniter\Session\Handlers\FileHandler' driver.
DEBUG - 2026-04-28 12:50:58 --> Session: Class initialized using 'CodeIgniter\Session\Handlers\FileHandler' driver.
DEBUG - 2026-04-28 12:51:04 --> Session: Class initialized using 'CodeIgniter\Session\Handlers\FileHandler' driver.
DEBUG - 2026-04-28 12:51:05 --> Session: Class initialized using 'CodeIgniter\Session\Handlers\FileHandler' driver.
ERROR - 2026-04-28 15:24:52 --> mysqli_sql_exception: Unknown column 'transaksi_detail.transaksi_id' in 'on clause' in C:\xampp\htdocs\kasirpos\system\Database\MySQLi\Connection.php:327
Stack trace:
#0 C:\xampp\htdocs\kasirpos\system\Database\MySQLi\Connection.php(327): mysqli->query('SELECT `transak...', 0)
#1 C:\xampp\htdocs\kasirpos\system\Database\BaseConnection.php(729): CodeIgniter\Database\MySQLi\Connection->execute('SELECT `transak...')
#2 C:\xampp\htdocs\kasirpos\system\Database\BaseConnection.php(646): CodeIgniter\Database\BaseConnection->simpleQuery('SELECT `transak...')
#3 C:\xampp\htdocs\kasirpos\system\Database\BaseBuilder.php(1649): CodeIgniter\Database\BaseConnection->query('SELECT `transak...', Array, false)
#4 C:\xampp\htdocs\kasirpos\app\Controllers\Admin.php(32): CodeIgniter\Database\BaseBuilder->get()
#5 C:\xampp\htdocs\kasirpos\system\CodeIgniter.php(933): App\Controllers\Admin->index()
#6 C:\xampp\htdocs\kasirpos\system\CodeIgniter.php(507): CodeIgniter\CodeIgniter->runController(Object(App\Controllers\Admin))
#7 C:\xampp\htdocs\kasirpos\system\CodeIgniter.php(354): CodeIgniter\CodeIgniter->handleRequest(NULL, Object(Config\Cache), false)
#8 C:\xampp\htdocs\kasirpos\system\Boot.php(363): CodeIgniter\CodeIgniter->run()
#9 C:\xampp\htdocs\kasirpos\system\Boot.php(68): CodeIgniter\Boot::runCodeIgniter(Object(CodeIgniter\CodeIgniter))
#10 C:\xampp\htdocs\kasirpos\public\index.php(59): CodeIgniter\Boot::bootWeb(Object(Config\Paths))
#11 C:\xampp\htdocs\kasirpos\system\rewrite.php(44): require_once('C:\\xampp\\htdocs...')
#12 {main}
CRITICAL - 2026-04-28 15:24:52 --> CodeIgniter\Database\Exceptions\DatabaseException: Unknown column 'transaksi_detail.transaksi_id' in 'on clause'
[Method: GET, Route: admin]
in SYSTEMPATH\Database\BaseConnection.php on line 684.
 1 SYSTEMPATH\Database\BaseBuilder.php(1649): CodeIgniter\Database\BaseConnection->query('SELECT `transaksi`.*, COUNT(transaksi_detail.id_detail) as total_item
FROM `transaksi`
LEFT JOIN `transaksi_detail` ON `transaksi`.`id` = `transaksi_detail`.`transaksi_id`
GROUP BY `transaksi`.`id`
ORDER BY `transaksi`.`created_at` DESC
 LIMIT 10', [], false)
 2 APPPATH\Controllers\Admin.php(32): CodeIgniter\Database\BaseBuilder->get()
 3 SYSTEMPATH\CodeIgniter.php(933): App\Controllers\Admin->index()
 4 SYSTEMPATH\CodeIgniter.php(507): CodeIgniter\CodeIgniter->runController(Object(App\Controllers\Admin))
 5 SYSTEMPATH\CodeIgniter.php(354): CodeIgniter\CodeIgniter->handleRequest(null, Object(Config\Cache), false)
 6 SYSTEMPATH\Boot.php(363): CodeIgniter\CodeIgniter->run()
 7 SYSTEMPATH\Boot.php(68): CodeIgniter\Boot::runCodeIgniter(Object(CodeIgniter\CodeIgniter))
 8 FCPATH\index.php(59): CodeIgniter\Boot::bootWeb(Object(Config\Paths))
 9 SYSTEMPATH\rewrite.php(44): require_once('C:\\xampp\\htdocs\\kasirpos\\public\\index.php')
CRITICAL - 2026-04-28 15:24:52 --> [Caused by] CodeIgniter\Database\Exceptions\DatabaseException: Unknown column 'transaksi_detail.transaksi_id' in 'on clause'
in SYSTEMPATH\Database\MySQLi\Connection.php on line 332.
 1 SYSTEMPATH\Database\BaseConnection.php(729): CodeIgniter\Database\MySQLi\Connection->execute('SELECT `transaksi`.*, COUNT(transaksi_detail.id_detail) as total_item
FROM `transaksi`
LEFT JOIN `transaksi_detail` ON `transaksi`.`id` = `transaksi_detail`.`transaksi_id`
GROUP BY `transaksi`.`id`
ORDER BY `transaksi`.`created_at` DESC
 LIMIT 10')
 2 SYSTEMPATH\Database\BaseConnection.php(646): CodeIgniter\Database\BaseConnection->simpleQuery('SELECT `transaksi`.*, COUNT(transaksi_detail.id_detail) as total_item
FROM `transaksi`
LEFT JOIN `transaksi_detail` ON `transaksi`.`id` = `transaksi_detail`.`transaksi_id`
GROUP BY `transaksi`.`id`
ORDER BY `transaksi`.`created_at` DESC
 LIMIT 10')
 3 SYSTEMPATH\Database\BaseBuilder.php(1649): CodeIgniter\Database\BaseConnection->query('SELECT `transaksi`.*, COUNT(transaksi_detail.id_detail) as total_item
FROM `transaksi`
LEFT JOIN `transaksi_detail` ON `transaksi`.`id` = `transaksi_detail`.`transaksi_id`
GROUP BY `transaksi`.`id`
ORDER BY `transaksi`.`created_at` DESC
 LIMIT 10', [], false)
 4 APPPATH\Controllers\Admin.php(32): CodeIgniter\Database\BaseBuilder->get()
 5 SYSTEMPATH\CodeIgniter.php(933): App\Controllers\Admin->index()
 6 SYSTEMPATH\CodeIgniter.php(507): CodeIgniter\CodeIgniter->runController(Object(App\Controllers\Admin))
 7 SYSTEMPATH\CodeIgniter.php(354): CodeIgniter\CodeIgniter->handleRequest(null, Object(Config\Cache), false)
 8 SYSTEMPATH\Boot.php(363): CodeIgniter\CodeIgniter->run()
 9 SYSTEMPATH\Boot.php(68): CodeIgniter\Boot::runCodeIgniter(Object(CodeIgniter\CodeIgniter))
10 FCPATH\index.php(59): CodeIgniter\Boot::bootWeb(Object(Config\Paths))
11 SYSTEMPATH\rewrite.php(44): require_once('C:\\xampp\\htdocs\\kasirpos\\public\\index.php')
CRITICAL - 2026-04-28 15:24:52 --> [Caused by] mysqli_sql_exception: Unknown column 'transaksi_detail.transaksi_id' in 'on clause'
in SYSTEMPATH\Database\MySQLi\Connection.php on line 327.
 1 SYSTEMPATH\Database\MySQLi\Connection.php(327): mysqli->query('SELECT `transaksi`.*, COUNT(transaksi_detail.id_detail) as total_item
FROM `transaksi`
LEFT JOIN `transaksi_detail` ON `transaksi`.`id` = `transaksi_detail`.`transaksi_id`
GROUP BY `transaksi`.`id`
ORDER BY `transaksi`.`created_at` DESC
 LIMIT 10', 0)
 2 SYSTEMPATH\Database\BaseConnection.php(729): CodeIgniter\Database\MySQLi\Connection->execute('SELECT `transaksi`.*, COUNT(transaksi_detail.id_detail) as total_item
FROM `transaksi`
LEFT JOIN `transaksi_detail` ON `transaksi`.`id` = `transaksi_detail`.`transaksi_id`
GROUP BY `transaksi`.`id`
ORDER BY `transaksi`.`created_at` DESC
 LIMIT 10')
 3 SYSTEMPATH\Database\BaseConnection.php(646): CodeIgniter\Database\BaseConnection->simpleQuery('SELECT `transaksi`.*, COUNT(transaksi_detail.id_detail) as total_item
FROM `transaksi`
LEFT JOIN `transaksi_detail` ON `transaksi`.`id` = `transaksi_detail`.`transaksi_id`
GROUP BY `transaksi`.`id`
ORDER BY `transaksi`.`created_at` DESC
 LIMIT 10')
 4 SYSTEMPATH\Database\BaseBuilder.php(1649): CodeIgniter\Database\BaseConnection->query('SELECT `transaksi`.*, COUNT(transaksi_detail.id_detail) as total_item
FROM `transaksi`
LEFT JOIN `transaksi_detail` ON `transaksi`.`id` = `transaksi_detail`.`transaksi_id`
GROUP BY `transaksi`.`id`
ORDER BY `transaksi`.`created_at` DESC
 LIMIT 10', [], false)
 5 APPPATH\Controllers\Admin.php(32): CodeIgniter\Database\BaseBuilder->get()
 6 SYSTEMPATH\CodeIgniter.php(933): App\Controllers\Admin->index()
 7 SYSTEMPATH\CodeIgniter.php(507): CodeIgniter\CodeIgniter->runController(Object(App\Controllers\Admin))
 8 SYSTEMPATH\CodeIgniter.php(354): CodeIgniter\CodeIgniter->handleRequest(null, Object(Config\Cache), false)
 9 SYSTEMPATH\Boot.php(363): CodeIgniter\CodeIgniter->run()
10 SYSTEMPATH\Boot.php(68): CodeIgniter\Boot::runCodeIgniter(Object(CodeIgniter\CodeIgniter))
11 FCPATH\index.php(59): CodeIgniter\Boot::bootWeb(Object(Config\Paths))
12 SYSTEMPATH\rewrite.php(44): require_once('C:\\xampp\\htdocs\\kasirpos\\public\\index.php')
DEBUG - 2026-04-28 15:25:26 --> Session: Class initialized using 'CodeIgniter\Session\Handlers\FileHandler' driver.
DEBUG - 2026-04-28 15:25:30 --> Session: Class initialized using 'CodeIgniter\Session\Handlers\FileHandler' driver.
DEBUG - 2026-04-28 15:25:37 --> Session: Class initialized using 'CodeIgniter\Session\Handlers\FileHandler' driver.
DEBUG - 2026-04-28 15:25:40 --> Session: Class initialized using 'CodeIgniter\Session\Handlers\FileHandler' driver.
DEBUG - 2026-04-28 15:25:41 --> Session: Class initialized using 'CodeIgniter\Session\Handlers\FileHandler' driver.
DEBUG - 2026-04-28 15:25:41 --> Session: Class initialized using 'CodeIgniter\Session\Handlers\FileHandler' driver.
DEBUG - 2026-04-28 15:25:42 --> Session: Class initialized using 'CodeIgniter\Session\Handlers\FileHandler' driver.
DEBUG - 2026-04-28 15:27:25 --> Session: Class initialized using 'CodeIgniter\Session\Handlers\FileHandler' driver.
DEBUG - 2026-04-28 15:28:16 --> Session: Class initialized using 'CodeIgniter\Session\Handlers\FileHandler' driver.
DEBUG - 2026-04-28 15:28:22 --> Session: Class initialized using 'CodeIgniter\Session\Handlers\FileHandler' driver.
DEBUG - 2026-04-28 15:29:08 --> Session: Class initialized using 'CodeIgniter\Session\Handlers\FileHandler' driver.
DEBUG - 2026-04-28 15:31:03 --> Session: Class initialized using 'CodeIgniter\Session\Handlers\FileHandler' driver.
DEBUG - 2026-04-28 15:31:14 --> Session: Class initialized using 'CodeIgniter\Session\Handlers\FileHandler' driver.
DEBUG - 2026-04-28 15:31:49 --> Session: Class initialized using 'CodeIgniter\Session\Handlers\FileHandler' driver.
DEBUG - 2026-04-28 15:33:52 --> Session: Class initialized using 'CodeIgniter\Session\Handlers\FileHandler' driver.
DEBUG - 2026-04-28 15:35:08 --> Session: Class initialized using 'CodeIgniter\Session\Handlers\FileHandler' driver.
CRITICAL - 2026-04-28 15:36:26 --> ErrorException: Undefined array key "harga_be;o"
[Method: GET, Route: admin]
in APPPATH\Views\admin_view.php on line 337.
 1 APPPATH\Views\admin_view.php(337): CodeIgniter\Debug\Exceptions->errorHandler(2, 'Undefined array key "harga_be;o"', 'C:\\xampp\\htdocs\\kasirpos\\app\\Views\\admin_view.php', 337)
 2 SYSTEMPATH\View\View.php(226): include('C:\\xampp\\htdocs\\kasirpos\\app\\Views\\admin_view.php')
 3 SYSTEMPATH\View\View.php(229): CodeIgniter\View\View->CodeIgniter\View\{closure}()
 4 SYSTEMPATH\Common.php(1167): CodeIgniter\View\View->render('admin_view', [], true)
 5 APPPATH\Controllers\Admin.php(76): view('admin_view', [...])
 6 SYSTEMPATH\CodeIgniter.php(933): App\Controllers\Admin->index()
 7 SYSTEMPATH\CodeIgniter.php(507): CodeIgniter\CodeIgniter->runController(Object(App\Controllers\Admin))
 8 SYSTEMPATH\CodeIgniter.php(354): CodeIgniter\CodeIgniter->handleRequest(null, Object(Config\Cache), false)
 9 SYSTEMPATH\Boot.php(363): CodeIgniter\CodeIgniter->run()
10 SYSTEMPATH\Boot.php(68): CodeIgniter\Boot::runCodeIgniter(Object(CodeIgniter\CodeIgniter))
11 FCPATH\index.php(59): CodeIgniter\Boot::bootWeb(Object(Config\Paths))
12 SYSTEMPATH\rewrite.php(44): require_once('C:\\xampp\\htdocs\\kasirpos\\public\\index.php')
DEBUG - 2026-04-28 15:36:33 --> Session: Class initialized using 'CodeIgniter\Session\Handlers\FileHandler' driver.
DEBUG - 2026-04-28 15:39:23 --> Session: Class initialized using 'CodeIgniter\Session\Handlers\FileHandler' driver.
DEBUG - 2026-04-28 15:43:08 --> Session: Class initialized using 'CodeIgniter\Session\Handlers\FileHandler' driver.
DEBUG - 2026-04-28 15:43:51 --> Session: Class initialized using 'CodeIgniter\Session\Handlers\FileHandler' driver.
DEBUG - 2026-04-28 15:43:51 --> Session: Class initialized using 'CodeIgniter\Session\Handlers\FileHandler' driver.
DEBUG - 2026-04-28 15:44:16 --> Session: Class initialized using 'CodeIgniter\Session\Handlers\FileHandler' driver.
DEBUG - 2026-04-28 15:44:34 --> Session: Class initialized using 'CodeIgniter\Session\Handlers\FileHandler' driver.
DEBUG - 2026-04-28 15:44:34 --> Session: Class initialized using 'CodeIgniter\Session\Handlers\FileHandler' driver.
DEBUG - 2026-04-28 15:46:49 --> Session: Class initialized using 'CodeIgniter\Session\Handlers\FileHandler' driver.
DEBUG - 2026-04-28 15:47:19 --> Session: Class initialized using 'CodeIgniter\Session\Handlers\FileHandler' driver.
DEBUG - 2026-04-28 15:47:39 --> Session: Class initialized using 'CodeIgniter\Session\Handlers\FileHandler' driver.
DEBUG - 2026-04-28 15:48:46 --> Session: Class initialized using 'CodeIgniter\Session\Handlers\FileHandler' driver.
DEBUG - 2026-04-28 15:51:42 --> Session: Class initialized using 'CodeIgniter\Session\Handlers\FileHandler' driver.
WARNING - 2026-04-28 15:52:47 --> [DEPRECATED] number_format(): Passing null to parameter #1 ($num) of type float is deprecated in APPPATH\Views\admin_view.php on line 326.
 1 APPPATH\Views\admin_view.php(326): number_format(null, 0, ',', '.')
 2 SYSTEMPATH\View\View.php(226): include('C:\\xampp\\htdocs\\kasirpos\\app\\Views\\admin_view.php')
 3 SYSTEMPATH\View\View.php(229): CodeIgniter\View\View->CodeIgniter\View\{closure}()
 4 SYSTEMPATH\Common.php(1167): CodeIgniter\View\View->render('admin_view', [], true)
 5 APPPATH\Controllers\Admin.php(76): view('admin_view', [...])
 6 SYSTEMPATH\CodeIgniter.php(933): App\Controllers\Admin->index()
 7 SYSTEMPATH\CodeIgniter.php(507): CodeIgniter\CodeIgniter->runController(Object(App\Controllers\Admin))
 8 SYSTEMPATH\CodeIgniter.php(354): CodeIgniter\CodeIgniter->handleRequest(null, Object(Config\Cache), false)
 9 SYSTEMPATH\Boot.php(363): CodeIgniter\CodeIgniter->run()
10 SYSTEMPATH\Boot.php(68): CodeIgniter\Boot::runCodeIgniter(Object(CodeIgniter\CodeIgniter))
11 FCPATH\index.php(59): CodeIgniter\Boot::bootWeb(Object(Config\Paths))
12 SYSTEMPATH\rewrite.php(44): require_once('C:\\xampp\\htdocs\\kasirpos\\public\\index.php')
DEBUG - 2026-04-28 15:52:47 --> Session: Class initialized using 'CodeIgniter\Session\Handlers\FileHandler' driver.
WARNING - 2026-04-28 15:53:47 --> [DEPRECATED] number_format(): Passing null to parameter #1 ($num) of type float is deprecated in APPPATH\Views\admin_view.php on line 326.
 1 APPPATH\Views\admin_view.php(326): number_format(null, 0, ',', '.')
 2 SYSTEMPATH\View\View.php(226): include('C:\\xampp\\htdocs\\kasirpos\\app\\Views\\admin_view.php')
 3 SYSTEMPATH\View\View.php(229): CodeIgniter\View\View->CodeIgniter\View\{closure}()
 4 SYSTEMPATH\Common.php(1167): CodeIgniter\View\View->render('admin_view', [], true)
 5 APPPATH\Controllers\Admin.php(76): view('admin_view', [...])
 6 SYSTEMPATH\CodeIgniter.php(933): App\Controllers\Admin->index()
 7 SYSTEMPATH\CodeIgniter.php(507): CodeIgniter\CodeIgniter->runController(Object(App\Controllers\Admin))
 8 SYSTEMPATH\CodeIgniter.php(354): CodeIgniter\CodeIgniter->handleRequest(null, Object(Config\Cache), false)
 9 SYSTEMPATH\Boot.php(363): CodeIgniter\CodeIgniter->run()
10 SYSTEMPATH\Boot.php(68): CodeIgniter\Boot::runCodeIgniter(Object(CodeIgniter\CodeIgniter))
11 FCPATH\index.php(59): CodeIgniter\Boot::bootWeb(Object(Config\Paths))
12 SYSTEMPATH\rewrite.php(44): require_once('C:\\xampp\\htdocs\\kasirpos\\public\\index.php')
DEBUG - 2026-04-28 15:53:47 --> Session: Class initialized using 'CodeIgniter\Session\Handlers\FileHandler' driver.
WARNING - 2026-04-28 15:54:55 --> [DEPRECATED] number_format(): Passing null to parameter #1 ($num) of type float is deprecated in APPPATH\Views\admin_view.php on line 326.
 1 APPPATH\Views\admin_view.php(326): number_format(null, 0, ',', '.')
 2 SYSTEMPATH\View\View.php(226): include('C:\\xampp\\htdocs\\kasirpos\\app\\Views\\admin_view.php')
 3 SYSTEMPATH\View\View.php(229): CodeIgniter\View\View->CodeIgniter\View\{closure}()
 4 SYSTEMPATH\Common.php(1167): CodeIgniter\View\View->render('admin_view', [], true)
 5 APPPATH\Controllers\Admin.php(76): view('admin_view', [...])
 6 SYSTEMPATH\CodeIgniter.php(933): App\Controllers\Admin->index()
 7 SYSTEMPATH\CodeIgniter.php(507): CodeIgniter\CodeIgniter->runController(Object(App\Controllers\Admin))
 8 SYSTEMPATH\CodeIgniter.php(354): CodeIgniter\CodeIgniter->handleRequest(null, Object(Config\Cache), false)
 9 SYSTEMPATH\Boot.php(363): CodeIgniter\CodeIgniter->run()
10 SYSTEMPATH\Boot.php(68): CodeIgniter\Boot::runCodeIgniter(Object(CodeIgniter\CodeIgniter))
11 FCPATH\index.php(59): CodeIgniter\Boot::bootWeb(Object(Config\Paths))
12 SYSTEMPATH\rewrite.php(44): require_once('C:\\xampp\\htdocs\\kasirpos\\public\\index.php')
DEBUG - 2026-04-28 15:54:55 --> Session: Class initialized using 'CodeIgniter\Session\Handlers\FileHandler' driver.
WARNING - 2026-04-28 15:55:37 --> [DEPRECATED] number_format(): Passing null to parameter #1 ($num) of type float is deprecated in APPPATH\Views\admin_view.php on line 326.
 1 APPPATH\Views\admin_view.php(326): number_format(null, 0, ',', '.')
 2 SYSTEMPATH\View\View.php(226): include('C:\\xampp\\htdocs\\kasirpos\\app\\Views\\admin_view.php')
 3 SYSTEMPATH\View\View.php(229): CodeIgniter\View\View->CodeIgniter\View\{closure}()
 4 SYSTEMPATH\Common.php(1167): CodeIgniter\View\View->render('admin_view', [], true)
 5 APPPATH\Controllers\Admin.php(76): view('admin_view', [...])
 6 SYSTEMPATH\CodeIgniter.php(933): App\Controllers\Admin->index()
 7 SYSTEMPATH\CodeIgniter.php(507): CodeIgniter\CodeIgniter->runController(Object(App\Controllers\Admin))
 8 SYSTEMPATH\CodeIgniter.php(354): CodeIgniter\CodeIgniter->handleRequest(null, Object(Config\Cache), false)
 9 SYSTEMPATH\Boot.php(363): CodeIgniter\CodeIgniter->run()
10 SYSTEMPATH\Boot.php(68): CodeIgniter\Boot::runCodeIgniter(Object(CodeIgniter\CodeIgniter))
11 FCPATH\index.php(59): CodeIgniter\Boot::bootWeb(Object(Config\Paths))
12 SYSTEMPATH\rewrite.php(44): require_once('C:\\xampp\\htdocs\\kasirpos\\public\\index.php')
DEBUG - 2026-04-28 15:55:37 --> Session: Class initialized using 'CodeIgniter\Session\Handlers\FileHandler' driver.
WARNING - 2026-04-28 15:55:57 --> [DEPRECATED] number_format(): Passing null to parameter #1 ($num) of type float is deprecated in APPPATH\Views\admin_view.php on line 326.
 1 APPPATH\Views\admin_view.php(326): number_format(null, 0, ',', '.')
 2 SYSTEMPATH\View\View.php(226): include('C:\\xampp\\htdocs\\kasirpos\\app\\Views\\admin_view.php')
 3 SYSTEMPATH\View\View.php(229): CodeIgniter\View\View->CodeIgniter\View\{closure}()
 4 SYSTEMPATH\Common.php(1167): CodeIgniter\View\View->render('admin_view', [], true)
 5 APPPATH\Controllers\Admin.php(76): view('admin_view', [...])
 6 SYSTEMPATH\CodeIgniter.php(933): App\Controllers\Admin->index()
 7 SYSTEMPATH\CodeIgniter.php(507): CodeIgniter\CodeIgniter->runController(Object(App\Controllers\Admin))
 8 SYSTEMPATH\CodeIgniter.php(354): CodeIgniter\CodeIgniter->handleRequest(null, Object(Config\Cache), false)
 9 SYSTEMPATH\Boot.php(363): CodeIgniter\CodeIgniter->run()
10 SYSTEMPATH\Boot.php(68): CodeIgniter\Boot::runCodeIgniter(Object(CodeIgniter\CodeIgniter))
11 FCPATH\index.php(59): CodeIgniter\Boot::bootWeb(Object(Config\Paths))
12 SYSTEMPATH\rewrite.php(44): require_once('C:\\xampp\\htdocs\\kasirpos\\public\\index.php')
DEBUG - 2026-04-28 15:55:57 --> Session: Class initialized using 'CodeIgniter\Session\Handlers\FileHandler' driver.
WARNING - 2026-04-28 15:56:08 --> [DEPRECATED] number_format(): Passing null to parameter #1 ($num) of type float is deprecated in APPPATH\Views\admin_view.php on line 326.
 1 APPPATH\Views\admin_view.php(326): number_format(null, 0, ',', '.')
 2 SYSTEMPATH\View\View.php(226): include('C:\\xampp\\htdocs\\kasirpos\\app\\Views\\admin_view.php')
 3 SYSTEMPATH\View\View.php(229): CodeIgniter\View\View->CodeIgniter\View\{closure}()
 4 SYSTEMPATH\Common.php(1167): CodeIgniter\View\View->render('admin_view', [], true)
 5 APPPATH\Controllers\Admin.php(76): view('admin_view', [...])
 6 SYSTEMPATH\CodeIgniter.php(933): App\Controllers\Admin->index()
 7 SYSTEMPATH\CodeIgniter.php(507): CodeIgniter\CodeIgniter->runController(Object(App\Controllers\Admin))
 8 SYSTEMPATH\CodeIgniter.php(354): CodeIgniter\CodeIgniter->handleRequest(null, Object(Config\Cache), false)
 9 SYSTEMPATH\Boot.php(363): CodeIgniter\CodeIgniter->run()
10 SYSTEMPATH\Boot.php(68): CodeIgniter\Boot::runCodeIgniter(Object(CodeIgniter\CodeIgniter))
11 FCPATH\index.php(59): CodeIgniter\Boot::bootWeb(Object(Config\Paths))
12 SYSTEMPATH\rewrite.php(44): require_once('C:\\xampp\\htdocs\\kasirpos\\public\\index.php')
DEBUG - 2026-04-28 15:56:08 --> Session: Class initialized using 'CodeIgniter\Session\Handlers\FileHandler' driver.
WARNING - 2026-04-28 15:56:23 --> [DEPRECATED] number_format(): Passing null to parameter #1 ($num) of type float is deprecated in APPPATH\Views\admin_view.php on line 325.
 1 APPPATH\Views\admin_view.php(325): number_format(null, 0, ',', '.')
 2 SYSTEMPATH\View\View.php(226): include('C:\\xampp\\htdocs\\kasirpos\\app\\Views\\admin_view.php')
 3 SYSTEMPATH\View\View.php(229): CodeIgniter\View\View->CodeIgniter\View\{closure}()
 4 SYSTEMPATH\Common.php(1167): CodeIgniter\View\View->render('admin_view', [], true)
 5 APPPATH\Controllers\Admin.php(76): view('admin_view', [...])
 6 SYSTEMPATH\CodeIgniter.php(933): App\Controllers\Admin->index()
 7 SYSTEMPATH\CodeIgniter.php(507): CodeIgniter\CodeIgniter->runController(Object(App\Controllers\Admin))
 8 SYSTEMPATH\CodeIgniter.php(354): CodeIgniter\CodeIgniter->handleRequest(null, Object(Config\Cache), false)
 9 SYSTEMPATH\Boot.php(363): CodeIgniter\CodeIgniter->run()
10 SYSTEMPATH\Boot.php(68): CodeIgniter\Boot::runCodeIgniter(Object(CodeIgniter\CodeIgniter))
11 FCPATH\index.php(59): CodeIgniter\Boot::bootWeb(Object(Config\Paths))
12 SYSTEMPATH\rewrite.php(44): require_once('C:\\xampp\\htdocs\\kasirpos\\public\\index.php')
DEBUG - 2026-04-28 15:56:23 --> Session: Class initialized using 'CodeIgniter\Session\Handlers\FileHandler' driver.
WARNING - 2026-04-28 15:56:34 --> [DEPRECATED] number_format(): Passing null to parameter #1 ($num) of type float is deprecated in APPPATH\Views\admin_view.php on line 325.
 1 APPPATH\Views\admin_view.php(325): number_format(null, 0, ',', '.')
 2 SYSTEMPATH\View\View.php(226): include('C:\\xampp\\htdocs\\kasirpos\\app\\Views\\admin_view.php')
 3 SYSTEMPATH\View\View.php(229): CodeIgniter\View\View->CodeIgniter\View\{closure}()
 4 SYSTEMPATH\Common.php(1167): CodeIgniter\View\View->render('admin_view', [], true)
 5 APPPATH\Controllers\Admin.php(76): view('admin_view', [...])
 6 SYSTEMPATH\CodeIgniter.php(933): App\Controllers\Admin->index()
 7 SYSTEMPATH\CodeIgniter.php(507): CodeIgniter\CodeIgniter->runController(Object(App\Controllers\Admin))
 8 SYSTEMPATH\CodeIgniter.php(354): CodeIgniter\CodeIgniter->handleRequest(null, Object(Config\Cache), false)
 9 SYSTEMPATH\Boot.php(363): CodeIgniter\CodeIgniter->run()
10 SYSTEMPATH\Boot.php(68): CodeIgniter\Boot::runCodeIgniter(Object(CodeIgniter\CodeIgniter))
11 FCPATH\index.php(59): CodeIgniter\Boot::bootWeb(Object(Config\Paths))
12 SYSTEMPATH\rewrite.php(44): require_once('C:\\xampp\\htdocs\\kasirpos\\public\\index.php')
DEBUG - 2026-04-28 15:56:34 --> Session: Class initialized using 'CodeIgniter\Session\Handlers\FileHandler' driver.
WARNING - 2026-04-28 15:58:17 --> [DEPRECATED] number_format(): Passing null to parameter #1 ($num) of type float is deprecated in APPPATH\Views\admin_view.php on line 325.
 1 APPPATH\Views\admin_view.php(325): number_format(null, 0, ',', '.')
 2 SYSTEMPATH\View\View.php(226): include('C:\\xampp\\htdocs\\kasirpos\\app\\Views\\admin_view.php')
 3 SYSTEMPATH\View\View.php(229): CodeIgniter\View\View->CodeIgniter\View\{closure}()
 4 SYSTEMPATH\Common.php(1167): CodeIgniter\View\View->render('admin_view', [], true)
 5 APPPATH\Controllers\Admin.php(76): view('admin_view', [...])
 6 SYSTEMPATH\CodeIgniter.php(933): App\Controllers\Admin->index()
 7 SYSTEMPATH\CodeIgniter.php(507): CodeIgniter\CodeIgniter->runController(Object(App\Controllers\Admin))
 8 SYSTEMPATH\CodeIgniter.php(354): CodeIgniter\CodeIgniter->handleRequest(null, Object(Config\Cache), false)
 9 SYSTEMPATH\Boot.php(363): CodeIgniter\CodeIgniter->run()
10 SYSTEMPATH\Boot.php(68): CodeIgniter\Boot::runCodeIgniter(Object(CodeIgniter\CodeIgniter))
11 FCPATH\index.php(59): CodeIgniter\Boot::bootWeb(Object(Config\Paths))
12 SYSTEMPATH\rewrite.php(44): require_once('C:\\xampp\\htdocs\\kasirpos\\public\\index.php')
DEBUG - 2026-04-28 15:58:17 --> Session: Class initialized using 'CodeIgniter\Session\Handlers\FileHandler' driver.
WARNING - 2026-04-28 16:00:09 --> [DEPRECATED] number_format(): Passing null to parameter #1 ($num) of type float is deprecated in APPPATH\Views\admin_view.php on line 325.
 1 APPPATH\Views\admin_view.php(325): number_format(null, 0, ',', '.')
 2 SYSTEMPATH\View\View.php(226): include('C:\\xampp\\htdocs\\kasirpos\\app\\Views\\admin_view.php')
 3 SYSTEMPATH\View\View.php(229): CodeIgniter\View\View->CodeIgniter\View\{closure}()
 4 SYSTEMPATH\Common.php(1167): CodeIgniter\View\View->render('admin_view', [], true)
 5 APPPATH\Controllers\Admin.php(76): view('admin_view', [...])
 6 SYSTEMPATH\CodeIgniter.php(933): App\Controllers\Admin->index()
 7 SYSTEMPATH\CodeIgniter.php(507): CodeIgniter\CodeIgniter->runController(Object(App\Controllers\Admin))
 8 SYSTEMPATH\CodeIgniter.php(354): CodeIgniter\CodeIgniter->handleRequest(null, Object(Config\Cache), false)
 9 SYSTEMPATH\Boot.php(363): CodeIgniter\CodeIgniter->run()
10 SYSTEMPATH\Boot.php(68): CodeIgniter\Boot::runCodeIgniter(Object(CodeIgniter\CodeIgniter))
11 FCPATH\index.php(59): CodeIgniter\Boot::bootWeb(Object(Config\Paths))
12 SYSTEMPATH\rewrite.php(44): require_once('C:\\xampp\\htdocs\\kasirpos\\public\\index.php')
DEBUG - 2026-04-28 16:00:09 --> Session: Class initialized using 'CodeIgniter\Session\Handlers\FileHandler' driver.
WARNING - 2026-04-28 16:00:16 --> [DEPRECATED] number_format(): Passing null to parameter #1 ($num) of type float is deprecated in APPPATH\Views\admin_view.php on line 325.
 1 APPPATH\Views\admin_view.php(325): number_format(null, 0, ',', '.')
 2 SYSTEMPATH\View\View.php(226): include('C:\\xampp\\htdocs\\kasirpos\\app\\Views\\admin_view.php')
 3 SYSTEMPATH\View\View.php(229): CodeIgniter\View\View->CodeIgniter\View\{closure}()
 4 SYSTEMPATH\Common.php(1167): CodeIgniter\View\View->render('admin_view', [], true)
 5 APPPATH\Controllers\Admin.php(76): view('admin_view', [...])
 6 SYSTEMPATH\CodeIgniter.php(933): App\Controllers\Admin->index()
 7 SYSTEMPATH\CodeIgniter.php(507): CodeIgniter\CodeIgniter->runController(Object(App\Controllers\Admin))
 8 SYSTEMPATH\CodeIgniter.php(354): CodeIgniter\CodeIgniter->handleRequest(null, Object(Config\Cache), false)
 9 SYSTEMPATH\Boot.php(363): CodeIgniter\CodeIgniter->run()
10 SYSTEMPATH\Boot.php(68): CodeIgniter\Boot::runCodeIgniter(Object(CodeIgniter\CodeIgniter))
11 FCPATH\index.php(59): CodeIgniter\Boot::bootWeb(Object(Config\Paths))
12 SYSTEMPATH\rewrite.php(44): require_once('C:\\xampp\\htdocs\\kasirpos\\public\\index.php')
DEBUG - 2026-04-28 16:00:16 --> Session: Class initialized using 'CodeIgniter\Session\Handlers\FileHandler' driver.
WARNING - 2026-04-28 16:00:22 --> [DEPRECATED] number_format(): Passing null to parameter #1 ($num) of type float is deprecated in APPPATH\Views\admin_view.php on line 325.
 1 APPPATH\Views\admin_view.php(325): number_format(null, 0, ',', '.')
 2 SYSTEMPATH\View\View.php(226): include('C:\\xampp\\htdocs\\kasirpos\\app\\Views\\admin_view.php')
 3 SYSTEMPATH\View\View.php(229): CodeIgniter\View\View->CodeIgniter\View\{closure}()
 4 SYSTEMPATH\Common.php(1167): CodeIgniter\View\View->render('admin_view', [], true)
 5 APPPATH\Controllers\Admin.php(76): view('admin_view', [...])
 6 SYSTEMPATH\CodeIgniter.php(933): App\Controllers\Admin->index()
 7 SYSTEMPATH\CodeIgniter.php(507): CodeIgniter\CodeIgniter->runController(Object(App\Controllers\Admin))
 8 SYSTEMPATH\CodeIgniter.php(354): CodeIgniter\CodeIgniter->handleRequest(null, Object(Config\Cache), false)
 9 SYSTEMPATH\Boot.php(363): CodeIgniter\CodeIgniter->run()
10 SYSTEMPATH\Boot.php(68): CodeIgniter\Boot::runCodeIgniter(Object(CodeIgniter\CodeIgniter))
11 FCPATH\index.php(59): CodeIgniter\Boot::bootWeb(Object(Config\Paths))
12 SYSTEMPATH\rewrite.php(44): require_once('C:\\xampp\\htdocs\\kasirpos\\public\\index.php')
DEBUG - 2026-04-28 16:00:22 --> Session: Class initialized using 'CodeIgniter\Session\Handlers\FileHandler' driver.
WARNING - 2026-04-28 16:01:33 --> [DEPRECATED] number_format(): Passing null to parameter #1 ($num) of type float is deprecated in APPPATH\Views\admin_view.php on line 325.
 1 APPPATH\Views\admin_view.php(325): number_format(null, 0, ',', '.')
 2 SYSTEMPATH\View\View.php(226): include('C:\\xampp\\htdocs\\kasirpos\\app\\Views\\admin_view.php')
 3 SYSTEMPATH\View\View.php(229): CodeIgniter\View\View->CodeIgniter\View\{closure}()
 4 SYSTEMPATH\Common.php(1167): CodeIgniter\View\View->render('admin_view', [], true)
 5 APPPATH\Controllers\Admin.php(76): view('admin_view', [...])
 6 SYSTEMPATH\CodeIgniter.php(933): App\Controllers\Admin->index()
 7 SYSTEMPATH\CodeIgniter.php(507): CodeIgniter\CodeIgniter->runController(Object(App\Controllers\Admin))
 8 SYSTEMPATH\CodeIgniter.php(354): CodeIgniter\CodeIgniter->handleRequest(null, Object(Config\Cache), false)
 9 SYSTEMPATH\Boot.php(363): CodeIgniter\CodeIgniter->run()
10 SYSTEMPATH\Boot.php(68): CodeIgniter\Boot::runCodeIgniter(Object(CodeIgniter\CodeIgniter))
11 FCPATH\index.php(59): CodeIgniter\Boot::bootWeb(Object(Config\Paths))
12 SYSTEMPATH\rewrite.php(44): require_once('C:\\xampp\\htdocs\\kasirpos\\public\\index.php')
DEBUG - 2026-04-28 16:01:33 --> Session: Class initialized using 'CodeIgniter\Session\Handlers\FileHandler' driver.
DEBUG - 2026-04-28 16:01:38 --> Session: Class initialized using 'CodeIgniter\Session\Handlers\FileHandler' driver.
WARNING - 2026-04-28 16:01:38 --> [DEPRECATED] number_format(): Passing null to parameter #1 ($num) of type float is deprecated in APPPATH\Views\admin_view.php on line 325.
 1 APPPATH\Views\admin_view.php(325): number_format(null, 0, ',', '.')
 2 SYSTEMPATH\View\View.php(226): include('C:\\xampp\\htdocs\\kasirpos\\app\\Views\\admin_view.php')
 3 SYSTEMPATH\View\View.php(229): CodeIgniter\View\View->CodeIgniter\View\{closure}()
 4 SYSTEMPATH\Common.php(1167): CodeIgniter\View\View->render('admin_view', [], true)
 5 APPPATH\Controllers\Admin.php(76): view('admin_view', [...])
 6 SYSTEMPATH\CodeIgniter.php(933): App\Controllers\Admin->index()
 7 SYSTEMPATH\CodeIgniter.php(507): CodeIgniter\CodeIgniter->runController(Object(App\Controllers\Admin))
 8 SYSTEMPATH\CodeIgniter.php(354): CodeIgniter\CodeIgniter->handleRequest(null, Object(Config\Cache), false)
 9 SYSTEMPATH\Boot.php(363): CodeIgniter\CodeIgniter->run()
10 SYSTEMPATH\Boot.php(68): CodeIgniter\Boot::runCodeIgniter(Object(CodeIgniter\CodeIgniter))
11 FCPATH\index.php(59): CodeIgniter\Boot::bootWeb(Object(Config\Paths))
12 SYSTEMPATH\rewrite.php(44): require_once('C:\\xampp\\htdocs\\kasirpos\\public\\index.php')
DEBUG - 2026-04-28 16:01:38 --> Session: Class initialized using 'CodeIgniter\Session\Handlers\FileHandler' driver.
WARNING - 2026-04-28 16:04:49 --> [DEPRECATED] number_format(): Passing null to parameter #1 ($num) of type float is deprecated in APPPATH\Views\admin_view.php on line 325.
 1 APPPATH\Views\admin_view.php(325): number_format(null, 0, ',', '.')
 2 SYSTEMPATH\View\View.php(226): include('C:\\xampp\\htdocs\\kasirpos\\app\\Views\\admin_view.php')
 3 SYSTEMPATH\View\View.php(229): CodeIgniter\View\View->CodeIgniter\View\{closure}()
 4 SYSTEMPATH\Common.php(1167): CodeIgniter\View\View->render('admin_view', [], true)
 5 APPPATH\Controllers\Admin.php(76): view('admin_view', [...])
 6 SYSTEMPATH\CodeIgniter.php(933): App\Controllers\Admin->index()
 7 SYSTEMPATH\CodeIgniter.php(507): CodeIgniter\CodeIgniter->runController(Object(App\Controllers\Admin))
 8 SYSTEMPATH\CodeIgniter.php(354): CodeIgniter\CodeIgniter->handleRequest(null, Object(Config\Cache), false)
 9 SYSTEMPATH\Boot.php(363): CodeIgniter\CodeIgniter->run()
10 SYSTEMPATH\Boot.php(68): CodeIgniter\Boot::runCodeIgniter(Object(CodeIgniter\CodeIgniter))
11 FCPATH\index.php(59): CodeIgniter\Boot::bootWeb(Object(Config\Paths))
12 SYSTEMPATH\rewrite.php(44): require_once('C:\\xampp\\htdocs\\kasirpos\\public\\index.php')
DEBUG - 2026-04-28 16:04:49 --> Session: Class initialized using 'CodeIgniter\Session\Handlers\FileHandler' driver.
WARNING - 2026-04-28 16:06:34 --> [DEPRECATED] number_format(): Passing null to parameter #1 ($num) of type float is deprecated in APPPATH\Views\admin_view.php on line 325.
 1 APPPATH\Views\admin_view.php(325): number_format(null, 0, ',', '.')
 2 SYSTEMPATH\View\View.php(226): include('C:\\xampp\\htdocs\\kasirpos\\app\\Views\\admin_view.php')
 3 SYSTEMPATH\View\View.php(229): CodeIgniter\View\View->CodeIgniter\View\{closure}()
 4 SYSTEMPATH\Common.php(1167): CodeIgniter\View\View->render('admin_view', [], true)
 5 APPPATH\Controllers\Admin.php(76): view('admin_view', [...])
 6 SYSTEMPATH\CodeIgniter.php(933): App\Controllers\Admin->index()
 7 SYSTEMPATH\CodeIgniter.php(507): CodeIgniter\CodeIgniter->runController(Object(App\Controllers\Admin))
 8 SYSTEMPATH\CodeIgniter.php(354): CodeIgniter\CodeIgniter->handleRequest(null, Object(Config\Cache), false)
 9 SYSTEMPATH\Boot.php(363): CodeIgniter\CodeIgniter->run()
10 SYSTEMPATH\Boot.php(68): CodeIgniter\Boot::runCodeIgniter(Object(CodeIgniter\CodeIgniter))
11 FCPATH\index.php(59): CodeIgniter\Boot::bootWeb(Object(Config\Paths))
12 SYSTEMPATH\rewrite.php(44): require_once('C:\\xampp\\htdocs\\kasirpos\\public\\index.php')
DEBUG - 2026-04-28 16:06:34 --> Session: Class initialized using 'CodeIgniter\Session\Handlers\FileHandler' driver.
WARNING - 2026-04-28 16:07:34 --> [DEPRECATED] number_format(): Passing null to parameter #1 ($num) of type float is deprecated in APPPATH\Views\admin_view.php on line 325.
 1 APPPATH\Views\admin_view.php(325): number_format(null, 0, ',', '.')
 2 SYSTEMPATH\View\View.php(226): include('C:\\xampp\\htdocs\\kasirpos\\app\\Views\\admin_view.php')
 3 SYSTEMPATH\View\View.php(229): CodeIgniter\View\View->CodeIgniter\View\{closure}()
 4 SYSTEMPATH\Common.php(1167): CodeIgniter\View\View->render('admin_view', [], true)
 5 APPPATH\Controllers\Admin.php(76): view('admin_view', [...])
 6 SYSTEMPATH\CodeIgniter.php(933): App\Controllers\Admin->index()
 7 SYSTEMPATH\CodeIgniter.php(507): CodeIgniter\CodeIgniter->runController(Object(App\Controllers\Admin))
 8 SYSTEMPATH\CodeIgniter.php(354): CodeIgniter\CodeIgniter->handleRequest(null, Object(Config\Cache), false)
 9 SYSTEMPATH\Boot.php(363): CodeIgniter\CodeIgniter->run()
10 SYSTEMPATH\Boot.php(68): CodeIgniter\Boot::runCodeIgniter(Object(CodeIgniter\CodeIgniter))
11 FCPATH\index.php(59): CodeIgniter\Boot::bootWeb(Object(Config\Paths))
12 SYSTEMPATH\rewrite.php(44): require_once('C:\\xampp\\htdocs\\kasirpos\\public\\index.php')
DEBUG - 2026-04-28 16:07:34 --> Session: Class initialized using 'CodeIgniter\Session\Handlers\FileHandler' driver.
WARNING - 2026-04-28 16:07:41 --> [DEPRECATED] number_format(): Passing null to parameter #1 ($num) of type float is deprecated in APPPATH\Views\admin_view.php on line 325.
 1 APPPATH\Views\admin_view.php(325): number_format(null, 0, ',', '.')
 2 SYSTEMPATH\View\View.php(226): include('C:\\xampp\\htdocs\\kasirpos\\app\\Views\\admin_view.php')
 3 SYSTEMPATH\View\View.php(229): CodeIgniter\View\View->CodeIgniter\View\{closure}()
 4 SYSTEMPATH\Common.php(1167): CodeIgniter\View\View->render('admin_view', [], true)
 5 APPPATH\Controllers\Admin.php(76): view('admin_view', [...])
 6 SYSTEMPATH\CodeIgniter.php(933): App\Controllers\Admin->index()
 7 SYSTEMPATH\CodeIgniter.php(507): CodeIgniter\CodeIgniter->runController(Object(App\Controllers\Admin))
 8 SYSTEMPATH\CodeIgniter.php(354): CodeIgniter\CodeIgniter->handleRequest(null, Object(Config\Cache), false)
 9 SYSTEMPATH\Boot.php(363): CodeIgniter\CodeIgniter->run()
10 SYSTEMPATH\Boot.php(68): CodeIgniter\Boot::runCodeIgniter(Object(CodeIgniter\CodeIgniter))
11 FCPATH\index.php(59): CodeIgniter\Boot::bootWeb(Object(Config\Paths))
12 SYSTEMPATH\rewrite.php(44): require_once('C:\\xampp\\htdocs\\kasirpos\\public\\index.php')
DEBUG - 2026-04-28 16:07:41 --> Session: Class initialized using 'CodeIgniter\Session\Handlers\FileHandler' driver.
WARNING - 2026-04-28 16:08:09 --> [DEPRECATED] number_format(): Passing null to parameter #1 ($num) of type float is deprecated in APPPATH\Views\admin_view.php on line 325.
 1 APPPATH\Views\admin_view.php(325): number_format(null, 0, ',', '.')
 2 SYSTEMPATH\View\View.php(226): include('C:\\xampp\\htdocs\\kasirpos\\app\\Views\\admin_view.php')
 3 SYSTEMPATH\View\View.php(229): CodeIgniter\View\View->CodeIgniter\View\{closure}()
 4 SYSTEMPATH\Common.php(1167): CodeIgniter\View\View->render('admin_view', [], true)
 5 APPPATH\Controllers\Admin.php(76): view('admin_view', [...])
 6 SYSTEMPATH\CodeIgniter.php(933): App\Controllers\Admin->index()
 7 SYSTEMPATH\CodeIgniter.php(507): CodeIgniter\CodeIgniter->runController(Object(App\Controllers\Admin))
 8 SYSTEMPATH\CodeIgniter.php(354): CodeIgniter\CodeIgniter->handleRequest(null, Object(Config\Cache), false)
 9 SYSTEMPATH\Boot.php(363): CodeIgniter\CodeIgniter->run()
10 SYSTEMPATH\Boot.php(68): CodeIgniter\Boot::runCodeIgniter(Object(CodeIgniter\CodeIgniter))
11 FCPATH\index.php(59): CodeIgniter\Boot::bootWeb(Object(Config\Paths))
12 SYSTEMPATH\rewrite.php(44): require_once('C:\\xampp\\htdocs\\kasirpos\\public\\index.php')
DEBUG - 2026-04-28 16:08:09 --> Session: Class initialized using 'CodeIgniter\Session\Handlers\FileHandler' driver.
WARNING - 2026-04-28 16:08:21 --> [DEPRECATED] number_format(): Passing null to parameter #1 ($num) of type float is deprecated in APPPATH\Views\admin_view.php on line 325.
 1 APPPATH\Views\admin_view.php(325): number_format(null, 0, ',', '.')
 2 SYSTEMPATH\View\View.php(226): include('C:\\xampp\\htdocs\\kasirpos\\app\\Views\\admin_view.php')
 3 SYSTEMPATH\View\View.php(229): CodeIgniter\View\View->CodeIgniter\View\{closure}()
 4 SYSTEMPATH\Common.php(1167): CodeIgniter\View\View->render('admin_view', [], true)
 5 APPPATH\Controllers\Admin.php(76): view('admin_view', [...])
 6 SYSTEMPATH\CodeIgniter.php(933): App\Controllers\Admin->index()
 7 SYSTEMPATH\CodeIgniter.php(507): CodeIgniter\CodeIgniter->runController(Object(App\Controllers\Admin))
 8 SYSTEMPATH\CodeIgniter.php(354): CodeIgniter\CodeIgniter->handleRequest(null, Object(Config\Cache), false)
 9 SYSTEMPATH\Boot.php(363): CodeIgniter\CodeIgniter->run()
10 SYSTEMPATH\Boot.php(68): CodeIgniter\Boot::runCodeIgniter(Object(CodeIgniter\CodeIgniter))
11 FCPATH\index.php(59): CodeIgniter\Boot::bootWeb(Object(Config\Paths))
12 SYSTEMPATH\rewrite.php(44): require_once('C:\\xampp\\htdocs\\kasirpos\\public\\index.php')
DEBUG - 2026-04-28 16:08:21 --> Session: Class initialized using 'CodeIgniter\Session\Handlers\FileHandler' driver.
WARNING - 2026-04-28 16:11:23 --> [DEPRECATED] number_format(): Passing null to parameter #1 ($num) of type float is deprecated in APPPATH\Views\admin_view.php on line 325.
 1 APPPATH\Views\admin_view.php(325): number_format(null, 0, ',', '.')
 2 SYSTEMPATH\View\View.php(226): include('C:\\xampp\\htdocs\\kasirpos\\app\\Views\\admin_view.php')
 3 SYSTEMPATH\View\View.php(229): CodeIgniter\View\View->CodeIgniter\View\{closure}()
 4 SYSTEMPATH\Common.php(1167): CodeIgniter\View\View->render('admin_view', [], true)
 5 APPPATH\Controllers\Admin.php(76): view('admin_view', [...])
 6 SYSTEMPATH\CodeIgniter.php(933): App\Controllers\Admin->index()
 7 SYSTEMPATH\CodeIgniter.php(507): CodeIgniter\CodeIgniter->runController(Object(App\Controllers\Admin))
 8 SYSTEMPATH\CodeIgniter.php(354): CodeIgniter\CodeIgniter->handleRequest(null, Object(Config\Cache), false)
 9 SYSTEMPATH\Boot.php(363): CodeIgniter\CodeIgniter->run()
10 SYSTEMPATH\Boot.php(68): CodeIgniter\Boot::runCodeIgniter(Object(CodeIgniter\CodeIgniter))
11 FCPATH\index.php(59): CodeIgniter\Boot::bootWeb(Object(Config\Paths))
12 SYSTEMPATH\rewrite.php(44): require_once('C:\\xampp\\htdocs\\kasirpos\\public\\index.php')
DEBUG - 2026-04-28 16:11:23 --> Session: Class initialized using 'CodeIgniter\Session\Handlers\FileHandler' driver.
WARNING - 2026-04-28 16:12:09 --> [DEPRECATED] number_format(): Passing null to parameter #1 ($num) of type float is deprecated in APPPATH\Views\admin_view.php on line 325.
 1 APPPATH\Views\admin_view.php(325): number_format(null, 0, ',', '.')
 2 SYSTEMPATH\View\View.php(226): include('C:\\xampp\\htdocs\\kasirpos\\app\\Views\\admin_view.php')
 3 SYSTEMPATH\View\View.php(229): CodeIgniter\View\View->CodeIgniter\View\{closure}()
 4 SYSTEMPATH\Common.php(1167): CodeIgniter\View\View->render('admin_view', [], true)
 5 APPPATH\Controllers\Admin.php(76): view('admin_view', [...])
 6 SYSTEMPATH\CodeIgniter.php(933): App\Controllers\Admin->index()
 7 SYSTEMPATH\CodeIgniter.php(507): CodeIgniter\CodeIgniter->runController(Object(App\Controllers\Admin))
 8 SYSTEMPATH\CodeIgniter.php(354): CodeIgniter\CodeIgniter->handleRequest(null, Object(Config\Cache), false)
 9 SYSTEMPATH\Boot.php(363): CodeIgniter\CodeIgniter->run()
10 SYSTEMPATH\Boot.php(68): CodeIgniter\Boot::runCodeIgniter(Object(CodeIgniter\CodeIgniter))
11 FCPATH\index.php(59): CodeIgniter\Boot::bootWeb(Object(Config\Paths))
12 SYSTEMPATH\rewrite.php(44): require_once('C:\\xampp\\htdocs\\kasirpos\\public\\index.php')
DEBUG - 2026-04-28 16:12:09 --> Session: Class initialized using 'CodeIgniter\Session\Handlers\FileHandler' driver.
WARNING - 2026-04-28 16:19:07 --> [DEPRECATED] number_format(): Passing null to parameter #1 ($num) of type float is deprecated in APPPATH\Views\admin_view.php on line 325.
 1 APPPATH\Views\admin_view.php(325): number_format(null, 0, ',', '.')
 2 SYSTEMPATH\View\View.php(226): include('C:\\xampp\\htdocs\\kasirpos\\app\\Views\\admin_view.php')
 3 SYSTEMPATH\View\View.php(229): CodeIgniter\View\View->CodeIgniter\View\{closure}()
 4 SYSTEMPATH\Common.php(1167): CodeIgniter\View\View->render('admin_view', [], true)
 5 APPPATH\Controllers\Admin.php(76): view('admin_view', [...])
 6 SYSTEMPATH\CodeIgniter.php(933): App\Controllers\Admin->index()
 7 SYSTEMPATH\CodeIgniter.php(507): CodeIgniter\CodeIgniter->runController(Object(App\Controllers\Admin))
 8 SYSTEMPATH\CodeIgniter.php(354): CodeIgniter\CodeIgniter->handleRequest(null, Object(Config\Cache), false)
 9 SYSTEMPATH\Boot.php(363): CodeIgniter\CodeIgniter->run()
10 SYSTEMPATH\Boot.php(68): CodeIgniter\Boot::runCodeIgniter(Object(CodeIgniter\CodeIgniter))
11 FCPATH\index.php(59): CodeIgniter\Boot::bootWeb(Object(Config\Paths))
12 SYSTEMPATH\rewrite.php(44): require_once('C:\\xampp\\htdocs\\kasirpos\\public\\index.php')
DEBUG - 2026-04-28 16:19:07 --> Session: Class initialized using 'CodeIgniter\Session\Handlers\FileHandler' driver.
WARNING - 2026-04-28 16:19:28 --> [DEPRECATED] number_format(): Passing null to parameter #1 ($num) of type float is deprecated in APPPATH\Views\admin_view.php on line 325.
 1 APPPATH\Views\admin_view.php(325): number_format(null, 0, ',', '.')
 2 SYSTEMPATH\View\View.php(226): include('C:\\xampp\\htdocs\\kasirpos\\app\\Views\\admin_view.php')
 3 SYSTEMPATH\View\View.php(229): CodeIgniter\View\View->CodeIgniter\View\{closure}()
 4 SYSTEMPATH\Common.php(1167): CodeIgniter\View\View->render('admin_view', [], true)
 5 APPPATH\Controllers\Admin.php(76): view('admin_view', [...])
 6 SYSTEMPATH\CodeIgniter.php(933): App\Controllers\Admin->index()
 7 SYSTEMPATH\CodeIgniter.php(507): CodeIgniter\CodeIgniter->runController(Object(App\Controllers\Admin))
 8 SYSTEMPATH\CodeIgniter.php(354): CodeIgniter\CodeIgniter->handleRequest(null, Object(Config\Cache), false)
 9 SYSTEMPATH\Boot.php(363): CodeIgniter\CodeIgniter->run()
10 SYSTEMPATH\Boot.php(68): CodeIgniter\Boot::runCodeIgniter(Object(CodeIgniter\CodeIgniter))
11 FCPATH\index.php(59): CodeIgniter\Boot::bootWeb(Object(Config\Paths))
12 SYSTEMPATH\rewrite.php(44): require_once('C:\\xampp\\htdocs\\kasirpos\\public\\index.php')
DEBUG - 2026-04-28 16:19:28 --> Session: Class initialized using 'CodeIgniter\Session\Handlers\FileHandler' driver.
WARNING - 2026-04-28 16:21:14 --> [DEPRECATED] number_format(): Passing null to parameter #1 ($num) of type float is deprecated in APPPATH\Views\admin_view.php on line 326.
 1 APPPATH\Views\admin_view.php(326): number_format(null, 0, ',', '.')
 2 SYSTEMPATH\View\View.php(226): include('C:\\xampp\\htdocs\\kasirpos\\app\\Views\\admin_view.php')
 3 SYSTEMPATH\View\View.php(229): CodeIgniter\View\View->CodeIgniter\View\{closure}()
 4 SYSTEMPATH\Common.php(1167): CodeIgniter\View\View->render('admin_view', [], true)
 5 APPPATH\Controllers\Admin.php(76): view('admin_view', [...])
 6 SYSTEMPATH\CodeIgniter.php(933): App\Controllers\Admin->index()
 7 SYSTEMPATH\CodeIgniter.php(507): CodeIgniter\CodeIgniter->runController(Object(App\Controllers\Admin))
 8 SYSTEMPATH\CodeIgniter.php(354): CodeIgniter\CodeIgniter->handleRequest(null, Object(Config\Cache), false)
 9 SYSTEMPATH\Boot.php(363): CodeIgniter\CodeIgniter->run()
10 SYSTEMPATH\Boot.php(68): CodeIgniter\Boot::runCodeIgniter(Object(CodeIgniter\CodeIgniter))
11 FCPATH\index.php(59): CodeIgniter\Boot::bootWeb(Object(Config\Paths))
12 SYSTEMPATH\rewrite.php(44): require_once('C:\\xampp\\htdocs\\kasirpos\\public\\index.php')
DEBUG - 2026-04-28 16:21:14 --> Session: Class initialized using 'CodeIgniter\Session\Handlers\FileHandler' driver.
DEBUG - 2026-04-28 16:21:20 --> Session: Class initialized using 'CodeIgniter\Session\Handlers\FileHandler' driver.
WARNING - 2026-04-28 16:21:20 --> [DEPRECATED] number_format(): Passing null to parameter #1 ($num) of type float is deprecated in APPPATH\Views\admin_view.php on line 326.
 1 APPPATH\Views\admin_view.php(326): number_format(null, 0, ',', '.')
 2 SYSTEMPATH\View\View.php(226): include('C:\\xampp\\htdocs\\kasirpos\\app\\Views\\admin_view.php')
 3 SYSTEMPATH\View\View.php(229): CodeIgniter\View\View->CodeIgniter\View\{closure}()
 4 SYSTEMPATH\Common.php(1167): CodeIgniter\View\View->render('admin_view', [], true)
 5 APPPATH\Controllers\Admin.php(76): view('admin_view', [...])
 6 SYSTEMPATH\CodeIgniter.php(933): App\Controllers\Admin->index()
 7 SYSTEMPATH\CodeIgniter.php(507): CodeIgniter\CodeIgniter->runController(Object(App\Controllers\Admin))
 8 SYSTEMPATH\CodeIgniter.php(354): CodeIgniter\CodeIgniter->handleRequest(null, Object(Config\Cache), false)
 9 SYSTEMPATH\Boot.php(363): CodeIgniter\CodeIgniter->run()
10 SYSTEMPATH\Boot.php(68): CodeIgniter\Boot::runCodeIgniter(Object(CodeIgniter\CodeIgniter))
11 FCPATH\index.php(59): CodeIgniter\Boot::bootWeb(Object(Config\Paths))
12 SYSTEMPATH\rewrite.php(44): require_once('C:\\xampp\\htdocs\\kasirpos\\public\\index.php')
DEBUG - 2026-04-28 16:21:20 --> Session: Class initialized using 'CodeIgniter\Session\Handlers\FileHandler' driver.
DEBUG - 2026-04-28 16:21:46 --> Session: Class initialized using 'CodeIgniter\Session\Handlers\FileHandler' driver.
WARNING - 2026-04-28 16:21:46 --> [DEPRECATED] number_format(): Passing null to parameter #1 ($num) of type float is deprecated in APPPATH\Views\admin_view.php on line 326.
 1 APPPATH\Views\admin_view.php(326): number_format(null, 0, ',', '.')
 2 SYSTEMPATH\View\View.php(226): include('C:\\xampp\\htdocs\\kasirpos\\app\\Views\\admin_view.php')
 3 SYSTEMPATH\View\View.php(229): CodeIgniter\View\View->CodeIgniter\View\{closure}()
 4 SYSTEMPATH\Common.php(1167): CodeIgniter\View\View->render('admin_view', [], true)
 5 APPPATH\Controllers\Admin.php(76): view('admin_view', [...])
 6 SYSTEMPATH\CodeIgniter.php(933): App\Controllers\Admin->index()
 7 SYSTEMPATH\CodeIgniter.php(507): CodeIgniter\CodeIgniter->runController(Object(App\Controllers\Admin))
 8 SYSTEMPATH\CodeIgniter.php(354): CodeIgniter\CodeIgniter->handleRequest(null, Object(Config\Cache), false)
 9 SYSTEMPATH\Boot.php(363): CodeIgniter\CodeIgniter->run()
10 SYSTEMPATH\Boot.php(68): CodeIgniter\Boot::runCodeIgniter(Object(CodeIgniter\CodeIgniter))
11 FCPATH\index.php(59): CodeIgniter\Boot::bootWeb(Object(Config\Paths))
12 SYSTEMPATH\rewrite.php(44): require_once('C:\\xampp\\htdocs\\kasirpos\\public\\index.php')
WARNING - 2026-04-28 16:21:46 --> [DEPRECATED] number_format(): Passing null to parameter #1 ($num) of type float is deprecated in APPPATH\Views\admin_view.php on line 326.
 1 APPPATH\Views\admin_view.php(326): number_format(null, 0, ',', '.')
 2 SYSTEMPATH\View\View.php(226): include('C:\\xampp\\htdocs\\kasirpos\\app\\Views\\admin_view.php')
 3 SYSTEMPATH\View\View.php(229): CodeIgniter\View\View->CodeIgniter\View\{closure}()
 4 SYSTEMPATH\Common.php(1167): CodeIgniter\View\View->render('admin_view', [], true)
 5 APPPATH\Controllers\Admin.php(76): view('admin_view', [...])
 6 SYSTEMPATH\CodeIgniter.php(933): App\Controllers\Admin->index()
 7 SYSTEMPATH\CodeIgniter.php(507): CodeIgniter\CodeIgniter->runController(Object(App\Controllers\Admin))
 8 SYSTEMPATH\CodeIgniter.php(354): CodeIgniter\CodeIgniter->handleRequest(null, Object(Config\Cache), false)
 9 SYSTEMPATH\Boot.php(363): CodeIgniter\CodeIgniter->run()
10 SYSTEMPATH\Boot.php(68): CodeIgniter\Boot::runCodeIgniter(Object(CodeIgniter\CodeIgniter))
11 FCPATH\index.php(59): CodeIgniter\Boot::bootWeb(Object(Config\Paths))
12 SYSTEMPATH\rewrite.php(44): require_once('C:\\xampp\\htdocs\\kasirpos\\public\\index.php')
DEBUG - 2026-04-28 16:21:46 --> Session: Class initialized using 'CodeIgniter\Session\Handlers\FileHandler' driver.
WARNING - 2026-04-28 16:23:24 --> [DEPRECATED] number_format(): Passing null to parameter #1 ($num) of type float is deprecated in APPPATH\Views\admin_view.php on line 326.
 1 APPPATH\Views\admin_view.php(326): number_format(null, 0, ',', '.')
 2 SYSTEMPATH\View\View.php(226): include('C:\\xampp\\htdocs\\kasirpos\\app\\Views\\admin_view.php')
 3 SYSTEMPATH\View\View.php(229): CodeIgniter\View\View->CodeIgniter\View\{closure}()
 4 SYSTEMPATH\Common.php(1167): CodeIgniter\View\View->render('admin_view', [], true)
 5 APPPATH\Controllers\Admin.php(76): view('admin_view', [...])
 6 SYSTEMPATH\CodeIgniter.php(933): App\Controllers\Admin->index()
 7 SYSTEMPATH\CodeIgniter.php(507): CodeIgniter\CodeIgniter->runController(Object(App\Controllers\Admin))
 8 SYSTEMPATH\CodeIgniter.php(354): CodeIgniter\CodeIgniter->handleRequest(null, Object(Config\Cache), false)
 9 SYSTEMPATH\Boot.php(363): CodeIgniter\CodeIgniter->run()
10 SYSTEMPATH\Boot.php(68): CodeIgniter\Boot::runCodeIgniter(Object(CodeIgniter\CodeIgniter))
11 FCPATH\index.php(59): CodeIgniter\Boot::bootWeb(Object(Config\Paths))
12 SYSTEMPATH\rewrite.php(44): require_once('C:\\xampp\\htdocs\\kasirpos\\public\\index.php')
WARNING - 2026-04-28 16:23:24 --> [DEPRECATED] number_format(): Passing null to parameter #1 ($num) of type float is deprecated in APPPATH\Views\admin_view.php on line 326.
 1 APPPATH\Views\admin_view.php(326): number_format(null, 0, ',', '.')
 2 SYSTEMPATH\View\View.php(226): include('C:\\xampp\\htdocs\\kasirpos\\app\\Views\\admin_view.php')
 3 SYSTEMPATH\View\View.php(229): CodeIgniter\View\View->CodeIgniter\View\{closure}()
 4 SYSTEMPATH\Common.php(1167): CodeIgniter\View\View->render('admin_view', [], true)
 5 APPPATH\Controllers\Admin.php(76): view('admin_view', [...])
 6 SYSTEMPATH\CodeIgniter.php(933): App\Controllers\Admin->index()
 7 SYSTEMPATH\CodeIgniter.php(507): CodeIgniter\CodeIgniter->runController(Object(App\Controllers\Admin))
 8 SYSTEMPATH\CodeIgniter.php(354): CodeIgniter\CodeIgniter->handleRequest(null, Object(Config\Cache), false)
 9 SYSTEMPATH\Boot.php(363): CodeIgniter\CodeIgniter->run()
10 SYSTEMPATH\Boot.php(68): CodeIgniter\Boot::runCodeIgniter(Object(CodeIgniter\CodeIgniter))
11 FCPATH\index.php(59): CodeIgniter\Boot::bootWeb(Object(Config\Paths))
12 SYSTEMPATH\rewrite.php(44): require_once('C:\\xampp\\htdocs\\kasirpos\\public\\index.php')
DEBUG - 2026-04-28 16:23:24 --> Session: Class initialized using 'CodeIgniter\Session\Handlers\FileHandler' driver.
DEBUG - 2026-04-28 16:23:29 --> Session: Class initialized using 'CodeIgniter\Session\Handlers\FileHandler' driver.
WARNING - 2026-04-28 16:23:29 --> [DEPRECATED] number_format(): Passing null to parameter #1 ($num) of type float is deprecated in APPPATH\Views\admin_view.php on line 326.
 1 APPPATH\Views\admin_view.php(326): number_format(null, 0, ',', '.')
 2 SYSTEMPATH\View\View.php(226): include('C:\\xampp\\htdocs\\kasirpos\\app\\Views\\admin_view.php')
 3 SYSTEMPATH\View\View.php(229): CodeIgniter\View\View->CodeIgniter\View\{closure}()
 4 SYSTEMPATH\Common.php(1167): CodeIgniter\View\View->render('admin_view', [], true)
 5 APPPATH\Controllers\Admin.php(76): view('admin_view', [...])
 6 SYSTEMPATH\CodeIgniter.php(933): App\Controllers\Admin->index()
 7 SYSTEMPATH\CodeIgniter.php(507): CodeIgniter\CodeIgniter->runController(Object(App\Controllers\Admin))
 8 SYSTEMPATH\CodeIgniter.php(354): CodeIgniter\CodeIgniter->handleRequest(null, Object(Config\Cache), false)
 9 SYSTEMPATH\Boot.php(363): CodeIgniter\CodeIgniter->run()
10 SYSTEMPATH\Boot.php(68): CodeIgniter\Boot::runCodeIgniter(Object(CodeIgniter\CodeIgniter))
11 FCPATH\index.php(59): CodeIgniter\Boot::bootWeb(Object(Config\Paths))
12 SYSTEMPATH\rewrite.php(44): require_once('C:\\xampp\\htdocs\\kasirpos\\public\\index.php')
WARNING - 2026-04-28 16:23:29 --> [DEPRECATED] number_format(): Passing null to parameter #1 ($num) of type float is deprecated in APPPATH\Views\admin_view.php on line 326.
 1 APPPATH\Views\admin_view.php(326): number_format(null, 0, ',', '.')
 2 SYSTEMPATH\View\View.php(226): include('C:\\xampp\\htdocs\\kasirpos\\app\\Views\\admin_view.php')
 3 SYSTEMPATH\View\View.php(229): CodeIgniter\View\View->CodeIgniter\View\{closure}()
 4 SYSTEMPATH\Common.php(1167): CodeIgniter\View\View->render('admin_view', [], true)
 5 APPPATH\Controllers\Admin.php(76): view('admin_view', [...])
 6 SYSTEMPATH\CodeIgniter.php(933): App\Controllers\Admin->index()
 7 SYSTEMPATH\CodeIgniter.php(507): CodeIgniter\CodeIgniter->runController(Object(App\Controllers\Admin))
 8 SYSTEMPATH\CodeIgniter.php(354): CodeIgniter\CodeIgniter->handleRequest(null, Object(Config\Cache), false)
 9 SYSTEMPATH\Boot.php(363): CodeIgniter\CodeIgniter->run()
10 SYSTEMPATH\Boot.php(68): CodeIgniter\Boot::runCodeIgniter(Object(CodeIgniter\CodeIgniter))
11 FCPATH\index.php(59): CodeIgniter\Boot::bootWeb(Object(Config\Paths))
12 SYSTEMPATH\rewrite.php(44): require_once('C:\\xampp\\htdocs\\kasirpos\\public\\index.php')
DEBUG - 2026-04-28 16:23:29 --> Session: Class initialized using 'CodeIgniter\Session\Handlers\FileHandler' driver.
DEBUG - 2026-04-28 16:23:43 --> Session: Class initialized using 'CodeIgniter\Session\Handlers\FileHandler' driver.
WARNING - 2026-04-28 16:23:43 --> [DEPRECATED] number_format(): Passing null to parameter #1 ($num) of type float is deprecated in APPPATH\Views\admin_view.php on line 326.
 1 APPPATH\Views\admin_view.php(326): number_format(null, 0, ',', '.')
 2 SYSTEMPATH\View\View.php(226): include('C:\\xampp\\htdocs\\kasirpos\\app\\Views\\admin_view.php')
 3 SYSTEMPATH\View\View.php(229): CodeIgniter\View\View->CodeIgniter\View\{closure}()
 4 SYSTEMPATH\Common.php(1167): CodeIgniter\View\View->render('admin_view', [], true)
 5 APPPATH\Controllers\Admin.php(76): view('admin_view', [...])
 6 SYSTEMPATH\CodeIgniter.php(933): App\Controllers\Admin->index()
 7 SYSTEMPATH\CodeIgniter.php(507): CodeIgniter\CodeIgniter->runController(Object(App\Controllers\Admin))
 8 SYSTEMPATH\CodeIgniter.php(354): CodeIgniter\CodeIgniter->handleRequest(null, Object(Config\Cache), false)
 9 SYSTEMPATH\Boot.php(363): CodeIgniter\CodeIgniter->run()
10 SYSTEMPATH\Boot.php(68): CodeIgniter\Boot::runCodeIgniter(Object(CodeIgniter\CodeIgniter))
11 FCPATH\index.php(59): CodeIgniter\Boot::bootWeb(Object(Config\Paths))
12 SYSTEMPATH\rewrite.php(44): require_once('C:\\xampp\\htdocs\\kasirpos\\public\\index.php')
WARNING - 2026-04-28 16:23:43 --> [DEPRECATED] number_format(): Passing null to parameter #1 ($num) of type float is deprecated in APPPATH\Views\admin_view.php on line 326.
 1 APPPATH\Views\admin_view.php(326): number_format(null, 0, ',', '.')
 2 SYSTEMPATH\View\View.php(226): include('C:\\xampp\\htdocs\\kasirpos\\app\\Views\\admin_view.php')
 3 SYSTEMPATH\View\View.php(229): CodeIgniter\View\View->CodeIgniter\View\{closure}()
 4 SYSTEMPATH\Common.php(1167): CodeIgniter\View\View->render('admin_view', [], true)
 5 APPPATH\Controllers\Admin.php(76): view('admin_view', [...])
 6 SYSTEMPATH\CodeIgniter.php(933): App\Controllers\Admin->index()
 7 SYSTEMPATH\CodeIgniter.php(507): CodeIgniter\CodeIgniter->runController(Object(App\Controllers\Admin))
 8 SYSTEMPATH\CodeIgniter.php(354): CodeIgniter\CodeIgniter->handleRequest(null, Object(Config\Cache), false)
 9 SYSTEMPATH\Boot.php(363): CodeIgniter\CodeIgniter->run()
10 SYSTEMPATH\Boot.php(68): CodeIgniter\Boot::runCodeIgniter(Object(CodeIgniter\CodeIgniter))
11 FCPATH\index.php(59): CodeIgniter\Boot::bootWeb(Object(Config\Paths))
12 SYSTEMPATH\rewrite.php(44): require_once('C:\\xampp\\htdocs\\kasirpos\\public\\index.php')
DEBUG - 2026-04-28 16:23:43 --> Session: Class initialized using 'CodeIgniter\Session\Handlers\FileHandler' driver.
DEBUG - 2026-04-28 16:24:10 --> Session: Class initialized using 'CodeIgniter\Session\Handlers\FileHandler' driver.
WARNING - 2026-04-28 16:24:10 --> [DEPRECATED] number_format(): Passing null to parameter #1 ($num) of type float is deprecated in APPPATH\Views\admin_view.php on line 326.
 1 APPPATH\Views\admin_view.php(326): number_format(null, 0, ',', '.')
 2 SYSTEMPATH\View\View.php(226): include('C:\\xampp\\htdocs\\kasirpos\\app\\Views\\admin_view.php')
 3 SYSTEMPATH\View\View.php(229): CodeIgniter\View\View->CodeIgniter\View\{closure}()
 4 SYSTEMPATH\Common.php(1167): CodeIgniter\View\View->render('admin_view', [], true)
 5 APPPATH\Controllers\Admin.php(76): view('admin_view', [...])
 6 SYSTEMPATH\CodeIgniter.php(933): App\Controllers\Admin->index()
 7 SYSTEMPATH\CodeIgniter.php(507): CodeIgniter\CodeIgniter->runController(Object(App\Controllers\Admin))
 8 SYSTEMPATH\CodeIgniter.php(354): CodeIgniter\CodeIgniter->handleRequest(null, Object(Config\Cache), false)
 9 SYSTEMPATH\Boot.php(363): CodeIgniter\CodeIgniter->run()
10 SYSTEMPATH\Boot.php(68): CodeIgniter\Boot::runCodeIgniter(Object(CodeIgniter\CodeIgniter))
11 FCPATH\index.php(59): CodeIgniter\Boot::bootWeb(Object(Config\Paths))
12 SYSTEMPATH\rewrite.php(44): require_once('C:\\xampp\\htdocs\\kasirpos\\public\\index.php')
WARNING - 2026-04-28 16:24:10 --> [DEPRECATED] number_format(): Passing null to parameter #1 ($num) of type float is deprecated in APPPATH\Views\admin_view.php on line 326.
 1 APPPATH\Views\admin_view.php(326): number_format(null, 0, ',', '.')
 2 SYSTEMPATH\View\View.php(226): include('C:\\xampp\\htdocs\\kasirpos\\app\\Views\\admin_view.php')
 3 SYSTEMPATH\View\View.php(229): CodeIgniter\View\View->CodeIgniter\View\{closure}()
 4 SYSTEMPATH\Common.php(1167): CodeIgniter\View\View->render('admin_view', [], true)
 5 APPPATH\Controllers\Admin.php(76): view('admin_view', [...])
 6 SYSTEMPATH\CodeIgniter.php(933): App\Controllers\Admin->index()
 7 SYSTEMPATH\CodeIgniter.php(507): CodeIgniter\CodeIgniter->runController(Object(App\Controllers\Admin))
 8 SYSTEMPATH\CodeIgniter.php(354): CodeIgniter\CodeIgniter->handleRequest(null, Object(Config\Cache), false)
 9 SYSTEMPATH\Boot.php(363): CodeIgniter\CodeIgniter->run()
10 SYSTEMPATH\Boot.php(68): CodeIgniter\Boot::runCodeIgniter(Object(CodeIgniter\CodeIgniter))
11 FCPATH\index.php(59): CodeIgniter\Boot::bootWeb(Object(Config\Paths))
12 SYSTEMPATH\rewrite.php(44): require_once('C:\\xampp\\htdocs\\kasirpos\\public\\index.php')
DEBUG - 2026-04-28 16:24:10 --> Session: Class initialized using 'CodeIgniter\Session\Handlers\FileHandler' driver.
WARNING - 2026-04-28 16:24:58 --> [DEPRECATED] number_format(): Passing null to parameter #1 ($num) of type float is deprecated in APPPATH\Views\admin_view.php on line 326.
 1 APPPATH\Views\admin_view.php(326): number_format(null, 0, ',', '.')
 2 SYSTEMPATH\View\View.php(226): include('C:\\xampp\\htdocs\\kasirpos\\app\\Views\\admin_view.php')
 3 SYSTEMPATH\View\View.php(229): CodeIgniter\View\View->CodeIgniter\View\{closure}()
 4 SYSTEMPATH\Common.php(1167): CodeIgniter\View\View->render('admin_view', [], true)
 5 APPPATH\Controllers\Admin.php(76): view('admin_view', [...])
 6 SYSTEMPATH\CodeIgniter.php(933): App\Controllers\Admin->index()
 7 SYSTEMPATH\CodeIgniter.php(507): CodeIgniter\CodeIgniter->runController(Object(App\Controllers\Admin))
 8 SYSTEMPATH\CodeIgniter.php(354): CodeIgniter\CodeIgniter->handleRequest(null, Object(Config\Cache), false)
 9 SYSTEMPATH\Boot.php(363): CodeIgniter\CodeIgniter->run()
10 SYSTEMPATH\Boot.php(68): CodeIgniter\Boot::runCodeIgniter(Object(CodeIgniter\CodeIgniter))
11 FCPATH\index.php(59): CodeIgniter\Boot::bootWeb(Object(Config\Paths))
12 SYSTEMPATH\rewrite.php(44): require_once('C:\\xampp\\htdocs\\kasirpos\\public\\index.php')
WARNING - 2026-04-28 16:24:58 --> [DEPRECATED] number_format(): Passing null to parameter #1 ($num) of type float is deprecated in APPPATH\Views\admin_view.php on line 326.
 1 APPPATH\Views\admin_view.php(326): number_format(null, 0, ',', '.')
 2 SYSTEMPATH\View\View.php(226): include('C:\\xampp\\htdocs\\kasirpos\\app\\Views\\admin_view.php')
 3 SYSTEMPATH\View\View.php(229): CodeIgniter\View\View->CodeIgniter\View\{closure}()
 4 SYSTEMPATH\Common.php(1167): CodeIgniter\View\View->render('admin_view', [], true)
 5 APPPATH\Controllers\Admin.php(76): view('admin_view', [...])
 6 SYSTEMPATH\CodeIgniter.php(933): App\Controllers\Admin->index()
 7 SYSTEMPATH\CodeIgniter.php(507): CodeIgniter\CodeIgniter->runController(Object(App\Controllers\Admin))
 8 SYSTEMPATH\CodeIgniter.php(354): CodeIgniter\CodeIgniter->handleRequest(null, Object(Config\Cache), false)
 9 SYSTEMPATH\Boot.php(363): CodeIgniter\CodeIgniter->run()
10 SYSTEMPATH\Boot.php(68): CodeIgniter\Boot::runCodeIgniter(Object(CodeIgniter\CodeIgniter))
11 FCPATH\index.php(59): CodeIgniter\Boot::bootWeb(Object(Config\Paths))
12 SYSTEMPATH\rewrite.php(44): require_once('C:\\xampp\\htdocs\\kasirpos\\public\\index.php')
DEBUG - 2026-04-28 16:24:58 --> Session: Class initialized using 'CodeIgniter\Session\Handlers\FileHandler' driver.
DEBUG - 2026-04-28 16:25:07 --> Session: Class initialized using 'CodeIgniter\Session\Handlers\FileHandler' driver.
WARNING - 2026-04-28 16:25:07 --> [DEPRECATED] number_format(): Passing null to parameter #1 ($num) of type float is deprecated in APPPATH\Views\admin_view.php on line 326.
 1 APPPATH\Views\admin_view.php(326): number_format(null, 0, ',', '.')
 2 SYSTEMPATH\View\View.php(226): include('C:\\xampp\\htdocs\\kasirpos\\app\\Views\\admin_view.php')
 3 SYSTEMPATH\View\View.php(229): CodeIgniter\View\View->CodeIgniter\View\{closure}()
 4 SYSTEMPATH\Common.php(1167): CodeIgniter\View\View->render('admin_view', [], true)
 5 APPPATH\Controllers\Admin.php(76): view('admin_view', [...])
 6 SYSTEMPATH\CodeIgniter.php(933): App\Controllers\Admin->index()
 7 SYSTEMPATH\CodeIgniter.php(507): CodeIgniter\CodeIgniter->runController(Object(App\Controllers\Admin))
 8 SYSTEMPATH\CodeIgniter.php(354): CodeIgniter\CodeIgniter->handleRequest(null, Object(Config\Cache), false)
 9 SYSTEMPATH\Boot.php(363): CodeIgniter\CodeIgniter->run()
10 SYSTEMPATH\Boot.php(68): CodeIgniter\Boot::runCodeIgniter(Object(CodeIgniter\CodeIgniter))
11 FCPATH\index.php(59): CodeIgniter\Boot::bootWeb(Object(Config\Paths))
12 SYSTEMPATH\rewrite.php(44): require_once('C:\\xampp\\htdocs\\kasirpos\\public\\index.php')
WARNING - 2026-04-28 16:25:07 --> [DEPRECATED] number_format(): Passing null to parameter #1 ($num) of type float is deprecated in APPPATH\Views\admin_view.php on line 326.
 1 APPPATH\Views\admin_view.php(326): number_format(null, 0, ',', '.')
 2 SYSTEMPATH\View\View.php(226): include('C:\\xampp\\htdocs\\kasirpos\\app\\Views\\admin_view.php')
 3 SYSTEMPATH\View\View.php(229): CodeIgniter\View\View->CodeIgniter\View\{closure}()
 4 SYSTEMPATH\Common.php(1167): CodeIgniter\View\View->render('admin_view', [], true)
 5 APPPATH\Controllers\Admin.php(76): view('admin_view', [...])
 6 SYSTEMPATH\CodeIgniter.php(933): App\Controllers\Admin->index()
 7 SYSTEMPATH\CodeIgniter.php(507): CodeIgniter\CodeIgniter->runController(Object(App\Controllers\Admin))
 8 SYSTEMPATH\CodeIgniter.php(354): CodeIgniter\CodeIgniter->handleRequest(null, Object(Config\Cache), false)
 9 SYSTEMPATH\Boot.php(363): CodeIgniter\CodeIgniter->run()
10 SYSTEMPATH\Boot.php(68): CodeIgniter\Boot::runCodeIgniter(Object(CodeIgniter\CodeIgniter))
11 FCPATH\index.php(59): CodeIgniter\Boot::bootWeb(Object(Config\Paths))
12 SYSTEMPATH\rewrite.php(44): require_once('C:\\xampp\\htdocs\\kasirpos\\public\\index.php')
DEBUG - 2026-04-28 16:25:07 --> Session: Class initialized using 'CodeIgniter\Session\Handlers\FileHandler' driver.
WARNING - 2026-04-28 16:25:53 --> [DEPRECATED] number_format(): Passing null to parameter #1 ($num) of type float is deprecated in APPPATH\Views\admin_view.php on line 326.
 1 APPPATH\Views\admin_view.php(326): number_format(null, 0, ',', '.')
 2 SYSTEMPATH\View\View.php(226): include('C:\\xampp\\htdocs\\kasirpos\\app\\Views\\admin_view.php')
 3 SYSTEMPATH\View\View.php(229): CodeIgniter\View\View->CodeIgniter\View\{closure}()
 4 SYSTEMPATH\Common.php(1167): CodeIgniter\View\View->render('admin_view', [], true)
 5 APPPATH\Controllers\Admin.php(76): view('admin_view', [...])
 6 SYSTEMPATH\CodeIgniter.php(933): App\Controllers\Admin->index()
 7 SYSTEMPATH\CodeIgniter.php(507): CodeIgniter\CodeIgniter->runController(Object(App\Controllers\Admin))
 8 SYSTEMPATH\CodeIgniter.php(354): CodeIgniter\CodeIgniter->handleRequest(null, Object(Config\Cache), false)
 9 SYSTEMPATH\Boot.php(363): CodeIgniter\CodeIgniter->run()
10 SYSTEMPATH\Boot.php(68): CodeIgniter\Boot::runCodeIgniter(Object(CodeIgniter\CodeIgniter))
11 FCPATH\index.php(59): CodeIgniter\Boot::bootWeb(Object(Config\Paths))
12 SYSTEMPATH\rewrite.php(44): require_once('C:\\xampp\\htdocs\\kasirpos\\public\\index.php')
WARNING - 2026-04-28 16:25:53 --> [DEPRECATED] number_format(): Passing null to parameter #1 ($num) of type float is deprecated in APPPATH\Views\admin_view.php on line 326.
 1 APPPATH\Views\admin_view.php(326): number_format(null, 0, ',', '.')
 2 SYSTEMPATH\View\View.php(226): include('C:\\xampp\\htdocs\\kasirpos\\app\\Views\\admin_view.php')
 3 SYSTEMPATH\View\View.php(229): CodeIgniter\View\View->CodeIgniter\View\{closure}()
 4 SYSTEMPATH\Common.php(1167): CodeIgniter\View\View->render('admin_view', [], true)
 5 APPPATH\Controllers\Admin.php(76): view('admin_view', [...])
 6 SYSTEMPATH\CodeIgniter.php(933): App\Controllers\Admin->index()
 7 SYSTEMPATH\CodeIgniter.php(507): CodeIgniter\CodeIgniter->runController(Object(App\Controllers\Admin))
 8 SYSTEMPATH\CodeIgniter.php(354): CodeIgniter\CodeIgniter->handleRequest(null, Object(Config\Cache), false)
 9 SYSTEMPATH\Boot.php(363): CodeIgniter\CodeIgniter->run()
10 SYSTEMPATH\Boot.php(68): CodeIgniter\Boot::runCodeIgniter(Object(CodeIgniter\CodeIgniter))
11 FCPATH\index.php(59): CodeIgniter\Boot::bootWeb(Object(Config\Paths))
12 SYSTEMPATH\rewrite.php(44): require_once('C:\\xampp\\htdocs\\kasirpos\\public\\index.php')
DEBUG - 2026-04-28 16:25:53 --> Session: Class initialized using 'CodeIgniter\Session\Handlers\FileHandler' driver.
DEBUG - 2026-04-28 16:25:58 --> Session: Class initialized using 'CodeIgniter\Session\Handlers\FileHandler' driver.
WARNING - 2026-04-28 16:25:58 --> [DEPRECATED] number_format(): Passing null to parameter #1 ($num) of type float is deprecated in APPPATH\Views\admin_view.php on line 326.
 1 APPPATH\Views\admin_view.php(326): number_format(null, 0, ',', '.')
 2 SYSTEMPATH\View\View.php(226): include('C:\\xampp\\htdocs\\kasirpos\\app\\Views\\admin_view.php')
 3 SYSTEMPATH\View\View.php(229): CodeIgniter\View\View->CodeIgniter\View\{closure}()
 4 SYSTEMPATH\Common.php(1167): CodeIgniter\View\View->render('admin_view', [], true)
 5 APPPATH\Controllers\Admin.php(76): view('admin_view', [...])
 6 SYSTEMPATH\CodeIgniter.php(933): App\Controllers\Admin->index()
 7 SYSTEMPATH\CodeIgniter.php(507): CodeIgniter\CodeIgniter->runController(Object(App\Controllers\Admin))
 8 SYSTEMPATH\CodeIgniter.php(354): CodeIgniter\CodeIgniter->handleRequest(null, Object(Config\Cache), false)
 9 SYSTEMPATH\Boot.php(363): CodeIgniter\CodeIgniter->run()
10 SYSTEMPATH\Boot.php(68): CodeIgniter\Boot::runCodeIgniter(Object(CodeIgniter\CodeIgniter))
11 FCPATH\index.php(59): CodeIgniter\Boot::bootWeb(Object(Config\Paths))
12 SYSTEMPATH\rewrite.php(44): require_once('C:\\xampp\\htdocs\\kasirpos\\public\\index.php')
WARNING - 2026-04-28 16:25:58 --> [DEPRECATED] number_format(): Passing null to parameter #1 ($num) of type float is deprecated in APPPATH\Views\admin_view.php on line 326.
 1 APPPATH\Views\admin_view.php(326): number_format(null, 0, ',', '.')
 2 SYSTEMPATH\View\View.php(226): include('C:\\xampp\\htdocs\\kasirpos\\app\\Views\\admin_view.php')
 3 SYSTEMPATH\View\View.php(229): CodeIgniter\View\View->CodeIgniter\View\{closure}()
 4 SYSTEMPATH\Common.php(1167): CodeIgniter\View\View->render('admin_view', [], true)
 5 APPPATH\Controllers\Admin.php(76): view('admin_view', [...])
 6 SYSTEMPATH\CodeIgniter.php(933): App\Controllers\Admin->index()
 7 SYSTEMPATH\CodeIgniter.php(507): CodeIgniter\CodeIgniter->runController(Object(App\Controllers\Admin))
 8 SYSTEMPATH\CodeIgniter.php(354): CodeIgniter\CodeIgniter->handleRequest(null, Object(Config\Cache), false)
 9 SYSTEMPATH\Boot.php(363): CodeIgniter\CodeIgniter->run()
10 SYSTEMPATH\Boot.php(68): CodeIgniter\Boot::runCodeIgniter(Object(CodeIgniter\CodeIgniter))
11 FCPATH\index.php(59): CodeIgniter\Boot::bootWeb(Object(Config\Paths))
12 SYSTEMPATH\rewrite.php(44): require_once('C:\\xampp\\htdocs\\kasirpos\\public\\index.php')
DEBUG - 2026-04-28 16:25:58 --> Session: Class initialized using 'CodeIgniter\Session\Handlers\FileHandler' driver.
DEBUG - 2026-04-28 16:26:03 --> Session: Class initialized using 'CodeIgniter\Session\Handlers\FileHandler' driver.
WARNING - 2026-04-28 16:26:03 --> [DEPRECATED] number_format(): Passing null to parameter #1 ($num) of type float is deprecated in APPPATH\Views\admin_view.php on line 326.
 1 APPPATH\Views\admin_view.php(326): number_format(null, 0, ',', '.')
 2 SYSTEMPATH\View\View.php(226): include('C:\\xampp\\htdocs\\kasirpos\\app\\Views\\admin_view.php')
 3 SYSTEMPATH\View\View.php(229): CodeIgniter\View\View->CodeIgniter\View\{closure}()
 4 SYSTEMPATH\Common.php(1167): CodeIgniter\View\View->render('admin_view', [], true)
 5 APPPATH\Controllers\Admin.php(76): view('admin_view', [...])
 6 SYSTEMPATH\CodeIgniter.php(933): App\Controllers\Admin->index()
 7 SYSTEMPATH\CodeIgniter.php(507): CodeIgniter\CodeIgniter->runController(Object(App\Controllers\Admin))
 8 SYSTEMPATH\CodeIgniter.php(354): CodeIgniter\CodeIgniter->handleRequest(null, Object(Config\Cache), false)
 9 SYSTEMPATH\Boot.php(363): CodeIgniter\CodeIgniter->run()
10 SYSTEMPATH\Boot.php(68): CodeIgniter\Boot::runCodeIgniter(Object(CodeIgniter\CodeIgniter))
11 FCPATH\index.php(59): CodeIgniter\Boot::bootWeb(Object(Config\Paths))
12 SYSTEMPATH\rewrite.php(44): require_once('C:\\xampp\\htdocs\\kasirpos\\public\\index.php')
WARNING - 2026-04-28 16:26:03 --> [DEPRECATED] number_format(): Passing null to parameter #1 ($num) of type float is deprecated in APPPATH\Views\admin_view.php on line 326.
 1 APPPATH\Views\admin_view.php(326): number_format(null, 0, ',', '.')
 2 SYSTEMPATH\View\View.php(226): include('C:\\xampp\\htdocs\\kasirpos\\app\\Views\\admin_view.php')
 3 SYSTEMPATH\View\View.php(229): CodeIgniter\View\View->CodeIgniter\View\{closure}()
 4 SYSTEMPATH\Common.php(1167): CodeIgniter\View\View->render('admin_view', [], true)
 5 APPPATH\Controllers\Admin.php(76): view('admin_view', [...])
 6 SYSTEMPATH\CodeIgniter.php(933): App\Controllers\Admin->index()
 7 SYSTEMPATH\CodeIgniter.php(507): CodeIgniter\CodeIgniter->runController(Object(App\Controllers\Admin))
 8 SYSTEMPATH\CodeIgniter.php(354): CodeIgniter\CodeIgniter->handleRequest(null, Object(Config\Cache), false)
 9 SYSTEMPATH\Boot.php(363): CodeIgniter\CodeIgniter->run()
10 SYSTEMPATH\Boot.php(68): CodeIgniter\Boot::runCodeIgniter(Object(CodeIgniter\CodeIgniter))
11 FCPATH\index.php(59): CodeIgniter\Boot::bootWeb(Object(Config\Paths))
12 SYSTEMPATH\rewrite.php(44): require_once('C:\\xampp\\htdocs\\kasirpos\\public\\index.php')
DEBUG - 2026-04-28 16:26:03 --> Session: Class initialized using 'CodeIgniter\Session\Handlers\FileHandler' driver.
WARNING - 2026-04-28 16:26:28 --> [DEPRECATED] number_format(): Passing null to parameter #1 ($num) of type float is deprecated in APPPATH\Views\admin_view.php on line 326.
 1 APPPATH\Views\admin_view.php(326): number_format(null, 0, ',', '.')
 2 SYSTEMPATH\View\View.php(226): include('C:\\xampp\\htdocs\\kasirpos\\app\\Views\\admin_view.php')
 3 SYSTEMPATH\View\View.php(229): CodeIgniter\View\View->CodeIgniter\View\{closure}()
 4 SYSTEMPATH\Common.php(1167): CodeIgniter\View\View->render('admin_view', [], true)
 5 APPPATH\Controllers\Admin.php(76): view('admin_view', [...])
 6 SYSTEMPATH\CodeIgniter.php(933): App\Controllers\Admin->index()
 7 SYSTEMPATH\CodeIgniter.php(507): CodeIgniter\CodeIgniter->runController(Object(App\Controllers\Admin))
 8 SYSTEMPATH\CodeIgniter.php(354): CodeIgniter\CodeIgniter->handleRequest(null, Object(Config\Cache), false)
 9 SYSTEMPATH\Boot.php(363): CodeIgniter\CodeIgniter->run()
10 SYSTEMPATH\Boot.php(68): CodeIgniter\Boot::runCodeIgniter(Object(CodeIgniter\CodeIgniter))
11 FCPATH\index.php(59): CodeIgniter\Boot::bootWeb(Object(Config\Paths))
12 SYSTEMPATH\rewrite.php(44): require_once('C:\\xampp\\htdocs\\kasirpos\\public\\index.php')
WARNING - 2026-04-28 16:26:28 --> [DEPRECATED] number_format(): Passing null to parameter #1 ($num) of type float is deprecated in APPPATH\Views\admin_view.php on line 326.
 1 APPPATH\Views\admin_view.php(326): number_format(null, 0, ',', '.')
 2 SYSTEMPATH\View\View.php(226): include('C:\\xampp\\htdocs\\kasirpos\\app\\Views\\admin_view.php')
 3 SYSTEMPATH\View\View.php(229): CodeIgniter\View\View->CodeIgniter\View\{closure}()
 4 SYSTEMPATH\Common.php(1167): CodeIgniter\View\View->render('admin_view', [], true)
 5 APPPATH\Controllers\Admin.php(76): view('admin_view', [...])
 6 SYSTEMPATH\CodeIgniter.php(933): App\Controllers\Admin->index()
 7 SYSTEMPATH\CodeIgniter.php(507): CodeIgniter\CodeIgniter->runController(Object(App\Controllers\Admin))
 8 SYSTEMPATH\CodeIgniter.php(354): CodeIgniter\CodeIgniter->handleRequest(null, Object(Config\Cache), false)
 9 SYSTEMPATH\Boot.php(363): CodeIgniter\CodeIgniter->run()
10 SYSTEMPATH\Boot.php(68): CodeIgniter\Boot::runCodeIgniter(Object(CodeIgniter\CodeIgniter))
11 FCPATH\index.php(59): CodeIgniter\Boot::bootWeb(Object(Config\Paths))
12 SYSTEMPATH\rewrite.php(44): require_once('C:\\xampp\\htdocs\\kasirpos\\public\\index.php')
DEBUG - 2026-04-28 16:26:28 --> Session: Class initialized using 'CodeIgniter\Session\Handlers\FileHandler' driver.
DEBUG - 2026-04-28 16:26:31 --> Session: Class initialized using 'CodeIgniter\Session\Handlers\FileHandler' driver.
WARNING - 2026-04-28 16:26:31 --> [DEPRECATED] number_format(): Passing null to parameter #1 ($num) of type float is deprecated in APPPATH\Views\admin_view.php on line 326.
 1 APPPATH\Views\admin_view.php(326): number_format(null, 0, ',', '.')
 2 SYSTEMPATH\View\View.php(226): include('C:\\xampp\\htdocs\\kasirpos\\app\\Views\\admin_view.php')
 3 SYSTEMPATH\View\View.php(229): CodeIgniter\View\View->CodeIgniter\View\{closure}()
 4 SYSTEMPATH\Common.php(1167): CodeIgniter\View\View->render('admin_view', [], true)
 5 APPPATH\Controllers\Admin.php(76): view('admin_view', [...])
 6 SYSTEMPATH\CodeIgniter.php(933): App\Controllers\Admin->index()
 7 SYSTEMPATH\CodeIgniter.php(507): CodeIgniter\CodeIgniter->runController(Object(App\Controllers\Admin))
 8 SYSTEMPATH\CodeIgniter.php(354): CodeIgniter\CodeIgniter->handleRequest(null, Object(Config\Cache), false)
 9 SYSTEMPATH\Boot.php(363): CodeIgniter\CodeIgniter->run()
10 SYSTEMPATH\Boot.php(68): CodeIgniter\Boot::runCodeIgniter(Object(CodeIgniter\CodeIgniter))
11 FCPATH\index.php(59): CodeIgniter\Boot::bootWeb(Object(Config\Paths))
12 SYSTEMPATH\rewrite.php(44): require_once('C:\\xampp\\htdocs\\kasirpos\\public\\index.php')
WARNING - 2026-04-28 16:26:31 --> [DEPRECATED] number_format(): Passing null to parameter #1 ($num) of type float is deprecated in APPPATH\Views\admin_view.php on line 326.
 1 APPPATH\Views\admin_view.php(326): number_format(null, 0, ',', '.')
 2 SYSTEMPATH\View\View.php(226): include('C:\\xampp\\htdocs\\kasirpos\\app\\Views\\admin_view.php')
 3 SYSTEMPATH\View\View.php(229): CodeIgniter\View\View->CodeIgniter\View\{closure}()
 4 SYSTEMPATH\Common.php(1167): CodeIgniter\View\View->render('admin_view', [], true)
 5 APPPATH\Controllers\Admin.php(76): view('admin_view', [...])
 6 SYSTEMPATH\CodeIgniter.php(933): App\Controllers\Admin->index()
 7 SYSTEMPATH\CodeIgniter.php(507): CodeIgniter\CodeIgniter->runController(Object(App\Controllers\Admin))
 8 SYSTEMPATH\CodeIgniter.php(354): CodeIgniter\CodeIgniter->handleRequest(null, Object(Config\Cache), false)
 9 SYSTEMPATH\Boot.php(363): CodeIgniter\CodeIgniter->run()
10 SYSTEMPATH\Boot.php(68): CodeIgniter\Boot::runCodeIgniter(Object(CodeIgniter\CodeIgniter))
11 FCPATH\index.php(59): CodeIgniter\Boot::bootWeb(Object(Config\Paths))
12 SYSTEMPATH\rewrite.php(44): require_once('C:\\xampp\\htdocs\\kasirpos\\public\\index.php')
DEBUG - 2026-04-28 16:26:31 --> Session: Class initialized using 'CodeIgniter\Session\Handlers\FileHandler' driver.
WARNING - 2026-04-28 16:26:41 --> [DEPRECATED] number_format(): Passing null to parameter #1 ($num) of type float is deprecated in APPPATH\Views\admin_view.php on line 326.
 1 APPPATH\Views\admin_view.php(326): number_format(null, 0, ',', '.')
 2 SYSTEMPATH\View\View.php(226): include('C:\\xampp\\htdocs\\kasirpos\\app\\Views\\admin_view.php')
 3 SYSTEMPATH\View\View.php(229): CodeIgniter\View\View->CodeIgniter\View\{closure}()
 4 SYSTEMPATH\Common.php(1167): CodeIgniter\View\View->render('admin_view', [], true)
 5 APPPATH\Controllers\Admin.php(76): view('admin_view', [...])
 6 SYSTEMPATH\CodeIgniter.php(933): App\Controllers\Admin->index()
 7 SYSTEMPATH\CodeIgniter.php(507): CodeIgniter\CodeIgniter->runController(Object(App\Controllers\Admin))
 8 SYSTEMPATH\CodeIgniter.php(354): CodeIgniter\CodeIgniter->handleRequest(null, Object(Config\Cache), false)
 9 SYSTEMPATH\Boot.php(363): CodeIgniter\CodeIgniter->run()
10 SYSTEMPATH\Boot.php(68): CodeIgniter\Boot::runCodeIgniter(Object(CodeIgniter\CodeIgniter))
11 FCPATH\index.php(59): CodeIgniter\Boot::bootWeb(Object(Config\Paths))
12 SYSTEMPATH\rewrite.php(44): require_once('C:\\xampp\\htdocs\\kasirpos\\public\\index.php')
WARNING - 2026-04-28 16:26:41 --> [DEPRECATED] number_format(): Passing null to parameter #1 ($num) of type float is deprecated in APPPATH\Views\admin_view.php on line 326.
 1 APPPATH\Views\admin_view.php(326): number_format(null, 0, ',', '.')
 2 SYSTEMPATH\View\View.php(226): include('C:\\xampp\\htdocs\\kasirpos\\app\\Views\\admin_view.php')
 3 SYSTEMPATH\View\View.php(229): CodeIgniter\View\View->CodeIgniter\View\{closure}()
 4 SYSTEMPATH\Common.php(1167): CodeIgniter\View\View->render('admin_view', [], true)
 5 APPPATH\Controllers\Admin.php(76): view('admin_view', [...])
 6 SYSTEMPATH\CodeIgniter.php(933): App\Controllers\Admin->index()
 7 SYSTEMPATH\CodeIgniter.php(507): CodeIgniter\CodeIgniter->runController(Object(App\Controllers\Admin))
 8 SYSTEMPATH\CodeIgniter.php(354): CodeIgniter\CodeIgniter->handleRequest(null, Object(Config\Cache), false)
 9 SYSTEMPATH\Boot.php(363): CodeIgniter\CodeIgniter->run()
10 SYSTEMPATH\Boot.php(68): CodeIgniter\Boot::runCodeIgniter(Object(CodeIgniter\CodeIgniter))
11 FCPATH\index.php(59): CodeIgniter\Boot::bootWeb(Object(Config\Paths))
12 SYSTEMPATH\rewrite.php(44): require_once('C:\\xampp\\htdocs\\kasirpos\\public\\index.php')
DEBUG - 2026-04-28 16:26:41 --> Session: Class initialized using 'CodeIgniter\Session\Handlers\FileHandler' driver.
DEBUG - 2026-04-28 16:26:44 --> Session: Class initialized using 'CodeIgniter\Session\Handlers\FileHandler' driver.
WARNING - 2026-04-28 16:26:44 --> [DEPRECATED] number_format(): Passing null to parameter #1 ($num) of type float is deprecated in APPPATH\Views\admin_view.php on line 326.
 1 APPPATH\Views\admin_view.php(326): number_format(null, 0, ',', '.')
 2 SYSTEMPATH\View\View.php(226): include('C:\\xampp\\htdocs\\kasirpos\\app\\Views\\admin_view.php')
 3 SYSTEMPATH\View\View.php(229): CodeIgniter\View\View->CodeIgniter\View\{closure}()
 4 SYSTEMPATH\Common.php(1167): CodeIgniter\View\View->render('admin_view', [], true)
 5 APPPATH\Controllers\Admin.php(76): view('admin_view', [...])
 6 SYSTEMPATH\CodeIgniter.php(933): App\Controllers\Admin->index()
 7 SYSTEMPATH\CodeIgniter.php(507): CodeIgniter\CodeIgniter->runController(Object(App\Controllers\Admin))
 8 SYSTEMPATH\CodeIgniter.php(354): CodeIgniter\CodeIgniter->handleRequest(null, Object(Config\Cache), false)
 9 SYSTEMPATH\Boot.php(363): CodeIgniter\CodeIgniter->run()
10 SYSTEMPATH\Boot.php(68): CodeIgniter\Boot::runCodeIgniter(Object(CodeIgniter\CodeIgniter))
11 FCPATH\index.php(59): CodeIgniter\Boot::bootWeb(Object(Config\Paths))
12 SYSTEMPATH\rewrite.php(44): require_once('C:\\xampp\\htdocs\\kasirpos\\public\\index.php')
WARNING - 2026-04-28 16:26:44 --> [DEPRECATED] number_format(): Passing null to parameter #1 ($num) of type float is deprecated in APPPATH\Views\admin_view.php on line 326.
 1 APPPATH\Views\admin_view.php(326): number_format(null, 0, ',', '.')
 2 SYSTEMPATH\View\View.php(226): include('C:\\xampp\\htdocs\\kasirpos\\app\\Views\\admin_view.php')
 3 SYSTEMPATH\View\View.php(229): CodeIgniter\View\View->CodeIgniter\View\{closure}()
 4 SYSTEMPATH\Common.php(1167): CodeIgniter\View\View->render('admin_view', [], true)
 5 APPPATH\Controllers\Admin.php(76): view('admin_view', [...])
 6 SYSTEMPATH\CodeIgniter.php(933): App\Controllers\Admin->index()
 7 SYSTEMPATH\CodeIgniter.php(507): CodeIgniter\CodeIgniter->runController(Object(App\Controllers\Admin))
 8 SYSTEMPATH\CodeIgniter.php(354): CodeIgniter\CodeIgniter->handleRequest(null, Object(Config\Cache), false)
 9 SYSTEMPATH\Boot.php(363): CodeIgniter\CodeIgniter->run()
10 SYSTEMPATH\Boot.php(68): CodeIgniter\Boot::runCodeIgniter(Object(CodeIgniter\CodeIgniter))
11 FCPATH\index.php(59): CodeIgniter\Boot::bootWeb(Object(Config\Paths))
12 SYSTEMPATH\rewrite.php(44): require_once('C:\\xampp\\htdocs\\kasirpos\\public\\index.php')
DEBUG - 2026-04-28 16:26:44 --> Session: Class initialized using 'CodeIgniter\Session\Handlers\FileHandler' driver.
WARNING - 2026-04-28 16:28:08 --> [DEPRECATED] number_format(): Passing null to parameter #1 ($num) of type float is deprecated in APPPATH\Views\admin_view.php on line 326.
 1 APPPATH\Views\admin_view.php(326): number_format(null, 0, ',', '.')
 2 SYSTEMPATH\View\View.php(226): include('C:\\xampp\\htdocs\\kasirpos\\app\\Views\\admin_view.php')
 3 SYSTEMPATH\View\View.php(229): CodeIgniter\View\View->CodeIgniter\View\{closure}()
 4 SYSTEMPATH\Common.php(1167): CodeIgniter\View\View->render('admin_view', [], true)
 5 APPPATH\Controllers\Admin.php(76): view('admin_view', [...])
 6 SYSTEMPATH\CodeIgniter.php(933): App\Controllers\Admin->index()
 7 SYSTEMPATH\CodeIgniter.php(507): CodeIgniter\CodeIgniter->runController(Object(App\Controllers\Admin))
 8 SYSTEMPATH\CodeIgniter.php(354): CodeIgniter\CodeIgniter->handleRequest(null, Object(Config\Cache), false)
 9 SYSTEMPATH\Boot.php(363): CodeIgniter\CodeIgniter->run()
10 SYSTEMPATH\Boot.php(68): CodeIgniter\Boot::runCodeIgniter(Object(CodeIgniter\CodeIgniter))
11 FCPATH\index.php(59): CodeIgniter\Boot::bootWeb(Object(Config\Paths))
12 SYSTEMPATH\rewrite.php(44): require_once('C:\\xampp\\htdocs\\kasirpos\\public\\index.php')
WARNING - 2026-04-28 16:28:08 --> [DEPRECATED] number_format(): Passing null to parameter #1 ($num) of type float is deprecated in APPPATH\Views\admin_view.php on line 326.
 1 APPPATH\Views\admin_view.php(326): number_format(null, 0, ',', '.')
 2 SYSTEMPATH\View\View.php(226): include('C:\\xampp\\htdocs\\kasirpos\\app\\Views\\admin_view.php')
 3 SYSTEMPATH\View\View.php(229): CodeIgniter\View\View->CodeIgniter\View\{closure}()
 4 SYSTEMPATH\Common.php(1167): CodeIgniter\View\View->render('admin_view', [], true)
 5 APPPATH\Controllers\Admin.php(76): view('admin_view', [...])
 6 SYSTEMPATH\CodeIgniter.php(933): App\Controllers\Admin->index()
 7 SYSTEMPATH\CodeIgniter.php(507): CodeIgniter\CodeIgniter->runController(Object(App\Controllers\Admin))
 8 SYSTEMPATH\CodeIgniter.php(354): CodeIgniter\CodeIgniter->handleRequest(null, Object(Config\Cache), false)
 9 SYSTEMPATH\Boot.php(363): CodeIgniter\CodeIgniter->run()
10 SYSTEMPATH\Boot.php(68): CodeIgniter\Boot::runCodeIgniter(Object(CodeIgniter\CodeIgniter))
11 FCPATH\index.php(59): CodeIgniter\Boot::bootWeb(Object(Config\Paths))
12 SYSTEMPATH\rewrite.php(44): require_once('C:\\xampp\\htdocs\\kasirpos\\public\\index.php')
DEBUG - 2026-04-28 16:28:08 --> Session: Class initialized using 'CodeIgniter\Session\Handlers\FileHandler' driver.
WARNING - 2026-04-28 16:28:15 --> [DEPRECATED] number_format(): Passing null to parameter #1 ($num) of type float is deprecated in APPPATH\Views\admin_view.php on line 326.
 1 APPPATH\Views\admin_view.php(326): number_format(null, 0, ',', '.')
 2 SYSTEMPATH\View\View.php(226): include('C:\\xampp\\htdocs\\kasirpos\\app\\Views\\admin_view.php')
 3 SYSTEMPATH\View\View.php(229): CodeIgniter\View\View->CodeIgniter\View\{closure}()
 4 SYSTEMPATH\Common.php(1167): CodeIgniter\View\View->render('admin_view', [], true)
 5 APPPATH\Controllers\Admin.php(76): view('admin_view', [...])
 6 SYSTEMPATH\CodeIgniter.php(933): App\Controllers\Admin->index()
 7 SYSTEMPATH\CodeIgniter.php(507): CodeIgniter\CodeIgniter->runController(Object(App\Controllers\Admin))
 8 SYSTEMPATH\CodeIgniter.php(354): CodeIgniter\CodeIgniter->handleRequest(null, Object(Config\Cache), false)
 9 SYSTEMPATH\Boot.php(363): CodeIgniter\CodeIgniter->run()
10 SYSTEMPATH\Boot.php(68): CodeIgniter\Boot::runCodeIgniter(Object(CodeIgniter\CodeIgniter))
11 FCPATH\index.php(59): CodeIgniter\Boot::bootWeb(Object(Config\Paths))
12 SYSTEMPATH\rewrite.php(44): require_once('C:\\xampp\\htdocs\\kasirpos\\public\\index.php')
WARNING - 2026-04-28 16:28:15 --> [DEPRECATED] number_format(): Passing null to parameter #1 ($num) of type float is deprecated in APPPATH\Views\admin_view.php on line 326.
 1 APPPATH\Views\admin_view.php(326): number_format(null, 0, ',', '.')
 2 SYSTEMPATH\View\View.php(226): include('C:\\xampp\\htdocs\\kasirpos\\app\\Views\\admin_view.php')
 3 SYSTEMPATH\View\View.php(229): CodeIgniter\View\View->CodeIgniter\View\{closure}()
 4 SYSTEMPATH\Common.php(1167): CodeIgniter\View\View->render('admin_view', [], true)
 5 APPPATH\Controllers\Admin.php(76): view('admin_view', [...])
 6 SYSTEMPATH\CodeIgniter.php(933): App\Controllers\Admin->index()
 7 SYSTEMPATH\CodeIgniter.php(507): CodeIgniter\CodeIgniter->runController(Object(App\Controllers\Admin))
 8 SYSTEMPATH\CodeIgniter.php(354): CodeIgniter\CodeIgniter->handleRequest(null, Object(Config\Cache), false)
 9 SYSTEMPATH\Boot.php(363): CodeIgniter\CodeIgniter->run()
10 SYSTEMPATH\Boot.php(68): CodeIgniter\Boot::runCodeIgniter(Object(CodeIgniter\CodeIgniter))
11 FCPATH\index.php(59): CodeIgniter\Boot::bootWeb(Object(Config\Paths))
12 SYSTEMPATH\rewrite.php(44): require_once('C:\\xampp\\htdocs\\kasirpos\\public\\index.php')
DEBUG - 2026-04-28 16:28:15 --> Session: Class initialized using 'CodeIgniter\Session\Handlers\FileHandler' driver.
WARNING - 2026-04-28 16:29:08 --> [DEPRECATED] number_format(): Passing null to parameter #1 ($num) of type float is deprecated in APPPATH\Views\admin_view.php on line 326.
 1 APPPATH\Views\admin_view.php(326): number_format(null, 0, ',', '.')
 2 SYSTEMPATH\View\View.php(226): include('C:\\xampp\\htdocs\\kasirpos\\app\\Views\\admin_view.php')
 3 SYSTEMPATH\View\View.php(229): CodeIgniter\View\View->CodeIgniter\View\{closure}()
 4 SYSTEMPATH\Common.php(1167): CodeIgniter\View\View->render('admin_view', [], true)
 5 APPPATH\Controllers\Admin.php(76): view('admin_view', [...])
 6 SYSTEMPATH\CodeIgniter.php(933): App\Controllers\Admin->index()
 7 SYSTEMPATH\CodeIgniter.php(507): CodeIgniter\CodeIgniter->runController(Object(App\Controllers\Admin))
 8 SYSTEMPATH\CodeIgniter.php(354): CodeIgniter\CodeIgniter->handleRequest(null, Object(Config\Cache), false)
 9 SYSTEMPATH\Boot.php(363): CodeIgniter\CodeIgniter->run()
10 SYSTEMPATH\Boot.php(68): CodeIgniter\Boot::runCodeIgniter(Object(CodeIgniter\CodeIgniter))
11 FCPATH\index.php(59): CodeIgniter\Boot::bootWeb(Object(Config\Paths))
12 SYSTEMPATH\rewrite.php(44): require_once('C:\\xampp\\htdocs\\kasirpos\\public\\index.php')
WARNING - 2026-04-28 16:29:08 --> [DEPRECATED] number_format(): Passing null to parameter #1 ($num) of type float is deprecated in APPPATH\Views\admin_view.php on line 326.
 1 APPPATH\Views\admin_view.php(326): number_format(null, 0, ',', '.')
 2 SYSTEMPATH\View\View.php(226): include('C:\\xampp\\htdocs\\kasirpos\\app\\Views\\admin_view.php')
 3 SYSTEMPATH\View\View.php(229): CodeIgniter\View\View->CodeIgniter\View\{closure}()
 4 SYSTEMPATH\Common.php(1167): CodeIgniter\View\View->render('admin_view', [], true)
 5 APPPATH\Controllers\Admin.php(76): view('admin_view', [...])
 6 SYSTEMPATH\CodeIgniter.php(933): App\Controllers\Admin->index()
 7 SYSTEMPATH\CodeIgniter.php(507): CodeIgniter\CodeIgniter->runController(Object(App\Controllers\Admin))
 8 SYSTEMPATH\CodeIgniter.php(354): CodeIgniter\CodeIgniter->handleRequest(null, Object(Config\Cache), false)
 9 SYSTEMPATH\Boot.php(363): CodeIgniter\CodeIgniter->run()
10 SYSTEMPATH\Boot.php(68): CodeIgniter\Boot::runCodeIgniter(Object(CodeIgniter\CodeIgniter))
11 FCPATH\index.php(59): CodeIgniter\Boot::bootWeb(Object(Config\Paths))
12 SYSTEMPATH\rewrite.php(44): require_once('C:\\xampp\\htdocs\\kasirpos\\public\\index.php')
DEBUG - 2026-04-28 16:29:08 --> Session: Class initialized using 'CodeIgniter\Session\Handlers\FileHandler' driver.
DEBUG - 2026-04-28 16:29:12 --> Session: Class initialized using 'CodeIgniter\Session\Handlers\FileHandler' driver.
WARNING - 2026-04-28 16:29:12 --> [DEPRECATED] number_format(): Passing null to parameter #1 ($num) of type float is deprecated in APPPATH\Views\admin_view.php on line 326.
 1 APPPATH\Views\admin_view.php(326): number_format(null, 0, ',', '.')
 2 SYSTEMPATH\View\View.php(226): include('C:\\xampp\\htdocs\\kasirpos\\app\\Views\\admin_view.php')
 3 SYSTEMPATH\View\View.php(229): CodeIgniter\View\View->CodeIgniter\View\{closure}()
 4 SYSTEMPATH\Common.php(1167): CodeIgniter\View\View->render('admin_view', [], true)
 5 APPPATH\Controllers\Admin.php(76): view('admin_view', [...])
 6 SYSTEMPATH\CodeIgniter.php(933): App\Controllers\Admin->index()
 7 SYSTEMPATH\CodeIgniter.php(507): CodeIgniter\CodeIgniter->runController(Object(App\Controllers\Admin))
 8 SYSTEMPATH\CodeIgniter.php(354): CodeIgniter\CodeIgniter->handleRequest(null, Object(Config\Cache), false)
 9 SYSTEMPATH\Boot.php(363): CodeIgniter\CodeIgniter->run()
10 SYSTEMPATH\Boot.php(68): CodeIgniter\Boot::runCodeIgniter(Object(CodeIgniter\CodeIgniter))
11 FCPATH\index.php(59): CodeIgniter\Boot::bootWeb(Object(Config\Paths))
12 SYSTEMPATH\rewrite.php(44): require_once('C:\\xampp\\htdocs\\kasirpos\\public\\index.php')
WARNING - 2026-04-28 16:29:12 --> [DEPRECATED] number_format(): Passing null to parameter #1 ($num) of type float is deprecated in APPPATH\Views\admin_view.php on line 326.
 1 APPPATH\Views\admin_view.php(326): number_format(null, 0, ',', '.')
 2 SYSTEMPATH\View\View.php(226): include('C:\\xampp\\htdocs\\kasirpos\\app\\Views\\admin_view.php')
 3 SYSTEMPATH\View\View.php(229): CodeIgniter\View\View->CodeIgniter\View\{closure}()
 4 SYSTEMPATH\Common.php(1167): CodeIgniter\View\View->render('admin_view', [], true)
 5 APPPATH\Controllers\Admin.php(76): view('admin_view', [...])
 6 SYSTEMPATH\CodeIgniter.php(933): App\Controllers\Admin->index()
 7 SYSTEMPATH\CodeIgniter.php(507): CodeIgniter\CodeIgniter->runController(Object(App\Controllers\Admin))
 8 SYSTEMPATH\CodeIgniter.php(354): CodeIgniter\CodeIgniter->handleRequest(null, Object(Config\Cache), false)
 9 SYSTEMPATH\Boot.php(363): CodeIgniter\CodeIgniter->run()
10 SYSTEMPATH\Boot.php(68): CodeIgniter\Boot::runCodeIgniter(Object(CodeIgniter\CodeIgniter))
11 FCPATH\index.php(59): CodeIgniter\Boot::bootWeb(Object(Config\Paths))
12 SYSTEMPATH\rewrite.php(44): require_once('C:\\xampp\\htdocs\\kasirpos\\public\\index.php')
DEBUG - 2026-04-28 16:29:12 --> Session: Class initialized using 'CodeIgniter\Session\Handlers\FileHandler' driver.
DEBUG - 2026-04-28 16:29:35 --> Session: Class initialized using 'CodeIgniter\Session\Handlers\FileHandler' driver.
WARNING - 2026-04-28 16:29:35 --> [DEPRECATED] number_format(): Passing null to parameter #1 ($num) of type float is deprecated in APPPATH\Views\admin_view.php on line 326.
 1 APPPATH\Views\admin_view.php(326): number_format(null, 0, ',', '.')
 2 SYSTEMPATH\View\View.php(226): include('C:\\xampp\\htdocs\\kasirpos\\app\\Views\\admin_view.php')
 3 SYSTEMPATH\View\View.php(229): CodeIgniter\View\View->CodeIgniter\View\{closure}()
 4 SYSTEMPATH\Common.php(1167): CodeIgniter\View\View->render('admin_view', [], true)
 5 APPPATH\Controllers\Admin.php(76): view('admin_view', [...])
 6 SYSTEMPATH\CodeIgniter.php(933): App\Controllers\Admin->index()
 7 SYSTEMPATH\CodeIgniter.php(507): CodeIgniter\CodeIgniter->runController(Object(App\Controllers\Admin))
 8 SYSTEMPATH\CodeIgniter.php(354): CodeIgniter\CodeIgniter->handleRequest(null, Object(Config\Cache), false)
 9 SYSTEMPATH\Boot.php(363): CodeIgniter\CodeIgniter->run()
10 SYSTEMPATH\Boot.php(68): CodeIgniter\Boot::runCodeIgniter(Object(CodeIgniter\CodeIgniter))
11 FCPATH\index.php(59): CodeIgniter\Boot::bootWeb(Object(Config\Paths))
12 SYSTEMPATH\rewrite.php(44): require_once('C:\\xampp\\htdocs\\kasirpos\\public\\index.php')
WARNING - 2026-04-28 16:29:35 --> [DEPRECATED] number_format(): Passing null to parameter #1 ($num) of type float is deprecated in APPPATH\Views\admin_view.php on line 326.
 1 APPPATH\Views\admin_view.php(326): number_format(null, 0, ',', '.')
 2 SYSTEMPATH\View\View.php(226): include('C:\\xampp\\htdocs\\kasirpos\\app\\Views\\admin_view.php')
 3 SYSTEMPATH\View\View.php(229): CodeIgniter\View\View->CodeIgniter\View\{closure}()
 4 SYSTEMPATH\Common.php(1167): CodeIgniter\View\View->render('admin_view', [], true)
 5 APPPATH\Controllers\Admin.php(76): view('admin_view', [...])
 6 SYSTEMPATH\CodeIgniter.php(933): App\Controllers\Admin->index()
 7 SYSTEMPATH\CodeIgniter.php(507): CodeIgniter\CodeIgniter->runController(Object(App\Controllers\Admin))
 8 SYSTEMPATH\CodeIgniter.php(354): CodeIgniter\CodeIgniter->handleRequest(null, Object(Config\Cache), false)
 9 SYSTEMPATH\Boot.php(363): CodeIgniter\CodeIgniter->run()
10 SYSTEMPATH\Boot.php(68): CodeIgniter\Boot::runCodeIgniter(Object(CodeIgniter\CodeIgniter))
11 FCPATH\index.php(59): CodeIgniter\Boot::bootWeb(Object(Config\Paths))
12 SYSTEMPATH\rewrite.php(44): require_once('C:\\xampp\\htdocs\\kasirpos\\public\\index.php')
DEBUG - 2026-04-28 16:29:35 --> Session: Class initialized using 'CodeIgniter\Session\Handlers\FileHandler' driver.
DEBUG - 2026-04-28 16:30:56 --> Session: Class initialized using 'CodeIgniter\Session\Handlers\FileHandler' driver.
WARNING - 2026-04-28 16:30:56 --> [DEPRECATED] number_format(): Passing null to parameter #1 ($num) of type float is deprecated in APPPATH\Views\admin_view.php on line 326.
 1 APPPATH\Views\admin_view.php(326): number_format(null, 0, ',', '.')
 2 SYSTEMPATH\View\View.php(226): include('C:\\xampp\\htdocs\\kasirpos\\app\\Views\\admin_view.php')
 3 SYSTEMPATH\View\View.php(229): CodeIgniter\View\View->CodeIgniter\View\{closure}()
 4 SYSTEMPATH\Common.php(1167): CodeIgniter\View\View->render('admin_view', [], true)
 5 APPPATH\Controllers\Admin.php(76): view('admin_view', [...])
 6 SYSTEMPATH\CodeIgniter.php(933): App\Controllers\Admin->index()
 7 SYSTEMPATH\CodeIgniter.php(507): CodeIgniter\CodeIgniter->runController(Object(App\Controllers\Admin))
 8 SYSTEMPATH\CodeIgniter.php(354): CodeIgniter\CodeIgniter->handleRequest(null, Object(Config\Cache), false)
 9 SYSTEMPATH\Boot.php(363): CodeIgniter\CodeIgniter->run()
10 SYSTEMPATH\Boot.php(68): CodeIgniter\Boot::runCodeIgniter(Object(CodeIgniter\CodeIgniter))
11 FCPATH\index.php(59): CodeIgniter\Boot::bootWeb(Object(Config\Paths))
12 SYSTEMPATH\rewrite.php(44): require_once('C:\\xampp\\htdocs\\kasirpos\\public\\index.php')
WARNING - 2026-04-28 16:30:56 --> [DEPRECATED] number_format(): Passing null to parameter #1 ($num) of type float is deprecated in APPPATH\Views\admin_view.php on line 326.
 1 APPPATH\Views\admin_view.php(326): number_format(null, 0, ',', '.')
 2 SYSTEMPATH\View\View.php(226): include('C:\\xampp\\htdocs\\kasirpos\\app\\Views\\admin_view.php')
 3 SYSTEMPATH\View\View.php(229): CodeIgniter\View\View->CodeIgniter\View\{closure}()
 4 SYSTEMPATH\Common.php(1167): CodeIgniter\View\View->render('admin_view', [], true)
 5 APPPATH\Controllers\Admin.php(76): view('admin_view', [...])
 6 SYSTEMPATH\CodeIgniter.php(933): App\Controllers\Admin->index()
 7 SYSTEMPATH\CodeIgniter.php(507): CodeIgniter\CodeIgniter->runController(Object(App\Controllers\Admin))
 8 SYSTEMPATH\CodeIgniter.php(354): CodeIgniter\CodeIgniter->handleRequest(null, Object(Config\Cache), false)
 9 SYSTEMPATH\Boot.php(363): CodeIgniter\CodeIgniter->run()
10 SYSTEMPATH\Boot.php(68): CodeIgniter\Boot::runCodeIgniter(Object(CodeIgniter\CodeIgniter))
11 FCPATH\index.php(59): CodeIgniter\Boot::bootWeb(Object(Config\Paths))
12 SYSTEMPATH\rewrite.php(44): require_once('C:\\xampp\\htdocs\\kasirpos\\public\\index.php')
WARNING - 2026-04-28 16:30:56 --> [DEPRECATED] number_format(): Passing null to parameter #1 ($num) of type float is deprecated in APPPATH\Views\admin_view.php on line 326.
 1 APPPATH\Views\admin_view.php(326): number_format(null, 0, ',', '.')
 2 SYSTEMPATH\View\View.php(226): include('C:\\xampp\\htdocs\\kasirpos\\app\\Views\\admin_view.php')
 3 SYSTEMPATH\View\View.php(229): CodeIgniter\View\View->CodeIgniter\View\{closure}()
 4 SYSTEMPATH\Common.php(1167): CodeIgniter\View\View->render('admin_view', [], true)
 5 APPPATH\Controllers\Admin.php(76): view('admin_view', [...])
 6 SYSTEMPATH\CodeIgniter.php(933): App\Controllers\Admin->index()
 7 SYSTEMPATH\CodeIgniter.php(507): CodeIgniter\CodeIgniter->runController(Object(App\Controllers\Admin))
 8 SYSTEMPATH\CodeIgniter.php(354): CodeIgniter\CodeIgniter->handleRequest(null, Object(Config\Cache), false)
 9 SYSTEMPATH\Boot.php(363): CodeIgniter\CodeIgniter->run()
10 SYSTEMPATH\Boot.php(68): CodeIgniter\Boot::runCodeIgniter(Object(CodeIgniter\CodeIgniter))
11 FCPATH\index.php(59): CodeIgniter\Boot::bootWeb(Object(Config\Paths))
12 SYSTEMPATH\rewrite.php(44): require_once('C:\\xampp\\htdocs\\kasirpos\\public\\index.php')
DEBUG - 2026-04-28 16:30:56 --> Session: Class initialized using 'CodeIgniter\Session\Handlers\FileHandler' driver.
WARNING - 2026-04-28 16:32:38 --> [DEPRECATED] number_format(): Passing null to parameter #1 ($num) of type float is deprecated in APPPATH\Views\admin_view.php on line 326.
 1 APPPATH\Views\admin_view.php(326): number_format(null, 0, ',', '.')
 2 SYSTEMPATH\View\View.php(226): include('C:\\xampp\\htdocs\\kasirpos\\app\\Views\\admin_view.php')
 3 SYSTEMPATH\View\View.php(229): CodeIgniter\View\View->CodeIgniter\View\{closure}()
 4 SYSTEMPATH\Common.php(1167): CodeIgniter\View\View->render('admin_view', [], true)
 5 APPPATH\Controllers\Admin.php(76): view('admin_view', [...])
 6 SYSTEMPATH\CodeIgniter.php(933): App\Controllers\Admin->index()
 7 SYSTEMPATH\CodeIgniter.php(507): CodeIgniter\CodeIgniter->runController(Object(App\Controllers\Admin))
 8 SYSTEMPATH\CodeIgniter.php(354): CodeIgniter\CodeIgniter->handleRequest(null, Object(Config\Cache), false)
 9 SYSTEMPATH\Boot.php(363): CodeIgniter\CodeIgniter->run()
10 SYSTEMPATH\Boot.php(68): CodeIgniter\Boot::runCodeIgniter(Object(CodeIgniter\CodeIgniter))
11 FCPATH\index.php(59): CodeIgniter\Boot::bootWeb(Object(Config\Paths))
12 SYSTEMPATH\rewrite.php(44): require_once('C:\\xampp\\htdocs\\kasirpos\\public\\index.php')
WARNING - 2026-04-28 16:32:38 --> [DEPRECATED] number_format(): Passing null to parameter #1 ($num) of type float is deprecated in APPPATH\Views\admin_view.php on line 326.
 1 APPPATH\Views\admin_view.php(326): number_format(null, 0, ',', '.')
 2 SYSTEMPATH\View\View.php(226): include('C:\\xampp\\htdocs\\kasirpos\\app\\Views\\admin_view.php')
 3 SYSTEMPATH\View\View.php(229): CodeIgniter\View\View->CodeIgniter\View\{closure}()
 4 SYSTEMPATH\Common.php(1167): CodeIgniter\View\View->render('admin_view', [], true)
 5 APPPATH\Controllers\Admin.php(76): view('admin_view', [...])
 6 SYSTEMPATH\CodeIgniter.php(933): App\Controllers\Admin->index()
 7 SYSTEMPATH\CodeIgniter.php(507): CodeIgniter\CodeIgniter->runController(Object(App\Controllers\Admin))
 8 SYSTEMPATH\CodeIgniter.php(354): CodeIgniter\CodeIgniter->handleRequest(null, Object(Config\Cache), false)
 9 SYSTEMPATH\Boot.php(363): CodeIgniter\CodeIgniter->run()
10 SYSTEMPATH\Boot.php(68): CodeIgniter\Boot::runCodeIgniter(Object(CodeIgniter\CodeIgniter))
11 FCPATH\index.php(59): CodeIgniter\Boot::bootWeb(Object(Config\Paths))
12 SYSTEMPATH\rewrite.php(44): require_once('C:\\xampp\\htdocs\\kasirpos\\public\\index.php')
WARNING - 2026-04-28 16:32:38 --> [DEPRECATED] number_format(): Passing null to parameter #1 ($num) of type float is deprecated in APPPATH\Views\admin_view.php on line 326.
 1 APPPATH\Views\admin_view.php(326): number_format(null, 0, ',', '.')
 2 SYSTEMPATH\View\View.php(226): include('C:\\xampp\\htdocs\\kasirpos\\app\\Views\\admin_view.php')
 3 SYSTEMPATH\View\View.php(229): CodeIgniter\View\View->CodeIgniter\View\{closure}()
 4 SYSTEMPATH\Common.php(1167): CodeIgniter\View\View->render('admin_view', [], true)
 5 APPPATH\Controllers\Admin.php(76): view('admin_view', [...])
 6 SYSTEMPATH\CodeIgniter.php(933): App\Controllers\Admin->index()
 7 SYSTEMPATH\CodeIgniter.php(507): CodeIgniter\CodeIgniter->runController(Object(App\Controllers\Admin))
 8 SYSTEMPATH\CodeIgniter.php(354): CodeIgniter\CodeIgniter->handleRequest(null, Object(Config\Cache), false)
 9 SYSTEMPATH\Boot.php(363): CodeIgniter\CodeIgniter->run()
10 SYSTEMPATH\Boot.php(68): CodeIgniter\Boot::runCodeIgniter(Object(CodeIgniter\CodeIgniter))
11 FCPATH\index.php(59): CodeIgniter\Boot::bootWeb(Object(Config\Paths))
12 SYSTEMPATH\rewrite.php(44): require_once('C:\\xampp\\htdocs\\kasirpos\\public\\index.php')
DEBUG - 2026-04-28 16:32:38 --> Session: Class initialized using 'CodeIgniter\Session\Handlers\FileHandler' driver.
WARNING - 2026-04-28 16:37:30 --> [DEPRECATED] number_format(): Passing null to parameter #1 ($num) of type float is deprecated in APPPATH\Views\admin_view.php on line 326.
 1 APPPATH\Views\admin_view.php(326): number_format(null, 0, ',', '.')
 2 SYSTEMPATH\View\View.php(226): include('C:\\xampp\\htdocs\\kasirpos\\app\\Views\\admin_view.php')
 3 SYSTEMPATH\View\View.php(229): CodeIgniter\View\View->CodeIgniter\View\{closure}()
 4 SYSTEMPATH\Common.php(1167): CodeIgniter\View\View->render('admin_view', [], true)
 5 APPPATH\Controllers\Admin.php(76): view('admin_view', [...])
 6 SYSTEMPATH\CodeIgniter.php(933): App\Controllers\Admin->index()
 7 SYSTEMPATH\CodeIgniter.php(507): CodeIgniter\CodeIgniter->runController(Object(App\Controllers\Admin))
 8 SYSTEMPATH\CodeIgniter.php(354): CodeIgniter\CodeIgniter->handleRequest(null, Object(Config\Cache), false)
 9 SYSTEMPATH\Boot.php(363): CodeIgniter\CodeIgniter->run()
10 SYSTEMPATH\Boot.php(68): CodeIgniter\Boot::runCodeIgniter(Object(CodeIgniter\CodeIgniter))
11 FCPATH\index.php(59): CodeIgniter\Boot::bootWeb(Object(Config\Paths))
12 SYSTEMPATH\rewrite.php(44): require_once('C:\\xampp\\htdocs\\kasirpos\\public\\index.php')
WARNING - 2026-04-28 16:37:30 --> [DEPRECATED] number_format(): Passing null to parameter #1 ($num) of type float is deprecated in APPPATH\Views\admin_view.php on line 326.
 1 APPPATH\Views\admin_view.php(326): number_format(null, 0, ',', '.')
 2 SYSTEMPATH\View\View.php(226): include('C:\\xampp\\htdocs\\kasirpos\\app\\Views\\admin_view.php')
 3 SYSTEMPATH\View\View.php(229): CodeIgniter\View\View->CodeIgniter\View\{closure}()
 4 SYSTEMPATH\Common.php(1167): CodeIgniter\View\View->render('admin_view', [], true)
 5 APPPATH\Controllers\Admin.php(76): view('admin_view', [...])
 6 SYSTEMPATH\CodeIgniter.php(933): App\Controllers\Admin->index()
 7 SYSTEMPATH\CodeIgniter.php(507): CodeIgniter\CodeIgniter->runController(Object(App\Controllers\Admin))
 8 SYSTEMPATH\CodeIgniter.php(354): CodeIgniter\CodeIgniter->handleRequest(null, Object(Config\Cache), false)
 9 SYSTEMPATH\Boot.php(363): CodeIgniter\CodeIgniter->run()
10 SYSTEMPATH\Boot.php(68): CodeIgniter\Boot::runCodeIgniter(Object(CodeIgniter\CodeIgniter))
11 FCPATH\index.php(59): CodeIgniter\Boot::bootWeb(Object(Config\Paths))
12 SYSTEMPATH\rewrite.php(44): require_once('C:\\xampp\\htdocs\\kasirpos\\public\\index.php')
WARNING - 2026-04-28 16:37:30 --> [DEPRECATED] number_format(): Passing null to parameter #1 ($num) of type float is deprecated in APPPATH\Views\admin_view.php on line 326.
 1 APPPATH\Views\admin_view.php(326): number_format(null, 0, ',', '.')
 2 SYSTEMPATH\View\View.php(226): include('C:\\xampp\\htdocs\\kasirpos\\app\\Views\\admin_view.php')
 3 SYSTEMPATH\View\View.php(229): CodeIgniter\View\View->CodeIgniter\View\{closure}()
 4 SYSTEMPATH\Common.php(1167): CodeIgniter\View\View->render('admin_view', [], true)
 5 APPPATH\Controllers\Admin.php(76): view('admin_view', [...])
 6 SYSTEMPATH\CodeIgniter.php(933): App\Controllers\Admin->index()
 7 SYSTEMPATH\CodeIgniter.php(507): CodeIgniter\CodeIgniter->runController(Object(App\Controllers\Admin))
 8 SYSTEMPATH\CodeIgniter.php(354): CodeIgniter\CodeIgniter->handleRequest(null, Object(Config\Cache), false)
 9 SYSTEMPATH\Boot.php(363): CodeIgniter\CodeIgniter->run()
10 SYSTEMPATH\Boot.php(68): CodeIgniter\Boot::runCodeIgniter(Object(CodeIgniter\CodeIgniter))
11 FCPATH\index.php(59): CodeIgniter\Boot::bootWeb(Object(Config\Paths))
12 SYSTEMPATH\rewrite.php(44): require_once('C:\\xampp\\htdocs\\kasirpos\\public\\index.php')
DEBUG - 2026-04-28 16:37:30 --> Session: Class initialized using 'CodeIgniter\Session\Handlers\FileHandler' driver.
WARNING - 2026-04-28 16:37:31 --> [DEPRECATED] number_format(): Passing null to parameter #1 ($num) of type float is deprecated in APPPATH\Views\admin_view.php on line 326.
 1 APPPATH\Views\admin_view.php(326): number_format(null, 0, ',', '.')
 2 SYSTEMPATH\View\View.php(226): include('C:\\xampp\\htdocs\\kasirpos\\app\\Views\\admin_view.php')
 3 SYSTEMPATH\View\View.php(229): CodeIgniter\View\View->CodeIgniter\View\{closure}()
 4 SYSTEMPATH\Common.php(1167): CodeIgniter\View\View->render('admin_view', [], true)
 5 APPPATH\Controllers\Admin.php(76): view('admin_view', [...])
 6 SYSTEMPATH\CodeIgniter.php(933): App\Controllers\Admin->index()
 7 SYSTEMPATH\CodeIgniter.php(507): CodeIgniter\CodeIgniter->runController(Object(App\Controllers\Admin))
 8 SYSTEMPATH\CodeIgniter.php(354): CodeIgniter\CodeIgniter->handleRequest(null, Object(Config\Cache), false)
 9 SYSTEMPATH\Boot.php(363): CodeIgniter\CodeIgniter->run()
10 SYSTEMPATH\Boot.php(68): CodeIgniter\Boot::runCodeIgniter(Object(CodeIgniter\CodeIgniter))
11 FCPATH\index.php(59): CodeIgniter\Boot::bootWeb(Object(Config\Paths))
12 SYSTEMPATH\rewrite.php(44): require_once('C:\\xampp\\htdocs\\kasirpos\\public\\index.php')
WARNING - 2026-04-28 16:37:31 --> [DEPRECATED] number_format(): Passing null to parameter #1 ($num) of type float is deprecated in APPPATH\Views\admin_view.php on line 326.
 1 APPPATH\Views\admin_view.php(326): number_format(null, 0, ',', '.')
 2 SYSTEMPATH\View\View.php(226): include('C:\\xampp\\htdocs\\kasirpos\\app\\Views\\admin_view.php')
 3 SYSTEMPATH\View\View.php(229): CodeIgniter\View\View->CodeIgniter\View\{closure}()
 4 SYSTEMPATH\Common.php(1167): CodeIgniter\View\View->render('admin_view', [], true)
 5 APPPATH\Controllers\Admin.php(76): view('admin_view', [...])
 6 SYSTEMPATH\CodeIgniter.php(933): App\Controllers\Admin->index()
 7 SYSTEMPATH\CodeIgniter.php(507): CodeIgniter\CodeIgniter->runController(Object(App\Controllers\Admin))
 8 SYSTEMPATH\CodeIgniter.php(354): CodeIgniter\CodeIgniter->handleRequest(null, Object(Config\Cache), false)
 9 SYSTEMPATH\Boot.php(363): CodeIgniter\CodeIgniter->run()
10 SYSTEMPATH\Boot.php(68): CodeIgniter\Boot::runCodeIgniter(Object(CodeIgniter\CodeIgniter))
11 FCPATH\index.php(59): CodeIgniter\Boot::bootWeb(Object(Config\Paths))
12 SYSTEMPATH\rewrite.php(44): require_once('C:\\xampp\\htdocs\\kasirpos\\public\\index.php')
WARNING - 2026-04-28 16:37:31 --> [DEPRECATED] number_format(): Passing null to parameter #1 ($num) of type float is deprecated in APPPATH\Views\admin_view.php on line 326.
 1 APPPATH\Views\admin_view.php(326): number_format(null, 0, ',', '.')
 2 SYSTEMPATH\View\View.php(226): include('C:\\xampp\\htdocs\\kasirpos\\app\\Views\\admin_view.php')
 3 SYSTEMPATH\View\View.php(229): CodeIgniter\View\View->CodeIgniter\View\{closure}()
 4 SYSTEMPATH\Common.php(1167): CodeIgniter\View\View->render('admin_view', [], true)
 5 APPPATH\Controllers\Admin.php(76): view('admin_view', [...])
 6 SYSTEMPATH\CodeIgniter.php(933): App\Controllers\Admin->index()
 7 SYSTEMPATH\CodeIgniter.php(507): CodeIgniter\CodeIgniter->runController(Object(App\Controllers\Admin))
 8 SYSTEMPATH\CodeIgniter.php(354): CodeIgniter\CodeIgniter->handleRequest(null, Object(Config\Cache), false)
 9 SYSTEMPATH\Boot.php(363): CodeIgniter\CodeIgniter->run()
10 SYSTEMPATH\Boot.php(68): CodeIgniter\Boot::runCodeIgniter(Object(CodeIgniter\CodeIgniter))
11 FCPATH\index.php(59): CodeIgniter\Boot::bootWeb(Object(Config\Paths))
12 SYSTEMPATH\rewrite.php(44): require_once('C:\\xampp\\htdocs\\kasirpos\\public\\index.php')
DEBUG - 2026-04-28 16:37:31 --> Session: Class initialized using 'CodeIgniter\Session\Handlers\FileHandler' driver.
WARNING - 2026-04-28 16:37:32 --> [DEPRECATED] number_format(): Passing null to parameter #1 ($num) of type float is deprecated in APPPATH\Views\admin_view.php on line 326.
 1 APPPATH\Views\admin_view.php(326): number_format(null, 0, ',', '.')
 2 SYSTEMPATH\View\View.php(226): include('C:\\xampp\\htdocs\\kasirpos\\app\\Views\\admin_view.php')
 3 SYSTEMPATH\View\View.php(229): CodeIgniter\View\View->CodeIgniter\View\{closure}()
 4 SYSTEMPATH\Common.php(1167): CodeIgniter\View\View->render('admin_view', [], true)
 5 APPPATH\Controllers\Admin.php(76): view('admin_view', [...])
 6 SYSTEMPATH\CodeIgniter.php(933): App\Controllers\Admin->index()
 7 SYSTEMPATH\CodeIgniter.php(507): CodeIgniter\CodeIgniter->runController(Object(App\Controllers\Admin))
 8 SYSTEMPATH\CodeIgniter.php(354): CodeIgniter\CodeIgniter->handleRequest(null, Object(Config\Cache), false)
 9 SYSTEMPATH\Boot.php(363): CodeIgniter\CodeIgniter->run()
10 SYSTEMPATH\Boot.php(68): CodeIgniter\Boot::runCodeIgniter(Object(CodeIgniter\CodeIgniter))
11 FCPATH\index.php(59): CodeIgniter\Boot::bootWeb(Object(Config\Paths))
12 SYSTEMPATH\rewrite.php(44): require_once('C:\\xampp\\htdocs\\kasirpos\\public\\index.php')
WARNING - 2026-04-28 16:37:32 --> [DEPRECATED] number_format(): Passing null to parameter #1 ($num) of type float is deprecated in APPPATH\Views\admin_view.php on line 326.
 1 APPPATH\Views\admin_view.php(326): number_format(null, 0, ',', '.')
 2 SYSTEMPATH\View\View.php(226): include('C:\\xampp\\htdocs\\kasirpos\\app\\Views\\admin_view.php')
 3 SYSTEMPATH\View\View.php(229): CodeIgniter\View\View->CodeIgniter\View\{closure}()
 4 SYSTEMPATH\Common.php(1167): CodeIgniter\View\View->render('admin_view', [], true)
 5 APPPATH\Controllers\Admin.php(76): view('admin_view', [...])
 6 SYSTEMPATH\CodeIgniter.php(933): App\Controllers\Admin->index()
 7 SYSTEMPATH\CodeIgniter.php(507): CodeIgniter\CodeIgniter->runController(Object(App\Controllers\Admin))
 8 SYSTEMPATH\CodeIgniter.php(354): CodeIgniter\CodeIgniter->handleRequest(null, Object(Config\Cache), false)
 9 SYSTEMPATH\Boot.php(363): CodeIgniter\CodeIgniter->run()
10 SYSTEMPATH\Boot.php(68): CodeIgniter\Boot::runCodeIgniter(Object(CodeIgniter\CodeIgniter))
11 FCPATH\index.php(59): CodeIgniter\Boot::bootWeb(Object(Config\Paths))
12 SYSTEMPATH\rewrite.php(44): require_once('C:\\xampp\\htdocs\\kasirpos\\public\\index.php')
WARNING - 2026-04-28 16:37:32 --> [DEPRECATED] number_format(): Passing null to parameter #1 ($num) of type float is deprecated in APPPATH\Views\admin_view.php on line 326.
 1 APPPATH\Views\admin_view.php(326): number_format(null, 0, ',', '.')
 2 SYSTEMPATH\View\View.php(226): include('C:\\xampp\\htdocs\\kasirpos\\app\\Views\\admin_view.php')
 3 SYSTEMPATH\View\View.php(229): CodeIgniter\View\View->CodeIgniter\View\{closure}()
 4 SYSTEMPATH\Common.php(1167): CodeIgniter\View\View->render('admin_view', [], true)
 5 APPPATH\Controllers\Admin.php(76): view('admin_view', [...])
 6 SYSTEMPATH\CodeIgniter.php(933): App\Controllers\Admin->index()
 7 SYSTEMPATH\CodeIgniter.php(507): CodeIgniter\CodeIgniter->runController(Object(App\Controllers\Admin))
 8 SYSTEMPATH\CodeIgniter.php(354): CodeIgniter\CodeIgniter->handleRequest(null, Object(Config\Cache), false)
 9 SYSTEMPATH\Boot.php(363): CodeIgniter\CodeIgniter->run()
10 SYSTEMPATH\Boot.php(68): CodeIgniter\Boot::runCodeIgniter(Object(CodeIgniter\CodeIgniter))
11 FCPATH\index.php(59): CodeIgniter\Boot::bootWeb(Object(Config\Paths))
12 SYSTEMPATH\rewrite.php(44): require_once('C:\\xampp\\htdocs\\kasirpos\\public\\index.php')
DEBUG - 2026-04-28 16:37:32 --> Session: Class initialized using 'CodeIgniter\Session\Handlers\FileHandler' driver.
WARNING - 2026-04-28 16:37:38 --> [DEPRECATED] number_format(): Passing null to parameter #1 ($num) of type float is deprecated in APPPATH\Views\admin_view.php on line 326.
 1 APPPATH\Views\admin_view.php(326): number_format(null, 0, ',', '.')
 2 SYSTEMPATH\View\View.php(226): include('C:\\xampp\\htdocs\\kasirpos\\app\\Views\\admin_view.php')
 3 SYSTEMPATH\View\View.php(229): CodeIgniter\View\View->CodeIgniter\View\{closure}()
 4 SYSTEMPATH\Common.php(1167): CodeIgniter\View\View->render('admin_view', [], true)
 5 APPPATH\Controllers\Admin.php(76): view('admin_view', [...])
 6 SYSTEMPATH\CodeIgniter.php(933): App\Controllers\Admin->index()
 7 SYSTEMPATH\CodeIgniter.php(507): CodeIgniter\CodeIgniter->runController(Object(App\Controllers\Admin))
 8 SYSTEMPATH\CodeIgniter.php(354): CodeIgniter\CodeIgniter->handleRequest(null, Object(Config\Cache), false)
 9 SYSTEMPATH\Boot.php(363): CodeIgniter\CodeIgniter->run()
10 SYSTEMPATH\Boot.php(68): CodeIgniter\Boot::runCodeIgniter(Object(CodeIgniter\CodeIgniter))
11 FCPATH\index.php(59): CodeIgniter\Boot::bootWeb(Object(Config\Paths))
12 SYSTEMPATH\rewrite.php(44): require_once('C:\\xampp\\htdocs\\kasirpos\\public\\index.php')
WARNING - 2026-04-28 16:37:38 --> [DEPRECATED] number_format(): Passing null to parameter #1 ($num) of type float is deprecated in APPPATH\Views\admin_view.php on line 326.
 1 APPPATH\Views\admin_view.php(326): number_format(null, 0, ',', '.')
 2 SYSTEMPATH\View\View.php(226): include('C:\\xampp\\htdocs\\kasirpos\\app\\Views\\admin_view.php')
 3 SYSTEMPATH\View\View.php(229): CodeIgniter\View\View->CodeIgniter\View\{closure}()
 4 SYSTEMPATH\Common.php(1167): CodeIgniter\View\View->render('admin_view', [], true)
 5 APPPATH\Controllers\Admin.php(76): view('admin_view', [...])
 6 SYSTEMPATH\CodeIgniter.php(933): App\Controllers\Admin->index()
 7 SYSTEMPATH\CodeIgniter.php(507): CodeIgniter\CodeIgniter->runController(Object(App\Controllers\Admin))
 8 SYSTEMPATH\CodeIgniter.php(354): CodeIgniter\CodeIgniter->handleRequest(null, Object(Config\Cache), false)
 9 SYSTEMPATH\Boot.php(363): CodeIgniter\CodeIgniter->run()
10 SYSTEMPATH\Boot.php(68): CodeIgniter\Boot::runCodeIgniter(Object(CodeIgniter\CodeIgniter))
11 FCPATH\index.php(59): CodeIgniter\Boot::bootWeb(Object(Config\Paths))
12 SYSTEMPATH\rewrite.php(44): require_once('C:\\xampp\\htdocs\\kasirpos\\public\\index.php')
WARNING - 2026-04-28 16:37:38 --> [DEPRECATED] number_format(): Passing null to parameter #1 ($num) of type float is deprecated in APPPATH\Views\admin_view.php on line 326.
 1 APPPATH\Views\admin_view.php(326): number_format(null, 0, ',', '.')
 2 SYSTEMPATH\View\View.php(226): include('C:\\xampp\\htdocs\\kasirpos\\app\\Views\\admin_view.php')
 3 SYSTEMPATH\View\View.php(229): CodeIgniter\View\View->CodeIgniter\View\{closure}()
 4 SYSTEMPATH\Common.php(1167): CodeIgniter\View\View->render('admin_view', [], true)
 5 APPPATH\Controllers\Admin.php(76): view('admin_view', [...])
 6 SYSTEMPATH\CodeIgniter.php(933): App\Controllers\Admin->index()
 7 SYSTEMPATH\CodeIgniter.php(507): CodeIgniter\CodeIgniter->runController(Object(App\Controllers\Admin))
 8 SYSTEMPATH\CodeIgniter.php(354): CodeIgniter\CodeIgniter->handleRequest(null, Object(Config\Cache), false)
 9 SYSTEMPATH\Boot.php(363): CodeIgniter\CodeIgniter->run()
10 SYSTEMPATH\Boot.php(68): CodeIgniter\Boot::runCodeIgniter(Object(CodeIgniter\CodeIgniter))
11 FCPATH\index.php(59): CodeIgniter\Boot::bootWeb(Object(Config\Paths))
12 SYSTEMPATH\rewrite.php(44): require_once('C:\\xampp\\htdocs\\kasirpos\\public\\index.php')
DEBUG - 2026-04-28 16:37:38 --> Session: Class initialized using 'CodeIgniter\Session\Handlers\FileHandler' driver.
WARNING - 2026-04-28 16:38:05 --> [DEPRECATED] number_format(): Passing null to parameter #1 ($num) of type float is deprecated in APPPATH\Views\admin_view.php on line 326.
 1 APPPATH\Views\admin_view.php(326): number_format(null, 0, ',', '.')
 2 SYSTEMPATH\View\View.php(226): include('C:\\xampp\\htdocs\\kasirpos\\app\\Views\\admin_view.php')
 3 SYSTEMPATH\View\View.php(229): CodeIgniter\View\View->CodeIgniter\View\{closure}()
 4 SYSTEMPATH\Common.php(1167): CodeIgniter\View\View->render('admin_view', [], true)
 5 APPPATH\Controllers\Admin.php(76): view('admin_view', [...])
 6 SYSTEMPATH\CodeIgniter.php(933): App\Controllers\Admin->index()
 7 SYSTEMPATH\CodeIgniter.php(507): CodeIgniter\CodeIgniter->runController(Object(App\Controllers\Admin))
 8 SYSTEMPATH\CodeIgniter.php(354): CodeIgniter\CodeIgniter->handleRequest(null, Object(Config\Cache), false)
 9 SYSTEMPATH\Boot.php(363): CodeIgniter\CodeIgniter->run()
10 SYSTEMPATH\Boot.php(68): CodeIgniter\Boot::runCodeIgniter(Object(CodeIgniter\CodeIgniter))
11 FCPATH\index.php(59): CodeIgniter\Boot::bootWeb(Object(Config\Paths))
12 SYSTEMPATH\rewrite.php(44): require_once('C:\\xampp\\htdocs\\kasirpos\\public\\index.php')
WARNING - 2026-04-28 16:38:05 --> [DEPRECATED] number_format(): Passing null to parameter #1 ($num) of type float is deprecated in APPPATH\Views\admin_view.php on line 326.
 1 APPPATH\Views\admin_view.php(326): number_format(null, 0, ',', '.')
 2 SYSTEMPATH\View\View.php(226): include('C:\\xampp\\htdocs\\kasirpos\\app\\Views\\admin_view.php')
 3 SYSTEMPATH\View\View.php(229): CodeIgniter\View\View->CodeIgniter\View\{closure}()
 4 SYSTEMPATH\Common.php(1167): CodeIgniter\View\View->render('admin_view', [], true)
 5 APPPATH\Controllers\Admin.php(76): view('admin_view', [...])
 6 SYSTEMPATH\CodeIgniter.php(933): App\Controllers\Admin->index()
 7 SYSTEMPATH\CodeIgniter.php(507): CodeIgniter\CodeIgniter->runController(Object(App\Controllers\Admin))
 8 SYSTEMPATH\CodeIgniter.php(354): CodeIgniter\CodeIgniter->handleRequest(null, Object(Config\Cache), false)
 9 SYSTEMPATH\Boot.php(363): CodeIgniter\CodeIgniter->run()
10 SYSTEMPATH\Boot.php(68): CodeIgniter\Boot::runCodeIgniter(Object(CodeIgniter\CodeIgniter))
11 FCPATH\index.php(59): CodeIgniter\Boot::bootWeb(Object(Config\Paths))
12 SYSTEMPATH\rewrite.php(44): require_once('C:\\xampp\\htdocs\\kasirpos\\public\\index.php')
WARNING - 2026-04-28 16:38:05 --> [DEPRECATED] number_format(): Passing null to parameter #1 ($num) of type float is deprecated in APPPATH\Views\admin_view.php on line 326.
 1 APPPATH\Views\admin_view.php(326): number_format(null, 0, ',', '.')
 2 SYSTEMPATH\View\View.php(226): include('C:\\xampp\\htdocs\\kasirpos\\app\\Views\\admin_view.php')
 3 SYSTEMPATH\View\View.php(229): CodeIgniter\View\View->CodeIgniter\View\{closure}()
 4 SYSTEMPATH\Common.php(1167): CodeIgniter\View\View->render('admin_view', [], true)
 5 APPPATH\Controllers\Admin.php(76): view('admin_view', [...])
 6 SYSTEMPATH\CodeIgniter.php(933): App\Controllers\Admin->index()
 7 SYSTEMPATH\CodeIgniter.php(507): CodeIgniter\CodeIgniter->runController(Object(App\Controllers\Admin))
 8 SYSTEMPATH\CodeIgniter.php(354): CodeIgniter\CodeIgniter->handleRequest(null, Object(Config\Cache), false)
 9 SYSTEMPATH\Boot.php(363): CodeIgniter\CodeIgniter->run()
10 SYSTEMPATH\Boot.php(68): CodeIgniter\Boot::runCodeIgniter(Object(CodeIgniter\CodeIgniter))
11 FCPATH\index.php(59): CodeIgniter\Boot::bootWeb(Object(Config\Paths))
12 SYSTEMPATH\rewrite.php(44): require_once('C:\\xampp\\htdocs\\kasirpos\\public\\index.php')
DEBUG - 2026-04-28 16:38:05 --> Session: Class initialized using 'CodeIgniter\Session\Handlers\FileHandler' driver.
WARNING - 2026-04-28 16:38:17 --> [DEPRECATED] number_format(): Passing null to parameter #1 ($num) of type float is deprecated in APPPATH\Views\admin_view.php on line 326.
 1 APPPATH\Views\admin_view.php(326): number_format(null, 0, ',', '.')
 2 SYSTEMPATH\View\View.php(226): include('C:\\xampp\\htdocs\\kasirpos\\app\\Views\\admin_view.php')
 3 SYSTEMPATH\View\View.php(229): CodeIgniter\View\View->CodeIgniter\View\{closure}()
 4 SYSTEMPATH\Common.php(1167): CodeIgniter\View\View->render('admin_view', [], true)
 5 APPPATH\Controllers\Admin.php(76): view('admin_view', [...])
 6 SYSTEMPATH\CodeIgniter.php(933): App\Controllers\Admin->index()
 7 SYSTEMPATH\CodeIgniter.php(507): CodeIgniter\CodeIgniter->runController(Object(App\Controllers\Admin))
 8 SYSTEMPATH\CodeIgniter.php(354): CodeIgniter\CodeIgniter->handleRequest(null, Object(Config\Cache), false)
 9 SYSTEMPATH\Boot.php(363): CodeIgniter\CodeIgniter->run()
10 SYSTEMPATH\Boot.php(68): CodeIgniter\Boot::runCodeIgniter(Object(CodeIgniter\CodeIgniter))
11 FCPATH\index.php(59): CodeIgniter\Boot::bootWeb(Object(Config\Paths))
12 SYSTEMPATH\rewrite.php(44): require_once('C:\\xampp\\htdocs\\kasirpos\\public\\index.php')
WARNING - 2026-04-28 16:38:17 --> [DEPRECATED] number_format(): Passing null to parameter #1 ($num) of type float is deprecated in APPPATH\Views\admin_view.php on line 326.
 1 APPPATH\Views\admin_view.php(326): number_format(null, 0, ',', '.')
 2 SYSTEMPATH\View\View.php(226): include('C:\\xampp\\htdocs\\kasirpos\\app\\Views\\admin_view.php')
 3 SYSTEMPATH\View\View.php(229): CodeIgniter\View\View->CodeIgniter\View\{closure}()
 4 SYSTEMPATH\Common.php(1167): CodeIgniter\View\View->render('admin_view', [], true)
 5 APPPATH\Controllers\Admin.php(76): view('admin_view', [...])
 6 SYSTEMPATH\CodeIgniter.php(933): App\Controllers\Admin->index()
 7 SYSTEMPATH\CodeIgniter.php(507): CodeIgniter\CodeIgniter->runController(Object(App\Controllers\Admin))
 8 SYSTEMPATH\CodeIgniter.php(354): CodeIgniter\CodeIgniter->handleRequest(null, Object(Config\Cache), false)
 9 SYSTEMPATH\Boot.php(363): CodeIgniter\CodeIgniter->run()
10 SYSTEMPATH\Boot.php(68): CodeIgniter\Boot::runCodeIgniter(Object(CodeIgniter\CodeIgniter))
11 FCPATH\index.php(59): CodeIgniter\Boot::bootWeb(Object(Config\Paths))
12 SYSTEMPATH\rewrite.php(44): require_once('C:\\xampp\\htdocs\\kasirpos\\public\\index.php')
WARNING - 2026-04-28 16:38:17 --> [DEPRECATED] number_format(): Passing null to parameter #1 ($num) of type float is deprecated in APPPATH\Views\admin_view.php on line 326.
 1 APPPATH\Views\admin_view.php(326): number_format(null, 0, ',', '.')
 2 SYSTEMPATH\View\View.php(226): include('C:\\xampp\\htdocs\\kasirpos\\app\\Views\\admin_view.php')
 3 SYSTEMPATH\View\View.php(229): CodeIgniter\View\View->CodeIgniter\View\{closure}()
 4 SYSTEMPATH\Common.php(1167): CodeIgniter\View\View->render('admin_view', [], true)
 5 APPPATH\Controllers\Admin.php(76): view('admin_view', [...])
 6 SYSTEMPATH\CodeIgniter.php(933): App\Controllers\Admin->index()
 7 SYSTEMPATH\CodeIgniter.php(507): CodeIgniter\CodeIgniter->runController(Object(App\Controllers\Admin))
 8 SYSTEMPATH\CodeIgniter.php(354): CodeIgniter\CodeIgniter->handleRequest(null, Object(Config\Cache), false)
 9 SYSTEMPATH\Boot.php(363): CodeIgniter\CodeIgniter->run()
10 SYSTEMPATH\Boot.php(68): CodeIgniter\Boot::runCodeIgniter(Object(CodeIgniter\CodeIgniter))
11 FCPATH\index.php(59): CodeIgniter\Boot::bootWeb(Object(Config\Paths))
12 SYSTEMPATH\rewrite.php(44): require_once('C:\\xampp\\htdocs\\kasirpos\\public\\index.php')
DEBUG - 2026-04-28 16:38:17 --> Session: Class initialized using 'CodeIgniter\Session\Handlers\FileHandler' driver.
WARNING - 2026-04-28 16:40:31 --> [DEPRECATED] number_format(): Passing null to parameter #1 ($num) of type float is deprecated in APPPATH\Views\admin_view.php on line 255.
 1 APPPATH\Views\admin_view.php(255): number_format(null, 0, ',', '.')
 2 SYSTEMPATH\View\View.php(226): include('C:\\xampp\\htdocs\\kasirpos\\app\\Views\\admin_view.php')
 3 SYSTEMPATH\View\View.php(229): CodeIgniter\View\View->CodeIgniter\View\{closure}()
 4 SYSTEMPATH\Common.php(1167): CodeIgniter\View\View->render('admin_view', [], true)
 5 APPPATH\Controllers\Admin.php(76): view('admin_view', [...])
 6 SYSTEMPATH\CodeIgniter.php(933): App\Controllers\Admin->index()
 7 SYSTEMPATH\CodeIgniter.php(507): CodeIgniter\CodeIgniter->runController(Object(App\Controllers\Admin))
 8 SYSTEMPATH\CodeIgniter.php(354): CodeIgniter\CodeIgniter->handleRequest(null, Object(Config\Cache), false)
 9 SYSTEMPATH\Boot.php(363): CodeIgniter\CodeIgniter->run()
10 SYSTEMPATH\Boot.php(68): CodeIgniter\Boot::runCodeIgniter(Object(CodeIgniter\CodeIgniter))
11 FCPATH\index.php(59): CodeIgniter\Boot::bootWeb(Object(Config\Paths))
12 SYSTEMPATH\rewrite.php(44): require_once('C:\\xampp\\htdocs\\kasirpos\\public\\index.php')
WARNING - 2026-04-28 16:40:31 --> [DEPRECATED] number_format(): Passing null to parameter #1 ($num) of type float is deprecated in APPPATH\Views\admin_view.php on line 255.
 1 APPPATH\Views\admin_view.php(255): number_format(null, 0, ',', '.')
 2 SYSTEMPATH\View\View.php(226): include('C:\\xampp\\htdocs\\kasirpos\\app\\Views\\admin_view.php')
 3 SYSTEMPATH\View\View.php(229): CodeIgniter\View\View->CodeIgniter\View\{closure}()
 4 SYSTEMPATH\Common.php(1167): CodeIgniter\View\View->render('admin_view', [], true)
 5 APPPATH\Controllers\Admin.php(76): view('admin_view', [...])
 6 SYSTEMPATH\CodeIgniter.php(933): App\Controllers\Admin->index()
 7 SYSTEMPATH\CodeIgniter.php(507): CodeIgniter\CodeIgniter->runController(Object(App\Controllers\Admin))
 8 SYSTEMPATH\CodeIgniter.php(354): CodeIgniter\CodeIgniter->handleRequest(null, Object(Config\Cache), false)
 9 SYSTEMPATH\Boot.php(363): CodeIgniter\CodeIgniter->run()
10 SYSTEMPATH\Boot.php(68): CodeIgniter\Boot::runCodeIgniter(Object(CodeIgniter\CodeIgniter))
11 FCPATH\index.php(59): CodeIgniter\Boot::bootWeb(Object(Config\Paths))
12 SYSTEMPATH\rewrite.php(44): require_once('C:\\xampp\\htdocs\\kasirpos\\public\\index.php')
WARNING - 2026-04-28 16:40:31 --> [DEPRECATED] number_format(): Passing null to parameter #1 ($num) of type float is deprecated in APPPATH\Views\admin_view.php on line 255.
 1 APPPATH\Views\admin_view.php(255): number_format(null, 0, ',', '.')
 2 SYSTEMPATH\View\View.php(226): include('C:\\xampp\\htdocs\\kasirpos\\app\\Views\\admin_view.php')
 3 SYSTEMPATH\View\View.php(229): CodeIgniter\View\View->CodeIgniter\View\{closure}()
 4 SYSTEMPATH\Common.php(1167): CodeIgniter\View\View->render('admin_view', [], true)
 5 APPPATH\Controllers\Admin.php(76): view('admin_view', [...])
 6 SYSTEMPATH\CodeIgniter.php(933): App\Controllers\Admin->index()
 7 SYSTEMPATH\CodeIgniter.php(507): CodeIgniter\CodeIgniter->runController(Object(App\Controllers\Admin))
 8 SYSTEMPATH\CodeIgniter.php(354): CodeIgniter\CodeIgniter->handleRequest(null, Object(Config\Cache), false)
 9 SYSTEMPATH\Boot.php(363): CodeIgniter\CodeIgniter->run()
10 SYSTEMPATH\Boot.php(68): CodeIgniter\Boot::runCodeIgniter(Object(CodeIgniter\CodeIgniter))
11 FCPATH\index.php(59): CodeIgniter\Boot::bootWeb(Object(Config\Paths))
12 SYSTEMPATH\rewrite.php(44): require_once('C:\\xampp\\htdocs\\kasirpos\\public\\index.php')
DEBUG - 2026-04-28 16:40:31 --> Session: Class initialized using 'CodeIgniter\Session\Handlers\FileHandler' driver.
WARNING - 2026-04-28 16:40:34 --> [DEPRECATED] number_format(): Passing null to parameter #1 ($num) of type float is deprecated in APPPATH\Views\admin_view.php on line 255.
 1 APPPATH\Views\admin_view.php(255): number_format(null, 0, ',', '.')
 2 SYSTEMPATH\View\View.php(226): include('C:\\xampp\\htdocs\\kasirpos\\app\\Views\\admin_view.php')
 3 SYSTEMPATH\View\View.php(229): CodeIgniter\View\View->CodeIgniter\View\{closure}()
 4 SYSTEMPATH\Common.php(1167): CodeIgniter\View\View->render('admin_view', [], true)
 5 APPPATH\Controllers\Admin.php(76): view('admin_view', [...])
 6 SYSTEMPATH\CodeIgniter.php(933): App\Controllers\Admin->index()
 7 SYSTEMPATH\CodeIgniter.php(507): CodeIgniter\CodeIgniter->runController(Object(App\Controllers\Admin))
 8 SYSTEMPATH\CodeIgniter.php(354): CodeIgniter\CodeIgniter->handleRequest(null, Object(Config\Cache), false)
 9 SYSTEMPATH\Boot.php(363): CodeIgniter\CodeIgniter->run()
10 SYSTEMPATH\Boot.php(68): CodeIgniter\Boot::runCodeIgniter(Object(CodeIgniter\CodeIgniter))
11 FCPATH\index.php(59): CodeIgniter\Boot::bootWeb(Object(Config\Paths))
12 SYSTEMPATH\rewrite.php(44): require_once('C:\\xampp\\htdocs\\kasirpos\\public\\index.php')
WARNING - 2026-04-28 16:40:34 --> [DEPRECATED] number_format(): Passing null to parameter #1 ($num) of type float is deprecated in APPPATH\Views\admin_view.php on line 255.
 1 APPPATH\Views\admin_view.php(255): number_format(null, 0, ',', '.')
 2 SYSTEMPATH\View\View.php(226): include('C:\\xampp\\htdocs\\kasirpos\\app\\Views\\admin_view.php')
 3 SYSTEMPATH\View\View.php(229): CodeIgniter\View\View->CodeIgniter\View\{closure}()
 4 SYSTEMPATH\Common.php(1167): CodeIgniter\View\View->render('admin_view', [], true)
 5 APPPATH\Controllers\Admin.php(76): view('admin_view', [...])
 6 SYSTEMPATH\CodeIgniter.php(933): App\Controllers\Admin->index()
 7 SYSTEMPATH\CodeIgniter.php(507): CodeIgniter\CodeIgniter->runController(Object(App\Controllers\Admin))
 8 SYSTEMPATH\CodeIgniter.php(354): CodeIgniter\CodeIgniter->handleRequest(null, Object(Config\Cache), false)
 9 SYSTEMPATH\Boot.php(363): CodeIgniter\CodeIgniter->run()
10 SYSTEMPATH\Boot.php(68): CodeIgniter\Boot::runCodeIgniter(Object(CodeIgniter\CodeIgniter))
11 FCPATH\index.php(59): CodeIgniter\Boot::bootWeb(Object(Config\Paths))
12 SYSTEMPATH\rewrite.php(44): require_once('C:\\xampp\\htdocs\\kasirpos\\public\\index.php')
WARNING - 2026-04-28 16:40:34 --> [DEPRECATED] number_format(): Passing null to parameter #1 ($num) of type float is deprecated in APPPATH\Views\admin_view.php on line 255.
 1 APPPATH\Views\admin_view.php(255): number_format(null, 0, ',', '.')
 2 SYSTEMPATH\View\View.php(226): include('C:\\xampp\\htdocs\\kasirpos\\app\\Views\\admin_view.php')
 3 SYSTEMPATH\View\View.php(229): CodeIgniter\View\View->CodeIgniter\View\{closure}()
 4 SYSTEMPATH\Common.php(1167): CodeIgniter\View\View->render('admin_view', [], true)
 5 APPPATH\Controllers\Admin.php(76): view('admin_view', [...])
 6 SYSTEMPATH\CodeIgniter.php(933): App\Controllers\Admin->index()
 7 SYSTEMPATH\CodeIgniter.php(507): CodeIgniter\CodeIgniter->runController(Object(App\Controllers\Admin))
 8 SYSTEMPATH\CodeIgniter.php(354): CodeIgniter\CodeIgniter->handleRequest(null, Object(Config\Cache), false)
 9 SYSTEMPATH\Boot.php(363): CodeIgniter\CodeIgniter->run()
10 SYSTEMPATH\Boot.php(68): CodeIgniter\Boot::runCodeIgniter(Object(CodeIgniter\CodeIgniter))
11 FCPATH\index.php(59): CodeIgniter\Boot::bootWeb(Object(Config\Paths))
12 SYSTEMPATH\rewrite.php(44): require_once('C:\\xampp\\htdocs\\kasirpos\\public\\index.php')
DEBUG - 2026-04-28 16:40:34 --> Session: Class initialized using 'CodeIgniter\Session\Handlers\FileHandler' driver.
WARNING - 2026-04-28 16:40:35 --> [DEPRECATED] number_format(): Passing null to parameter #1 ($num) of type float is deprecated in APPPATH\Views\admin_view.php on line 255.
 1 APPPATH\Views\admin_view.php(255): number_format(null, 0, ',', '.')
 2 SYSTEMPATH\View\View.php(226): include('C:\\xampp\\htdocs\\kasirpos\\app\\Views\\admin_view.php')
 3 SYSTEMPATH\View\View.php(229): CodeIgniter\View\View->CodeIgniter\View\{closure}()
 4 SYSTEMPATH\Common.php(1167): CodeIgniter\View\View->render('admin_view', [], true)
 5 APPPATH\Controllers\Admin.php(76): view('admin_view', [...])
 6 SYSTEMPATH\CodeIgniter.php(933): App\Controllers\Admin->index()
 7 SYSTEMPATH\CodeIgniter.php(507): CodeIgniter\CodeIgniter->runController(Object(App\Controllers\Admin))
 8 SYSTEMPATH\CodeIgniter.php(354): CodeIgniter\CodeIgniter->handleRequest(null, Object(Config\Cache), false)
 9 SYSTEMPATH\Boot.php(363): CodeIgniter\CodeIgniter->run()
10 SYSTEMPATH\Boot.php(68): CodeIgniter\Boot::runCodeIgniter(Object(CodeIgniter\CodeIgniter))
11 FCPATH\index.php(59): CodeIgniter\Boot::bootWeb(Object(Config\Paths))
12 SYSTEMPATH\rewrite.php(44): require_once('C:\\xampp\\htdocs\\kasirpos\\public\\index.php')
WARNING - 2026-04-28 16:40:35 --> [DEPRECATED] number_format(): Passing null to parameter #1 ($num) of type float is deprecated in APPPATH\Views\admin_view.php on line 255.
 1 APPPATH\Views\admin_view.php(255): number_format(null, 0, ',', '.')
 2 SYSTEMPATH\View\View.php(226): include('C:\\xampp\\htdocs\\kasirpos\\app\\Views\\admin_view.php')
 3 SYSTEMPATH\View\View.php(229): CodeIgniter\View\View->CodeIgniter\View\{closure}()
 4 SYSTEMPATH\Common.php(1167): CodeIgniter\View\View->render('admin_view', [], true)
 5 APPPATH\Controllers\Admin.php(76): view('admin_view', [...])
 6 SYSTEMPATH\CodeIgniter.php(933): App\Controllers\Admin->index()
 7 SYSTEMPATH\CodeIgniter.php(507): CodeIgniter\CodeIgniter->runController(Object(App\Controllers\Admin))
 8 SYSTEMPATH\CodeIgniter.php(354): CodeIgniter\CodeIgniter->handleRequest(null, Object(Config\Cache), false)
 9 SYSTEMPATH\Boot.php(363): CodeIgniter\CodeIgniter->run()
10 SYSTEMPATH\Boot.php(68): CodeIgniter\Boot::runCodeIgniter(Object(CodeIgniter\CodeIgniter))
11 FCPATH\index.php(59): CodeIgniter\Boot::bootWeb(Object(Config\Paths))
12 SYSTEMPATH\rewrite.php(44): require_once('C:\\xampp\\htdocs\\kasirpos\\public\\index.php')
WARNING - 2026-04-28 16:40:35 --> [DEPRECATED] number_format(): Passing null to parameter #1 ($num) of type float is deprecated in APPPATH\Views\admin_view.php on line 255.
 1 APPPATH\Views\admin_view.php(255): number_format(null, 0, ',', '.')
 2 SYSTEMPATH\View\View.php(226): include('C:\\xampp\\htdocs\\kasirpos\\app\\Views\\admin_view.php')
 3 SYSTEMPATH\View\View.php(229): CodeIgniter\View\View->CodeIgniter\View\{closure}()
 4 SYSTEMPATH\Common.php(1167): CodeIgniter\View\View->render('admin_view', [], true)
 5 APPPATH\Controllers\Admin.php(76): view('admin_view', [...])
 6 SYSTEMPATH\CodeIgniter.php(933): App\Controllers\Admin->index()
 7 SYSTEMPATH\CodeIgniter.php(507): CodeIgniter\CodeIgniter->runController(Object(App\Controllers\Admin))
 8 SYSTEMPATH\CodeIgniter.php(354): CodeIgniter\CodeIgniter->handleRequest(null, Object(Config\Cache), false)
 9 SYSTEMPATH\Boot.php(363): CodeIgniter\CodeIgniter->run()
10 SYSTEMPATH\Boot.php(68): CodeIgniter\Boot::runCodeIgniter(Object(CodeIgniter\CodeIgniter))
11 FCPATH\index.php(59): CodeIgniter\Boot::bootWeb(Object(Config\Paths))
12 SYSTEMPATH\rewrite.php(44): require_once('C:\\xampp\\htdocs\\kasirpos\\public\\index.php')
DEBUG - 2026-04-28 16:40:35 --> Session: Class initialized using 'CodeIgniter\Session\Handlers\FileHandler' driver.
DEBUG - 2026-04-28 16:41:00 --> Session: Class initialized using 'CodeIgniter\Session\Handlers\FileHandler' driver.
WARNING - 2026-04-28 16:41:00 --> [DEPRECATED] number_format(): Passing null to parameter #1 ($num) of type float is deprecated in APPPATH\Views\admin_view.php on line 255.
 1 APPPATH\Views\admin_view.php(255): number_format(null, 0, ',', '.')
 2 SYSTEMPATH\View\View.php(226): include('C:\\xampp\\htdocs\\kasirpos\\app\\Views\\admin_view.php')
 3 SYSTEMPATH\View\View.php(229): CodeIgniter\View\View->CodeIgniter\View\{closure}()
 4 SYSTEMPATH\Common.php(1167): CodeIgniter\View\View->render('admin_view', [], true)
 5 APPPATH\Controllers\Admin.php(76): view('admin_view', [...])
 6 SYSTEMPATH\CodeIgniter.php(933): App\Controllers\Admin->index()
 7 SYSTEMPATH\CodeIgniter.php(507): CodeIgniter\CodeIgniter->runController(Object(App\Controllers\Admin))
 8 SYSTEMPATH\CodeIgniter.php(354): CodeIgniter\CodeIgniter->handleRequest(null, Object(Config\Cache), false)
 9 SYSTEMPATH\Boot.php(363): CodeIgniter\CodeIgniter->run()
10 SYSTEMPATH\Boot.php(68): CodeIgniter\Boot::runCodeIgniter(Object(CodeIgniter\CodeIgniter))
11 FCPATH\index.php(59): CodeIgniter\Boot::bootWeb(Object(Config\Paths))
12 SYSTEMPATH\rewrite.php(44): require_once('C:\\xampp\\htdocs\\kasirpos\\public\\index.php')
WARNING - 2026-04-28 16:41:00 --> [DEPRECATED] number_format(): Passing null to parameter #1 ($num) of type float is deprecated in APPPATH\Views\admin_view.php on line 255.
 1 APPPATH\Views\admin_view.php(255): number_format(null, 0, ',', '.')
 2 SYSTEMPATH\View\View.php(226): include('C:\\xampp\\htdocs\\kasirpos\\app\\Views\\admin_view.php')
 3 SYSTEMPATH\View\View.php(229): CodeIgniter\View\View->CodeIgniter\View\{closure}()
 4 SYSTEMPATH\Common.php(1167): CodeIgniter\View\View->render('admin_view', [], true)
 5 APPPATH\Controllers\Admin.php(76): view('admin_view', [...])
 6 SYSTEMPATH\CodeIgniter.php(933): App\Controllers\Admin->index()
 7 SYSTEMPATH\CodeIgniter.php(507): CodeIgniter\CodeIgniter->runController(Object(App\Controllers\Admin))
 8 SYSTEMPATH\CodeIgniter.php(354): CodeIgniter\CodeIgniter->handleRequest(null, Object(Config\Cache), false)
 9 SYSTEMPATH\Boot.php(363): CodeIgniter\CodeIgniter->run()
10 SYSTEMPATH\Boot.php(68): CodeIgniter\Boot::runCodeIgniter(Object(CodeIgniter\CodeIgniter))
11 FCPATH\index.php(59): CodeIgniter\Boot::bootWeb(Object(Config\Paths))
12 SYSTEMPATH\rewrite.php(44): require_once('C:\\xampp\\htdocs\\kasirpos\\public\\index.php')
WARNING - 2026-04-28 16:41:00 --> [DEPRECATED] number_format(): Passing null to parameter #1 ($num) of type float is deprecated in APPPATH\Views\admin_view.php on line 255.
 1 APPPATH\Views\admin_view.php(255): number_format(null, 0, ',', '.')
 2 SYSTEMPATH\View\View.php(226): include('C:\\xampp\\htdocs\\kasirpos\\app\\Views\\admin_view.php')
 3 SYSTEMPATH\View\View.php(229): CodeIgniter\View\View->CodeIgniter\View\{closure}()
 4 SYSTEMPATH\Common.php(1167): CodeIgniter\View\View->render('admin_view', [], true)
 5 APPPATH\Controllers\Admin.php(76): view('admin_view', [...])
 6 SYSTEMPATH\CodeIgniter.php(933): App\Controllers\Admin->index()
 7 SYSTEMPATH\CodeIgniter.php(507): CodeIgniter\CodeIgniter->runController(Object(App\Controllers\Admin))
 8 SYSTEMPATH\CodeIgniter.php(354): CodeIgniter\CodeIgniter->handleRequest(null, Object(Config\Cache), false)
 9 SYSTEMPATH\Boot.php(363): CodeIgniter\CodeIgniter->run()
10 SYSTEMPATH\Boot.php(68): CodeIgniter\Boot::runCodeIgniter(Object(CodeIgniter\CodeIgniter))
11 FCPATH\index.php(59): CodeIgniter\Boot::bootWeb(Object(Config\Paths))
12 SYSTEMPATH\rewrite.php(44): require_once('C:\\xampp\\htdocs\\kasirpos\\public\\index.php')
WARNING - 2026-04-28 16:41:00 --> [DEPRECATED] number_format(): Passing null to parameter #1 ($num) of type float is deprecated in APPPATH\Views\admin_view.php on line 255.
 1 APPPATH\Views\admin_view.php(255): number_format(null, 0, ',', '.')
 2 SYSTEMPATH\View\View.php(226): include('C:\\xampp\\htdocs\\kasirpos\\app\\Views\\admin_view.php')
 3 SYSTEMPATH\View\View.php(229): CodeIgniter\View\View->CodeIgniter\View\{closure}()
 4 SYSTEMPATH\Common.php(1167): CodeIgniter\View\View->render('admin_view', [], true)
 5 APPPATH\Controllers\Admin.php(76): view('admin_view', [...])
 6 SYSTEMPATH\CodeIgniter.php(933): App\Controllers\Admin->index()
 7 SYSTEMPATH\CodeIgniter.php(507): CodeIgniter\CodeIgniter->runController(Object(App\Controllers\Admin))
 8 SYSTEMPATH\CodeIgniter.php(354): CodeIgniter\CodeIgniter->handleRequest(null, Object(Config\Cache), false)
 9 SYSTEMPATH\Boot.php(363): CodeIgniter\CodeIgniter->run()
10 SYSTEMPATH\Boot.php(68): CodeIgniter\Boot::runCodeIgniter(Object(CodeIgniter\CodeIgniter))
11 FCPATH\index.php(59): CodeIgniter\Boot::bootWeb(Object(Config\Paths))
12 SYSTEMPATH\rewrite.php(44): require_once('C:\\xampp\\htdocs\\kasirpos\\public\\index.php')
DEBUG - 2026-04-28 16:41:00 --> Session: Class initialized using 'CodeIgniter\Session\Handlers\FileHandler' driver.
WARNING - 2026-04-28 16:41:37 --> [DEPRECATED] number_format(): Passing null to parameter #1 ($num) of type float is deprecated in APPPATH\Views\admin_view.php on line 255.
 1 APPPATH\Views\admin_view.php(255): number_format(null, 0, ',', '.')
 2 SYSTEMPATH\View\View.php(226): include('C:\\xampp\\htdocs\\kasirpos\\app\\Views\\admin_view.php')
 3 SYSTEMPATH\View\View.php(229): CodeIgniter\View\View->CodeIgniter\View\{closure}()
 4 SYSTEMPATH\Common.php(1167): CodeIgniter\View\View->render('admin_view', [], true)
 5 APPPATH\Controllers\Admin.php(76): view('admin_view', [...])
 6 SYSTEMPATH\CodeIgniter.php(933): App\Controllers\Admin->index()
 7 SYSTEMPATH\CodeIgniter.php(507): CodeIgniter\CodeIgniter->runController(Object(App\Controllers\Admin))
 8 SYSTEMPATH\CodeIgniter.php(354): CodeIgniter\CodeIgniter->handleRequest(null, Object(Config\Cache), false)
 9 SYSTEMPATH\Boot.php(363): CodeIgniter\CodeIgniter->run()
10 SYSTEMPATH\Boot.php(68): CodeIgniter\Boot::runCodeIgniter(Object(CodeIgniter\CodeIgniter))
11 FCPATH\index.php(59): CodeIgniter\Boot::bootWeb(Object(Config\Paths))
12 SYSTEMPATH\rewrite.php(44): require_once('C:\\xampp\\htdocs\\kasirpos\\public\\index.php')
WARNING - 2026-04-28 16:41:37 --> [DEPRECATED] number_format(): Passing null to parameter #1 ($num) of type float is deprecated in APPPATH\Views\admin_view.php on line 255.
 1 APPPATH\Views\admin_view.php(255): number_format(null, 0, ',', '.')
 2 SYSTEMPATH\View\View.php(226): include('C:\\xampp\\htdocs\\kasirpos\\app\\Views\\admin_view.php')
 3 SYSTEMPATH\View\View.php(229): CodeIgniter\View\View->CodeIgniter\View\{closure}()
 4 SYSTEMPATH\Common.php(1167): CodeIgniter\View\View->render('admin_view', [], true)
 5 APPPATH\Controllers\Admin.php(76): view('admin_view', [...])
 6 SYSTEMPATH\CodeIgniter.php(933): App\Controllers\Admin->index()
 7 SYSTEMPATH\CodeIgniter.php(507): CodeIgniter\CodeIgniter->runController(Object(App\Controllers\Admin))
 8 SYSTEMPATH\CodeIgniter.php(354): CodeIgniter\CodeIgniter->handleRequest(null, Object(Config\Cache), false)
 9 SYSTEMPATH\Boot.php(363): CodeIgniter\CodeIgniter->run()
10 SYSTEMPATH\Boot.php(68): CodeIgniter\Boot::runCodeIgniter(Object(CodeIgniter\CodeIgniter))
11 FCPATH\index.php(59): CodeIgniter\Boot::bootWeb(Object(Config\Paths))
12 SYSTEMPATH\rewrite.php(44): require_once('C:\\xampp\\htdocs\\kasirpos\\public\\index.php')
WARNING - 2026-04-28 16:41:37 --> [DEPRECATED] number_format(): Passing null to parameter #1 ($num) of type float is deprecated in APPPATH\Views\admin_view.php on line 255.
 1 APPPATH\Views\admin_view.php(255): number_format(null, 0, ',', '.')
 2 SYSTEMPATH\View\View.php(226): include('C:\\xampp\\htdocs\\kasirpos\\app\\Views\\admin_view.php')
 3 SYSTEMPATH\View\View.php(229): CodeIgniter\View\View->CodeIgniter\View\{closure}()
 4 SYSTEMPATH\Common.php(1167): CodeIgniter\View\View->render('admin_view', [], true)
 5 APPPATH\Controllers\Admin.php(76): view('admin_view', [...])
 6 SYSTEMPATH\CodeIgniter.php(933): App\Controllers\Admin->index()
 7 SYSTEMPATH\CodeIgniter.php(507): CodeIgniter\CodeIgniter->runController(Object(App\Controllers\Admin))
 8 SYSTEMPATH\CodeIgniter.php(354): CodeIgniter\CodeIgniter->handleRequest(null, Object(Config\Cache), false)
 9 SYSTEMPATH\Boot.php(363): CodeIgniter\CodeIgniter->run()
10 SYSTEMPATH\Boot.php(68): CodeIgniter\Boot::runCodeIgniter(Object(CodeIgniter\CodeIgniter))
11 FCPATH\index.php(59): CodeIgniter\Boot::bootWeb(Object(Config\Paths))
12 SYSTEMPATH\rewrite.php(44): require_once('C:\\xampp\\htdocs\\kasirpos\\public\\index.php')
WARNING - 2026-04-28 16:41:37 --> [DEPRECATED] number_format(): Passing null to parameter #1 ($num) of type float is deprecated in APPPATH\Views\admin_view.php on line 255.
 1 APPPATH\Views\admin_view.php(255): number_format(null, 0, ',', '.')
 2 SYSTEMPATH\View\View.php(226): include('C:\\xampp\\htdocs\\kasirpos\\app\\Views\\admin_view.php')
 3 SYSTEMPATH\View\View.php(229): CodeIgniter\View\View->CodeIgniter\View\{closure}()
 4 SYSTEMPATH\Common.php(1167): CodeIgniter\View\View->render('admin_view', [], true)
 5 APPPATH\Controllers\Admin.php(76): view('admin_view', [...])
 6 SYSTEMPATH\CodeIgniter.php(933): App\Controllers\Admin->index()
 7 SYSTEMPATH\CodeIgniter.php(507): CodeIgniter\CodeIgniter->runController(Object(App\Controllers\Admin))
 8 SYSTEMPATH\CodeIgniter.php(354): CodeIgniter\CodeIgniter->handleRequest(null, Object(Config\Cache), false)
 9 SYSTEMPATH\Boot.php(363): CodeIgniter\CodeIgniter->run()
10 SYSTEMPATH\Boot.php(68): CodeIgniter\Boot::runCodeIgniter(Object(CodeIgniter\CodeIgniter))
11 FCPATH\index.php(59): CodeIgniter\Boot::bootWeb(Object(Config\Paths))
12 SYSTEMPATH\rewrite.php(44): require_once('C:\\xampp\\htdocs\\kasirpos\\public\\index.php')
DEBUG - 2026-04-28 16:41:37 --> Session: Class initialized using 'CodeIgniter\Session\Handlers\FileHandler' driver.
WARNING - 2026-04-28 16:42:12 --> [DEPRECATED] number_format(): Passing null to parameter #1 ($num) of type float is deprecated in APPPATH\Views\admin_view.php on line 255.
 1 APPPATH\Views\admin_view.php(255): number_format(null, 0, ',', '.')
 2 SYSTEMPATH\View\View.php(226): include('C:\\xampp\\htdocs\\kasirpos\\app\\Views\\admin_view.php')
 3 SYSTEMPATH\View\View.php(229): CodeIgniter\View\View->CodeIgniter\View\{closure}()
 4 SYSTEMPATH\Common.php(1167): CodeIgniter\View\View->render('admin_view', [], true)
 5 APPPATH\Controllers\Admin.php(76): view('admin_view', [...])
 6 SYSTEMPATH\CodeIgniter.php(933): App\Controllers\Admin->index()
 7 SYSTEMPATH\CodeIgniter.php(507): CodeIgniter\CodeIgniter->runController(Object(App\Controllers\Admin))
 8 SYSTEMPATH\CodeIgniter.php(354): CodeIgniter\CodeIgniter->handleRequest(null, Object(Config\Cache), false)
 9 SYSTEMPATH\Boot.php(363): CodeIgniter\CodeIgniter->run()
10 SYSTEMPATH\Boot.php(68): CodeIgniter\Boot::runCodeIgniter(Object(CodeIgniter\CodeIgniter))
11 FCPATH\index.php(59): CodeIgniter\Boot::bootWeb(Object(Config\Paths))
12 SYSTEMPATH\rewrite.php(44): require_once('C:\\xampp\\htdocs\\kasirpos\\public\\index.php')
WARNING - 2026-04-28 16:42:12 --> [DEPRECATED] number_format(): Passing null to parameter #1 ($num) of type float is deprecated in APPPATH\Views\admin_view.php on line 255.
 1 APPPATH\Views\admin_view.php(255): number_format(null, 0, ',', '.')
 2 SYSTEMPATH\View\View.php(226): include('C:\\xampp\\htdocs\\kasirpos\\app\\Views\\admin_view.php')
 3 SYSTEMPATH\View\View.php(229): CodeIgniter\View\View->CodeIgniter\View\{closure}()
 4 SYSTEMPATH\Common.php(1167): CodeIgniter\View\View->render('admin_view', [], true)
 5 APPPATH\Controllers\Admin.php(76): view('admin_view', [...])
 6 SYSTEMPATH\CodeIgniter.php(933): App\Controllers\Admin->index()
 7 SYSTEMPATH\CodeIgniter.php(507): CodeIgniter\CodeIgniter->runController(Object(App\Controllers\Admin))
 8 SYSTEMPATH\CodeIgniter.php(354): CodeIgniter\CodeIgniter->handleRequest(null, Object(Config\Cache), false)
 9 SYSTEMPATH\Boot.php(363): CodeIgniter\CodeIgniter->run()
10 SYSTEMPATH\Boot.php(68): CodeIgniter\Boot::runCodeIgniter(Object(CodeIgniter\CodeIgniter))
11 FCPATH\index.php(59): CodeIgniter\Boot::bootWeb(Object(Config\Paths))
12 SYSTEMPATH\rewrite.php(44): require_once('C:\\xampp\\htdocs\\kasirpos\\public\\index.php')
WARNING - 2026-04-28 16:42:12 --> [DEPRECATED] number_format(): Passing null to parameter #1 ($num) of type float is deprecated in APPPATH\Views\admin_view.php on line 255.
 1 APPPATH\Views\admin_view.php(255): number_format(null, 0, ',', '.')
 2 SYSTEMPATH\View\View.php(226): include('C:\\xampp\\htdocs\\kasirpos\\app\\Views\\admin_view.php')
 3 SYSTEMPATH\View\View.php(229): CodeIgniter\View\View->CodeIgniter\View\{closure}()
 4 SYSTEMPATH\Common.php(1167): CodeIgniter\View\View->render('admin_view', [], true)
 5 APPPATH\Controllers\Admin.php(76): view('admin_view', [...])
 6 SYSTEMPATH\CodeIgniter.php(933): App\Controllers\Admin->index()
 7 SYSTEMPATH\CodeIgniter.php(507): CodeIgniter\CodeIgniter->runController(Object(App\Controllers\Admin))
 8 SYSTEMPATH\CodeIgniter.php(354): CodeIgniter\CodeIgniter->handleRequest(null, Object(Config\Cache), false)
 9 SYSTEMPATH\Boot.php(363): CodeIgniter\CodeIgniter->run()
10 SYSTEMPATH\Boot.php(68): CodeIgniter\Boot::runCodeIgniter(Object(CodeIgniter\CodeIgniter))
11 FCPATH\index.php(59): CodeIgniter\Boot::bootWeb(Object(Config\Paths))
12 SYSTEMPATH\rewrite.php(44): require_once('C:\\xampp\\htdocs\\kasirpos\\public\\index.php')
WARNING - 2026-04-28 16:42:12 --> [DEPRECATED] number_format(): Passing null to parameter #1 ($num) of type float is deprecated in APPPATH\Views\admin_view.php on line 255.
 1 APPPATH\Views\admin_view.php(255): number_format(null, 0, ',', '.')
 2 SYSTEMPATH\View\View.php(226): include('C:\\xampp\\htdocs\\kasirpos\\app\\Views\\admin_view.php')
 3 SYSTEMPATH\View\View.php(229): CodeIgniter\View\View->CodeIgniter\View\{closure}()
 4 SYSTEMPATH\Common.php(1167): CodeIgniter\View\View->render('admin_view', [], true)
 5 APPPATH\Controllers\Admin.php(76): view('admin_view', [...])
 6 SYSTEMPATH\CodeIgniter.php(933): App\Controllers\Admin->index()
 7 SYSTEMPATH\CodeIgniter.php(507): CodeIgniter\CodeIgniter->runController(Object(App\Controllers\Admin))
 8 SYSTEMPATH\CodeIgniter.php(354): CodeIgniter\CodeIgniter->handleRequest(null, Object(Config\Cache), false)
 9 SYSTEMPATH\Boot.php(363): CodeIgniter\CodeIgniter->run()
10 SYSTEMPATH\Boot.php(68): CodeIgniter\Boot::runCodeIgniter(Object(CodeIgniter\CodeIgniter))
11 FCPATH\index.php(59): CodeIgniter\Boot::bootWeb(Object(Config\Paths))
12 SYSTEMPATH\rewrite.php(44): require_once('C:\\xampp\\htdocs\\kasirpos\\public\\index.php')
DEBUG - 2026-04-28 16:42:12 --> Session: Class initialized using 'CodeIgniter\Session\Handlers\FileHandler' driver.
DEBUG - 2026-04-28 16:42:19 --> Session: Class initialized using 'CodeIgniter\Session\Handlers\FileHandler' driver.
WARNING - 2026-04-28 16:42:19 --> [DEPRECATED] number_format(): Passing null to parameter #1 ($num) of type float is deprecated in APPPATH\Views\admin_view.php on line 255.
 1 APPPATH\Views\admin_view.php(255): number_format(null, 0, ',', '.')
 2 SYSTEMPATH\View\View.php(226): include('C:\\xampp\\htdocs\\kasirpos\\app\\Views\\admin_view.php')
 3 SYSTEMPATH\View\View.php(229): CodeIgniter\View\View->CodeIgniter\View\{closure}()
 4 SYSTEMPATH\Common.php(1167): CodeIgniter\View\View->render('admin_view', [], true)
 5 APPPATH\Controllers\Admin.php(76): view('admin_view', [...])
 6 SYSTEMPATH\CodeIgniter.php(933): App\Controllers\Admin->index()
 7 SYSTEMPATH\CodeIgniter.php(507): CodeIgniter\CodeIgniter->runController(Object(App\Controllers\Admin))
 8 SYSTEMPATH\CodeIgniter.php(354): CodeIgniter\CodeIgniter->handleRequest(null, Object(Config\Cache), false)
 9 SYSTEMPATH\Boot.php(363): CodeIgniter\CodeIgniter->run()
10 SYSTEMPATH\Boot.php(68): CodeIgniter\Boot::runCodeIgniter(Object(CodeIgniter\CodeIgniter))
11 FCPATH\index.php(59): CodeIgniter\Boot::bootWeb(Object(Config\Paths))
12 SYSTEMPATH\rewrite.php(44): require_once('C:\\xampp\\htdocs\\kasirpos\\public\\index.php')
WARNING - 2026-04-28 16:42:19 --> [DEPRECATED] number_format(): Passing null to parameter #1 ($num) of type float is deprecated in APPPATH\Views\admin_view.php on line 255.
 1 APPPATH\Views\admin_view.php(255): number_format(null, 0, ',', '.')
 2 SYSTEMPATH\View\View.php(226): include('C:\\xampp\\htdocs\\kasirpos\\app\\Views\\admin_view.php')
 3 SYSTEMPATH\View\View.php(229): CodeIgniter\View\View->CodeIgniter\View\{closure}()
 4 SYSTEMPATH\Common.php(1167): CodeIgniter\View\View->render('admin_view', [], true)
 5 APPPATH\Controllers\Admin.php(76): view('admin_view', [...])
 6 SYSTEMPATH\CodeIgniter.php(933): App\Controllers\Admin->index()
 7 SYSTEMPATH\CodeIgniter.php(507): CodeIgniter\CodeIgniter->runController(Object(App\Controllers\Admin))
 8 SYSTEMPATH\CodeIgniter.php(354): CodeIgniter\CodeIgniter->handleRequest(null, Object(Config\Cache), false)
 9 SYSTEMPATH\Boot.php(363): CodeIgniter\CodeIgniter->run()
10 SYSTEMPATH\Boot.php(68): CodeIgniter\Boot::runCodeIgniter(Object(CodeIgniter\CodeIgniter))
11 FCPATH\index.php(59): CodeIgniter\Boot::bootWeb(Object(Config\Paths))
12 SYSTEMPATH\rewrite.php(44): require_once('C:\\xampp\\htdocs\\kasirpos\\public\\index.php')
WARNING - 2026-04-28 16:42:19 --> [DEPRECATED] number_format(): Passing null to parameter #1 ($num) of type float is deprecated in APPPATH\Views\admin_view.php on line 255.
 1 APPPATH\Views\admin_view.php(255): number_format(null, 0, ',', '.')
 2 SYSTEMPATH\View\View.php(226): include('C:\\xampp\\htdocs\\kasirpos\\app\\Views\\admin_view.php')
 3 SYSTEMPATH\View\View.php(229): CodeIgniter\View\View->CodeIgniter\View\{closure}()
 4 SYSTEMPATH\Common.php(1167): CodeIgniter\View\View->render('admin_view', [], true)
 5 APPPATH\Controllers\Admin.php(76): view('admin_view', [...])
 6 SYSTEMPATH\CodeIgniter.php(933): App\Controllers\Admin->index()
 7 SYSTEMPATH\CodeIgniter.php(507): CodeIgniter\CodeIgniter->runController(Object(App\Controllers\Admin))
 8 SYSTEMPATH\CodeIgniter.php(354): CodeIgniter\CodeIgniter->handleRequest(null, Object(Config\Cache), false)
 9 SYSTEMPATH\Boot.php(363): CodeIgniter\CodeIgniter->run()
10 SYSTEMPATH\Boot.php(68): CodeIgniter\Boot::runCodeIgniter(Object(CodeIgniter\CodeIgniter))
11 FCPATH\index.php(59): CodeIgniter\Boot::bootWeb(Object(Config\Paths))
12 SYSTEMPATH\rewrite.php(44): require_once('C:\\xampp\\htdocs\\kasirpos\\public\\index.php')
WARNING - 2026-04-28 16:42:19 --> [DEPRECATED] number_format(): Passing null to parameter #1 ($num) of type float is deprecated in APPPATH\Views\admin_view.php on line 255.
 1 APPPATH\Views\admin_view.php(255): number_format(null, 0, ',', '.')
 2 SYSTEMPATH\View\View.php(226): include('C:\\xampp\\htdocs\\kasirpos\\app\\Views\\admin_view.php')
 3 SYSTEMPATH\View\View.php(229): CodeIgniter\View\View->CodeIgniter\View\{closure}()
 4 SYSTEMPATH\Common.php(1167): CodeIgniter\View\View->render('admin_view', [], true)
 5 APPPATH\Controllers\Admin.php(76): view('admin_view', [...])
 6 SYSTEMPATH\CodeIgniter.php(933): App\Controllers\Admin->index()
 7 SYSTEMPATH\CodeIgniter.php(507): CodeIgniter\CodeIgniter->runController(Object(App\Controllers\Admin))
 8 SYSTEMPATH\CodeIgniter.php(354): CodeIgniter\CodeIgniter->handleRequest(null, Object(Config\Cache), false)
 9 SYSTEMPATH\Boot.php(363): CodeIgniter\CodeIgniter->run()
10 SYSTEMPATH\Boot.php(68): CodeIgniter\Boot::runCodeIgniter(Object(CodeIgniter\CodeIgniter))
11 FCPATH\index.php(59): CodeIgniter\Boot::bootWeb(Object(Config\Paths))
12 SYSTEMPATH\rewrite.php(44): require_once('C:\\xampp\\htdocs\\kasirpos\\public\\index.php')
DEBUG - 2026-04-28 16:42:19 --> Session: Class initialized using 'CodeIgniter\Session\Handlers\FileHandler' driver.
WARNING - 2026-04-28 16:43:55 --> [DEPRECATED] number_format(): Passing null to parameter #1 ($num) of type float is deprecated in APPPATH\Views\admin_view.php on line 256.
 1 APPPATH\Views\admin_view.php(256): number_format(null, 0, ',', '.')
 2 SYSTEMPATH\View\View.php(226): include('C:\\xampp\\htdocs\\kasirpos\\app\\Views\\admin_view.php')
 3 SYSTEMPATH\View\View.php(229): CodeIgniter\View\View->CodeIgniter\View\{closure}()
 4 SYSTEMPATH\Common.php(1167): CodeIgniter\View\View->render('admin_view', [], true)
 5 APPPATH\Controllers\Admin.php(76): view('admin_view', [...])
 6 SYSTEMPATH\CodeIgniter.php(933): App\Controllers\Admin->index()
 7 SYSTEMPATH\CodeIgniter.php(507): CodeIgniter\CodeIgniter->runController(Object(App\Controllers\Admin))
 8 SYSTEMPATH\CodeIgniter.php(354): CodeIgniter\CodeIgniter->handleRequest(null, Object(Config\Cache), false)
 9 SYSTEMPATH\Boot.php(363): CodeIgniter\CodeIgniter->run()
10 SYSTEMPATH\Boot.php(68): CodeIgniter\Boot::runCodeIgniter(Object(CodeIgniter\CodeIgniter))
11 FCPATH\index.php(59): CodeIgniter\Boot::bootWeb(Object(Config\Paths))
12 SYSTEMPATH\rewrite.php(44): require_once('C:\\xampp\\htdocs\\kasirpos\\public\\index.php')
WARNING - 2026-04-28 16:43:55 --> [DEPRECATED] number_format(): Passing null to parameter #1 ($num) of type float is deprecated in APPPATH\Views\admin_view.php on line 256.
 1 APPPATH\Views\admin_view.php(256): number_format(null, 0, ',', '.')
 2 SYSTEMPATH\View\View.php(226): include('C:\\xampp\\htdocs\\kasirpos\\app\\Views\\admin_view.php')
 3 SYSTEMPATH\View\View.php(229): CodeIgniter\View\View->CodeIgniter\View\{closure}()
 4 SYSTEMPATH\Common.php(1167): CodeIgniter\View\View->render('admin_view', [], true)
 5 APPPATH\Controllers\Admin.php(76): view('admin_view', [...])
 6 SYSTEMPATH\CodeIgniter.php(933): App\Controllers\Admin->index()
 7 SYSTEMPATH\CodeIgniter.php(507): CodeIgniter\CodeIgniter->runController(Object(App\Controllers\Admin))
 8 SYSTEMPATH\CodeIgniter.php(354): CodeIgniter\CodeIgniter->handleRequest(null, Object(Config\Cache), false)
 9 SYSTEMPATH\Boot.php(363): CodeIgniter\CodeIgniter->run()
10 SYSTEMPATH\Boot.php(68): CodeIgniter\Boot::runCodeIgniter(Object(CodeIgniter\CodeIgniter))
11 FCPATH\index.php(59): CodeIgniter\Boot::bootWeb(Object(Config\Paths))
12 SYSTEMPATH\rewrite.php(44): require_once('C:\\xampp\\htdocs\\kasirpos\\public\\index.php')
WARNING - 2026-04-28 16:43:55 --> [DEPRECATED] number_format(): Passing null to parameter #1 ($num) of type float is deprecated in APPPATH\Views\admin_view.php on line 256.
 1 APPPATH\Views\admin_view.php(256): number_format(null, 0, ',', '.')
 2 SYSTEMPATH\View\View.php(226): include('C:\\xampp\\htdocs\\kasirpos\\app\\Views\\admin_view.php')
 3 SYSTEMPATH\View\View.php(229): CodeIgniter\View\View->CodeIgniter\View\{closure}()
 4 SYSTEMPATH\Common.php(1167): CodeIgniter\View\View->render('admin_view', [], true)
 5 APPPATH\Controllers\Admin.php(76): view('admin_view', [...])
 6 SYSTEMPATH\CodeIgniter.php(933): App\Controllers\Admin->index()
 7 SYSTEMPATH\CodeIgniter.php(507): CodeIgniter\CodeIgniter->runController(Object(App\Controllers\Admin))
 8 SYSTEMPATH\CodeIgniter.php(354): CodeIgniter\CodeIgniter->handleRequest(null, Object(Config\Cache), false)
 9 SYSTEMPATH\Boot.php(363): CodeIgniter\CodeIgniter->run()
10 SYSTEMPATH\Boot.php(68): CodeIgniter\Boot::runCodeIgniter(Object(CodeIgniter\CodeIgniter))
11 FCPATH\index.php(59): CodeIgniter\Boot::bootWeb(Object(Config\Paths))
12 SYSTEMPATH\rewrite.php(44): require_once('C:\\xampp\\htdocs\\kasirpos\\public\\index.php')
WARNING - 2026-04-28 16:43:55 --> [DEPRECATED] number_format(): Passing null to parameter #1 ($num) of type float is deprecated in APPPATH\Views\admin_view.php on line 256.
 1 APPPATH\Views\admin_view.php(256): number_format(null, 0, ',', '.')
 2 SYSTEMPATH\View\View.php(226): include('C:\\xampp\\htdocs\\kasirpos\\app\\Views\\admin_view.php')
 3 SYSTEMPATH\View\View.php(229): CodeIgniter\View\View->CodeIgniter\View\{closure}()
 4 SYSTEMPATH\Common.php(1167): CodeIgniter\View\View->render('admin_view', [], true)
 5 APPPATH\Controllers\Admin.php(76): view('admin_view', [...])
 6 SYSTEMPATH\CodeIgniter.php(933): App\Controllers\Admin->index()
 7 SYSTEMPATH\CodeIgniter.php(507): CodeIgniter\CodeIgniter->runController(Object(App\Controllers\Admin))
 8 SYSTEMPATH\CodeIgniter.php(354): CodeIgniter\CodeIgniter->handleRequest(null, Object(Config\Cache), false)
 9 SYSTEMPATH\Boot.php(363): CodeIgniter\CodeIgniter->run()
10 SYSTEMPATH\Boot.php(68): CodeIgniter\Boot::runCodeIgniter(Object(CodeIgniter\CodeIgniter))
11 FCPATH\index.php(59): CodeIgniter\Boot::bootWeb(Object(Config\Paths))
12 SYSTEMPATH\rewrite.php(44): require_once('C:\\xampp\\htdocs\\kasirpos\\public\\index.php')
DEBUG - 2026-04-28 16:43:55 --> Session: Class initialized using 'CodeIgniter\Session\Handlers\FileHandler' driver.
WARNING - 2026-04-28 16:44:58 --> [DEPRECATED] number_format(): Passing null to parameter #1 ($num) of type float is deprecated in APPPATH\Views\admin_view.php on line 256.
 1 APPPATH\Views\admin_view.php(256): number_format(null, 0, ',', '.')
 2 SYSTEMPATH\View\View.php(226): include('C:\\xampp\\htdocs\\kasirpos\\app\\Views\\admin_view.php')
 3 SYSTEMPATH\View\View.php(229): CodeIgniter\View\View->CodeIgniter\View\{closure}()
 4 SYSTEMPATH\Common.php(1167): CodeIgniter\View\View->render('admin_view', [], true)
 5 APPPATH\Controllers\Admin.php(76): view('admin_view', [...])
 6 SYSTEMPATH\CodeIgniter.php(933): App\Controllers\Admin->index()
 7 SYSTEMPATH\CodeIgniter.php(507): CodeIgniter\CodeIgniter->runController(Object(App\Controllers\Admin))
 8 SYSTEMPATH\CodeIgniter.php(354): CodeIgniter\CodeIgniter->handleRequest(null, Object(Config\Cache), false)
 9 SYSTEMPATH\Boot.php(363): CodeIgniter\CodeIgniter->run()
10 SYSTEMPATH\Boot.php(68): CodeIgniter\Boot::runCodeIgniter(Object(CodeIgniter\CodeIgniter))
11 FCPATH\index.php(59): CodeIgniter\Boot::bootWeb(Object(Config\Paths))
12 SYSTEMPATH\rewrite.php(44): require_once('C:\\xampp\\htdocs\\kasirpos\\public\\index.php')
WARNING - 2026-04-28 16:44:58 --> [DEPRECATED] number_format(): Passing null to parameter #1 ($num) of type float is deprecated in APPPATH\Views\admin_view.php on line 256.
 1 APPPATH\Views\admin_view.php(256): number_format(null, 0, ',', '.')
 2 SYSTEMPATH\View\View.php(226): include('C:\\xampp\\htdocs\\kasirpos\\app\\Views\\admin_view.php')
 3 SYSTEMPATH\View\View.php(229): CodeIgniter\View\View->CodeIgniter\View\{closure}()
 4 SYSTEMPATH\Common.php(1167): CodeIgniter\View\View->render('admin_view', [], true)
 5 APPPATH\Controllers\Admin.php(76): view('admin_view', [...])
 6 SYSTEMPATH\CodeIgniter.php(933): App\Controllers\Admin->index()
 7 SYSTEMPATH\CodeIgniter.php(507): CodeIgniter\CodeIgniter->runController(Object(App\Controllers\Admin))
 8 SYSTEMPATH\CodeIgniter.php(354): CodeIgniter\CodeIgniter->handleRequest(null, Object(Config\Cache), false)
 9 SYSTEMPATH\Boot.php(363): CodeIgniter\CodeIgniter->run()
10 SYSTEMPATH\Boot.php(68): CodeIgniter\Boot::runCodeIgniter(Object(CodeIgniter\CodeIgniter))
11 FCPATH\index.php(59): CodeIgniter\Boot::bootWeb(Object(Config\Paths))
12 SYSTEMPATH\rewrite.php(44): require_once('C:\\xampp\\htdocs\\kasirpos\\public\\index.php')
WARNING - 2026-04-28 16:44:58 --> [DEPRECATED] number_format(): Passing null to parameter #1 ($num) of type float is deprecated in APPPATH\Views\admin_view.php on line 256.
 1 APPPATH\Views\admin_view.php(256): number_format(null, 0, ',', '.')
 2 SYSTEMPATH\View\View.php(226): include('C:\\xampp\\htdocs\\kasirpos\\app\\Views\\admin_view.php')
 3 SYSTEMPATH\View\View.php(229): CodeIgniter\View\View->CodeIgniter\View\{closure}()
 4 SYSTEMPATH\Common.php(1167): CodeIgniter\View\View->render('admin_view', [], true)
 5 APPPATH\Controllers\Admin.php(76): view('admin_view', [...])
 6 SYSTEMPATH\CodeIgniter.php(933): App\Controllers\Admin->index()
 7 SYSTEMPATH\CodeIgniter.php(507): CodeIgniter\CodeIgniter->runController(Object(App\Controllers\Admin))
 8 SYSTEMPATH\CodeIgniter.php(354): CodeIgniter\CodeIgniter->handleRequest(null, Object(Config\Cache), false)
 9 SYSTEMPATH\Boot.php(363): CodeIgniter\CodeIgniter->run()
10 SYSTEMPATH\Boot.php(68): CodeIgniter\Boot::runCodeIgniter(Object(CodeIgniter\CodeIgniter))
11 FCPATH\index.php(59): CodeIgniter\Boot::bootWeb(Object(Config\Paths))
12 SYSTEMPATH\rewrite.php(44): require_once('C:\\xampp\\htdocs\\kasirpos\\public\\index.php')
WARNING - 2026-04-28 16:44:58 --> [DEPRECATED] number_format(): Passing null to parameter #1 ($num) of type float is deprecated in APPPATH\Views\admin_view.php on line 256.
 1 APPPATH\Views\admin_view.php(256): number_format(null, 0, ',', '.')
 2 SYSTEMPATH\View\View.php(226): include('C:\\xampp\\htdocs\\kasirpos\\app\\Views\\admin_view.php')
 3 SYSTEMPATH\View\View.php(229): CodeIgniter\View\View->CodeIgniter\View\{closure}()
 4 SYSTEMPATH\Common.php(1167): CodeIgniter\View\View->render('admin_view', [], true)
 5 APPPATH\Controllers\Admin.php(76): view('admin_view', [...])
 6 SYSTEMPATH\CodeIgniter.php(933): App\Controllers\Admin->index()
 7 SYSTEMPATH\CodeIgniter.php(507): CodeIgniter\CodeIgniter->runController(Object(App\Controllers\Admin))
 8 SYSTEMPATH\CodeIgniter.php(354): CodeIgniter\CodeIgniter->handleRequest(null, Object(Config\Cache), false)
 9 SYSTEMPATH\Boot.php(363): CodeIgniter\CodeIgniter->run()
10 SYSTEMPATH\Boot.php(68): CodeIgniter\Boot::runCodeIgniter(Object(CodeIgniter\CodeIgniter))
11 FCPATH\index.php(59): CodeIgniter\Boot::bootWeb(Object(Config\Paths))
12 SYSTEMPATH\rewrite.php(44): require_once('C:\\xampp\\htdocs\\kasirpos\\public\\index.php')
DEBUG - 2026-04-28 16:44:58 --> Session: Class initialized using 'CodeIgniter\Session\Handlers\FileHandler' driver.
DEBUG - 2026-04-28 16:50:12 --> Session: Class initialized using 'CodeIgniter\Session\Handlers\FileHandler' driver.
WARNING - 2026-04-28 16:50:12 --> [DEPRECATED] number_format(): Passing null to parameter #1 ($num) of type float is deprecated in APPPATH\Views\admin_view.php on line 256.
 1 APPPATH\Views\admin_view.php(256): number_format(null, 0, ',', '.')
 2 SYSTEMPATH\View\View.php(226): include('C:\\xampp\\htdocs\\kasirpos\\app\\Views\\admin_view.php')
 3 SYSTEMPATH\View\View.php(229): CodeIgniter\View\View->CodeIgniter\View\{closure}()
 4 SYSTEMPATH\Common.php(1167): CodeIgniter\View\View->render('admin_view', [], true)
 5 APPPATH\Controllers\Admin.php(76): view('admin_view', [...])
 6 SYSTEMPATH\CodeIgniter.php(933): App\Controllers\Admin->index()
 7 SYSTEMPATH\CodeIgniter.php(507): CodeIgniter\CodeIgniter->runController(Object(App\Controllers\Admin))
 8 SYSTEMPATH\CodeIgniter.php(354): CodeIgniter\CodeIgniter->handleRequest(null, Object(Config\Cache), false)
 9 SYSTEMPATH\Boot.php(363): CodeIgniter\CodeIgniter->run()
10 SYSTEMPATH\Boot.php(68): CodeIgniter\Boot::runCodeIgniter(Object(CodeIgniter\CodeIgniter))
11 FCPATH\index.php(59): CodeIgniter\Boot::bootWeb(Object(Config\Paths))
12 SYSTEMPATH\rewrite.php(44): require_once('C:\\xampp\\htdocs\\kasirpos\\public\\index.php')
WARNING - 2026-04-28 16:50:12 --> [DEPRECATED] number_format(): Passing null to parameter #1 ($num) of type float is deprecated in APPPATH\Views\admin_view.php on line 256.
 1 APPPATH\Views\admin_view.php(256): number_format(null, 0, ',', '.')
 2 SYSTEMPATH\View\View.php(226): include('C:\\xampp\\htdocs\\kasirpos\\app\\Views\\admin_view.php')
 3 SYSTEMPATH\View\View.php(229): CodeIgniter\View\View->CodeIgniter\View\{closure}()
 4 SYSTEMPATH\Common.php(1167): CodeIgniter\View\View->render('admin_view', [], true)
 5 APPPATH\Controllers\Admin.php(76): view('admin_view', [...])
 6 SYSTEMPATH\CodeIgniter.php(933): App\Controllers\Admin->index()
 7 SYSTEMPATH\CodeIgniter.php(507): CodeIgniter\CodeIgniter->runController(Object(App\Controllers\Admin))
 8 SYSTEMPATH\CodeIgniter.php(354): CodeIgniter\CodeIgniter->handleRequest(null, Object(Config\Cache), false)
 9 SYSTEMPATH\Boot.php(363): CodeIgniter\CodeIgniter->run()
10 SYSTEMPATH\Boot.php(68): CodeIgniter\Boot::runCodeIgniter(Object(CodeIgniter\CodeIgniter))
11 FCPATH\index.php(59): CodeIgniter\Boot::bootWeb(Object(Config\Paths))
12 SYSTEMPATH\rewrite.php(44): require_once('C:\\xampp\\htdocs\\kasirpos\\public\\index.php')
WARNING - 2026-04-28 16:50:12 --> [DEPRECATED] number_format(): Passing null to parameter #1 ($num) of type float is deprecated in APPPATH\Views\admin_view.php on line 256.
 1 APPPATH\Views\admin_view.php(256): number_format(null, 0, ',', '.')
 2 SYSTEMPATH\View\View.php(226): include('C:\\xampp\\htdocs\\kasirpos\\app\\Views\\admin_view.php')
 3 SYSTEMPATH\View\View.php(229): CodeIgniter\View\View->CodeIgniter\View\{closure}()
 4 SYSTEMPATH\Common.php(1167): CodeIgniter\View\View->render('admin_view', [], true)
 5 APPPATH\Controllers\Admin.php(76): view('admin_view', [...])
 6 SYSTEMPATH\CodeIgniter.php(933): App\Controllers\Admin->index()
 7 SYSTEMPATH\CodeIgniter.php(507): CodeIgniter\CodeIgniter->runController(Object(App\Controllers\Admin))
 8 SYSTEMPATH\CodeIgniter.php(354): CodeIgniter\CodeIgniter->handleRequest(null, Object(Config\Cache), false)
 9 SYSTEMPATH\Boot.php(363): CodeIgniter\CodeIgniter->run()
10 SYSTEMPATH\Boot.php(68): CodeIgniter\Boot::runCodeIgniter(Object(CodeIgniter\CodeIgniter))
11 FCPATH\index.php(59): CodeIgniter\Boot::bootWeb(Object(Config\Paths))
12 SYSTEMPATH\rewrite.php(44): require_once('C:\\xampp\\htdocs\\kasirpos\\public\\index.php')
WARNING - 2026-04-28 16:50:12 --> [DEPRECATED] number_format(): Passing null to parameter #1 ($num) of type float is deprecated in APPPATH\Views\admin_view.php on line 256.
 1 APPPATH\Views\admin_view.php(256): number_format(null, 0, ',', '.')
 2 SYSTEMPATH\View\View.php(226): include('C:\\xampp\\htdocs\\kasirpos\\app\\Views\\admin_view.php')
 3 SYSTEMPATH\View\View.php(229): CodeIgniter\View\View->CodeIgniter\View\{closure}()
 4 SYSTEMPATH\Common.php(1167): CodeIgniter\View\View->render('admin_view', [], true)
 5 APPPATH\Controllers\Admin.php(76): view('admin_view', [...])
 6 SYSTEMPATH\CodeIgniter.php(933): App\Controllers\Admin->index()
 7 SYSTEMPATH\CodeIgniter.php(507): CodeIgniter\CodeIgniter->runController(Object(App\Controllers\Admin))
 8 SYSTEMPATH\CodeIgniter.php(354): CodeIgniter\CodeIgniter->handleRequest(null, Object(Config\Cache), false)
 9 SYSTEMPATH\Boot.php(363): CodeIgniter\CodeIgniter->run()
10 SYSTEMPATH\Boot.php(68): CodeIgniter\Boot::runCodeIgniter(Object(CodeIgniter\CodeIgniter))
11 FCPATH\index.php(59): CodeIgniter\Boot::bootWeb(Object(Config\Paths))
12 SYSTEMPATH\rewrite.php(44): require_once('C:\\xampp\\htdocs\\kasirpos\\public\\index.php')
DEBUG - 2026-04-28 16:50:12 --> Session: Class initialized using 'CodeIgniter\Session\Handlers\FileHandler' driver.
WARNING - 2026-04-28 16:50:22 --> [DEPRECATED] number_format(): Passing null to parameter #1 ($num) of type float is deprecated in APPPATH\Views\admin_view.php on line 256.
 1 APPPATH\Views\admin_view.php(256): number_format(null, 0, ',', '.')
 2 SYSTEMPATH\View\View.php(226): include('C:\\xampp\\htdocs\\kasirpos\\app\\Views\\admin_view.php')
 3 SYSTEMPATH\View\View.php(229): CodeIgniter\View\View->CodeIgniter\View\{closure}()
 4 SYSTEMPATH\Common.php(1167): CodeIgniter\View\View->render('admin_view', [], true)
 5 APPPATH\Controllers\Admin.php(76): view('admin_view', [...])
 6 SYSTEMPATH\CodeIgniter.php(933): App\Controllers\Admin->index()
 7 SYSTEMPATH\CodeIgniter.php(507): CodeIgniter\CodeIgniter->runController(Object(App\Controllers\Admin))
 8 SYSTEMPATH\CodeIgniter.php(354): CodeIgniter\CodeIgniter->handleRequest(null, Object(Config\Cache), false)
 9 SYSTEMPATH\Boot.php(363): CodeIgniter\CodeIgniter->run()
10 SYSTEMPATH\Boot.php(68): CodeIgniter\Boot::runCodeIgniter(Object(CodeIgniter\CodeIgniter))
11 FCPATH\index.php(59): CodeIgniter\Boot::bootWeb(Object(Config\Paths))
12 SYSTEMPATH\rewrite.php(44): require_once('C:\\xampp\\htdocs\\kasirpos\\public\\index.php')
WARNING - 2026-04-28 16:50:22 --> [DEPRECATED] number_format(): Passing null to parameter #1 ($num) of type float is deprecated in APPPATH\Views\admin_view.php on line 256.
 1 APPPATH\Views\admin_view.php(256): number_format(null, 0, ',', '.')
 2 SYSTEMPATH\View\View.php(226): include('C:\\xampp\\htdocs\\kasirpos\\app\\Views\\admin_view.php')
 3 SYSTEMPATH\View\View.php(229): CodeIgniter\View\View->CodeIgniter\View\{closure}()
 4 SYSTEMPATH\Common.php(1167): CodeIgniter\View\View->render('admin_view', [], true)
 5 APPPATH\Controllers\Admin.php(76): view('admin_view', [...])
 6 SYSTEMPATH\CodeIgniter.php(933): App\Controllers\Admin->index()
 7 SYSTEMPATH\CodeIgniter.php(507): CodeIgniter\CodeIgniter->runController(Object(App\Controllers\Admin))
 8 SYSTEMPATH\CodeIgniter.php(354): CodeIgniter\CodeIgniter->handleRequest(null, Object(Config\Cache), false)
 9 SYSTEMPATH\Boot.php(363): CodeIgniter\CodeIgniter->run()
10 SYSTEMPATH\Boot.php(68): CodeIgniter\Boot::runCodeIgniter(Object(CodeIgniter\CodeIgniter))
11 FCPATH\index.php(59): CodeIgniter\Boot::bootWeb(Object(Config\Paths))
12 SYSTEMPATH\rewrite.php(44): require_once('C:\\xampp\\htdocs\\kasirpos\\public\\index.php')
WARNING - 2026-04-28 16:50:22 --> [DEPRECATED] number_format(): Passing null to parameter #1 ($num) of type float is deprecated in APPPATH\Views\admin_view.php on line 256.
 1 APPPATH\Views\admin_view.php(256): number_format(null, 0, ',', '.')
 2 SYSTEMPATH\View\View.php(226): include('C:\\xampp\\htdocs\\kasirpos\\app\\Views\\admin_view.php')
 3 SYSTEMPATH\View\View.php(229): CodeIgniter\View\View->CodeIgniter\View\{closure}()
 4 SYSTEMPATH\Common.php(1167): CodeIgniter\View\View->render('admin_view', [], true)
 5 APPPATH\Controllers\Admin.php(76): view('admin_view', [...])
 6 SYSTEMPATH\CodeIgniter.php(933): App\Controllers\Admin->index()
 7 SYSTEMPATH\CodeIgniter.php(507): CodeIgniter\CodeIgniter->runController(Object(App\Controllers\Admin))
 8 SYSTEMPATH\CodeIgniter.php(354): CodeIgniter\CodeIgniter->handleRequest(null, Object(Config\Cache), false)
 9 SYSTEMPATH\Boot.php(363): CodeIgniter\CodeIgniter->run()
10 SYSTEMPATH\Boot.php(68): CodeIgniter\Boot::runCodeIgniter(Object(CodeIgniter\CodeIgniter))
11 FCPATH\index.php(59): CodeIgniter\Boot::bootWeb(Object(Config\Paths))
12 SYSTEMPATH\rewrite.php(44): require_once('C:\\xampp\\htdocs\\kasirpos\\public\\index.php')
WARNING - 2026-04-28 16:50:22 --> [DEPRECATED] number_format(): Passing null to parameter #1 ($num) of type float is deprecated in APPPATH\Views\admin_view.php on line 256.
 1 APPPATH\Views\admin_view.php(256): number_format(null, 0, ',', '.')
 2 SYSTEMPATH\View\View.php(226): include('C:\\xampp\\htdocs\\kasirpos\\app\\Views\\admin_view.php')
 3 SYSTEMPATH\View\View.php(229): CodeIgniter\View\View->CodeIgniter\View\{closure}()
 4 SYSTEMPATH\Common.php(1167): CodeIgniter\View\View->render('admin_view', [], true)
 5 APPPATH\Controllers\Admin.php(76): view('admin_view', [...])
 6 SYSTEMPATH\CodeIgniter.php(933): App\Controllers\Admin->index()
 7 SYSTEMPATH\CodeIgniter.php(507): CodeIgniter\CodeIgniter->runController(Object(App\Controllers\Admin))
 8 SYSTEMPATH\CodeIgniter.php(354): CodeIgniter\CodeIgniter->handleRequest(null, Object(Config\Cache), false)
 9 SYSTEMPATH\Boot.php(363): CodeIgniter\CodeIgniter->run()
10 SYSTEMPATH\Boot.php(68): CodeIgniter\Boot::runCodeIgniter(Object(CodeIgniter\CodeIgniter))
11 FCPATH\index.php(59): CodeIgniter\Boot::bootWeb(Object(Config\Paths))
12 SYSTEMPATH\rewrite.php(44): require_once('C:\\xampp\\htdocs\\kasirpos\\public\\index.php')
DEBUG - 2026-04-28 16:50:22 --> Session: Class initialized using 'CodeIgniter\Session\Handlers\FileHandler' driver.
DEBUG - 2026-04-28 16:50:26 --> Session: Class initialized using 'CodeIgniter\Session\Handlers\FileHandler' driver.
WARNING - 2026-04-28 16:50:27 --> [DEPRECATED] number_format(): Passing null to parameter #1 ($num) of type float is deprecated in APPPATH\Views\admin_view.php on line 256.
 1 APPPATH\Views\admin_view.php(256): number_format(null, 0, ',', '.')
 2 SYSTEMPATH\View\View.php(226): include('C:\\xampp\\htdocs\\kasirpos\\app\\Views\\admin_view.php')
 3 SYSTEMPATH\View\View.php(229): CodeIgniter\View\View->CodeIgniter\View\{closure}()
 4 SYSTEMPATH\Common.php(1167): CodeIgniter\View\View->render('admin_view', [], true)
 5 APPPATH\Controllers\Admin.php(76): view('admin_view', [...])
 6 SYSTEMPATH\CodeIgniter.php(933): App\Controllers\Admin->index()
 7 SYSTEMPATH\CodeIgniter.php(507): CodeIgniter\CodeIgniter->runController(Object(App\Controllers\Admin))
 8 SYSTEMPATH\CodeIgniter.php(354): CodeIgniter\CodeIgniter->handleRequest(null, Object(Config\Cache), false)
 9 SYSTEMPATH\Boot.php(363): CodeIgniter\CodeIgniter->run()
10 SYSTEMPATH\Boot.php(68): CodeIgniter\Boot::runCodeIgniter(Object(CodeIgniter\CodeIgniter))
11 FCPATH\index.php(59): CodeIgniter\Boot::bootWeb(Object(Config\Paths))
12 SYSTEMPATH\rewrite.php(44): require_once('C:\\xampp\\htdocs\\kasirpos\\public\\index.php')
WARNING - 2026-04-28 16:50:27 --> [DEPRECATED] number_format(): Passing null to parameter #1 ($num) of type float is deprecated in APPPATH\Views\admin_view.php on line 256.
 1 APPPATH\Views\admin_view.php(256): number_format(null, 0, ',', '.')
 2 SYSTEMPATH\View\View.php(226): include('C:\\xampp\\htdocs\\kasirpos\\app\\Views\\admin_view.php')
 3 SYSTEMPATH\View\View.php(229): CodeIgniter\View\View->CodeIgniter\View\{closure}()
 4 SYSTEMPATH\Common.php(1167): CodeIgniter\View\View->render('admin_view', [], true)
 5 APPPATH\Controllers\Admin.php(76): view('admin_view', [...])
 6 SYSTEMPATH\CodeIgniter.php(933): App\Controllers\Admin->index()
 7 SYSTEMPATH\CodeIgniter.php(507): CodeIgniter\CodeIgniter->runController(Object(App\Controllers\Admin))
 8 SYSTEMPATH\CodeIgniter.php(354): CodeIgniter\CodeIgniter->handleRequest(null, Object(Config\Cache), false)
 9 SYSTEMPATH\Boot.php(363): CodeIgniter\CodeIgniter->run()
10 SYSTEMPATH\Boot.php(68): CodeIgniter\Boot::runCodeIgniter(Object(CodeIgniter\CodeIgniter))
11 FCPATH\index.php(59): CodeIgniter\Boot::bootWeb(Object(Config\Paths))
12 SYSTEMPATH\rewrite.php(44): require_once('C:\\xampp\\htdocs\\kasirpos\\public\\index.php')
WARNING - 2026-04-28 16:50:27 --> [DEPRECATED] number_format(): Passing null to parameter #1 ($num) of type float is deprecated in APPPATH\Views\admin_view.php on line 256.
 1 APPPATH\Views\admin_view.php(256): number_format(null, 0, ',', '.')
 2 SYSTEMPATH\View\View.php(226): include('C:\\xampp\\htdocs\\kasirpos\\app\\Views\\admin_view.php')
 3 SYSTEMPATH\View\View.php(229): CodeIgniter\View\View->CodeIgniter\View\{closure}()
 4 SYSTEMPATH\Common.php(1167): CodeIgniter\View\View->render('admin_view', [], true)
 5 APPPATH\Controllers\Admin.php(76): view('admin_view', [...])
 6 SYSTEMPATH\CodeIgniter.php(933): App\Controllers\Admin->index()
 7 SYSTEMPATH\CodeIgniter.php(507): CodeIgniter\CodeIgniter->runController(Object(App\Controllers\Admin))
 8 SYSTEMPATH\CodeIgniter.php(354): CodeIgniter\CodeIgniter->handleRequest(null, Object(Config\Cache), false)
 9 SYSTEMPATH\Boot.php(363): CodeIgniter\CodeIgniter->run()
10 SYSTEMPATH\Boot.php(68): CodeIgniter\Boot::runCodeIgniter(Object(CodeIgniter\CodeIgniter))
11 FCPATH\index.php(59): CodeIgniter\Boot::bootWeb(Object(Config\Paths))
12 SYSTEMPATH\rewrite.php(44): require_once('C:\\xampp\\htdocs\\kasirpos\\public\\index.php')
WARNING - 2026-04-28 16:50:27 --> [DEPRECATED] number_format(): Passing null to parameter #1 ($num) of type float is deprecated in APPPATH\Views\admin_view.php on line 256.
 1 APPPATH\Views\admin_view.php(256): number_format(null, 0, ',', '.')
 2 SYSTEMPATH\View\View.php(226): include('C:\\xampp\\htdocs\\kasirpos\\app\\Views\\admin_view.php')
 3 SYSTEMPATH\View\View.php(229): CodeIgniter\View\View->CodeIgniter\View\{closure}()
 4 SYSTEMPATH\Common.php(1167): CodeIgniter\View\View->render('admin_view', [], true)
 5 APPPATH\Controllers\Admin.php(76): view('admin_view', [...])
 6 SYSTEMPATH\CodeIgniter.php(933): App\Controllers\Admin->index()
 7 SYSTEMPATH\CodeIgniter.php(507): CodeIgniter\CodeIgniter->runController(Object(App\Controllers\Admin))
 8 SYSTEMPATH\CodeIgniter.php(354): CodeIgniter\CodeIgniter->handleRequest(null, Object(Config\Cache), false)
 9 SYSTEMPATH\Boot.php(363): CodeIgniter\CodeIgniter->run()
10 SYSTEMPATH\Boot.php(68): CodeIgniter\Boot::runCodeIgniter(Object(CodeIgniter\CodeIgniter))
11 FCPATH\index.php(59): CodeIgniter\Boot::bootWeb(Object(Config\Paths))
12 SYSTEMPATH\rewrite.php(44): require_once('C:\\xampp\\htdocs\\kasirpos\\public\\index.php')
DEBUG - 2026-04-28 16:50:27 --> Session: Class initialized using 'CodeIgniter\Session\Handlers\FileHandler' driver.
DEBUG - 2026-04-28 16:50:31 --> Session: Class initialized using 'CodeIgniter\Session\Handlers\FileHandler' driver.
WARNING - 2026-04-28 16:50:31 --> [DEPRECATED] number_format(): Passing null to parameter #1 ($num) of type float is deprecated in APPPATH\Views\admin_view.php on line 256.
 1 APPPATH\Views\admin_view.php(256): number_format(null, 0, ',', '.')
 2 SYSTEMPATH\View\View.php(226): include('C:\\xampp\\htdocs\\kasirpos\\app\\Views\\admin_view.php')
 3 SYSTEMPATH\View\View.php(229): CodeIgniter\View\View->CodeIgniter\View\{closure}()
 4 SYSTEMPATH\Common.php(1167): CodeIgniter\View\View->render('admin_view', [], true)
 5 APPPATH\Controllers\Admin.php(76): view('admin_view', [...])
 6 SYSTEMPATH\CodeIgniter.php(933): App\Controllers\Admin->index()
 7 SYSTEMPATH\CodeIgniter.php(507): CodeIgniter\CodeIgniter->runController(Object(App\Controllers\Admin))
 8 SYSTEMPATH\CodeIgniter.php(354): CodeIgniter\CodeIgniter->handleRequest(null, Object(Config\Cache), false)
 9 SYSTEMPATH\Boot.php(363): CodeIgniter\CodeIgniter->run()
10 SYSTEMPATH\Boot.php(68): CodeIgniter\Boot::runCodeIgniter(Object(CodeIgniter\CodeIgniter))
11 FCPATH\index.php(59): CodeIgniter\Boot::bootWeb(Object(Config\Paths))
12 SYSTEMPATH\rewrite.php(44): require_once('C:\\xampp\\htdocs\\kasirpos\\public\\index.php')
WARNING - 2026-04-28 16:50:31 --> [DEPRECATED] number_format(): Passing null to parameter #1 ($num) of type float is deprecated in APPPATH\Views\admin_view.php on line 256.
 1 APPPATH\Views\admin_view.php(256): number_format(null, 0, ',', '.')
 2 SYSTEMPATH\View\View.php(226): include('C:\\xampp\\htdocs\\kasirpos\\app\\Views\\admin_view.php')
 3 SYSTEMPATH\View\View.php(229): CodeIgniter\View\View->CodeIgniter\View\{closure}()
 4 SYSTEMPATH\Common.php(1167): CodeIgniter\View\View->render('admin_view', [], true)
 5 APPPATH\Controllers\Admin.php(76): view('admin_view', [...])
 6 SYSTEMPATH\CodeIgniter.php(933): App\Controllers\Admin->index()
 7 SYSTEMPATH\CodeIgniter.php(507): CodeIgniter\CodeIgniter->runController(Object(App\Controllers\Admin))
 8 SYSTEMPATH\CodeIgniter.php(354): CodeIgniter\CodeIgniter->handleRequest(null, Object(Config\Cache), false)
 9 SYSTEMPATH\Boot.php(363): CodeIgniter\CodeIgniter->run()
10 SYSTEMPATH\Boot.php(68): CodeIgniter\Boot::runCodeIgniter(Object(CodeIgniter\CodeIgniter))
11 FCPATH\index.php(59): CodeIgniter\Boot::bootWeb(Object(Config\Paths))
12 SYSTEMPATH\rewrite.php(44): require_once('C:\\xampp\\htdocs\\kasirpos\\public\\index.php')
WARNING - 2026-04-28 16:50:31 --> [DEPRECATED] number_format(): Passing null to parameter #1 ($num) of type float is deprecated in APPPATH\Views\admin_view.php on line 256.
 1 APPPATH\Views\admin_view.php(256): number_format(null, 0, ',', '.')
 2 SYSTEMPATH\View\View.php(226): include('C:\\xampp\\htdocs\\kasirpos\\app\\Views\\admin_view.php')
 3 SYSTEMPATH\View\View.php(229): CodeIgniter\View\View->CodeIgniter\View\{closure}()
 4 SYSTEMPATH\Common.php(1167): CodeIgniter\View\View->render('admin_view', [], true)
 5 APPPATH\Controllers\Admin.php(76): view('admin_view', [...])
 6 SYSTEMPATH\CodeIgniter.php(933): App\Controllers\Admin->index()
 7 SYSTEMPATH\CodeIgniter.php(507): CodeIgniter\CodeIgniter->runController(Object(App\Controllers\Admin))
 8 SYSTEMPATH\CodeIgniter.php(354): CodeIgniter\CodeIgniter->handleRequest(null, Object(Config\Cache), false)
 9 SYSTEMPATH\Boot.php(363): CodeIgniter\CodeIgniter->run()
10 SYSTEMPATH\Boot.php(68): CodeIgniter\Boot::runCodeIgniter(Object(CodeIgniter\CodeIgniter))
11 FCPATH\index.php(59): CodeIgniter\Boot::bootWeb(Object(Config\Paths))
12 SYSTEMPATH\rewrite.php(44): require_once('C:\\xampp\\htdocs\\kasirpos\\public\\index.php')
WARNING - 2026-04-28 16:50:31 --> [DEPRECATED] number_format(): Passing null to parameter #1 ($num) of type float is deprecated in APPPATH\Views\admin_view.php on line 256.
 1 APPPATH\Views\admin_view.php(256): number_format(null, 0, ',', '.')
 2 SYSTEMPATH\View\View.php(226): include('C:\\xampp\\htdocs\\kasirpos\\app\\Views\\admin_view.php')
 3 SYSTEMPATH\View\View.php(229): CodeIgniter\View\View->CodeIgniter\View\{closure}()
 4 SYSTEMPATH\Common.php(1167): CodeIgniter\View\View->render('admin_view', [], true)
 5 APPPATH\Controllers\Admin.php(76): view('admin_view', [...])
 6 SYSTEMPATH\CodeIgniter.php(933): App\Controllers\Admin->index()
 7 SYSTEMPATH\CodeIgniter.php(507): CodeIgniter\CodeIgniter->runController(Object(App\Controllers\Admin))
 8 SYSTEMPATH\CodeIgniter.php(354): CodeIgniter\CodeIgniter->handleRequest(null, Object(Config\Cache), false)
 9 SYSTEMPATH\Boot.php(363): CodeIgniter\CodeIgniter->run()
10 SYSTEMPATH\Boot.php(68): CodeIgniter\Boot::runCodeIgniter(Object(CodeIgniter\CodeIgniter))
11 FCPATH\index.php(59): CodeIgniter\Boot::bootWeb(Object(Config\Paths))
12 SYSTEMPATH\rewrite.php(44): require_once('C:\\xampp\\htdocs\\kasirpos\\public\\index.php')
DEBUG - 2026-04-28 16:50:31 --> Session: Class initialized using 'CodeIgniter\Session\Handlers\FileHandler' driver.
DEBUG - 2026-04-28 16:50:39 --> Session: Class initialized using 'CodeIgniter\Session\Handlers\FileHandler' driver.
WARNING - 2026-04-28 16:50:39 --> [DEPRECATED] number_format(): Passing null to parameter #1 ($num) of type float is deprecated in APPPATH\Views\admin_view.php on line 256.
 1 APPPATH\Views\admin_view.php(256): number_format(null, 0, ',', '.')
 2 SYSTEMPATH\View\View.php(226): include('C:\\xampp\\htdocs\\kasirpos\\app\\Views\\admin_view.php')
 3 SYSTEMPATH\View\View.php(229): CodeIgniter\View\View->CodeIgniter\View\{closure}()
 4 SYSTEMPATH\Common.php(1167): CodeIgniter\View\View->render('admin_view', [], true)
 5 APPPATH\Controllers\Admin.php(76): view('admin_view', [...])
 6 SYSTEMPATH\CodeIgniter.php(933): App\Controllers\Admin->index()
 7 SYSTEMPATH\CodeIgniter.php(507): CodeIgniter\CodeIgniter->runController(Object(App\Controllers\Admin))
 8 SYSTEMPATH\CodeIgniter.php(354): CodeIgniter\CodeIgniter->handleRequest(null, Object(Config\Cache), false)
 9 SYSTEMPATH\Boot.php(363): CodeIgniter\CodeIgniter->run()
10 SYSTEMPATH\Boot.php(68): CodeIgniter\Boot::runCodeIgniter(Object(CodeIgniter\CodeIgniter))
11 FCPATH\index.php(59): CodeIgniter\Boot::bootWeb(Object(Config\Paths))
12 SYSTEMPATH\rewrite.php(44): require_once('C:\\xampp\\htdocs\\kasirpos\\public\\index.php')
WARNING - 2026-04-28 16:50:39 --> [DEPRECATED] number_format(): Passing null to parameter #1 ($num) of type float is deprecated in APPPATH\Views\admin_view.php on line 256.
 1 APPPATH\Views\admin_view.php(256): number_format(null, 0, ',', '.')
 2 SYSTEMPATH\View\View.php(226): include('C:\\xampp\\htdocs\\kasirpos\\app\\Views\\admin_view.php')
 3 SYSTEMPATH\View\View.php(229): CodeIgniter\View\View->CodeIgniter\View\{closure}()
 4 SYSTEMPATH\Common.php(1167): CodeIgniter\View\View->render('admin_view', [], true)
 5 APPPATH\Controllers\Admin.php(76): view('admin_view', [...])
 6 SYSTEMPATH\CodeIgniter.php(933): App\Controllers\Admin->index()
 7 SYSTEMPATH\CodeIgniter.php(507): CodeIgniter\CodeIgniter->runController(Object(App\Controllers\Admin))
 8 SYSTEMPATH\CodeIgniter.php(354): CodeIgniter\CodeIgniter->handleRequest(null, Object(Config\Cache), false)
 9 SYSTEMPATH\Boot.php(363): CodeIgniter\CodeIgniter->run()
10 SYSTEMPATH\Boot.php(68): CodeIgniter\Boot::runCodeIgniter(Object(CodeIgniter\CodeIgniter))
11 FCPATH\index.php(59): CodeIgniter\Boot::bootWeb(Object(Config\Paths))
12 SYSTEMPATH\rewrite.php(44): require_once('C:\\xampp\\htdocs\\kasirpos\\public\\index.php')
WARNING - 2026-04-28 16:50:39 --> [DEPRECATED] number_format(): Passing null to parameter #1 ($num) of type float is deprecated in APPPATH\Views\admin_view.php on line 256.
 1 APPPATH\Views\admin_view.php(256): number_format(null, 0, ',', '.')
 2 SYSTEMPATH\View\View.php(226): include('C:\\xampp\\htdocs\\kasirpos\\app\\Views\\admin_view.php')
 3 SYSTEMPATH\View\View.php(229): CodeIgniter\View\View->CodeIgniter\View\{closure}()
 4 SYSTEMPATH\Common.php(1167): CodeIgniter\View\View->render('admin_view', [], true)
 5 APPPATH\Controllers\Admin.php(76): view('admin_view', [...])
 6 SYSTEMPATH\CodeIgniter.php(933): App\Controllers\Admin->index()
 7 SYSTEMPATH\CodeIgniter.php(507): CodeIgniter\CodeIgniter->runController(Object(App\Controllers\Admin))
 8 SYSTEMPATH\CodeIgniter.php(354): CodeIgniter\CodeIgniter->handleRequest(null, Object(Config\Cache), false)
 9 SYSTEMPATH\Boot.php(363): CodeIgniter\CodeIgniter->run()
10 SYSTEMPATH\Boot.php(68): CodeIgniter\Boot::runCodeIgniter(Object(CodeIgniter\CodeIgniter))
11 FCPATH\index.php(59): CodeIgniter\Boot::bootWeb(Object(Config\Paths))
12 SYSTEMPATH\rewrite.php(44): require_once('C:\\xampp\\htdocs\\kasirpos\\public\\index.php')
WARNING - 2026-04-28 16:50:39 --> [DEPRECATED] number_format(): Passing null to parameter #1 ($num) of type float is deprecated in APPPATH\Views\admin_view.php on line 256.
 1 APPPATH\Views\admin_view.php(256): number_format(null, 0, ',', '.')
 2 SYSTEMPATH\View\View.php(226): include('C:\\xampp\\htdocs\\kasirpos\\app\\Views\\admin_view.php')
 3 SYSTEMPATH\View\View.php(229): CodeIgniter\View\View->CodeIgniter\View\{closure}()
 4 SYSTEMPATH\Common.php(1167): CodeIgniter\View\View->render('admin_view', [], true)
 5 APPPATH\Controllers\Admin.php(76): view('admin_view', [...])
 6 SYSTEMPATH\CodeIgniter.php(933): App\Controllers\Admin->index()
 7 SYSTEMPATH\CodeIgniter.php(507): CodeIgniter\CodeIgniter->runController(Object(App\Controllers\Admin))
 8 SYSTEMPATH\CodeIgniter.php(354): CodeIgniter\CodeIgniter->handleRequest(null, Object(Config\Cache), false)
 9 SYSTEMPATH\Boot.php(363): CodeIgniter\CodeIgniter->run()
10 SYSTEMPATH\Boot.php(68): CodeIgniter\Boot::runCodeIgniter(Object(CodeIgniter\CodeIgniter))
11 FCPATH\index.php(59): CodeIgniter\Boot::bootWeb(Object(Config\Paths))
12 SYSTEMPATH\rewrite.php(44): require_once('C:\\xampp\\htdocs\\kasirpos\\public\\index.php')
DEBUG - 2026-04-28 16:50:39 --> Session: Class initialized using 'CodeIgniter\Session\Handlers\FileHandler' driver.
WARNING - 2026-04-28 17:04:21 --> [DEPRECATED] number_format(): Passing null to parameter #1 ($num) of type float is deprecated in APPPATH\Views\admin_view.php on line 256.
 1 APPPATH\Views\admin_view.php(256): number_format(null, 0, ',', '.')
 2 SYSTEMPATH\View\View.php(226): include('C:\\xampp\\htdocs\\kasirpos\\app\\Views\\admin_view.php')
 3 SYSTEMPATH\View\View.php(229): CodeIgniter\View\View->CodeIgniter\View\{closure}()
 4 SYSTEMPATH\Common.php(1167): CodeIgniter\View\View->render('admin_view', [], true)
 5 APPPATH\Controllers\Admin.php(76): view('admin_view', [...])
 6 SYSTEMPATH\CodeIgniter.php(933): App\Controllers\Admin->index()
 7 SYSTEMPATH\CodeIgniter.php(507): CodeIgniter\CodeIgniter->runController(Object(App\Controllers\Admin))
 8 SYSTEMPATH\CodeIgniter.php(354): CodeIgniter\CodeIgniter->handleRequest(null, Object(Config\Cache), false)
 9 SYSTEMPATH\Boot.php(363): CodeIgniter\CodeIgniter->run()
10 SYSTEMPATH\Boot.php(68): CodeIgniter\Boot::runCodeIgniter(Object(CodeIgniter\CodeIgniter))
11 FCPATH\index.php(59): CodeIgniter\Boot::bootWeb(Object(Config\Paths))
12 SYSTEMPATH\rewrite.php(44): require_once('C:\\xampp\\htdocs\\kasirpos\\public\\index.php')
WARNING - 2026-04-28 17:04:21 --> [DEPRECATED] number_format(): Passing null to parameter #1 ($num) of type float is deprecated in APPPATH\Views\admin_view.php on line 256.
 1 APPPATH\Views\admin_view.php(256): number_format(null, 0, ',', '.')
 2 SYSTEMPATH\View\View.php(226): include('C:\\xampp\\htdocs\\kasirpos\\app\\Views\\admin_view.php')
 3 SYSTEMPATH\View\View.php(229): CodeIgniter\View\View->CodeIgniter\View\{closure}()
 4 SYSTEMPATH\Common.php(1167): CodeIgniter\View\View->render('admin_view', [], true)
 5 APPPATH\Controllers\Admin.php(76): view('admin_view', [...])
 6 SYSTEMPATH\CodeIgniter.php(933): App\Controllers\Admin->index()
 7 SYSTEMPATH\CodeIgniter.php(507): CodeIgniter\CodeIgniter->runController(Object(App\Controllers\Admin))
 8 SYSTEMPATH\CodeIgniter.php(354): CodeIgniter\CodeIgniter->handleRequest(null, Object(Config\Cache), false)
 9 SYSTEMPATH\Boot.php(363): CodeIgniter\CodeIgniter->run()
10 SYSTEMPATH\Boot.php(68): CodeIgniter\Boot::runCodeIgniter(Object(CodeIgniter\CodeIgniter))
11 FCPATH\index.php(59): CodeIgniter\Boot::bootWeb(Object(Config\Paths))
12 SYSTEMPATH\rewrite.php(44): require_once('C:\\xampp\\htdocs\\kasirpos\\public\\index.php')
WARNING - 2026-04-28 17:04:21 --> [DEPRECATED] number_format(): Passing null to parameter #1 ($num) of type float is deprecated in APPPATH\Views\admin_view.php on line 256.
 1 APPPATH\Views\admin_view.php(256): number_format(null, 0, ',', '.')
 2 SYSTEMPATH\View\View.php(226): include('C:\\xampp\\htdocs\\kasirpos\\app\\Views\\admin_view.php')
 3 SYSTEMPATH\View\View.php(229): CodeIgniter\View\View->CodeIgniter\View\{closure}()
 4 SYSTEMPATH\Common.php(1167): CodeIgniter\View\View->render('admin_view', [], true)
 5 APPPATH\Controllers\Admin.php(76): view('admin_view', [...])
 6 SYSTEMPATH\CodeIgniter.php(933): App\Controllers\Admin->index()
 7 SYSTEMPATH\CodeIgniter.php(507): CodeIgniter\CodeIgniter->runController(Object(App\Controllers\Admin))
 8 SYSTEMPATH\CodeIgniter.php(354): CodeIgniter\CodeIgniter->handleRequest(null, Object(Config\Cache), false)
 9 SYSTEMPATH\Boot.php(363): CodeIgniter\CodeIgniter->run()
10 SYSTEMPATH\Boot.php(68): CodeIgniter\Boot::runCodeIgniter(Object(CodeIgniter\CodeIgniter))
11 FCPATH\index.php(59): CodeIgniter\Boot::bootWeb(Object(Config\Paths))
12 SYSTEMPATH\rewrite.php(44): require_once('C:\\xampp\\htdocs\\kasirpos\\public\\index.php')
WARNING - 2026-04-28 17:04:21 --> [DEPRECATED] number_format(): Passing null to parameter #1 ($num) of type float is deprecated in APPPATH\Views\admin_view.php on line 256.
 1 APPPATH\Views\admin_view.php(256): number_format(null, 0, ',', '.')
 2 SYSTEMPATH\View\View.php(226): include('C:\\xampp\\htdocs\\kasirpos\\app\\Views\\admin_view.php')
 3 SYSTEMPATH\View\View.php(229): CodeIgniter\View\View->CodeIgniter\View\{closure}()
 4 SYSTEMPATH\Common.php(1167): CodeIgniter\View\View->render('admin_view', [], true)
 5 APPPATH\Controllers\Admin.php(76): view('admin_view', [...])
 6 SYSTEMPATH\CodeIgniter.php(933): App\Controllers\Admin->index()
 7 SYSTEMPATH\CodeIgniter.php(507): CodeIgniter\CodeIgniter->runController(Object(App\Controllers\Admin))
 8 SYSTEMPATH\CodeIgniter.php(354): CodeIgniter\CodeIgniter->handleRequest(null, Object(Config\Cache), false)
 9 SYSTEMPATH\Boot.php(363): CodeIgniter\CodeIgniter->run()
10 SYSTEMPATH\Boot.php(68): CodeIgniter\Boot::runCodeIgniter(Object(CodeIgniter\CodeIgniter))
11 FCPATH\index.php(59): CodeIgniter\Boot::bootWeb(Object(Config\Paths))
12 SYSTEMPATH\rewrite.php(44): require_once('C:\\xampp\\htdocs\\kasirpos\\public\\index.php')
DEBUG - 2026-04-28 17:04:21 --> Session: Class initialized using 'CodeIgniter\Session\Handlers\FileHandler' driver.
WARNING - 2026-04-28 17:06:11 --> [DEPRECATED] number_format(): Passing null to parameter #1 ($num) of type float is deprecated in APPPATH\Views\admin_view.php on line 256.
 1 APPPATH\Views\admin_view.php(256): number_format(null, 0, ',', '.')
 2 SYSTEMPATH\View\View.php(226): include('C:\\xampp\\htdocs\\kasirpos\\app\\Views\\admin_view.php')
 3 SYSTEMPATH\View\View.php(229): CodeIgniter\View\View->CodeIgniter\View\{closure}()
 4 SYSTEMPATH\Common.php(1167): CodeIgniter\View\View->render('admin_view', [], true)
 5 APPPATH\Controllers\Admin.php(76): view('admin_view', [...])
 6 SYSTEMPATH\CodeIgniter.php(933): App\Controllers\Admin->index()
 7 SYSTEMPATH\CodeIgniter.php(507): CodeIgniter\CodeIgniter->runController(Object(App\Controllers\Admin))
 8 SYSTEMPATH\CodeIgniter.php(354): CodeIgniter\CodeIgniter->handleRequest(null, Object(Config\Cache), false)
 9 SYSTEMPATH\Boot.php(363): CodeIgniter\CodeIgniter->run()
10 SYSTEMPATH\Boot.php(68): CodeIgniter\Boot::runCodeIgniter(Object(CodeIgniter\CodeIgniter))
11 FCPATH\index.php(59): CodeIgniter\Boot::bootWeb(Object(Config\Paths))
12 SYSTEMPATH\rewrite.php(44): require_once('C:\\xampp\\htdocs\\kasirpos\\public\\index.php')
WARNING - 2026-04-28 17:06:11 --> [DEPRECATED] number_format(): Passing null to parameter #1 ($num) of type float is deprecated in APPPATH\Views\admin_view.php on line 256.
 1 APPPATH\Views\admin_view.php(256): number_format(null, 0, ',', '.')
 2 SYSTEMPATH\View\View.php(226): include('C:\\xampp\\htdocs\\kasirpos\\app\\Views\\admin_view.php')
 3 SYSTEMPATH\View\View.php(229): CodeIgniter\View\View->CodeIgniter\View\{closure}()
 4 SYSTEMPATH\Common.php(1167): CodeIgniter\View\View->render('admin_view', [], true)
 5 APPPATH\Controllers\Admin.php(76): view('admin_view', [...])
 6 SYSTEMPATH\CodeIgniter.php(933): App\Controllers\Admin->index()
 7 SYSTEMPATH\CodeIgniter.php(507): CodeIgniter\CodeIgniter->runController(Object(App\Controllers\Admin))
 8 SYSTEMPATH\CodeIgniter.php(354): CodeIgniter\CodeIgniter->handleRequest(null, Object(Config\Cache), false)
 9 SYSTEMPATH\Boot.php(363): CodeIgniter\CodeIgniter->run()
10 SYSTEMPATH\Boot.php(68): CodeIgniter\Boot::runCodeIgniter(Object(CodeIgniter\CodeIgniter))
11 FCPATH\index.php(59): CodeIgniter\Boot::bootWeb(Object(Config\Paths))
12 SYSTEMPATH\rewrite.php(44): require_once('C:\\xampp\\htdocs\\kasirpos\\public\\index.php')
WARNING - 2026-04-28 17:06:11 --> [DEPRECATED] number_format(): Passing null to parameter #1 ($num) of type float is deprecated in APPPATH\Views\admin_view.php on line 256.
 1 APPPATH\Views\admin_view.php(256): number_format(null, 0, ',', '.')
 2 SYSTEMPATH\View\View.php(226): include('C:\\xampp\\htdocs\\kasirpos\\app\\Views\\admin_view.php')
 3 SYSTEMPATH\View\View.php(229): CodeIgniter\View\View->CodeIgniter\View\{closure}()
 4 SYSTEMPATH\Common.php(1167): CodeIgniter\View\View->render('admin_view', [], true)
 5 APPPATH\Controllers\Admin.php(76): view('admin_view', [...])
 6 SYSTEMPATH\CodeIgniter.php(933): App\Controllers\Admin->index()
 7 SYSTEMPATH\CodeIgniter.php(507): CodeIgniter\CodeIgniter->runController(Object(App\Controllers\Admin))
 8 SYSTEMPATH\CodeIgniter.php(354): CodeIgniter\CodeIgniter->handleRequest(null, Object(Config\Cache), false)
 9 SYSTEMPATH\Boot.php(363): CodeIgniter\CodeIgniter->run()
10 SYSTEMPATH\Boot.php(68): CodeIgniter\Boot::runCodeIgniter(Object(CodeIgniter\CodeIgniter))
11 FCPATH\index.php(59): CodeIgniter\Boot::bootWeb(Object(Config\Paths))
12 SYSTEMPATH\rewrite.php(44): require_once('C:\\xampp\\htdocs\\kasirpos\\public\\index.php')
WARNING - 2026-04-28 17:06:11 --> [DEPRECATED] number_format(): Passing null to parameter #1 ($num) of type float is deprecated in APPPATH\Views\admin_view.php on line 256.
 1 APPPATH\Views\admin_view.php(256): number_format(null, 0, ',', '.')
 2 SYSTEMPATH\View\View.php(226): include('C:\\xampp\\htdocs\\kasirpos\\app\\Views\\admin_view.php')
 3 SYSTEMPATH\View\View.php(229): CodeIgniter\View\View->CodeIgniter\View\{closure}()
 4 SYSTEMPATH\Common.php(1167): CodeIgniter\View\View->render('admin_view', [], true)
 5 APPPATH\Controllers\Admin.php(76): view('admin_view', [...])
 6 SYSTEMPATH\CodeIgniter.php(933): App\Controllers\Admin->index()
 7 SYSTEMPATH\CodeIgniter.php(507): CodeIgniter\CodeIgniter->runController(Object(App\Controllers\Admin))
 8 SYSTEMPATH\CodeIgniter.php(354): CodeIgniter\CodeIgniter->handleRequest(null, Object(Config\Cache), false)
 9 SYSTEMPATH\Boot.php(363): CodeIgniter\CodeIgniter->run()
10 SYSTEMPATH\Boot.php(68): CodeIgniter\Boot::runCodeIgniter(Object(CodeIgniter\CodeIgniter))
11 FCPATH\index.php(59): CodeIgniter\Boot::bootWeb(Object(Config\Paths))
12 SYSTEMPATH\rewrite.php(44): require_once('C:\\xampp\\htdocs\\kasirpos\\public\\index.php')
DEBUG - 2026-04-28 17:06:11 --> Session: Class initialized using 'CodeIgniter\Session\Handlers\FileHandler' driver.
DEBUG - 2026-04-28 17:06:13 --> Session: Class initialized using 'CodeIgniter\Session\Handlers\FileHandler' driver.
WARNING - 2026-04-28 17:06:13 --> [DEPRECATED] number_format(): Passing null to parameter #1 ($num) of type float is deprecated in APPPATH\Views\admin_view.php on line 256.
 1 APPPATH\Views\admin_view.php(256): number_format(null, 0, ',', '.')
 2 SYSTEMPATH\View\View.php(226): include('C:\\xampp\\htdocs\\kasirpos\\app\\Views\\admin_view.php')
 3 SYSTEMPATH\View\View.php(229): CodeIgniter\View\View->CodeIgniter\View\{closure}()
 4 SYSTEMPATH\Common.php(1167): CodeIgniter\View\View->render('admin_view', [], true)
 5 APPPATH\Controllers\Admin.php(76): view('admin_view', [...])
 6 SYSTEMPATH\CodeIgniter.php(933): App\Controllers\Admin->index()
 7 SYSTEMPATH\CodeIgniter.php(507): CodeIgniter\CodeIgniter->runController(Object(App\Controllers\Admin))
 8 SYSTEMPATH\CodeIgniter.php(354): CodeIgniter\CodeIgniter->handleRequest(null, Object(Config\Cache), false)
 9 SYSTEMPATH\Boot.php(363): CodeIgniter\CodeIgniter->run()
10 SYSTEMPATH\Boot.php(68): CodeIgniter\Boot::runCodeIgniter(Object(CodeIgniter\CodeIgniter))
11 FCPATH\index.php(59): CodeIgniter\Boot::bootWeb(Object(Config\Paths))
12 SYSTEMPATH\rewrite.php(44): require_once('C:\\xampp\\htdocs\\kasirpos\\public\\index.php')
WARNING - 2026-04-28 17:06:13 --> [DEPRECATED] number_format(): Passing null to parameter #1 ($num) of type float is deprecated in APPPATH\Views\admin_view.php on line 256.
 1 APPPATH\Views\admin_view.php(256): number_format(null, 0, ',', '.')
 2 SYSTEMPATH\View\View.php(226): include('C:\\xampp\\htdocs\\kasirpos\\app\\Views\\admin_view.php')
 3 SYSTEMPATH\View\View.php(229): CodeIgniter\View\View->CodeIgniter\View\{closure}()
 4 SYSTEMPATH\Common.php(1167): CodeIgniter\View\View->render('admin_view', [], true)
 5 APPPATH\Controllers\Admin.php(76): view('admin_view', [...])
 6 SYSTEMPATH\CodeIgniter.php(933): App\Controllers\Admin->index()
 7 SYSTEMPATH\CodeIgniter.php(507): CodeIgniter\CodeIgniter->runController(Object(App\Controllers\Admin))
 8 SYSTEMPATH\CodeIgniter.php(354): CodeIgniter\CodeIgniter->handleRequest(null, Object(Config\Cache), false)
 9 SYSTEMPATH\Boot.php(363): CodeIgniter\CodeIgniter->run()
10 SYSTEMPATH\Boot.php(68): CodeIgniter\Boot::runCodeIgniter(Object(CodeIgniter\CodeIgniter))
11 FCPATH\index.php(59): CodeIgniter\Boot::bootWeb(Object(Config\Paths))
12 SYSTEMPATH\rewrite.php(44): require_once('C:\\xampp\\htdocs\\kasirpos\\public\\index.php')
WARNING - 2026-04-28 17:06:13 --> [DEPRECATED] number_format(): Passing null to parameter #1 ($num) of type float is deprecated in APPPATH\Views\admin_view.php on line 256.
 1 APPPATH\Views\admin_view.php(256): number_format(null, 0, ',', '.')
 2 SYSTEMPATH\View\View.php(226): include('C:\\xampp\\htdocs\\kasirpos\\app\\Views\\admin_view.php')
 3 SYSTEMPATH\View\View.php(229): CodeIgniter\View\View->CodeIgniter\View\{closure}()
 4 SYSTEMPATH\Common.php(1167): CodeIgniter\View\View->render('admin_view', [], true)
 5 APPPATH\Controllers\Admin.php(76): view('admin_view', [...])
 6 SYSTEMPATH\CodeIgniter.php(933): App\Controllers\Admin->index()
 7 SYSTEMPATH\CodeIgniter.php(507): CodeIgniter\CodeIgniter->runController(Object(App\Controllers\Admin))
 8 SYSTEMPATH\CodeIgniter.php(354): CodeIgniter\CodeIgniter->handleRequest(null, Object(Config\Cache), false)
 9 SYSTEMPATH\Boot.php(363): CodeIgniter\CodeIgniter->run()
10 SYSTEMPATH\Boot.php(68): CodeIgniter\Boot::runCodeIgniter(Object(CodeIgniter\CodeIgniter))
11 FCPATH\index.php(59): CodeIgniter\Boot::bootWeb(Object(Config\Paths))
12 SYSTEMPATH\rewrite.php(44): require_once('C:\\xampp\\htdocs\\kasirpos\\public\\index.php')
WARNING - 2026-04-28 17:06:13 --> [DEPRECATED] number_format(): Passing null to parameter #1 ($num) of type float is deprecated in APPPATH\Views\admin_view.php on line 256.
 1 APPPATH\Views\admin_view.php(256): number_format(null, 0, ',', '.')
 2 SYSTEMPATH\View\View.php(226): include('C:\\xampp\\htdocs\\kasirpos\\app\\Views\\admin_view.php')
 3 SYSTEMPATH\View\View.php(229): CodeIgniter\View\View->CodeIgniter\View\{closure}()
 4 SYSTEMPATH\Common.php(1167): CodeIgniter\View\View->render('admin_view', [], true)
 5 APPPATH\Controllers\Admin.php(76): view('admin_view', [...])
 6 SYSTEMPATH\CodeIgniter.php(933): App\Controllers\Admin->index()
 7 SYSTEMPATH\CodeIgniter.php(507): CodeIgniter\CodeIgniter->runController(Object(App\Controllers\Admin))
 8 SYSTEMPATH\CodeIgniter.php(354): CodeIgniter\CodeIgniter->handleRequest(null, Object(Config\Cache), false)
 9 SYSTEMPATH\Boot.php(363): CodeIgniter\CodeIgniter->run()
10 SYSTEMPATH\Boot.php(68): CodeIgniter\Boot::runCodeIgniter(Object(CodeIgniter\CodeIgniter))
11 FCPATH\index.php(59): CodeIgniter\Boot::bootWeb(Object(Config\Paths))
12 SYSTEMPATH\rewrite.php(44): require_once('C:\\xampp\\htdocs\\kasirpos\\public\\index.php')
DEBUG - 2026-04-28 17:06:13 --> Session: Class initialized using 'CodeIgniter\Session\Handlers\FileHandler' driver.
WARNING - 2026-04-28 17:06:16 --> [DEPRECATED] number_format(): Passing null to parameter #1 ($num) of type float is deprecated in APPPATH\Views\admin_view.php on line 256.
 1 APPPATH\Views\admin_view.php(256): number_format(null, 0, ',', '.')
 2 SYSTEMPATH\View\View.php(226): include('C:\\xampp\\htdocs\\kasirpos\\app\\Views\\admin_view.php')
 3 SYSTEMPATH\View\View.php(229): CodeIgniter\View\View->CodeIgniter\View\{closure}()
 4 SYSTEMPATH\Common.php(1167): CodeIgniter\View\View->render('admin_view', [], true)
 5 APPPATH\Controllers\Admin.php(76): view('admin_view', [...])
 6 SYSTEMPATH\CodeIgniter.php(933): App\Controllers\Admin->index()
 7 SYSTEMPATH\CodeIgniter.php(507): CodeIgniter\CodeIgniter->runController(Object(App\Controllers\Admin))
 8 SYSTEMPATH\CodeIgniter.php(354): CodeIgniter\CodeIgniter->handleRequest(null, Object(Config\Cache), false)
 9 SYSTEMPATH\Boot.php(363): CodeIgniter\CodeIgniter->run()
10 SYSTEMPATH\Boot.php(68): CodeIgniter\Boot::runCodeIgniter(Object(CodeIgniter\CodeIgniter))
11 FCPATH\index.php(59): CodeIgniter\Boot::bootWeb(Object(Config\Paths))
12 SYSTEMPATH\rewrite.php(44): require_once('C:\\xampp\\htdocs\\kasirpos\\public\\index.php')
WARNING - 2026-04-28 17:06:16 --> [DEPRECATED] number_format(): Passing null to parameter #1 ($num) of type float is deprecated in APPPATH\Views\admin_view.php on line 256.
 1 APPPATH\Views\admin_view.php(256): number_format(null, 0, ',', '.')
 2 SYSTEMPATH\View\View.php(226): include('C:\\xampp\\htdocs\\kasirpos\\app\\Views\\admin_view.php')
 3 SYSTEMPATH\View\View.php(229): CodeIgniter\View\View->CodeIgniter\View\{closure}()
 4 SYSTEMPATH\Common.php(1167): CodeIgniter\View\View->render('admin_view', [], true)
 5 APPPATH\Controllers\Admin.php(76): view('admin_view', [...])
 6 SYSTEMPATH\CodeIgniter.php(933): App\Controllers\Admin->index()
 7 SYSTEMPATH\CodeIgniter.php(507): CodeIgniter\CodeIgniter->runController(Object(App\Controllers\Admin))
 8 SYSTEMPATH\CodeIgniter.php(354): CodeIgniter\CodeIgniter->handleRequest(null, Object(Config\Cache), false)
 9 SYSTEMPATH\Boot.php(363): CodeIgniter\CodeIgniter->run()
10 SYSTEMPATH\Boot.php(68): CodeIgniter\Boot::runCodeIgniter(Object(CodeIgniter\CodeIgniter))
11 FCPATH\index.php(59): CodeIgniter\Boot::bootWeb(Object(Config\Paths))
12 SYSTEMPATH\rewrite.php(44): require_once('C:\\xampp\\htdocs\\kasirpos\\public\\index.php')
WARNING - 2026-04-28 17:06:16 --> [DEPRECATED] number_format(): Passing null to parameter #1 ($num) of type float is deprecated in APPPATH\Views\admin_view.php on line 256.
 1 APPPATH\Views\admin_view.php(256): number_format(null, 0, ',', '.')
 2 SYSTEMPATH\View\View.php(226): include('C:\\xampp\\htdocs\\kasirpos\\app\\Views\\admin_view.php')
 3 SYSTEMPATH\View\View.php(229): CodeIgniter\View\View->CodeIgniter\View\{closure}()
 4 SYSTEMPATH\Common.php(1167): CodeIgniter\View\View->render('admin_view', [], true)
 5 APPPATH\Controllers\Admin.php(76): view('admin_view', [...])
 6 SYSTEMPATH\CodeIgniter.php(933): App\Controllers\Admin->index()
 7 SYSTEMPATH\CodeIgniter.php(507): CodeIgniter\CodeIgniter->runController(Object(App\Controllers\Admin))
 8 SYSTEMPATH\CodeIgniter.php(354): CodeIgniter\CodeIgniter->handleRequest(null, Object(Config\Cache), false)
 9 SYSTEMPATH\Boot.php(363): CodeIgniter\CodeIgniter->run()
10 SYSTEMPATH\Boot.php(68): CodeIgniter\Boot::runCodeIgniter(Object(CodeIgniter\CodeIgniter))
11 FCPATH\index.php(59): CodeIgniter\Boot::bootWeb(Object(Config\Paths))
12 SYSTEMPATH\rewrite.php(44): require_once('C:\\xampp\\htdocs\\kasirpos\\public\\index.php')
WARNING - 2026-04-28 17:06:16 --> [DEPRECATED] number_format(): Passing null to parameter #1 ($num) of type float is deprecated in APPPATH\Views\admin_view.php on line 256.
 1 APPPATH\Views\admin_view.php(256): number_format(null, 0, ',', '.')
 2 SYSTEMPATH\View\View.php(226): include('C:\\xampp\\htdocs\\kasirpos\\app\\Views\\admin_view.php')
 3 SYSTEMPATH\View\View.php(229): CodeIgniter\View\View->CodeIgniter\View\{closure}()
 4 SYSTEMPATH\Common.php(1167): CodeIgniter\View\View->render('admin_view', [], true)
 5 APPPATH\Controllers\Admin.php(76): view('admin_view', [...])
 6 SYSTEMPATH\CodeIgniter.php(933): App\Controllers\Admin->index()
 7 SYSTEMPATH\CodeIgniter.php(507): CodeIgniter\CodeIgniter->runController(Object(App\Controllers\Admin))
 8 SYSTEMPATH\CodeIgniter.php(354): CodeIgniter\CodeIgniter->handleRequest(null, Object(Config\Cache), false)
 9 SYSTEMPATH\Boot.php(363): CodeIgniter\CodeIgniter->run()
10 SYSTEMPATH\Boot.php(68): CodeIgniter\Boot::runCodeIgniter(Object(CodeIgniter\CodeIgniter))
11 FCPATH\index.php(59): CodeIgniter\Boot::bootWeb(Object(Config\Paths))
12 SYSTEMPATH\rewrite.php(44): require_once('C:\\xampp\\htdocs\\kasirpos\\public\\index.php')
DEBUG - 2026-04-28 17:06:16 --> Session: Class initialized using 'CodeIgniter\Session\Handlers\FileHandler' driver.
WARNING - 2026-04-28 17:06:26 --> [DEPRECATED] number_format(): Passing null to parameter #1 ($num) of type float is deprecated in APPPATH\Views\admin_view.php on line 256.
 1 APPPATH\Views\admin_view.php(256): number_format(null, 0, ',', '.')
 2 SYSTEMPATH\View\View.php(226): include('C:\\xampp\\htdocs\\kasirpos\\app\\Views\\admin_view.php')
 3 SYSTEMPATH\View\View.php(229): CodeIgniter\View\View->CodeIgniter\View\{closure}()
 4 SYSTEMPATH\Common.php(1167): CodeIgniter\View\View->render('admin_view', [], true)
 5 APPPATH\Controllers\Admin.php(76): view('admin_view', [...])
 6 SYSTEMPATH\CodeIgniter.php(933): App\Controllers\Admin->index()
 7 SYSTEMPATH\CodeIgniter.php(507): CodeIgniter\CodeIgniter->runController(Object(App\Controllers\Admin))
 8 SYSTEMPATH\CodeIgniter.php(354): CodeIgniter\CodeIgniter->handleRequest(null, Object(Config\Cache), false)
 9 SYSTEMPATH\Boot.php(363): CodeIgniter\CodeIgniter->run()
10 SYSTEMPATH\Boot.php(68): CodeIgniter\Boot::runCodeIgniter(Object(CodeIgniter\CodeIgniter))
11 FCPATH\index.php(59): CodeIgniter\Boot::bootWeb(Object(Config\Paths))
12 SYSTEMPATH\rewrite.php(44): require_once('C:\\xampp\\htdocs\\kasirpos\\public\\index.php')
WARNING - 2026-04-28 17:06:26 --> [DEPRECATED] number_format(): Passing null to parameter #1 ($num) of type float is deprecated in APPPATH\Views\admin_view.php on line 256.
 1 APPPATH\Views\admin_view.php(256): number_format(null, 0, ',', '.')
 2 SYSTEMPATH\View\View.php(226): include('C:\\xampp\\htdocs\\kasirpos\\app\\Views\\admin_view.php')
 3 SYSTEMPATH\View\View.php(229): CodeIgniter\View\View->CodeIgniter\View\{closure}()
 4 SYSTEMPATH\Common.php(1167): CodeIgniter\View\View->render('admin_view', [], true)
 5 APPPATH\Controllers\Admin.php(76): view('admin_view', [...])
 6 SYSTEMPATH\CodeIgniter.php(933): App\Controllers\Admin->index()
 7 SYSTEMPATH\CodeIgniter.php(507): CodeIgniter\CodeIgniter->runController(Object(App\Controllers\Admin))
 8 SYSTEMPATH\CodeIgniter.php(354): CodeIgniter\CodeIgniter->handleRequest(null, Object(Config\Cache), false)
 9 SYSTEMPATH\Boot.php(363): CodeIgniter\CodeIgniter->run()
10 SYSTEMPATH\Boot.php(68): CodeIgniter\Boot::runCodeIgniter(Object(CodeIgniter\CodeIgniter))
11 FCPATH\index.php(59): CodeIgniter\Boot::bootWeb(Object(Config\Paths))
12 SYSTEMPATH\rewrite.php(44): require_once('C:\\xampp\\htdocs\\kasirpos\\public\\index.php')
WARNING - 2026-04-28 17:06:26 --> [DEPRECATED] number_format(): Passing null to parameter #1 ($num) of type float is deprecated in APPPATH\Views\admin_view.php on line 256.
 1 APPPATH\Views\admin_view.php(256): number_format(null, 0, ',', '.')
 2 SYSTEMPATH\View\View.php(226): include('C:\\xampp\\htdocs\\kasirpos\\app\\Views\\admin_view.php')
 3 SYSTEMPATH\View\View.php(229): CodeIgniter\View\View->CodeIgniter\View\{closure}()
 4 SYSTEMPATH\Common.php(1167): CodeIgniter\View\View->render('admin_view', [], true)
 5 APPPATH\Controllers\Admin.php(76): view('admin_view', [...])
 6 SYSTEMPATH\CodeIgniter.php(933): App\Controllers\Admin->index()
 7 SYSTEMPATH\CodeIgniter.php(507): CodeIgniter\CodeIgniter->runController(Object(App\Controllers\Admin))
 8 SYSTEMPATH\CodeIgniter.php(354): CodeIgniter\CodeIgniter->handleRequest(null, Object(Config\Cache), false)
 9 SYSTEMPATH\Boot.php(363): CodeIgniter\CodeIgniter->run()
10 SYSTEMPATH\Boot.php(68): CodeIgniter\Boot::runCodeIgniter(Object(CodeIgniter\CodeIgniter))
11 FCPATH\index.php(59): CodeIgniter\Boot::bootWeb(Object(Config\Paths))
12 SYSTEMPATH\rewrite.php(44): require_once('C:\\xampp\\htdocs\\kasirpos\\public\\index.php')
WARNING - 2026-04-28 17:06:26 --> [DEPRECATED] number_format(): Passing null to parameter #1 ($num) of type float is deprecated in APPPATH\Views\admin_view.php on line 256.
 1 APPPATH\Views\admin_view.php(256): number_format(null, 0, ',', '.')
 2 SYSTEMPATH\View\View.php(226): include('C:\\xampp\\htdocs\\kasirpos\\app\\Views\\admin_view.php')
 3 SYSTEMPATH\View\View.php(229): CodeIgniter\View\View->CodeIgniter\View\{closure}()
 4 SYSTEMPATH\Common.php(1167): CodeIgniter\View\View->render('admin_view', [], true)
 5 APPPATH\Controllers\Admin.php(76): view('admin_view', [...])
 6 SYSTEMPATH\CodeIgniter.php(933): App\Controllers\Admin->index()
 7 SYSTEMPATH\CodeIgniter.php(507): CodeIgniter\CodeIgniter->runController(Object(App\Controllers\Admin))
 8 SYSTEMPATH\CodeIgniter.php(354): CodeIgniter\CodeIgniter->handleRequest(null, Object(Config\Cache), false)
 9 SYSTEMPATH\Boot.php(363): CodeIgniter\CodeIgniter->run()
10 SYSTEMPATH\Boot.php(68): CodeIgniter\Boot::runCodeIgniter(Object(CodeIgniter\CodeIgniter))
11 FCPATH\index.php(59): CodeIgniter\Boot::bootWeb(Object(Config\Paths))
12 SYSTEMPATH\rewrite.php(44): require_once('C:\\xampp\\htdocs\\kasirpos\\public\\index.php')
DEBUG - 2026-04-28 17:06:26 --> Session: Class initialized using 'CodeIgniter\Session\Handlers\FileHandler' driver.
WARNING - 2026-04-28 17:06:26 --> [DEPRECATED] number_format(): Passing null to parameter #1 ($num) of type float is deprecated in APPPATH\Views\admin_view.php on line 256.
 1 APPPATH\Views\admin_view.php(256): number_format(null, 0, ',', '.')
 2 SYSTEMPATH\View\View.php(226): include('C:\\xampp\\htdocs\\kasirpos\\app\\Views\\admin_view.php')
 3 SYSTEMPATH\View\View.php(229): CodeIgniter\View\View->CodeIgniter\View\{closure}()
 4 SYSTEMPATH\Common.php(1167): CodeIgniter\View\View->render('admin_view', [], true)
 5 APPPATH\Controllers\Admin.php(76): view('admin_view', [...])
 6 SYSTEMPATH\CodeIgniter.php(933): App\Controllers\Admin->index()
 7 SYSTEMPATH\CodeIgniter.php(507): CodeIgniter\CodeIgniter->runController(Object(App\Controllers\Admin))
 8 SYSTEMPATH\CodeIgniter.php(354): CodeIgniter\CodeIgniter->handleRequest(null, Object(Config\Cache), false)
 9 SYSTEMPATH\Boot.php(363): CodeIgniter\CodeIgniter->run()
10 SYSTEMPATH\Boot.php(68): CodeIgniter\Boot::runCodeIgniter(Object(CodeIgniter\CodeIgniter))
11 FCPATH\index.php(59): CodeIgniter\Boot::bootWeb(Object(Config\Paths))
12 SYSTEMPATH\rewrite.php(44): require_once('C:\\xampp\\htdocs\\kasirpos\\public\\index.php')
WARNING - 2026-04-28 17:06:26 --> [DEPRECATED] number_format(): Passing null to parameter #1 ($num) of type float is deprecated in APPPATH\Views\admin_view.php on line 256.
 1 APPPATH\Views\admin_view.php(256): number_format(null, 0, ',', '.')
 2 SYSTEMPATH\View\View.php(226): include('C:\\xampp\\htdocs\\kasirpos\\app\\Views\\admin_view.php')
 3 SYSTEMPATH\View\View.php(229): CodeIgniter\View\View->CodeIgniter\View\{closure}()
 4 SYSTEMPATH\Common.php(1167): CodeIgniter\View\View->render('admin_view', [], true)
 5 APPPATH\Controllers\Admin.php(76): view('admin_view', [...])
 6 SYSTEMPATH\CodeIgniter.php(933): App\Controllers\Admin->index()
 7 SYSTEMPATH\CodeIgniter.php(507): CodeIgniter\CodeIgniter->runController(Object(App\Controllers\Admin))
 8 SYSTEMPATH\CodeIgniter.php(354): CodeIgniter\CodeIgniter->handleRequest(null, Object(Config\Cache), false)
 9 SYSTEMPATH\Boot.php(363): CodeIgniter\CodeIgniter->run()
10 SYSTEMPATH\Boot.php(68): CodeIgniter\Boot::runCodeIgniter(Object(CodeIgniter\CodeIgniter))
11 FCPATH\index.php(59): CodeIgniter\Boot::bootWeb(Object(Config\Paths))
12 SYSTEMPATH\rewrite.php(44): require_once('C:\\xampp\\htdocs\\kasirpos\\public\\index.php')
WARNING - 2026-04-28 17:06:26 --> [DEPRECATED] number_format(): Passing null to parameter #1 ($num) of type float is deprecated in APPPATH\Views\admin_view.php on line 256.
 1 APPPATH\Views\admin_view.php(256): number_format(null, 0, ',', '.')
 2 SYSTEMPATH\View\View.php(226): include('C:\\xampp\\htdocs\\kasirpos\\app\\Views\\admin_view.php')
 3 SYSTEMPATH\View\View.php(229): CodeIgniter\View\View->CodeIgniter\View\{closure}()
 4 SYSTEMPATH\Common.php(1167): CodeIgniter\View\View->render('admin_view', [], true)
 5 APPPATH\Controllers\Admin.php(76): view('admin_view', [...])
 6 SYSTEMPATH\CodeIgniter.php(933): App\Controllers\Admin->index()
 7 SYSTEMPATH\CodeIgniter.php(507): CodeIgniter\CodeIgniter->runController(Object(App\Controllers\Admin))
 8 SYSTEMPATH\CodeIgniter.php(354): CodeIgniter\CodeIgniter->handleRequest(null, Object(Config\Cache), false)
 9 SYSTEMPATH\Boot.php(363): CodeIgniter\CodeIgniter->run()
10 SYSTEMPATH\Boot.php(68): CodeIgniter\Boot::runCodeIgniter(Object(CodeIgniter\CodeIgniter))
11 FCPATH\index.php(59): CodeIgniter\Boot::bootWeb(Object(Config\Paths))
12 SYSTEMPATH\rewrite.php(44): require_once('C:\\xampp\\htdocs\\kasirpos\\public\\index.php')
WARNING - 2026-04-28 17:06:26 --> [DEPRECATED] number_format(): Passing null to parameter #1 ($num) of type float is deprecated in APPPATH\Views\admin_view.php on line 256.
 1 APPPATH\Views\admin_view.php(256): number_format(null, 0, ',', '.')
 2 SYSTEMPATH\View\View.php(226): include('C:\\xampp\\htdocs\\kasirpos\\app\\Views\\admin_view.php')
 3 SYSTEMPATH\View\View.php(229): CodeIgniter\View\View->CodeIgniter\View\{closure}()
 4 SYSTEMPATH\Common.php(1167): CodeIgniter\View\View->render('admin_view', [], true)
 5 APPPATH\Controllers\Admin.php(76): view('admin_view', [...])
 6 SYSTEMPATH\CodeIgniter.php(933): App\Controllers\Admin->index()
 7 SYSTEMPATH\CodeIgniter.php(507): CodeIgniter\CodeIgniter->runController(Object(App\Controllers\Admin))
 8 SYSTEMPATH\CodeIgniter.php(354): CodeIgniter\CodeIgniter->handleRequest(null, Object(Config\Cache), false)
 9 SYSTEMPATH\Boot.php(363): CodeIgniter\CodeIgniter->run()
10 SYSTEMPATH\Boot.php(68): CodeIgniter\Boot::runCodeIgniter(Object(CodeIgniter\CodeIgniter))
11 FCPATH\index.php(59): CodeIgniter\Boot::bootWeb(Object(Config\Paths))
12 SYSTEMPATH\rewrite.php(44): require_once('C:\\xampp\\htdocs\\kasirpos\\public\\index.php')
DEBUG - 2026-04-28 17:06:26 --> Session: Class initialized using 'CodeIgniter\Session\Handlers\FileHandler' driver.
WARNING - 2026-04-28 17:06:27 --> [DEPRECATED] number_format(): Passing null to parameter #1 ($num) of type float is deprecated in APPPATH\Views\admin_view.php on line 256.
 1 APPPATH\Views\admin_view.php(256): number_format(null, 0, ',', '.')
 2 SYSTEMPATH\View\View.php(226): include('C:\\xampp\\htdocs\\kasirpos\\app\\Views\\admin_view.php')
 3 SYSTEMPATH\View\View.php(229): CodeIgniter\View\View->CodeIgniter\View\{closure}()
 4 SYSTEMPATH\Common.php(1167): CodeIgniter\View\View->render('admin_view', [], true)
 5 APPPATH\Controllers\Admin.php(76): view('admin_view', [...])
 6 SYSTEMPATH\CodeIgniter.php(933): App\Controllers\Admin->index()
 7 SYSTEMPATH\CodeIgniter.php(507): CodeIgniter\CodeIgniter->runController(Object(App\Controllers\Admin))
 8 SYSTEMPATH\CodeIgniter.php(354): CodeIgniter\CodeIgniter->handleRequest(null, Object(Config\Cache), false)
 9 SYSTEMPATH\Boot.php(363): CodeIgniter\CodeIgniter->run()
10 SYSTEMPATH\Boot.php(68): CodeIgniter\Boot::runCodeIgniter(Object(CodeIgniter\CodeIgniter))
11 FCPATH\index.php(59): CodeIgniter\Boot::bootWeb(Object(Config\Paths))
12 SYSTEMPATH\rewrite.php(44): require_once('C:\\xampp\\htdocs\\kasirpos\\public\\index.php')
WARNING - 2026-04-28 17:06:27 --> [DEPRECATED] number_format(): Passing null to parameter #1 ($num) of type float is deprecated in APPPATH\Views\admin_view.php on line 256.
 1 APPPATH\Views\admin_view.php(256): number_format(null, 0, ',', '.')
 2 SYSTEMPATH\View\View.php(226): include('C:\\xampp\\htdocs\\kasirpos\\app\\Views\\admin_view.php')
 3 SYSTEMPATH\View\View.php(229): CodeIgniter\View\View->CodeIgniter\View\{closure}()
 4 SYSTEMPATH\Common.php(1167): CodeIgniter\View\View->render('admin_view', [], true)
 5 APPPATH\Controllers\Admin.php(76): view('admin_view', [...])
 6 SYSTEMPATH\CodeIgniter.php(933): App\Controllers\Admin->index()
 7 SYSTEMPATH\CodeIgniter.php(507): CodeIgniter\CodeIgniter->runController(Object(App\Controllers\Admin))
 8 SYSTEMPATH\CodeIgniter.php(354): CodeIgniter\CodeIgniter->handleRequest(null, Object(Config\Cache), false)
 9 SYSTEMPATH\Boot.php(363): CodeIgniter\CodeIgniter->run()
10 SYSTEMPATH\Boot.php(68): CodeIgniter\Boot::runCodeIgniter(Object(CodeIgniter\CodeIgniter))
11 FCPATH\index.php(59): CodeIgniter\Boot::bootWeb(Object(Config\Paths))
12 SYSTEMPATH\rewrite.php(44): require_once('C:\\xampp\\htdocs\\kasirpos\\public\\index.php')
WARNING - 2026-04-28 17:06:27 --> [DEPRECATED] number_format(): Passing null to parameter #1 ($num) of type float is deprecated in APPPATH\Views\admin_view.php on line 256.
 1 APPPATH\Views\admin_view.php(256): number_format(null, 0, ',', '.')
 2 SYSTEMPATH\View\View.php(226): include('C:\\xampp\\htdocs\\kasirpos\\app\\Views\\admin_view.php')
 3 SYSTEMPATH\View\View.php(229): CodeIgniter\View\View->CodeIgniter\View\{closure}()
 4 SYSTEMPATH\Common.php(1167): CodeIgniter\View\View->render('admin_view', [], true)
 5 APPPATH\Controllers\Admin.php(76): view('admin_view', [...])
 6 SYSTEMPATH\CodeIgniter.php(933): App\Controllers\Admin->index()
 7 SYSTEMPATH\CodeIgniter.php(507): CodeIgniter\CodeIgniter->runController(Object(App\Controllers\Admin))
 8 SYSTEMPATH\CodeIgniter.php(354): CodeIgniter\CodeIgniter->handleRequest(null, Object(Config\Cache), false)
 9 SYSTEMPATH\Boot.php(363): CodeIgniter\CodeIgniter->run()
10 SYSTEMPATH\Boot.php(68): CodeIgniter\Boot::runCodeIgniter(Object(CodeIgniter\CodeIgniter))
11 FCPATH\index.php(59): CodeIgniter\Boot::bootWeb(Object(Config\Paths))
12 SYSTEMPATH\rewrite.php(44): require_once('C:\\xampp\\htdocs\\kasirpos\\public\\index.php')
WARNING - 2026-04-28 17:06:27 --> [DEPRECATED] number_format(): Passing null to parameter #1 ($num) of type float is deprecated in APPPATH\Views\admin_view.php on line 256.
 1 APPPATH\Views\admin_view.php(256): number_format(null, 0, ',', '.')
 2 SYSTEMPATH\View\View.php(226): include('C:\\xampp\\htdocs\\kasirpos\\app\\Views\\admin_view.php')
 3 SYSTEMPATH\View\View.php(229): CodeIgniter\View\View->CodeIgniter\View\{closure}()
 4 SYSTEMPATH\Common.php(1167): CodeIgniter\View\View->render('admin_view', [], true)
 5 APPPATH\Controllers\Admin.php(76): view('admin_view', [...])
 6 SYSTEMPATH\CodeIgniter.php(933): App\Controllers\Admin->index()
 7 SYSTEMPATH\CodeIgniter.php(507): CodeIgniter\CodeIgniter->runController(Object(App\Controllers\Admin))
 8 SYSTEMPATH\CodeIgniter.php(354): CodeIgniter\CodeIgniter->handleRequest(null, Object(Config\Cache), false)
 9 SYSTEMPATH\Boot.php(363): CodeIgniter\CodeIgniter->run()
10 SYSTEMPATH\Boot.php(68): CodeIgniter\Boot::runCodeIgniter(Object(CodeIgniter\CodeIgniter))
11 FCPATH\index.php(59): CodeIgniter\Boot::bootWeb(Object(Config\Paths))
12 SYSTEMPATH\rewrite.php(44): require_once('C:\\xampp\\htdocs\\kasirpos\\public\\index.php')
DEBUG - 2026-04-28 17:06:27 --> Session: Class initialized using 'CodeIgniter\Session\Handlers\FileHandler' driver.
WARNING - 2026-04-28 17:06:33 --> [DEPRECATED] number_format(): Passing null to parameter #1 ($num) of type float is deprecated in APPPATH\Views\admin_view.php on line 256.
 1 APPPATH\Views\admin_view.php(256): number_format(null, 0, ',', '.')
 2 SYSTEMPATH\View\View.php(226): include('C:\\xampp\\htdocs\\kasirpos\\app\\Views\\admin_view.php')
 3 SYSTEMPATH\View\View.php(229): CodeIgniter\View\View->CodeIgniter\View\{closure}()
 4 SYSTEMPATH\Common.php(1167): CodeIgniter\View\View->render('admin_view', [], true)
 5 APPPATH\Controllers\Admin.php(76): view('admin_view', [...])
 6 SYSTEMPATH\CodeIgniter.php(933): App\Controllers\Admin->index()
 7 SYSTEMPATH\CodeIgniter.php(507): CodeIgniter\CodeIgniter->runController(Object(App\Controllers\Admin))
 8 SYSTEMPATH\CodeIgniter.php(354): CodeIgniter\CodeIgniter->handleRequest(null, Object(Config\Cache), false)
 9 SYSTEMPATH\Boot.php(363): CodeIgniter\CodeIgniter->run()
10 SYSTEMPATH\Boot.php(68): CodeIgniter\Boot::runCodeIgniter(Object(CodeIgniter\CodeIgniter))
11 FCPATH\index.php(59): CodeIgniter\Boot::bootWeb(Object(Config\Paths))
12 SYSTEMPATH\rewrite.php(44): require_once('C:\\xampp\\htdocs\\kasirpos\\public\\index.php')
WARNING - 2026-04-28 17:06:33 --> [DEPRECATED] number_format(): Passing null to parameter #1 ($num) of type float is deprecated in APPPATH\Views\admin_view.php on line 256.
 1 APPPATH\Views\admin_view.php(256): number_format(null, 0, ',', '.')
 2 SYSTEMPATH\View\View.php(226): include('C:\\xampp\\htdocs\\kasirpos\\app\\Views\\admin_view.php')
 3 SYSTEMPATH\View\View.php(229): CodeIgniter\View\View->CodeIgniter\View\{closure}()
 4 SYSTEMPATH\Common.php(1167): CodeIgniter\View\View->render('admin_view', [], true)
 5 APPPATH\Controllers\Admin.php(76): view('admin_view', [...])
 6 SYSTEMPATH\CodeIgniter.php(933): App\Controllers\Admin->index()
 7 SYSTEMPATH\CodeIgniter.php(507): CodeIgniter\CodeIgniter->runController(Object(App\Controllers\Admin))
 8 SYSTEMPATH\CodeIgniter.php(354): CodeIgniter\CodeIgniter->handleRequest(null, Object(Config\Cache), false)
 9 SYSTEMPATH\Boot.php(363): CodeIgniter\CodeIgniter->run()
10 SYSTEMPATH\Boot.php(68): CodeIgniter\Boot::runCodeIgniter(Object(CodeIgniter\CodeIgniter))
11 FCPATH\index.php(59): CodeIgniter\Boot::bootWeb(Object(Config\Paths))
12 SYSTEMPATH\rewrite.php(44): require_once('C:\\xampp\\htdocs\\kasirpos\\public\\index.php')
WARNING - 2026-04-28 17:06:33 --> [DEPRECATED] number_format(): Passing null to parameter #1 ($num) of type float is deprecated in APPPATH\Views\admin_view.php on line 256.
 1 APPPATH\Views\admin_view.php(256): number_format(null, 0, ',', '.')
 2 SYSTEMPATH\View\View.php(226): include('C:\\xampp\\htdocs\\kasirpos\\app\\Views\\admin_view.php')
 3 SYSTEMPATH\View\View.php(229): CodeIgniter\View\View->CodeIgniter\View\{closure}()
 4 SYSTEMPATH\Common.php(1167): CodeIgniter\View\View->render('admin_view', [], true)
 5 APPPATH\Controllers\Admin.php(76): view('admin_view', [...])
 6 SYSTEMPATH\CodeIgniter.php(933): App\Controllers\Admin->index()
 7 SYSTEMPATH\CodeIgniter.php(507): CodeIgniter\CodeIgniter->runController(Object(App\Controllers\Admin))
 8 SYSTEMPATH\CodeIgniter.php(354): CodeIgniter\CodeIgniter->handleRequest(null, Object(Config\Cache), false)
 9 SYSTEMPATH\Boot.php(363): CodeIgniter\CodeIgniter->run()
10 SYSTEMPATH\Boot.php(68): CodeIgniter\Boot::runCodeIgniter(Object(CodeIgniter\CodeIgniter))
11 FCPATH\index.php(59): CodeIgniter\Boot::bootWeb(Object(Config\Paths))
12 SYSTEMPATH\rewrite.php(44): require_once('C:\\xampp\\htdocs\\kasirpos\\public\\index.php')
WARNING - 2026-04-28 17:06:33 --> [DEPRECATED] number_format(): Passing null to parameter #1 ($num) of type float is deprecated in APPPATH\Views\admin_view.php on line 256.
 1 APPPATH\Views\admin_view.php(256): number_format(null, 0, ',', '.')
 2 SYSTEMPATH\View\View.php(226): include('C:\\xampp\\htdocs\\kasirpos\\app\\Views\\admin_view.php')
 3 SYSTEMPATH\View\View.php(229): CodeIgniter\View\View->CodeIgniter\View\{closure}()
 4 SYSTEMPATH\Common.php(1167): CodeIgniter\View\View->render('admin_view', [], true)
 5 APPPATH\Controllers\Admin.php(76): view('admin_view', [...])
 6 SYSTEMPATH\CodeIgniter.php(933): App\Controllers\Admin->index()
 7 SYSTEMPATH\CodeIgniter.php(507): CodeIgniter\CodeIgniter->runController(Object(App\Controllers\Admin))
 8 SYSTEMPATH\CodeIgniter.php(354): CodeIgniter\CodeIgniter->handleRequest(null, Object(Config\Cache), false)
 9 SYSTEMPATH\Boot.php(363): CodeIgniter\CodeIgniter->run()
10 SYSTEMPATH\Boot.php(68): CodeIgniter\Boot::runCodeIgniter(Object(CodeIgniter\CodeIgniter))
11 FCPATH\index.php(59): CodeIgniter\Boot::bootWeb(Object(Config\Paths))
12 SYSTEMPATH\rewrite.php(44): require_once('C:\\xampp\\htdocs\\kasirpos\\public\\index.php')
DEBUG - 2026-04-28 17:06:33 --> Session: Class initialized using 'CodeIgniter\Session\Handlers\FileHandler' driver.
DEBUG - 2026-04-28 17:07:36 --> Session: Class initialized using 'CodeIgniter\Session\Handlers\FileHandler' driver.
DEBUG - 2026-04-28 17:07:49 --> Session: Class initialized using 'CodeIgniter\Session\Handlers\FileHandler' driver.
WARNING - 2026-04-28 17:07:49 --> [DEPRECATED] number_format(): Passing null to parameter #1 ($num) of type float is deprecated in APPPATH\Views\admin_view.php on line 256.
 1 APPPATH\Views\admin_view.php(256): number_format(null, 0, ',', '.')
 2 SYSTEMPATH\View\View.php(226): include('C:\\xampp\\htdocs\\kasirpos\\app\\Views\\admin_view.php')
 3 SYSTEMPATH\View\View.php(229): CodeIgniter\View\View->CodeIgniter\View\{closure}()
 4 SYSTEMPATH\Common.php(1167): CodeIgniter\View\View->render('admin_view', [], true)
 5 APPPATH\Controllers\Admin.php(76): view('admin_view', [...])
 6 SYSTEMPATH\CodeIgniter.php(933): App\Controllers\Admin->index()
 7 SYSTEMPATH\CodeIgniter.php(507): CodeIgniter\CodeIgniter->runController(Object(App\Controllers\Admin))
 8 SYSTEMPATH\CodeIgniter.php(354): CodeIgniter\CodeIgniter->handleRequest(null, Object(Config\Cache), false)
 9 SYSTEMPATH\Boot.php(363): CodeIgniter\CodeIgniter->run()
10 SYSTEMPATH\Boot.php(68): CodeIgniter\Boot::runCodeIgniter(Object(CodeIgniter\CodeIgniter))
11 FCPATH\index.php(59): CodeIgniter\Boot::bootWeb(Object(Config\Paths))
12 SYSTEMPATH\rewrite.php(44): require_once('C:\\xampp\\htdocs\\kasirpos\\public\\index.php')
DEBUG - 2026-04-28 17:07:49 --> Session: Class initialized using 'CodeIgniter\Session\Handlers\FileHandler' driver.
DEBUG - 2026-04-28 17:08:40 --> Session: Class initialized using 'CodeIgniter\Session\Handlers\FileHandler' driver.
DEBUG - 2026-04-28 17:09:42 --> Session: Class initialized using 'CodeIgniter\Session\Handlers\FileHandler' driver.
DEBUG - 2026-04-28 17:09:56 --> Session: Class initialized using 'CodeIgniter\Session\Handlers\FileHandler' driver.
DEBUG - 2026-04-28 17:09:56 --> Session: Class initialized using 'CodeIgniter\Session\Handlers\FileHandler' driver.
DEBUG - 2026-04-28 17:10:02 --> Session: Class initialized using 'CodeIgniter\Session\Handlers\FileHandler' driver.
DEBUG - 2026-04-28 17:10:03 --> Session: Class initialized using 'CodeIgniter\Session\Handlers\FileHandler' driver.
DEBUG - 2026-04-28 17:11:54 --> Session: Class initialized using 'CodeIgniter\Session\Handlers\FileHandler' driver.
DEBUG - 2026-04-28 17:12:03 --> Session: Class initialized using 'CodeIgniter\Session\Handlers\FileHandler' driver.
DEBUG - 2026-04-28 17:12:06 --> Session: Class initialized using 'CodeIgniter\Session\Handlers\FileHandler' driver.
DEBUG - 2026-04-28 17:14:30 --> Session: Class initialized using 'CodeIgniter\Session\Handlers\FileHandler' driver.
DEBUG - 2026-04-28 17:14:37 --> Session: Class initialized using 'CodeIgniter\Session\Handlers\FileHandler' driver.
DEBUG - 2026-04-28 17:15:18 --> Session: Class initialized using 'CodeIgniter\Session\Handlers\FileHandler' driver.
DEBUG - 2026-04-28 17:15:43 --> Session: Class initialized using 'CodeIgniter\Session\Handlers\FileHandler' driver.
DEBUG - 2026-04-28 17:15:50 --> Session: Class initialized using 'CodeIgniter\Session\Handlers\FileHandler' driver.
DEBUG - 2026-04-28 17:15:50 --> Session: Class initialized using 'CodeIgniter\Session\Handlers\FileHandler' driver.
DEBUG - 2026-04-28 17:16:34 --> Session: Class initialized using 'CodeIgniter\Session\Handlers\FileHandler' driver.
DEBUG - 2026-04-28 17:17:04 --> Session: Class initialized using 'CodeIgniter\Session\Handlers\FileHandler' driver.
DEBUG - 2026-04-28 17:18:39 --> Session: Class initialized using 'CodeIgniter\Session\Handlers\FileHandler' driver.
DEBUG - 2026-04-28 17:19:26 --> Session: Class initialized using 'CodeIgniter\Session\Handlers\FileHandler' driver.
DEBUG - 2026-04-28 17:21:42 --> Session: Class initialized using 'CodeIgniter\Session\Handlers\FileHandler' driver.
DEBUG - 2026-04-28 17:21:52 --> Session: Class initialized using 'CodeIgniter\Session\Handlers\FileHandler' driver.
DEBUG - 2026-04-28 17:22:10 --> Session: Class initialized using 'CodeIgniter\Session\Handlers\FileHandler' driver.
DEBUG - 2026-04-28 17:22:10 --> Session: Class initialized using 'CodeIgniter\Session\Handlers\FileHandler' driver.
DEBUG - 2026-04-28 17:22:34 --> Session: Class initialized using 'CodeIgniter\Session\Handlers\FileHandler' driver.
DEBUG - 2026-04-28 17:22:34 --> Session: Class initialized using 'CodeIgniter\Session\Handlers\FileHandler' driver.
DEBUG - 2026-04-28 17:23:41 --> Session: Class initialized using 'CodeIgniter\Session\Handlers\FileHandler' driver.
DEBUG - 2026-04-28 17:24:12 --> Session: Class initialized using 'CodeIgniter\Session\Handlers\FileHandler' driver.
DEBUG - 2026-04-28 17:25:12 --> Session: Class initialized using 'CodeIgniter\Session\Handlers\FileHandler' driver.
DEBUG - 2026-04-28 17:25:19 --> Session: Class initialized using 'CodeIgniter\Session\Handlers\FileHandler' driver.
DEBUG - 2026-04-28 17:25:24 --> Session: Class initialized using 'CodeIgniter\Session\Handlers\FileHandler' driver.
DEBUG - 2026-04-28 17:25:48 --> Session: Class initialized using 'CodeIgniter\Session\Handlers\FileHandler' driver.
DEBUG - 2026-04-28 17:27:17 --> Session: Class initialized using 'CodeIgniter\Session\Handlers\FileHandler' driver.
DEBUG - 2026-04-28 17:27:31 --> Session: Class initialized using 'CodeIgniter\Session\Handlers\FileHandler' driver.
DEBUG - 2026-04-28 17:28:00 --> Session: Class initialized using 'CodeIgniter\Session\Handlers\FileHandler' driver.
DEBUG - 2026-04-28 17:28:09 --> Session: Class initialized using 'CodeIgniter\Session\Handlers\FileHandler' driver.
DEBUG - 2026-04-28 17:28:09 --> Session: Class initialized using 'CodeIgniter\Session\Handlers\FileHandler' driver.
DEBUG - 2026-04-28 17:30:06 --> Session: Class initialized using 'CodeIgniter\Session\Handlers\FileHandler' driver.
DEBUG - 2026-04-28 17:30:12 --> Session: Class initialized using 'CodeIgniter\Session\Handlers\FileHandler' driver.
DEBUG - 2026-04-28 17:30:12 --> Session: Class initialized using 'CodeIgniter\Session\Handlers\FileHandler' driver.
DEBUG - 2026-04-28 17:30:25 --> Session: Class initialized using 'CodeIgniter\Session\Handlers\FileHandler' driver.
DEBUG - 2026-04-28 17:30:28 --> Session: Class initialized using 'CodeIgniter\Session\Handlers\FileHandler' driver.
DEBUG - 2026-04-28 17:30:31 --> Session: Class initialized using 'CodeIgniter\Session\Handlers\FileHandler' driver.
DEBUG - 2026-04-28 17:31:38 --> Session: Class initialized using 'CodeIgniter\Session\Handlers\FileHandler' driver.
DEBUG - 2026-04-28 17:32:02 --> Session: Class initialized using 'CodeIgniter\Session\Handlers\FileHandler' driver.
DEBUG - 2026-04-28 17:32:10 --> Session: Class initialized using 'CodeIgniter\Session\Handlers\FileHandler' driver.
DEBUG - 2026-04-28 17:32:10 --> Session: Class initialized using 'CodeIgniter\Session\Handlers\FileHandler' driver.
CRITICAL - 2026-04-28 17:32:45 --> ErrorException: Undefined variable $pager
[Method: GET, Route: admin]
in APPPATH\Views\admin_view.php on line 224.
 1 APPPATH\Views\admin_view.php(224): CodeIgniter\Debug\Exceptions->errorHandler(2, 'Undefined variable $pager', 'C:\\xampp\\htdocs\\kasirpos\\app\\Views\\admin_view.php', 224)
 2 SYSTEMPATH\View\View.php(226): include('C:\\xampp\\htdocs\\kasirpos\\app\\Views\\admin_view.php')
 3 SYSTEMPATH\View\View.php(229): CodeIgniter\View\View->CodeIgniter\View\{closure}()
 4 SYSTEMPATH\Common.php(1167): CodeIgniter\View\View->render('admin_view', [], true)
 5 APPPATH\Controllers\Admin.php(76): view('admin_view', [...])
 6 SYSTEMPATH\CodeIgniter.php(933): App\Controllers\Admin->index()
 7 SYSTEMPATH\CodeIgniter.php(507): CodeIgniter\CodeIgniter->runController(Object(App\Controllers\Admin))
 8 SYSTEMPATH\CodeIgniter.php(354): CodeIgniter\CodeIgniter->handleRequest(null, Object(Config\Cache), false)
 9 SYSTEMPATH\Boot.php(363): CodeIgniter\CodeIgniter->run()
10 SYSTEMPATH\Boot.php(68): CodeIgniter\Boot::runCodeIgniter(Object(CodeIgniter\CodeIgniter))
11 FCPATH\index.php(59): CodeIgniter\Boot::bootWeb(Object(Config\Paths))
12 SYSTEMPATH\rewrite.php(44): require_once('C:\\xampp\\htdocs\\kasirpos\\public\\index.php')
CRITICAL - 2026-04-28 17:33:35 --> ErrorException: Undefined variable $pager
[Method: GET, Route: admin]
in APPPATH\Views\admin_view.php on line 224.
 1 APPPATH\Views\admin_view.php(224): CodeIgniter\Debug\Exceptions->errorHandler(2, 'Undefined variable $pager', 'C:\\xampp\\htdocs\\kasirpos\\app\\Views\\admin_view.php', 224)
 2 SYSTEMPATH\View\View.php(226): include('C:\\xampp\\htdocs\\kasirpos\\app\\Views\\admin_view.php')
 3 SYSTEMPATH\View\View.php(229): CodeIgniter\View\View->CodeIgniter\View\{closure}()
 4 SYSTEMPATH\Common.php(1167): CodeIgniter\View\View->render('admin_view', [], true)
 5 APPPATH\Controllers\Admin.php(76): view('admin_view', [...])
 6 SYSTEMPATH\CodeIgniter.php(933): App\Controllers\Admin->index()
 7 SYSTEMPATH\CodeIgniter.php(507): CodeIgniter\CodeIgniter->runController(Object(App\Controllers\Admin))
 8 SYSTEMPATH\CodeIgniter.php(354): CodeIgniter\CodeIgniter->handleRequest(null, Object(Config\Cache), false)
 9 SYSTEMPATH\Boot.php(363): CodeIgniter\CodeIgniter->run()
10 SYSTEMPATH\Boot.php(68): CodeIgniter\Boot::runCodeIgniter(Object(CodeIgniter\CodeIgniter))
11 FCPATH\index.php(59): CodeIgniter\Boot::bootWeb(Object(Config\Paths))
12 SYSTEMPATH\rewrite.php(44): require_once('C:\\xampp\\htdocs\\kasirpos\\public\\index.php')
CRITICAL - 2026-04-28 17:33:35 --> ErrorException: Undefined variable $pager
[Method: GET, Route: admin]
in APPPATH\Views\admin_view.php on line 224.
 1 APPPATH\Views\admin_view.php(224): CodeIgniter\Debug\Exceptions->errorHandler(2, 'Undefined variable $pager', 'C:\\xampp\\htdocs\\kasirpos\\app\\Views\\admin_view.php', 224)
 2 SYSTEMPATH\View\View.php(226): include('C:\\xampp\\htdocs\\kasirpos\\app\\Views\\admin_view.php')
 3 SYSTEMPATH\View\View.php(229): CodeIgniter\View\View->CodeIgniter\View\{closure}()
 4 SYSTEMPATH\Common.php(1167): CodeIgniter\View\View->render('admin_view', [], true)
 5 APPPATH\Controllers\Admin.php(76): view('admin_view', [...])
 6 SYSTEMPATH\CodeIgniter.php(933): App\Controllers\Admin->index()
 7 SYSTEMPATH\CodeIgniter.php(507): CodeIgniter\CodeIgniter->runController(Object(App\Controllers\Admin))
 8 SYSTEMPATH\CodeIgniter.php(354): CodeIgniter\CodeIgniter->handleRequest(null, Object(Config\Cache), false)
 9 SYSTEMPATH\Boot.php(363): CodeIgniter\CodeIgniter->run()
10 SYSTEMPATH\Boot.php(68): CodeIgniter\Boot::runCodeIgniter(Object(CodeIgniter\CodeIgniter))
11 FCPATH\index.php(59): CodeIgniter\Boot::bootWeb(Object(Config\Paths))
12 SYSTEMPATH\rewrite.php(44): require_once('C:\\xampp\\htdocs\\kasirpos\\public\\index.php')
CRITICAL - 2026-04-28 17:33:36 --> ErrorException: Undefined variable $pager
[Method: GET, Route: admin]
in APPPATH\Views\admin_view.php on line 224.
 1 APPPATH\Views\admin_view.php(224): CodeIgniter\Debug\Exceptions->errorHandler(2, 'Undefined variable $pager', 'C:\\xampp\\htdocs\\kasirpos\\app\\Views\\admin_view.php', 224)
 2 SYSTEMPATH\View\View.php(226): include('C:\\xampp\\htdocs\\kasirpos\\app\\Views\\admin_view.php')
 3 SYSTEMPATH\View\View.php(229): CodeIgniter\View\View->CodeIgniter\View\{closure}()
 4 SYSTEMPATH\Common.php(1167): CodeIgniter\View\View->render('admin_view', [], true)
 5 APPPATH\Controllers\Admin.php(76): view('admin_view', [...])
 6 SYSTEMPATH\CodeIgniter.php(933): App\Controllers\Admin->index()
 7 SYSTEMPATH\CodeIgniter.php(507): CodeIgniter\CodeIgniter->runController(Object(App\Controllers\Admin))
 8 SYSTEMPATH\CodeIgniter.php(354): CodeIgniter\CodeIgniter->handleRequest(null, Object(Config\Cache), false)
 9 SYSTEMPATH\Boot.php(363): CodeIgniter\CodeIgniter->run()
10 SYSTEMPATH\Boot.php(68): CodeIgniter\Boot::runCodeIgniter(Object(CodeIgniter\CodeIgniter))
11 FCPATH\index.php(59): CodeIgniter\Boot::bootWeb(Object(Config\Paths))
12 SYSTEMPATH\rewrite.php(44): require_once('C:\\xampp\\htdocs\\kasirpos\\public\\index.php')
CRITICAL - 2026-04-28 17:33:36 --> ErrorException: Undefined variable $pager
[Method: GET, Route: admin]
in APPPATH\Views\admin_view.php on line 224.
 1 APPPATH\Views\admin_view.php(224): CodeIgniter\Debug\Exceptions->errorHandler(2, 'Undefined variable $pager', 'C:\\xampp\\htdocs\\kasirpos\\app\\Views\\admin_view.php', 224)
 2 SYSTEMPATH\View\View.php(226): include('C:\\xampp\\htdocs\\kasirpos\\app\\Views\\admin_view.php')
 3 SYSTEMPATH\View\View.php(229): CodeIgniter\View\View->CodeIgniter\View\{closure}()
 4 SYSTEMPATH\Common.php(1167): CodeIgniter\View\View->render('admin_view', [], true)
 5 APPPATH\Controllers\Admin.php(76): view('admin_view', [...])
 6 SYSTEMPATH\CodeIgniter.php(933): App\Controllers\Admin->index()
 7 SYSTEMPATH\CodeIgniter.php(507): CodeIgniter\CodeIgniter->runController(Object(App\Controllers\Admin))
 8 SYSTEMPATH\CodeIgniter.php(354): CodeIgniter\CodeIgniter->handleRequest(null, Object(Config\Cache), false)
 9 SYSTEMPATH\Boot.php(363): CodeIgniter\CodeIgniter->run()
10 SYSTEMPATH\Boot.php(68): CodeIgniter\Boot::runCodeIgniter(Object(CodeIgniter\CodeIgniter))
11 FCPATH\index.php(59): CodeIgniter\Boot::bootWeb(Object(Config\Paths))
12 SYSTEMPATH\rewrite.php(44): require_once('C:\\xampp\\htdocs\\kasirpos\\public\\index.php')
CRITICAL - 2026-04-28 17:34:00 --> ErrorException: Undefined variable $pager
[Method: GET, Route: admin]
in APPPATH\Views\admin_view.php on line 224.
 1 APPPATH\Views\admin_view.php(224): CodeIgniter\Debug\Exceptions->errorHandler(2, 'Undefined variable $pager', 'C:\\xampp\\htdocs\\kasirpos\\app\\Views\\admin_view.php', 224)
 2 SYSTEMPATH\View\View.php(226): include('C:\\xampp\\htdocs\\kasirpos\\app\\Views\\admin_view.php')
 3 SYSTEMPATH\View\View.php(229): CodeIgniter\View\View->CodeIgniter\View\{closure}()
 4 SYSTEMPATH\Common.php(1167): CodeIgniter\View\View->render('admin_view', [], true)
 5 APPPATH\Controllers\Admin.php(76): view('admin_view', [...])
 6 SYSTEMPATH\CodeIgniter.php(933): App\Controllers\Admin->index()
 7 SYSTEMPATH\CodeIgniter.php(507): CodeIgniter\CodeIgniter->runController(Object(App\Controllers\Admin))
 8 SYSTEMPATH\CodeIgniter.php(354): CodeIgniter\CodeIgniter->handleRequest(null, Object(Config\Cache), false)
 9 SYSTEMPATH\Boot.php(363): CodeIgniter\CodeIgniter->run()
10 SYSTEMPATH\Boot.php(68): CodeIgniter\Boot::runCodeIgniter(Object(CodeIgniter\CodeIgniter))
11 FCPATH\index.php(59): CodeIgniter\Boot::bootWeb(Object(Config\Paths))
12 SYSTEMPATH\rewrite.php(44): require_once('C:\\xampp\\htdocs\\kasirpos\\public\\index.php')
CRITICAL - 2026-04-28 17:34:00 --> ErrorException: Undefined variable $pager
[Method: GET, Route: admin]
in APPPATH\Views\admin_view.php on line 224.
 1 APPPATH\Views\admin_view.php(224): CodeIgniter\Debug\Exceptions->errorHandler(2, 'Undefined variable $pager', 'C:\\xampp\\htdocs\\kasirpos\\app\\Views\\admin_view.php', 224)
 2 SYSTEMPATH\View\View.php(226): include('C:\\xampp\\htdocs\\kasirpos\\app\\Views\\admin_view.php')
 3 SYSTEMPATH\View\View.php(229): CodeIgniter\View\View->CodeIgniter\View\{closure}()
 4 SYSTEMPATH\Common.php(1167): CodeIgniter\View\View->render('admin_view', [], true)
 5 APPPATH\Controllers\Admin.php(76): view('admin_view', [...])
 6 SYSTEMPATH\CodeIgniter.php(933): App\Controllers\Admin->index()
 7 SYSTEMPATH\CodeIgniter.php(507): CodeIgniter\CodeIgniter->runController(Object(App\Controllers\Admin))
 8 SYSTEMPATH\CodeIgniter.php(354): CodeIgniter\CodeIgniter->handleRequest(null, Object(Config\Cache), false)
 9 SYSTEMPATH\Boot.php(363): CodeIgniter\CodeIgniter->run()
10 SYSTEMPATH\Boot.php(68): CodeIgniter\Boot::runCodeIgniter(Object(CodeIgniter\CodeIgniter))
11 FCPATH\index.php(59): CodeIgniter\Boot::bootWeb(Object(Config\Paths))
12 SYSTEMPATH\rewrite.php(44): require_once('C:\\xampp\\htdocs\\kasirpos\\public\\index.php')
CRITICAL - 2026-04-28 17:34:00 --> ErrorException: Undefined variable $pager
[Method: GET, Route: admin]
in APPPATH\Views\admin_view.php on line 224.
 1 APPPATH\Views\admin_view.php(224): CodeIgniter\Debug\Exceptions->errorHandler(2, 'Undefined variable $pager', 'C:\\xampp\\htdocs\\kasirpos\\app\\Views\\admin_view.php', 224)
 2 SYSTEMPATH\View\View.php(226): include('C:\\xampp\\htdocs\\kasirpos\\app\\Views\\admin_view.php')
 3 SYSTEMPATH\View\View.php(229): CodeIgniter\View\View->CodeIgniter\View\{closure}()
 4 SYSTEMPATH\Common.php(1167): CodeIgniter\View\View->render('admin_view', [], true)
 5 APPPATH\Controllers\Admin.php(76): view('admin_view', [...])
 6 SYSTEMPATH\CodeIgniter.php(933): App\Controllers\Admin->index()
 7 SYSTEMPATH\CodeIgniter.php(507): CodeIgniter\CodeIgniter->runController(Object(App\Controllers\Admin))
 8 SYSTEMPATH\CodeIgniter.php(354): CodeIgniter\CodeIgniter->handleRequest(null, Object(Config\Cache), false)
 9 SYSTEMPATH\Boot.php(363): CodeIgniter\CodeIgniter->run()
10 SYSTEMPATH\Boot.php(68): CodeIgniter\Boot::runCodeIgniter(Object(CodeIgniter\CodeIgniter))
11 FCPATH\index.php(59): CodeIgniter\Boot::bootWeb(Object(Config\Paths))
12 SYSTEMPATH\rewrite.php(44): require_once('C:\\xampp\\htdocs\\kasirpos\\public\\index.php')
CRITICAL - 2026-04-28 17:34:01 --> ErrorException: Undefined variable $pager
[Method: GET, Route: admin]
in APPPATH\Views\admin_view.php on line 224.
 1 APPPATH\Views\admin_view.php(224): CodeIgniter\Debug\Exceptions->errorHandler(2, 'Undefined variable $pager', 'C:\\xampp\\htdocs\\kasirpos\\app\\Views\\admin_view.php', 224)
 2 SYSTEMPATH\View\View.php(226): include('C:\\xampp\\htdocs\\kasirpos\\app\\Views\\admin_view.php')
 3 SYSTEMPATH\View\View.php(229): CodeIgniter\View\View->CodeIgniter\View\{closure}()
 4 SYSTEMPATH\Common.php(1167): CodeIgniter\View\View->render('admin_view', [], true)
 5 APPPATH\Controllers\Admin.php(76): view('admin_view', [...])
 6 SYSTEMPATH\CodeIgniter.php(933): App\Controllers\Admin->index()
 7 SYSTEMPATH\CodeIgniter.php(507): CodeIgniter\CodeIgniter->runController(Object(App\Controllers\Admin))
 8 SYSTEMPATH\CodeIgniter.php(354): CodeIgniter\CodeIgniter->handleRequest(null, Object(Config\Cache), false)
 9 SYSTEMPATH\Boot.php(363): CodeIgniter\CodeIgniter->run()
10 SYSTEMPATH\Boot.php(68): CodeIgniter\Boot::runCodeIgniter(Object(CodeIgniter\CodeIgniter))
11 FCPATH\index.php(59): CodeIgniter\Boot::bootWeb(Object(Config\Paths))
12 SYSTEMPATH\rewrite.php(44): require_once('C:\\xampp\\htdocs\\kasirpos\\public\\index.php')
CRITICAL - 2026-04-28 17:34:36 --> ErrorException: Undefined variable $pager
[Method: GET, Route: admin]
in APPPATH\Views\admin_view.php on line 224.
 1 APPPATH\Views\admin_view.php(224): CodeIgniter\Debug\Exceptions->errorHandler(2, 'Undefined variable $pager', 'C:\\xampp\\htdocs\\kasirpos\\app\\Views\\admin_view.php', 224)
 2 SYSTEMPATH\View\View.php(226): include('C:\\xampp\\htdocs\\kasirpos\\app\\Views\\admin_view.php')
 3 SYSTEMPATH\View\View.php(229): CodeIgniter\View\View->CodeIgniter\View\{closure}()
 4 SYSTEMPATH\Common.php(1167): CodeIgniter\View\View->render('admin_view', [], true)
 5 APPPATH\Controllers\Admin.php(76): view('admin_view', [...])
 6 SYSTEMPATH\CodeIgniter.php(933): App\Controllers\Admin->index()
 7 SYSTEMPATH\CodeIgniter.php(507): CodeIgniter\CodeIgniter->runController(Object(App\Controllers\Admin))
 8 SYSTEMPATH\CodeIgniter.php(354): CodeIgniter\CodeIgniter->handleRequest(null, Object(Config\Cache), false)
 9 SYSTEMPATH\Boot.php(363): CodeIgniter\CodeIgniter->run()
10 SYSTEMPATH\Boot.php(68): CodeIgniter\Boot::runCodeIgniter(Object(CodeIgniter\CodeIgniter))
11 FCPATH\index.php(59): CodeIgniter\Boot::bootWeb(Object(Config\Paths))
12 SYSTEMPATH\rewrite.php(44): require_once('C:\\xampp\\htdocs\\kasirpos\\public\\index.php')
CRITICAL - 2026-04-28 17:34:37 --> ErrorException: Undefined variable $pager
[Method: GET, Route: admin]
in APPPATH\Views\admin_view.php on line 224.
 1 APPPATH\Views\admin_view.php(224): CodeIgniter\Debug\Exceptions->errorHandler(2, 'Undefined variable $pager', 'C:\\xampp\\htdocs\\kasirpos\\app\\Views\\admin_view.php', 224)
 2 SYSTEMPATH\View\View.php(226): include('C:\\xampp\\htdocs\\kasirpos\\app\\Views\\admin_view.php')
 3 SYSTEMPATH\View\View.php(229): CodeIgniter\View\View->CodeIgniter\View\{closure}()
 4 SYSTEMPATH\Common.php(1167): CodeIgniter\View\View->render('admin_view', [], true)
 5 APPPATH\Controllers\Admin.php(76): view('admin_view', [...])
 6 SYSTEMPATH\CodeIgniter.php(933): App\Controllers\Admin->index()
 7 SYSTEMPATH\CodeIgniter.php(507): CodeIgniter\CodeIgniter->runController(Object(App\Controllers\Admin))
 8 SYSTEMPATH\CodeIgniter.php(354): CodeIgniter\CodeIgniter->handleRequest(null, Object(Config\Cache), false)
 9 SYSTEMPATH\Boot.php(363): CodeIgniter\CodeIgniter->run()
10 SYSTEMPATH\Boot.php(68): CodeIgniter\Boot::runCodeIgniter(Object(CodeIgniter\CodeIgniter))
11 FCPATH\index.php(59): CodeIgniter\Boot::bootWeb(Object(Config\Paths))
12 SYSTEMPATH\rewrite.php(44): require_once('C:\\xampp\\htdocs\\kasirpos\\public\\index.php')
CRITICAL - 2026-04-28 17:34:37 --> ErrorException: Undefined variable $pager
[Method: GET, Route: admin]
in APPPATH\Views\admin_view.php on line 224.
 1 APPPATH\Views\admin_view.php(224): CodeIgniter\Debug\Exceptions->errorHandler(2, 'Undefined variable $pager', 'C:\\xampp\\htdocs\\kasirpos\\app\\Views\\admin_view.php', 224)
 2 SYSTEMPATH\View\View.php(226): include('C:\\xampp\\htdocs\\kasirpos\\app\\Views\\admin_view.php')
 3 SYSTEMPATH\View\View.php(229): CodeIgniter\View\View->CodeIgniter\View\{closure}()
 4 SYSTEMPATH\Common.php(1167): CodeIgniter\View\View->render('admin_view', [], true)
 5 APPPATH\Controllers\Admin.php(76): view('admin_view', [...])
 6 SYSTEMPATH\CodeIgniter.php(933): App\Controllers\Admin->index()
 7 SYSTEMPATH\CodeIgniter.php(507): CodeIgniter\CodeIgniter->runController(Object(App\Controllers\Admin))
 8 SYSTEMPATH\CodeIgniter.php(354): CodeIgniter\CodeIgniter->handleRequest(null, Object(Config\Cache), false)
 9 SYSTEMPATH\Boot.php(363): CodeIgniter\CodeIgniter->run()
10 SYSTEMPATH\Boot.php(68): CodeIgniter\Boot::runCodeIgniter(Object(CodeIgniter\CodeIgniter))
11 FCPATH\index.php(59): CodeIgniter\Boot::bootWeb(Object(Config\Paths))
12 SYSTEMPATH\rewrite.php(44): require_once('C:\\xampp\\htdocs\\kasirpos\\public\\index.php')
CRITICAL - 2026-04-28 17:34:56 --> ErrorException: Undefined variable $pager
[Method: GET, Route: admin]
in APPPATH\Views\admin_view.php on line 224.
 1 APPPATH\Views\admin_view.php(224): CodeIgniter\Debug\Exceptions->errorHandler(2, 'Undefined variable $pager', 'C:\\xampp\\htdocs\\kasirpos\\app\\Views\\admin_view.php', 224)
 2 SYSTEMPATH\View\View.php(226): include('C:\\xampp\\htdocs\\kasirpos\\app\\Views\\admin_view.php')
 3 SYSTEMPATH\View\View.php(229): CodeIgniter\View\View->CodeIgniter\View\{closure}()
 4 SYSTEMPATH\Common.php(1167): CodeIgniter\View\View->render('admin_view', [], true)
 5 APPPATH\Controllers\Admin.php(76): view('admin_view', [...])
 6 SYSTEMPATH\CodeIgniter.php(933): App\Controllers\Admin->index()
 7 SYSTEMPATH\CodeIgniter.php(507): CodeIgniter\CodeIgniter->runController(Object(App\Controllers\Admin))
 8 SYSTEMPATH\CodeIgniter.php(354): CodeIgniter\CodeIgniter->handleRequest(null, Object(Config\Cache), false)
 9 SYSTEMPATH\Boot.php(363): CodeIgniter\CodeIgniter->run()
10 SYSTEMPATH\Boot.php(68): CodeIgniter\Boot::runCodeIgniter(Object(CodeIgniter\CodeIgniter))
11 FCPATH\index.php(59): CodeIgniter\Boot::bootWeb(Object(Config\Paths))
12 SYSTEMPATH\rewrite.php(44): require_once('C:\\xampp\\htdocs\\kasirpos\\public\\index.php')
CRITICAL - 2026-04-28 17:34:57 --> ErrorException: Undefined variable $pager
[Method: GET, Route: admin]
in APPPATH\Views\admin_view.php on line 224.
 1 APPPATH\Views\admin_view.php(224): CodeIgniter\Debug\Exceptions->errorHandler(2, 'Undefined variable $pager', 'C:\\xampp\\htdocs\\kasirpos\\app\\Views\\admin_view.php', 224)
 2 SYSTEMPATH\View\View.php(226): include('C:\\xampp\\htdocs\\kasirpos\\app\\Views\\admin_view.php')
 3 SYSTEMPATH\View\View.php(229): CodeIgniter\View\View->CodeIgniter\View\{closure}()
 4 SYSTEMPATH\Common.php(1167): CodeIgniter\View\View->render('admin_view', [], true)
 5 APPPATH\Controllers\Admin.php(76): view('admin_view', [...])
 6 SYSTEMPATH\CodeIgniter.php(933): App\Controllers\Admin->index()
 7 SYSTEMPATH\CodeIgniter.php(507): CodeIgniter\CodeIgniter->runController(Object(App\Controllers\Admin))
 8 SYSTEMPATH\CodeIgniter.php(354): CodeIgniter\CodeIgniter->handleRequest(null, Object(Config\Cache), false)
 9 SYSTEMPATH\Boot.php(363): CodeIgniter\CodeIgniter->run()
10 SYSTEMPATH\Boot.php(68): CodeIgniter\Boot::runCodeIgniter(Object(CodeIgniter\CodeIgniter))
11 FCPATH\index.php(59): CodeIgniter\Boot::bootWeb(Object(Config\Paths))
12 SYSTEMPATH\rewrite.php(44): require_once('C:\\xampp\\htdocs\\kasirpos\\public\\index.php')
CRITICAL - 2026-04-28 17:34:57 --> ErrorException: Undefined variable $pager
[Method: GET, Route: admin]
in APPPATH\Views\admin_view.php on line 224.
 1 APPPATH\Views\admin_view.php(224): CodeIgniter\Debug\Exceptions->errorHandler(2, 'Undefined variable $pager', 'C:\\xampp\\htdocs\\kasirpos\\app\\Views\\admin_view.php', 224)
 2 SYSTEMPATH\View\View.php(226): include('C:\\xampp\\htdocs\\kasirpos\\app\\Views\\admin_view.php')
 3 SYSTEMPATH\View\View.php(229): CodeIgniter\View\View->CodeIgniter\View\{closure}()
 4 SYSTEMPATH\Common.php(1167): CodeIgniter\View\View->render('admin_view', [], true)
 5 APPPATH\Controllers\Admin.php(76): view('admin_view', [...])
 6 SYSTEMPATH\CodeIgniter.php(933): App\Controllers\Admin->index()
 7 SYSTEMPATH\CodeIgniter.php(507): CodeIgniter\CodeIgniter->runController(Object(App\Controllers\Admin))
 8 SYSTEMPATH\CodeIgniter.php(354): CodeIgniter\CodeIgniter->handleRequest(null, Object(Config\Cache), false)
 9 SYSTEMPATH\Boot.php(363): CodeIgniter\CodeIgniter->run()
10 SYSTEMPATH\Boot.php(68): CodeIgniter\Boot::runCodeIgniter(Object(CodeIgniter\CodeIgniter))
11 FCPATH\index.php(59): CodeIgniter\Boot::bootWeb(Object(Config\Paths))
12 SYSTEMPATH\rewrite.php(44): require_once('C:\\xampp\\htdocs\\kasirpos\\public\\index.php')
DEBUG - 2026-04-28 17:35:14 --> Session: Class initialized using 'CodeIgniter\Session\Handlers\FileHandler' driver.
CRITICAL - 2026-04-28 17:35:57 --> ErrorException: Undefined variable $pager
[Method: GET, Route: admin]
in APPPATH\Views\admin_view.php on line 224.
 1 APPPATH\Views\admin_view.php(224): CodeIgniter\Debug\Exceptions->errorHandler(2, 'Undefined variable $pager', 'C:\\xampp\\htdocs\\kasirpos\\app\\Views\\admin_view.php', 224)
 2 SYSTEMPATH\View\View.php(226): include('C:\\xampp\\htdocs\\kasirpos\\app\\Views\\admin_view.php')
 3 SYSTEMPATH\View\View.php(229): CodeIgniter\View\View->CodeIgniter\View\{closure}()
 4 SYSTEMPATH\Common.php(1167): CodeIgniter\View\View->render('admin_view', [], true)
 5 APPPATH\Controllers\Admin.php(76): view('admin_view', [...])
 6 SYSTEMPATH\CodeIgniter.php(933): App\Controllers\Admin->index()
 7 SYSTEMPATH\CodeIgniter.php(507): CodeIgniter\CodeIgniter->runController(Object(App\Controllers\Admin))
 8 SYSTEMPATH\CodeIgniter.php(354): CodeIgniter\CodeIgniter->handleRequest(null, Object(Config\Cache), false)
 9 SYSTEMPATH\Boot.php(363): CodeIgniter\CodeIgniter->run()
10 SYSTEMPATH\Boot.php(68): CodeIgniter\Boot::runCodeIgniter(Object(CodeIgniter\CodeIgniter))
11 FCPATH\index.php(59): CodeIgniter\Boot::bootWeb(Object(Config\Paths))
12 SYSTEMPATH\rewrite.php(44): require_once('C:\\xampp\\htdocs\\kasirpos\\public\\index.php')
DEBUG - 2026-04-28 17:36:03 --> Session: Class initialized using 'CodeIgniter\Session\Handlers\FileHandler' driver.
CRITICAL - 2026-04-28 17:37:01 --> ErrorException: Undefined variable $pager
[Method: GET, Route: admin]
in APPPATH\Views\admin_view.php on line 228.
 1 APPPATH\Views\admin_view.php(228): CodeIgniter\Debug\Exceptions->errorHandler(2, 'Undefined variable $pager', 'C:\\xampp\\htdocs\\kasirpos\\app\\Views\\admin_view.php', 228)
 2 SYSTEMPATH\View\View.php(226): include('C:\\xampp\\htdocs\\kasirpos\\app\\Views\\admin_view.php')
 3 SYSTEMPATH\View\View.php(229): CodeIgniter\View\View->CodeIgniter\View\{closure}()
 4 SYSTEMPATH\Common.php(1167): CodeIgniter\View\View->render('admin_view', [], true)
 5 APPPATH\Controllers\Admin.php(76): view('admin_view', [...])
 6 SYSTEMPATH\CodeIgniter.php(933): App\Controllers\Admin->index()
 7 SYSTEMPATH\CodeIgniter.php(507): CodeIgniter\CodeIgniter->runController(Object(App\Controllers\Admin))
 8 SYSTEMPATH\CodeIgniter.php(354): CodeIgniter\CodeIgniter->handleRequest(null, Object(Config\Cache), false)
 9 SYSTEMPATH\Boot.php(363): CodeIgniter\CodeIgniter->run()
10 SYSTEMPATH\Boot.php(68): CodeIgniter\Boot::runCodeIgniter(Object(CodeIgniter\CodeIgniter))
11 FCPATH\index.php(59): CodeIgniter\Boot::bootWeb(Object(Config\Paths))
12 SYSTEMPATH\rewrite.php(44): require_once('C:\\xampp\\htdocs\\kasirpos\\public\\index.php')
CRITICAL - 2026-04-28 17:37:02 --> ErrorException: Undefined variable $pager
[Method: GET, Route: admin]
in APPPATH\Views\admin_view.php on line 228.
 1 APPPATH\Views\admin_view.php(228): CodeIgniter\Debug\Exceptions->errorHandler(2, 'Undefined variable $pager', 'C:\\xampp\\htdocs\\kasirpos\\app\\Views\\admin_view.php', 228)
 2 SYSTEMPATH\View\View.php(226): include('C:\\xampp\\htdocs\\kasirpos\\app\\Views\\admin_view.php')
 3 SYSTEMPATH\View\View.php(229): CodeIgniter\View\View->CodeIgniter\View\{closure}()
 4 SYSTEMPATH\Common.php(1167): CodeIgniter\View\View->render('admin_view', [], true)
 5 APPPATH\Controllers\Admin.php(76): view('admin_view', [...])
 6 SYSTEMPATH\CodeIgniter.php(933): App\Controllers\Admin->index()
 7 SYSTEMPATH\CodeIgniter.php(507): CodeIgniter\CodeIgniter->runController(Object(App\Controllers\Admin))
 8 SYSTEMPATH\CodeIgniter.php(354): CodeIgniter\CodeIgniter->handleRequest(null, Object(Config\Cache), false)
 9 SYSTEMPATH\Boot.php(363): CodeIgniter\CodeIgniter->run()
10 SYSTEMPATH\Boot.php(68): CodeIgniter\Boot::runCodeIgniter(Object(CodeIgniter\CodeIgniter))
11 FCPATH\index.php(59): CodeIgniter\Boot::bootWeb(Object(Config\Paths))
12 SYSTEMPATH\rewrite.php(44): require_once('C:\\xampp\\htdocs\\kasirpos\\public\\index.php')
CRITICAL - 2026-04-28 17:37:03 --> ErrorException: Undefined variable $pager
[Method: GET, Route: admin]
in APPPATH\Views\admin_view.php on line 228.
 1 APPPATH\Views\admin_view.php(228): CodeIgniter\Debug\Exceptions->errorHandler(2, 'Undefined variable $pager', 'C:\\xampp\\htdocs\\kasirpos\\app\\Views\\admin_view.php', 228)
 2 SYSTEMPATH\View\View.php(226): include('C:\\xampp\\htdocs\\kasirpos\\app\\Views\\admin_view.php')
 3 SYSTEMPATH\View\View.php(229): CodeIgniter\View\View->CodeIgniter\View\{closure}()
 4 SYSTEMPATH\Common.php(1167): CodeIgniter\View\View->render('admin_view', [], true)
 5 APPPATH\Controllers\Admin.php(76): view('admin_view', [...])
 6 SYSTEMPATH\CodeIgniter.php(933): App\Controllers\Admin->index()
 7 SYSTEMPATH\CodeIgniter.php(507): CodeIgniter\CodeIgniter->runController(Object(App\Controllers\Admin))
 8 SYSTEMPATH\CodeIgniter.php(354): CodeIgniter\CodeIgniter->handleRequest(null, Object(Config\Cache), false)
 9 SYSTEMPATH\Boot.php(363): CodeIgniter\CodeIgniter->run()
10 SYSTEMPATH\Boot.php(68): CodeIgniter\Boot::runCodeIgniter(Object(CodeIgniter\CodeIgniter))
11 FCPATH\index.php(59): CodeIgniter\Boot::bootWeb(Object(Config\Paths))
12 SYSTEMPATH\rewrite.php(44): require_once('C:\\xampp\\htdocs\\kasirpos\\public\\index.php')
CRITICAL - 2026-04-28 17:37:03 --> ErrorException: Undefined variable $pager
[Method: GET, Route: admin]
in APPPATH\Views\admin_view.php on line 228.
 1 APPPATH\Views\admin_view.php(228): CodeIgniter\Debug\Exceptions->errorHandler(2, 'Undefined variable $pager', 'C:\\xampp\\htdocs\\kasirpos\\app\\Views\\admin_view.php', 228)
 2 SYSTEMPATH\View\View.php(226): include('C:\\xampp\\htdocs\\kasirpos\\app\\Views\\admin_view.php')
 3 SYSTEMPATH\View\View.php(229): CodeIgniter\View\View->CodeIgniter\View\{closure}()
 4 SYSTEMPATH\Common.php(1167): CodeIgniter\View\View->render('admin_view', [], true)
 5 APPPATH\Controllers\Admin.php(76): view('admin_view', [...])
 6 SYSTEMPATH\CodeIgniter.php(933): App\Controllers\Admin->index()
 7 SYSTEMPATH\CodeIgniter.php(507): CodeIgniter\CodeIgniter->runController(Object(App\Controllers\Admin))
 8 SYSTEMPATH\CodeIgniter.php(354): CodeIgniter\CodeIgniter->handleRequest(null, Object(Config\Cache), false)
 9 SYSTEMPATH\Boot.php(363): CodeIgniter\CodeIgniter->run()
10 SYSTEMPATH\Boot.php(68): CodeIgniter\Boot::runCodeIgniter(Object(CodeIgniter\CodeIgniter))
11 FCPATH\index.php(59): CodeIgniter\Boot::bootWeb(Object(Config\Paths))
12 SYSTEMPATH\rewrite.php(44): require_once('C:\\xampp\\htdocs\\kasirpos\\public\\index.php')
CRITICAL - 2026-04-28 17:37:59 --> ErrorException: Undefined variable $pager
[Method: GET, Route: admin]
in APPPATH\Views\admin_view.php on line 228.
 1 APPPATH\Views\admin_view.php(228): CodeIgniter\Debug\Exceptions->errorHandler(2, 'Undefined variable $pager', 'C:\\xampp\\htdocs\\kasirpos\\app\\Views\\admin_view.php', 228)
 2 SYSTEMPATH\View\View.php(226): include('C:\\xampp\\htdocs\\kasirpos\\app\\Views\\admin_view.php')
 3 SYSTEMPATH\View\View.php(229): CodeIgniter\View\View->CodeIgniter\View\{closure}()
 4 SYSTEMPATH\Common.php(1167): CodeIgniter\View\View->render('admin_view', [], true)
 5 APPPATH\Controllers\Admin.php(76): view('admin_view', [...])
 6 SYSTEMPATH\CodeIgniter.php(933): App\Controllers\Admin->index()
 7 SYSTEMPATH\CodeIgniter.php(507): CodeIgniter\CodeIgniter->runController(Object(App\Controllers\Admin))
 8 SYSTEMPATH\CodeIgniter.php(354): CodeIgniter\CodeIgniter->handleRequest(null, Object(Config\Cache), false)
 9 SYSTEMPATH\Boot.php(363): CodeIgniter\CodeIgniter->run()
10 SYSTEMPATH\Boot.php(68): CodeIgniter\Boot::runCodeIgniter(Object(CodeIgniter\CodeIgniter))
11 FCPATH\index.php(59): CodeIgniter\Boot::bootWeb(Object(Config\Paths))
12 SYSTEMPATH\rewrite.php(44): require_once('C:\\xampp\\htdocs\\kasirpos\\public\\index.php')
CRITICAL - 2026-04-28 17:38:00 --> ErrorException: Undefined variable $pager
[Method: GET, Route: admin]
in APPPATH\Views\admin_view.php on line 228.
 1 APPPATH\Views\admin_view.php(228): CodeIgniter\Debug\Exceptions->errorHandler(2, 'Undefined variable $pager', 'C:\\xampp\\htdocs\\kasirpos\\app\\Views\\admin_view.php', 228)
 2 SYSTEMPATH\View\View.php(226): include('C:\\xampp\\htdocs\\kasirpos\\app\\Views\\admin_view.php')
 3 SYSTEMPATH\View\View.php(229): CodeIgniter\View\View->CodeIgniter\View\{closure}()
 4 SYSTEMPATH\Common.php(1167): CodeIgniter\View\View->render('admin_view', [], true)
 5 APPPATH\Controllers\Admin.php(76): view('admin_view', [...])
 6 SYSTEMPATH\CodeIgniter.php(933): App\Controllers\Admin->index()
 7 SYSTEMPATH\CodeIgniter.php(507): CodeIgniter\CodeIgniter->runController(Object(App\Controllers\Admin))
 8 SYSTEMPATH\CodeIgniter.php(354): CodeIgniter\CodeIgniter->handleRequest(null, Object(Config\Cache), false)
 9 SYSTEMPATH\Boot.php(363): CodeIgniter\CodeIgniter->run()
10 SYSTEMPATH\Boot.php(68): CodeIgniter\Boot::runCodeIgniter(Object(CodeIgniter\CodeIgniter))
11 FCPATH\index.php(59): CodeIgniter\Boot::bootWeb(Object(Config\Paths))
12 SYSTEMPATH\rewrite.php(44): require_once('C:\\xampp\\htdocs\\kasirpos\\public\\index.php')
CRITICAL - 2026-04-28 17:38:00 --> ErrorException: Undefined variable $pager
[Method: GET, Route: admin]
in APPPATH\Views\admin_view.php on line 228.
 1 APPPATH\Views\admin_view.php(228): CodeIgniter\Debug\Exceptions->errorHandler(2, 'Undefined variable $pager', 'C:\\xampp\\htdocs\\kasirpos\\app\\Views\\admin_view.php', 228)
 2 SYSTEMPATH\View\View.php(226): include('C:\\xampp\\htdocs\\kasirpos\\app\\Views\\admin_view.php')
 3 SYSTEMPATH\View\View.php(229): CodeIgniter\View\View->CodeIgniter\View\{closure}()
 4 SYSTEMPATH\Common.php(1167): CodeIgniter\View\View->render('admin_view', [], true)
 5 APPPATH\Controllers\Admin.php(76): view('admin_view', [...])
 6 SYSTEMPATH\CodeIgniter.php(933): App\Controllers\Admin->index()
 7 SYSTEMPATH\CodeIgniter.php(507): CodeIgniter\CodeIgniter->runController(Object(App\Controllers\Admin))
 8 SYSTEMPATH\CodeIgniter.php(354): CodeIgniter\CodeIgniter->handleRequest(null, Object(Config\Cache), false)
 9 SYSTEMPATH\Boot.php(363): CodeIgniter\CodeIgniter->run()
10 SYSTEMPATH\Boot.php(68): CodeIgniter\Boot::runCodeIgniter(Object(CodeIgniter\CodeIgniter))
11 FCPATH\index.php(59): CodeIgniter\Boot::bootWeb(Object(Config\Paths))
12 SYSTEMPATH\rewrite.php(44): require_once('C:\\xampp\\htdocs\\kasirpos\\public\\index.php')
CRITICAL - 2026-04-28 17:38:00 --> ErrorException: Undefined variable $pager
[Method: GET, Route: admin]
in APPPATH\Views\admin_view.php on line 228.
 1 APPPATH\Views\admin_view.php(228): CodeIgniter\Debug\Exceptions->errorHandler(2, 'Undefined variable $pager', 'C:\\xampp\\htdocs\\kasirpos\\app\\Views\\admin_view.php', 228)
 2 SYSTEMPATH\View\View.php(226): include('C:\\xampp\\htdocs\\kasirpos\\app\\Views\\admin_view.php')
 3 SYSTEMPATH\View\View.php(229): CodeIgniter\View\View->CodeIgniter\View\{closure}()
 4 SYSTEMPATH\Common.php(1167): CodeIgniter\View\View->render('admin_view', [], true)
 5 APPPATH\Controllers\Admin.php(76): view('admin_view', [...])
 6 SYSTEMPATH\CodeIgniter.php(933): App\Controllers\Admin->index()
 7 SYSTEMPATH\CodeIgniter.php(507): CodeIgniter\CodeIgniter->runController(Object(App\Controllers\Admin))
 8 SYSTEMPATH\CodeIgniter.php(354): CodeIgniter\CodeIgniter->handleRequest(null, Object(Config\Cache), false)
 9 SYSTEMPATH\Boot.php(363): CodeIgniter\CodeIgniter->run()
10 SYSTEMPATH\Boot.php(68): CodeIgniter\Boot::runCodeIgniter(Object(CodeIgniter\CodeIgniter))
11 FCPATH\index.php(59): CodeIgniter\Boot::bootWeb(Object(Config\Paths))
12 SYSTEMPATH\rewrite.php(44): require_once('C:\\xampp\\htdocs\\kasirpos\\public\\index.php')
DEBUG - 2026-04-28 17:40:51 --> Session: Class initialized using 'CodeIgniter\Session\Handlers\FileHandler' driver.
CRITICAL - 2026-04-28 17:41:04 --> ErrorException: Undefined variable $pager
[Method: GET, Route: admin]
in APPPATH\Views\admin_view.php on line 226.
 1 APPPATH\Views\admin_view.php(226): CodeIgniter\Debug\Exceptions->errorHandler(2, 'Undefined variable $pager', 'C:\\xampp\\htdocs\\kasirpos\\app\\Views\\admin_view.php', 226)
 2 SYSTEMPATH\View\View.php(226): include('C:\\xampp\\htdocs\\kasirpos\\app\\Views\\admin_view.php')
 3 SYSTEMPATH\View\View.php(229): CodeIgniter\View\View->CodeIgniter\View\{closure}()
 4 SYSTEMPATH\Common.php(1167): CodeIgniter\View\View->render('admin_view', [], true)
 5 APPPATH\Controllers\Admin.php(76): view('admin_view', [...])
 6 SYSTEMPATH\CodeIgniter.php(933): App\Controllers\Admin->index()
 7 SYSTEMPATH\CodeIgniter.php(507): CodeIgniter\CodeIgniter->runController(Object(App\Controllers\Admin))
 8 SYSTEMPATH\CodeIgniter.php(354): CodeIgniter\CodeIgniter->handleRequest(null, Object(Config\Cache), false)
 9 SYSTEMPATH\Boot.php(363): CodeIgniter\CodeIgniter->run()
10 SYSTEMPATH\Boot.php(68): CodeIgniter\Boot::runCodeIgniter(Object(CodeIgniter\CodeIgniter))
11 FCPATH\index.php(59): CodeIgniter\Boot::bootWeb(Object(Config\Paths))
12 SYSTEMPATH\rewrite.php(44): require_once('C:\\xampp\\htdocs\\kasirpos\\public\\index.php')
DEBUG - 2026-04-28 17:42:02 --> Session: Class initialized using 'CodeIgniter\Session\Handlers\FileHandler' driver.
DEBUG - 2026-04-28 17:42:10 --> Session: Class initialized using 'CodeIgniter\Session\Handlers\FileHandler' driver.
DEBUG - 2026-04-28 17:42:16 --> Session: Class initialized using 'CodeIgniter\Session\Handlers\FileHandler' driver.
DEBUG - 2026-04-28 17:43:36 --> Session: Class initialized using 'CodeIgniter\Session\Handlers\FileHandler' driver.
DEBUG - 2026-04-28 17:43:38 --> Session: Class initialized using 'CodeIgniter\Session\Handlers\FileHandler' driver.
DEBUG - 2026-04-28 17:43:38 --> Session: Class initialized using 'CodeIgniter\Session\Handlers\FileHandler' driver.
DEBUG - 2026-04-28 17:43:38 --> Session: Class initialized using 'CodeIgniter\Session\Handlers\FileHandler' driver.
DEBUG - 2026-04-28 17:43:38 --> Session: Class initialized using 'CodeIgniter\Session\Handlers\FileHandler' driver.
DEBUG - 2026-04-28 17:44:13 --> Session: Class initialized using 'CodeIgniter\Session\Handlers\FileHandler' driver.
DEBUG - 2026-04-28 17:44:16 --> Session: Class initialized using 'CodeIgniter\Session\Handlers\FileHandler' driver.
DEBUG - 2026-04-28 17:44:16 --> Session: Class initialized using 'CodeIgniter\Session\Handlers\FileHandler' driver.
DEBUG - 2026-04-28 17:44:16 --> Session: Class initialized using 'CodeIgniter\Session\Handlers\FileHandler' driver.
DEBUG - 2026-04-28 17:44:17 --> Session: Class initialized using 'CodeIgniter\Session\Handlers\FileHandler' driver.
DEBUG - 2026-04-28 17:44:19 --> Session: Class initialized using 'CodeIgniter\Session\Handlers\FileHandler' driver.
DEBUG - 2026-04-28 17:44:21 --> Session: Class initialized using 'CodeIgniter\Session\Handlers\FileHandler' driver.
DEBUG - 2026-04-28 17:44:22 --> Session: Class initialized using 'CodeIgniter\Session\Handlers\FileHandler' driver.
DEBUG - 2026-04-28 17:44:28 --> Session: Class initialized using 'CodeIgniter\Session\Handlers\FileHandler' driver.
DEBUG - 2026-04-28 17:44:36 --> Session: Class initialized using 'CodeIgniter\Session\Handlers\FileHandler' driver.
DEBUG - 2026-04-28 17:44:46 --> Session: Class initialized using 'CodeIgniter\Session\Handlers\FileHandler' driver.
DEBUG - 2026-04-28 17:44:48 --> Session: Class initialized using 'CodeIgniter\Session\Handlers\FileHandler' driver.
DEBUG - 2026-04-28 17:44:50 --> Session: Class initialized using 'CodeIgniter\Session\Handlers\FileHandler' driver.
DEBUG - 2026-04-28 17:45:18 --> Session: Class initialized using 'CodeIgniter\Session\Handlers\FileHandler' driver.
DEBUG - 2026-04-28 17:45:32 --> Session: Class initialized using 'CodeIgniter\Session\Handlers\FileHandler' driver.
DEBUG - 2026-04-28 17:46:09 --> Session: Class initialized using 'CodeIgniter\Session\Handlers\FileHandler' driver.
DEBUG - 2026-04-28 17:46:09 --> Session: Class initialized using 'CodeIgniter\Session\Handlers\FileHandler' driver.
DEBUG - 2026-04-28 17:46:10 --> Session: Class initialized using 'CodeIgniter\Session\Handlers\FileHandler' driver.
DEBUG - 2026-04-28 17:46:10 --> Session: Class initialized using 'CodeIgniter\Session\Handlers\FileHandler' driver.
DEBUG - 2026-04-28 17:46:11 --> Session: Class initialized using 'CodeIgniter\Session\Handlers\FileHandler' driver.
DEBUG - 2026-04-28 17:46:12 --> Session: Class initialized using 'CodeIgniter\Session\Handlers\FileHandler' driver.
CRITICAL - 2026-04-28 17:47:20 --> ParseError: syntax error, unexpected token "exit", expecting "function" or "const"
[Method: GET, Route: admin]
in APPPATH\Controllers\Admin.php on line 142.
 1 SYSTEMPATH\Autoloader\Autoloader.php(295): CodeIgniter\Autoloader\Autoloader->includeFile('C:\\xampp\\htdocs\\kasirpos\\app\\Controllers\\Admin.php')
 2 SYSTEMPATH\Autoloader\Autoloader.php(271): CodeIgniter\Autoloader\Autoloader->loadInNamespace('App\\Controllers\\Admin')
 3 [internal function]: CodeIgniter\Autoloader\Autoloader->loadClass('App\\Controllers\\Admin')
 4 SYSTEMPATH\CodeIgniter.php(885): class_exists('\\App\\Controllers\\Admin', true)
 5 SYSTEMPATH\CodeIgniter.php(494): CodeIgniter\CodeIgniter->startController()
 6 SYSTEMPATH\CodeIgniter.php(354): CodeIgniter\CodeIgniter->handleRequest(null, Object(Config\Cache), false)
 7 SYSTEMPATH\Boot.php(363): CodeIgniter\CodeIgniter->run()
 8 SYSTEMPATH\Boot.php(68): CodeIgniter\Boot::runCodeIgniter(Object(CodeIgniter\CodeIgniter))
 9 FCPATH\index.php(59): CodeIgniter\Boot::bootWeb(Object(Config\Paths))
10 SYSTEMPATH\rewrite.php(44): require_once('C:\\xampp\\htdocs\\kasirpos\\public\\index.php')
DEBUG - 2026-04-28 17:48:33 --> Session: Class initialized using 'CodeIgniter\Session\Handlers\FileHandler' driver.
DEBUG - 2026-04-28 17:48:49 --> Session: Class initialized using 'CodeIgniter\Session\Handlers\FileHandler' driver.
DEBUG - 2026-04-28 17:49:01 --> Session: Class initialized using 'CodeIgniter\Session\Handlers\FileHandler' driver.
DEBUG - 2026-04-28 17:49:02 --> Session: Class initialized using 'CodeIgniter\Session\Handlers\FileHandler' driver.
DEBUG - 2026-04-28 17:49:03 --> Session: Class initialized using 'CodeIgniter\Session\Handlers\FileHandler' driver.
DEBUG - 2026-04-28 17:50:18 --> Session: Class initialized using 'CodeIgniter\Session\Handlers\FileHandler' driver.
CRITICAL - 2026-04-28 17:51:48 --> ErrorException: Undefined variable $model
[Method: GET, Route: admin]
in APPPATH\Controllers\Admin.php on line 76.
 1 APPPATH\Controllers\Admin.php(76): CodeIgniter\Debug\Exceptions->errorHandler(2, 'Undefined variable $model', 'C:\\xampp\\htdocs\\kasirpos\\app\\Controllers\\Admin.php', 76)
 2 SYSTEMPATH\CodeIgniter.php(933): App\Controllers\Admin->index()
 3 SYSTEMPATH\CodeIgniter.php(507): CodeIgniter\CodeIgniter->runController(Object(App\Controllers\Admin))
 4 SYSTEMPATH\CodeIgniter.php(354): CodeIgniter\CodeIgniter->handleRequest(null, Object(Config\Cache), false)
 5 SYSTEMPATH\Boot.php(363): CodeIgniter\CodeIgniter->run()
 6 SYSTEMPATH\Boot.php(68): CodeIgniter\Boot::runCodeIgniter(Object(CodeIgniter\CodeIgniter))
 7 FCPATH\index.php(59): CodeIgniter\Boot::bootWeb(Object(Config\Paths))
 8 SYSTEMPATH\rewrite.php(44): require_once('C:\\xampp\\htdocs\\kasirpos\\public\\index.php')
CRITICAL - 2026-04-28 17:52:34 --> ErrorException: Undefined variable $model
[Method: GET, Route: admin]
in APPPATH\Controllers\Admin.php on line 76.
 1 APPPATH\Controllers\Admin.php(76): CodeIgniter\Debug\Exceptions->errorHandler(2, 'Undefined variable $model', 'C:\\xampp\\htdocs\\kasirpos\\app\\Controllers\\Admin.php', 76)
 2 SYSTEMPATH\CodeIgniter.php(933): App\Controllers\Admin->index()
 3 SYSTEMPATH\CodeIgniter.php(507): CodeIgniter\CodeIgniter->runController(Object(App\Controllers\Admin))
 4 SYSTEMPATH\CodeIgniter.php(354): CodeIgniter\CodeIgniter->handleRequest(null, Object(Config\Cache), false)
 5 SYSTEMPATH\Boot.php(363): CodeIgniter\CodeIgniter->run()
 6 SYSTEMPATH\Boot.php(68): CodeIgniter\Boot::runCodeIgniter(Object(CodeIgniter\CodeIgniter))
 7 FCPATH\index.php(59): CodeIgniter\Boot::bootWeb(Object(Config\Paths))
 8 SYSTEMPATH\rewrite.php(44): require_once('C:\\xampp\\htdocs\\kasirpos\\public\\index.php')
CRITICAL - 2026-04-28 17:52:35 --> ErrorException: Undefined variable $model
[Method: GET, Route: admin]
in APPPATH\Controllers\Admin.php on line 76.
 1 APPPATH\Controllers\Admin.php(76): CodeIgniter\Debug\Exceptions->errorHandler(2, 'Undefined variable $model', 'C:\\xampp\\htdocs\\kasirpos\\app\\Controllers\\Admin.php', 76)
 2 SYSTEMPATH\CodeIgniter.php(933): App\Controllers\Admin->index()
 3 SYSTEMPATH\CodeIgniter.php(507): CodeIgniter\CodeIgniter->runController(Object(App\Controllers\Admin))
 4 SYSTEMPATH\CodeIgniter.php(354): CodeIgniter\CodeIgniter->handleRequest(null, Object(Config\Cache), false)
 5 SYSTEMPATH\Boot.php(363): CodeIgniter\CodeIgniter->run()
 6 SYSTEMPATH\Boot.php(68): CodeIgniter\Boot::runCodeIgniter(Object(CodeIgniter\CodeIgniter))
 7 FCPATH\index.php(59): CodeIgniter\Boot::bootWeb(Object(Config\Paths))
 8 SYSTEMPATH\rewrite.php(44): require_once('C:\\xampp\\htdocs\\kasirpos\\public\\index.php')
CRITICAL - 2026-04-28 17:52:35 --> ErrorException: Undefined variable $model
[Method: GET, Route: admin]
in APPPATH\Controllers\Admin.php on line 76.
 1 APPPATH\Controllers\Admin.php(76): CodeIgniter\Debug\Exceptions->errorHandler(2, 'Undefined variable $model', 'C:\\xampp\\htdocs\\kasirpos\\app\\Controllers\\Admin.php', 76)
 2 SYSTEMPATH\CodeIgniter.php(933): App\Controllers\Admin->index()
 3 SYSTEMPATH\CodeIgniter.php(507): CodeIgniter\CodeIgniter->runController(Object(App\Controllers\Admin))
 4 SYSTEMPATH\CodeIgniter.php(354): CodeIgniter\CodeIgniter->handleRequest(null, Object(Config\Cache), false)
 5 SYSTEMPATH\Boot.php(363): CodeIgniter\CodeIgniter->run()
 6 SYSTEMPATH\Boot.php(68): CodeIgniter\Boot::runCodeIgniter(Object(CodeIgniter\CodeIgniter))
 7 FCPATH\index.php(59): CodeIgniter\Boot::bootWeb(Object(Config\Paths))
 8 SYSTEMPATH\rewrite.php(44): require_once('C:\\xampp\\htdocs\\kasirpos\\public\\index.php')
CRITICAL - 2026-04-28 17:52:35 --> ErrorException: Undefined variable $model
[Method: GET, Route: admin]
in APPPATH\Controllers\Admin.php on line 76.
 1 APPPATH\Controllers\Admin.php(76): CodeIgniter\Debug\Exceptions->errorHandler(2, 'Undefined variable $model', 'C:\\xampp\\htdocs\\kasirpos\\app\\Controllers\\Admin.php', 76)
 2 SYSTEMPATH\CodeIgniter.php(933): App\Controllers\Admin->index()
 3 SYSTEMPATH\CodeIgniter.php(507): CodeIgniter\CodeIgniter->runController(Object(App\Controllers\Admin))
 4 SYSTEMPATH\CodeIgniter.php(354): CodeIgniter\CodeIgniter->handleRequest(null, Object(Config\Cache), false)
 5 SYSTEMPATH\Boot.php(363): CodeIgniter\CodeIgniter->run()
 6 SYSTEMPATH\Boot.php(68): CodeIgniter\Boot::runCodeIgniter(Object(CodeIgniter\CodeIgniter))
 7 FCPATH\index.php(59): CodeIgniter\Boot::bootWeb(Object(Config\Paths))
 8 SYSTEMPATH\rewrite.php(44): require_once('C:\\xampp\\htdocs\\kasirpos\\public\\index.php')
CRITICAL - 2026-04-28 17:52:36 --> ErrorException: Undefined variable $model
[Method: GET, Route: admin]
in APPPATH\Controllers\Admin.php on line 76.
 1 APPPATH\Controllers\Admin.php(76): CodeIgniter\Debug\Exceptions->errorHandler(2, 'Undefined variable $model', 'C:\\xampp\\htdocs\\kasirpos\\app\\Controllers\\Admin.php', 76)
 2 SYSTEMPATH\CodeIgniter.php(933): App\Controllers\Admin->index()
 3 SYSTEMPATH\CodeIgniter.php(507): CodeIgniter\CodeIgniter->runController(Object(App\Controllers\Admin))
 4 SYSTEMPATH\CodeIgniter.php(354): CodeIgniter\CodeIgniter->handleRequest(null, Object(Config\Cache), false)
 5 SYSTEMPATH\Boot.php(363): CodeIgniter\CodeIgniter->run()
 6 SYSTEMPATH\Boot.php(68): CodeIgniter\Boot::runCodeIgniter(Object(CodeIgniter\CodeIgniter))
 7 FCPATH\index.php(59): CodeIgniter\Boot::bootWeb(Object(Config\Paths))
 8 SYSTEMPATH\rewrite.php(44): require_once('C:\\xampp\\htdocs\\kasirpos\\public\\index.php')
CRITICAL - 2026-04-28 17:52:36 --> ErrorException: Undefined variable $model
[Method: GET, Route: admin]
in APPPATH\Controllers\Admin.php on line 76.
 1 APPPATH\Controllers\Admin.php(76): CodeIgniter\Debug\Exceptions->errorHandler(2, 'Undefined variable $model', 'C:\\xampp\\htdocs\\kasirpos\\app\\Controllers\\Admin.php', 76)
 2 SYSTEMPATH\CodeIgniter.php(933): App\Controllers\Admin->index()
 3 SYSTEMPATH\CodeIgniter.php(507): CodeIgniter\CodeIgniter->runController(Object(App\Controllers\Admin))
 4 SYSTEMPATH\CodeIgniter.php(354): CodeIgniter\CodeIgniter->handleRequest(null, Object(Config\Cache), false)
 5 SYSTEMPATH\Boot.php(363): CodeIgniter\CodeIgniter->run()
 6 SYSTEMPATH\Boot.php(68): CodeIgniter\Boot::runCodeIgniter(Object(CodeIgniter\CodeIgniter))
 7 FCPATH\index.php(59): CodeIgniter\Boot::bootWeb(Object(Config\Paths))
 8 SYSTEMPATH\rewrite.php(44): require_once('C:\\xampp\\htdocs\\kasirpos\\public\\index.php')
CRITICAL - 2026-04-28 17:52:36 --> ErrorException: Undefined variable $model
[Method: GET, Route: admin]
in APPPATH\Controllers\Admin.php on line 76.
 1 APPPATH\Controllers\Admin.php(76): CodeIgniter\Debug\Exceptions->errorHandler(2, 'Undefined variable $model', 'C:\\xampp\\htdocs\\kasirpos\\app\\Controllers\\Admin.php', 76)
 2 SYSTEMPATH\CodeIgniter.php(933): App\Controllers\Admin->index()
 3 SYSTEMPATH\CodeIgniter.php(507): CodeIgniter\CodeIgniter->runController(Object(App\Controllers\Admin))
 4 SYSTEMPATH\CodeIgniter.php(354): CodeIgniter\CodeIgniter->handleRequest(null, Object(Config\Cache), false)
 5 SYSTEMPATH\Boot.php(363): CodeIgniter\CodeIgniter->run()
 6 SYSTEMPATH\Boot.php(68): CodeIgniter\Boot::runCodeIgniter(Object(CodeIgniter\CodeIgniter))
 7 FCPATH\index.php(59): CodeIgniter\Boot::bootWeb(Object(Config\Paths))
 8 SYSTEMPATH\rewrite.php(44): require_once('C:\\xampp\\htdocs\\kasirpos\\public\\index.php')
CRITICAL - 2026-04-28 17:53:17 --> ErrorException: Undefined variable $model
[Method: GET, Route: admin]
in APPPATH\Controllers\Admin.php on line 76.
 1 APPPATH\Controllers\Admin.php(76): CodeIgniter\Debug\Exceptions->errorHandler(2, 'Undefined variable $model', 'C:\\xampp\\htdocs\\kasirpos\\app\\Controllers\\Admin.php', 76)
 2 SYSTEMPATH\CodeIgniter.php(933): App\Controllers\Admin->index()
 3 SYSTEMPATH\CodeIgniter.php(507): CodeIgniter\CodeIgniter->runController(Object(App\Controllers\Admin))
 4 SYSTEMPATH\CodeIgniter.php(354): CodeIgniter\CodeIgniter->handleRequest(null, Object(Config\Cache), false)
 5 SYSTEMPATH\Boot.php(363): CodeIgniter\CodeIgniter->run()
 6 SYSTEMPATH\Boot.php(68): CodeIgniter\Boot::runCodeIgniter(Object(CodeIgniter\CodeIgniter))
 7 FCPATH\index.php(59): CodeIgniter\Boot::bootWeb(Object(Config\Paths))
 8 SYSTEMPATH\rewrite.php(44): require_once('C:\\xampp\\htdocs\\kasirpos\\public\\index.php')
CRITICAL - 2026-04-28 17:53:18 --> ErrorException: Undefined variable $model
[Method: GET, Route: admin]
in APPPATH\Controllers\Admin.php on line 76.
 1 APPPATH\Controllers\Admin.php(76): CodeIgniter\Debug\Exceptions->errorHandler(2, 'Undefined variable $model', 'C:\\xampp\\htdocs\\kasirpos\\app\\Controllers\\Admin.php', 76)
 2 SYSTEMPATH\CodeIgniter.php(933): App\Controllers\Admin->index()
 3 SYSTEMPATH\CodeIgniter.php(507): CodeIgniter\CodeIgniter->runController(Object(App\Controllers\Admin))
 4 SYSTEMPATH\CodeIgniter.php(354): CodeIgniter\CodeIgniter->handleRequest(null, Object(Config\Cache), false)
 5 SYSTEMPATH\Boot.php(363): CodeIgniter\CodeIgniter->run()
 6 SYSTEMPATH\Boot.php(68): CodeIgniter\Boot::runCodeIgniter(Object(CodeIgniter\CodeIgniter))
 7 FCPATH\index.php(59): CodeIgniter\Boot::bootWeb(Object(Config\Paths))
 8 SYSTEMPATH\rewrite.php(44): require_once('C:\\xampp\\htdocs\\kasirpos\\public\\index.php')
CRITICAL - 2026-04-28 17:53:18 --> ErrorException: Undefined variable $model
[Method: GET, Route: admin]
in APPPATH\Controllers\Admin.php on line 76.
 1 APPPATH\Controllers\Admin.php(76): CodeIgniter\Debug\Exceptions->errorHandler(2, 'Undefined variable $model', 'C:\\xampp\\htdocs\\kasirpos\\app\\Controllers\\Admin.php', 76)
 2 SYSTEMPATH\CodeIgniter.php(933): App\Controllers\Admin->index()
 3 SYSTEMPATH\CodeIgniter.php(507): CodeIgniter\CodeIgniter->runController(Object(App\Controllers\Admin))
 4 SYSTEMPATH\CodeIgniter.php(354): CodeIgniter\CodeIgniter->handleRequest(null, Object(Config\Cache), false)
 5 SYSTEMPATH\Boot.php(363): CodeIgniter\CodeIgniter->run()
 6 SYSTEMPATH\Boot.php(68): CodeIgniter\Boot::runCodeIgniter(Object(CodeIgniter\CodeIgniter))
 7 FCPATH\index.php(59): CodeIgniter\Boot::bootWeb(Object(Config\Paths))
 8 SYSTEMPATH\rewrite.php(44): require_once('C:\\xampp\\htdocs\\kasirpos\\public\\index.php')
CRITICAL - 2026-04-28 17:53:18 --> ErrorException: Undefined variable $model
[Method: GET, Route: admin]
in APPPATH\Controllers\Admin.php on line 76.
 1 APPPATH\Controllers\Admin.php(76): CodeIgniter\Debug\Exceptions->errorHandler(2, 'Undefined variable $model', 'C:\\xampp\\htdocs\\kasirpos\\app\\Controllers\\Admin.php', 76)
 2 SYSTEMPATH\CodeIgniter.php(933): App\Controllers\Admin->index()
 3 SYSTEMPATH\CodeIgniter.php(507): CodeIgniter\CodeIgniter->runController(Object(App\Controllers\Admin))
 4 SYSTEMPATH\CodeIgniter.php(354): CodeIgniter\CodeIgniter->handleRequest(null, Object(Config\Cache), false)
 5 SYSTEMPATH\Boot.php(363): CodeIgniter\CodeIgniter->run()
 6 SYSTEMPATH\Boot.php(68): CodeIgniter\Boot::runCodeIgniter(Object(CodeIgniter\CodeIgniter))
 7 FCPATH\index.php(59): CodeIgniter\Boot::bootWeb(Object(Config\Paths))
 8 SYSTEMPATH\rewrite.php(44): require_once('C:\\xampp\\htdocs\\kasirpos\\public\\index.php')
CRITICAL - 2026-04-28 17:53:58 --> ErrorException: Undefined variable $model
[Method: GET, Route: admin]
in APPPATH\Controllers\Admin.php on line 76.
 1 APPPATH\Controllers\Admin.php(76): CodeIgniter\Debug\Exceptions->errorHandler(2, 'Undefined variable $model', 'C:\\xampp\\htdocs\\kasirpos\\app\\Controllers\\Admin.php', 76)
 2 SYSTEMPATH\CodeIgniter.php(933): App\Controllers\Admin->index()
 3 SYSTEMPATH\CodeIgniter.php(507): CodeIgniter\CodeIgniter->runController(Object(App\Controllers\Admin))
 4 SYSTEMPATH\CodeIgniter.php(354): CodeIgniter\CodeIgniter->handleRequest(null, Object(Config\Cache), false)
 5 SYSTEMPATH\Boot.php(363): CodeIgniter\CodeIgniter->run()
 6 SYSTEMPATH\Boot.php(68): CodeIgniter\Boot::runCodeIgniter(Object(CodeIgniter\CodeIgniter))
 7 FCPATH\index.php(59): CodeIgniter\Boot::bootWeb(Object(Config\Paths))
 8 SYSTEMPATH\rewrite.php(44): require_once('C:\\xampp\\htdocs\\kasirpos\\public\\index.php')
CRITICAL - 2026-04-28 17:53:58 --> ErrorException: Undefined variable $model
[Method: GET, Route: admin]
in APPPATH\Controllers\Admin.php on line 76.
 1 APPPATH\Controllers\Admin.php(76): CodeIgniter\Debug\Exceptions->errorHandler(2, 'Undefined variable $model', 'C:\\xampp\\htdocs\\kasirpos\\app\\Controllers\\Admin.php', 76)
 2 SYSTEMPATH\CodeIgniter.php(933): App\Controllers\Admin->index()
 3 SYSTEMPATH\CodeIgniter.php(507): CodeIgniter\CodeIgniter->runController(Object(App\Controllers\Admin))
 4 SYSTEMPATH\CodeIgniter.php(354): CodeIgniter\CodeIgniter->handleRequest(null, Object(Config\Cache), false)
 5 SYSTEMPATH\Boot.php(363): CodeIgniter\CodeIgniter->run()
 6 SYSTEMPATH\Boot.php(68): CodeIgniter\Boot::runCodeIgniter(Object(CodeIgniter\CodeIgniter))
 7 FCPATH\index.php(59): CodeIgniter\Boot::bootWeb(Object(Config\Paths))
 8 SYSTEMPATH\rewrite.php(44): require_once('C:\\xampp\\htdocs\\kasirpos\\public\\index.php')
CRITICAL - 2026-04-28 17:54:12 --> ErrorException: Undefined variable $model
[Method: GET, Route: admin]
in APPPATH\Controllers\Admin.php on line 76.
 1 APPPATH\Controllers\Admin.php(76): CodeIgniter\Debug\Exceptions->errorHandler(2, 'Undefined variable $model', 'C:\\xampp\\htdocs\\kasirpos\\app\\Controllers\\Admin.php', 76)
 2 SYSTEMPATH\CodeIgniter.php(933): App\Controllers\Admin->index()
 3 SYSTEMPATH\CodeIgniter.php(507): CodeIgniter\CodeIgniter->runController(Object(App\Controllers\Admin))
 4 SYSTEMPATH\CodeIgniter.php(354): CodeIgniter\CodeIgniter->handleRequest(null, Object(Config\Cache), false)
 5 SYSTEMPATH\Boot.php(363): CodeIgniter\CodeIgniter->run()
 6 SYSTEMPATH\Boot.php(68): CodeIgniter\Boot::runCodeIgniter(Object(CodeIgniter\CodeIgniter))
 7 FCPATH\index.php(59): CodeIgniter\Boot::bootWeb(Object(Config\Paths))
 8 SYSTEMPATH\rewrite.php(44): require_once('C:\\xampp\\htdocs\\kasirpos\\public\\index.php')
CRITICAL - 2026-04-28 17:54:15 --> ErrorException: Undefined variable $model
[Method: GET, Route: admin]
in APPPATH\Controllers\Admin.php on line 76.
 1 APPPATH\Controllers\Admin.php(76): CodeIgniter\Debug\Exceptions->errorHandler(2, 'Undefined variable $model', 'C:\\xampp\\htdocs\\kasirpos\\app\\Controllers\\Admin.php', 76)
 2 SYSTEMPATH\CodeIgniter.php(933): App\Controllers\Admin->index()
 3 SYSTEMPATH\CodeIgniter.php(507): CodeIgniter\CodeIgniter->runController(Object(App\Controllers\Admin))
 4 SYSTEMPATH\CodeIgniter.php(354): CodeIgniter\CodeIgniter->handleRequest(null, Object(Config\Cache), false)
 5 SYSTEMPATH\Boot.php(363): CodeIgniter\CodeIgniter->run()
 6 SYSTEMPATH\Boot.php(68): CodeIgniter\Boot::runCodeIgniter(Object(CodeIgniter\CodeIgniter))
 7 FCPATH\index.php(59): CodeIgniter\Boot::bootWeb(Object(Config\Paths))
 8 SYSTEMPATH\rewrite.php(44): require_once('C:\\xampp\\htdocs\\kasirpos\\public\\index.php')
CRITICAL - 2026-04-28 17:54:16 --> ErrorException: Undefined variable $model
[Method: GET, Route: admin]
in APPPATH\Controllers\Admin.php on line 76.
 1 APPPATH\Controllers\Admin.php(76): CodeIgniter\Debug\Exceptions->errorHandler(2, 'Undefined variable $model', 'C:\\xampp\\htdocs\\kasirpos\\app\\Controllers\\Admin.php', 76)
 2 SYSTEMPATH\CodeIgniter.php(933): App\Controllers\Admin->index()
 3 SYSTEMPATH\CodeIgniter.php(507): CodeIgniter\CodeIgniter->runController(Object(App\Controllers\Admin))
 4 SYSTEMPATH\CodeIgniter.php(354): CodeIgniter\CodeIgniter->handleRequest(null, Object(Config\Cache), false)
 5 SYSTEMPATH\Boot.php(363): CodeIgniter\CodeIgniter->run()
 6 SYSTEMPATH\Boot.php(68): CodeIgniter\Boot::runCodeIgniter(Object(CodeIgniter\CodeIgniter))
 7 FCPATH\index.php(59): CodeIgniter\Boot::bootWeb(Object(Config\Paths))
 8 SYSTEMPATH\rewrite.php(44): require_once('C:\\xampp\\htdocs\\kasirpos\\public\\index.php')
CRITICAL - 2026-04-28 17:54:19 --> ErrorException: Undefined variable $model
[Method: GET, Route: admin]
in APPPATH\Controllers\Admin.php on line 76.
 1 APPPATH\Controllers\Admin.php(76): CodeIgniter\Debug\Exceptions->errorHandler(2, 'Undefined variable $model', 'C:\\xampp\\htdocs\\kasirpos\\app\\Controllers\\Admin.php', 76)
 2 SYSTEMPATH\CodeIgniter.php(933): App\Controllers\Admin->index()
 3 SYSTEMPATH\CodeIgniter.php(507): CodeIgniter\CodeIgniter->runController(Object(App\Controllers\Admin))
 4 SYSTEMPATH\CodeIgniter.php(354): CodeIgniter\CodeIgniter->handleRequest(null, Object(Config\Cache), false)
 5 SYSTEMPATH\Boot.php(363): CodeIgniter\CodeIgniter->run()
 6 SYSTEMPATH\Boot.php(68): CodeIgniter\Boot::runCodeIgniter(Object(CodeIgniter\CodeIgniter))
 7 FCPATH\index.php(59): CodeIgniter\Boot::bootWeb(Object(Config\Paths))
 8 SYSTEMPATH\rewrite.php(44): require_once('C:\\xampp\\htdocs\\kasirpos\\public\\index.php')
DEBUG - 2026-04-28 17:54:22 --> Session: Class initialized using 'CodeIgniter\Session\Handlers\FileHandler' driver.
DEBUG - 2026-04-28 17:54:45 --> Session: Class initialized using 'CodeIgniter\Session\Handlers\FileHandler' driver.
DEBUG - 2026-04-28 17:55:17 --> Session: Class initialized using 'CodeIgniter\Session\Handlers\FileHandler' driver.
DEBUG - 2026-04-28 17:55:39 --> Session: Class initialized using 'CodeIgniter\Session\Handlers\FileHandler' driver.
DEBUG - 2026-04-28 17:55:40 --> Session: Class initialized using 'CodeIgniter\Session\Handlers\FileHandler' driver.
DEBUG - 2026-04-28 17:55:40 --> Session: Class initialized using 'CodeIgniter\Session\Handlers\FileHandler' driver.
DEBUG - 2026-04-28 17:55:56 --> Session: Class initialized using 'CodeIgniter\Session\Handlers\FileHandler' driver.
DEBUG - 2026-04-28 17:56:07 --> Session: Class initialized using 'CodeIgniter\Session\Handlers\FileHandler' driver.
DEBUG - 2026-04-28 17:57:17 --> Session: Class initialized using 'CodeIgniter\Session\Handlers\FileHandler' driver.
DEBUG - 2026-04-28 17:57:18 --> Session: Class initialized using 'CodeIgniter\Session\Handlers\FileHandler' driver.
DEBUG - 2026-04-28 17:57:18 --> Session: Class initialized using 'CodeIgniter\Session\Handlers\FileHandler' driver.
DEBUG - 2026-04-28 17:57:23 --> Session: Class initialized using 'CodeIgniter\Session\Handlers\FileHandler' driver.
DEBUG - 2026-04-28 17:57:34 --> Session: Class initialized using 'CodeIgniter\Session\Handlers\FileHandler' driver.
DEBUG - 2026-04-28 17:57:35 --> Session: Class initialized using 'CodeIgniter\Session\Handlers\FileHandler' driver.
DEBUG - 2026-04-28 17:57:35 --> Session: Class initialized using 'CodeIgniter\Session\Handlers\FileHandler' driver.
DEBUG - 2026-04-28 17:57:36 --> Session: Class initialized using 'CodeIgniter\Session\Handlers\FileHandler' driver.
DEBUG - 2026-04-28 17:57:39 --> Session: Class initialized using 'CodeIgniter\Session\Handlers\FileHandler' driver.
DEBUG - 2026-04-28 17:57:55 --> Session: Class initialized using 'CodeIgniter\Session\Handlers\FileHandler' driver.
DEBUG - 2026-04-28 17:58:56 --> Session: Class initialized using 'CodeIgniter\Session\Handlers\FileHandler' driver.
